festival_id,festival_slug,festival_name,destination,state,month_num,month_name,approximate_date,footage_family,has_real_footage,prompt_grounding,celebration,full_video_prompt,negative_prompt,reference_image_url,page_url_en
c6e005c1-5224-4845-83e2-574b9d097275,dev-deepawali,Dev Deepawali,Varanasi,uttar pradesh,11,November,Nov full moon (15 days after Diwali),diwali,yes,db-description,A million diyas light up all 84 ghats along the Ganga. Priests perform grand aarti. The entire riverfront becomes a cascade of fire.,"Cinematic documentary-style video, 16:9, 6–8 seconds, authentic real-footage look, of the Dev Deepawali festival as celebrated in Varanasi, Uttar Pradesh. Celebration: A million diyas light up all 84 ghats along the Ganga. Priests perform grand aarti. The entire riverfront becomes a cascade of fire.. Key visuals: rows of lit clay oil-diyas and lantern light, colourful rangoli, families lighting lamps, fireworks over rooftops at night. cool early-winter light; show real people, actual rituals, decorations and crowds with genuine festive energy; vibrant true-to-life colour, natural handheld motion, shallow depth of field. No on-screen text, subtitles, captions, logos or watermarks; no distorted or extra faces/limbs; documentary realism, not cartoonish or AI-looking.","on-screen text, subtitles, captions, watermarks, logos, brand names, distorted faces, extra limbs, cartoonish, CGI sheen, oversaturated, low quality",https://pub-d8970c901de34c218926ebf4be1ed09a.r2.dev/destinations/varanasi.jpg,https://www.nakshiq.com/en/festivals/dev-deepawali
446427d6-512c-4bab-a280-8aa0f66f0931,maha-shivaratri-varanasi,Maha Shivaratri,Varanasi,uttar pradesh,3,March,Late Feb / Early March,shivaratri,yes,db-description,Kashi Vishwanath Temple sees a million devotees. Processions through the narrow galis. Night-long worship.,"Cinematic documentary-style video, 16:9, 6–8 seconds, authentic real-footage look, of the Maha Shivaratri festival as celebrated in Varanasi, Uttar Pradesh. Celebration: Kashi Vishwanath Temple sees a million devotees. Processions through the narrow galis. Night-long worship.. Key visuals: night-long temple vigil — oil lamps and aarti flames before a Shiva shrine, bel leaves and milk offerings, chanting crowds, processions. warm spring light; show real people, actual rituals, decorations and crowds with genuine festive energy; vibrant true-to-life colour, natural handheld motion, shallow depth of field. No on-screen text, subtitles, captions, logos or watermarks; no distorted or extra faces/limbs; documentary realism, not cartoonish or AI-looking.","on-screen text, subtitles, captions, watermarks, logos, brand names, distorted faces, extra limbs, cartoonish, CGI sheen, oversaturated, low quality",https://pub-d8970c901de34c218926ebf4be1ed09a.r2.dev/destinations/varanasi.jpg,https://www.nakshiq.com/en/festivals/maha-shivaratri-varanasi
786c5c09-ebee-4633-a06c-2db00849957f,pushkar-camel-fair,Pushkar Camel Fair,Pushkar,rajasthan,11,November,Late Oct / Nov (5 days around Kartik Purnima),camel-fair,no,db-description,"50,000+ camels traded. Mustache competitions, longest turban contests, hot air balloons over the desert.","Cinematic documentary-style video, 16:9, 6–8 seconds, authentic real-footage look, of the Pushkar Camel Fair as celebrated in Pushkar, Rajasthan. Celebration: 50,000+ camels traded. Mustache competitions, longest turban contests, hot air balloons over the desert.. Key visuals: thousands of decorated camels and turbaned traders on the desert fairground, folk music, moustache and turban contests, hot-air balloons over the dunes. cool early-winter light; show real people, actual rituals, decorations and crowds with genuine festive energy; vibrant true-to-life colour, natural handheld motion, shallow depth of field. No on-screen text, subtitles, captions, logos or watermarks; no distorted or extra faces/limbs; documentary realism, not cartoonish or AI-looking.","on-screen text, subtitles, captions, watermarks, logos, brand names, distorted faces, extra limbs, cartoonish, CGI sheen, oversaturated, low quality",https://pub-d8970c901de34c218926ebf4be1ed09a.r2.dev/destinations/pushkar.jpg,https://www.nakshiq.com/en/festivals/pushkar-camel-fair
4e9ca43b-3af6-40a8-9cf3-a757f12e4731,desert-festival,Desert Festival,Jaisalmer,rajasthan,2,February,February (3 days),obscure,no,db-description,"Camel polo, turban-tying races, Mr. Desert competition, folk music under the stars at Sam Sand Dunes.","Cinematic documentary-style video, 16:9, 6–8 seconds, authentic real-footage look, of the Desert Festival as celebrated in Jaisalmer, Rajasthan. Celebration: Camel polo, turban-tying races, Mr. Desert competition, folk music under the stars at Sam Sand Dunes.. clear late-winter light; show real people, actual rituals, decorations and crowds with genuine festive energy; vibrant true-to-life colour, natural handheld motion, shallow depth of field. No on-screen text, subtitles, captions, logos or watermarks; no distorted or extra faces/limbs; documentary realism, not cartoonish or AI-looking.","on-screen text, subtitles, captions, watermarks, logos, brand names, distorted faces, extra limbs, cartoonish, CGI sheen, oversaturated, low quality",https://pub-d8970c901de34c218926ebf4be1ed09a.r2.dev/destinations/jaisalmer.jpg,https://www.nakshiq.com/en/festivals/desert-festival
42d12dbd-a18c-41b4-b54e-1a34dcca1590,mewar-festival,Mewar Festival,Udaipur,rajasthan,3,March,March / April (coincides with Gangaur),obscure,no,db-description,Women carry brass pots in procession. Boat procession on Lake Pichola. Cultural performances at City Palace.,"Cinematic documentary-style video, 16:9, 6–8 seconds, authentic real-footage look, of the Mewar Festival as celebrated in Udaipur, Rajasthan. Celebration: Women carry brass pots in procession. Boat procession on Lake Pichola. Cultural performances at City Palace.. warm spring light; show real people, actual rituals, decorations and crowds with genuine festive energy; vibrant true-to-life colour, natural handheld motion, shallow depth of field. No on-screen text, subtitles, captions, logos or watermarks; no distorted or extra faces/limbs; documentary realism, not cartoonish or AI-looking.","on-screen text, subtitles, captions, watermarks, logos, brand names, distorted faces, extra limbs, cartoonish, CGI sheen, oversaturated, low quality",https://pub-d8970c901de34c218926ebf4be1ed09a.r2.dev/destinations/udaipur.jpg,https://www.nakshiq.com/en/festivals/mewar-festival
00c6f168-3d80-4fe0-8d1f-19799d5d59dc,marwar-festival,Marwar Festival,Jodhpur,rajasthan,10,October,October (2 days around Sharad Purnima),obscure,no,db-description,Folk music and dance celebrating Rajasthani heroes under Mehrangarh Fort in full moonlight.,"Cinematic documentary-style video, 16:9, 6–8 seconds, authentic real-footage look, of the Marwar Festival as celebrated in Jodhpur, Rajasthan. Celebration: Folk music and dance celebrating Rajasthani heroes under Mehrangarh Fort in full moonlight.. golden autumn light; show real people, actual rituals, decorations and crowds with genuine festive energy; vibrant true-to-life colour, natural handheld motion, shallow depth of field. No on-screen text, subtitles, captions, logos or watermarks; no distorted or extra faces/limbs; documentary realism, not cartoonish or AI-looking.","on-screen text, subtitles, captions, watermarks, logos, brand names, distorted faces, extra limbs, cartoonish, CGI sheen, oversaturated, low quality",https://pub-d8970c901de34c218926ebf4be1ed09a.r2.dev/destinations/jodhpur.jpg,https://www.nakshiq.com/en/festivals/marwar-festival
7fa4369d-7e0b-41b3-8e6c-4751f4d88a50,international-yoga-festival,International Yoga Festival,Rishikesh,uttarakhand,3,March,March 1-7,obscure,no,db-description,"Hundreds of yoga teachers from 100+ countries at Parmarth Niketan. Free sessions, Ganga aarti.","Cinematic documentary-style video, 16:9, 6–8 seconds, authentic real-footage look, of the International Yoga Festival as celebrated in Rishikesh, Uttarakhand. Celebration: Hundreds of yoga teachers from 100+ countries at Parmarth Niketan. Free sessions, Ganga aarti.. warm spring light; show real people, actual rituals, decorations and crowds with genuine festive energy; vibrant true-to-life colour, natural handheld motion, shallow depth of field. No on-screen text, subtitles, captions, logos or watermarks; no distorted or extra faces/limbs; documentary realism, not cartoonish or AI-looking.","on-screen text, subtitles, captions, watermarks, logos, brand names, distorted faces, extra limbs, cartoonish, CGI sheen, oversaturated, low quality",https://pub-d8970c901de34c218926ebf4be1ed09a.r2.dev/destinations/rishikesh.jpg,https://www.nakshiq.com/en/festivals/international-yoga-festival
e0a60b00-abba-4445-a670-ef40e3b8c068,baisakhi-amritsar,Baisakhi,Amritsar,punjab,4,April,April 13-14,newyear-harvest,no,db-description,Sikh New Year. Golden Temple lit up. Bhangra processions. Nagar Kirtan (holy procession).,"Cinematic documentary-style video, 16:9, 6–8 seconds, authentic real-footage look, of the Baisakhi festival as celebrated in Amritsar, Punjab. Celebration: Sikh New Year. Golden Temple lit up. Bhangra processions. Nagar Kirtan (holy procession).. Key visuals: regional new-year celebration — festive attire, ceremonial first-fruits, folk dance, decorated thresholds. warm pre-summer light; show real people, actual rituals, decorations and crowds with genuine festive energy; vibrant true-to-life colour, natural handheld motion, shallow depth of field. No on-screen text, subtitles, captions, logos or watermarks; no distorted or extra faces/limbs; documentary realism, not cartoonish or AI-looking.","on-screen text, subtitles, captions, watermarks, logos, brand names, distorted faces, extra limbs, cartoonish, CGI sheen, oversaturated, low quality",https://pub-d8970c901de34c218926ebf4be1ed09a.r2.dev/destinations/amritsar.jpg,https://www.nakshiq.com/en/festivals/baisakhi-amritsar
2270012b-525c-4049-a0da-83694dec4f3b,hemis-festival,Hemis Festival,Leh,ladakh,6,June,June / July (2 days),monastery-cham,yes,db-description,"Cham dance with masked monks at Hemis Monastery. Sacred Thangkas displayed. Drums, horns, ritual drama.","Cinematic documentary-style video, 16:9, 6–8 seconds, authentic real-footage look, of the Hemis Festival as celebrated in Leh, Ladakh. Celebration: Cham dance with masked monks at Hemis Monastery. Sacred Thangkas displayed. Drums, horns, ritual drama.. Key visuals: masked Buddhist monks in brocade robes performing the whirling Cham dance in a monastery courtyard, long dungchen horns, drums, prayer flags, seated crowds. clear high-altitude mountain light, sharp shadows; show real people, actual rituals, decorations and crowds with genuine festive energy; vibrant true-to-life colour, natural handheld motion, shallow depth of field. No on-screen text, subtitles, captions, logos or watermarks; no distorted or extra faces/limbs; documentary realism, not cartoonish or AI-looking.","on-screen text, subtitles, captions, watermarks, logos, brand names, distorted faces, extra limbs, cartoonish, CGI sheen, oversaturated, low quality",https://pub-d8970c901de34c218926ebf4be1ed09a.r2.dev/destinations/leh.jpg,https://www.nakshiq.com/en/festivals/hemis-festival
a7b0d856-b907-48b4-ae63-6aeadddd5937,ladakh-festival,Ladakh Festival,Leh,ladakh,9,September,September 1-15,obscure,no,db-description,"Polo matches, archery, traditional music, masked dances. Cultural performances at multiple monasteries.","Cinematic documentary-style video, 16:9, 6–8 seconds, authentic real-footage look, of the Ladakh Festival as celebrated in Leh, Ladakh. Celebration: Polo matches, archery, traditional music, masked dances. Cultural performances at multiple monasteries.. clear high-altitude mountain light, sharp shadows; show real people, actual rituals, decorations and crowds with genuine festive energy; vibrant true-to-life colour, natural handheld motion, shallow depth of field. No on-screen text, subtitles, captions, logos or watermarks; no distorted or extra faces/limbs; documentary realism, not cartoonish or AI-looking.","on-screen text, subtitles, captions, watermarks, logos, brand names, distorted faces, extra limbs, cartoonish, CGI sheen, oversaturated, low quality",https://pub-d8970c901de34c218926ebf4be1ed09a.r2.dev/destinations/leh.jpg,https://www.nakshiq.com/en/festivals/ladakh-festival
ef0324e9-c7ac-4c7d-a579-3b1e3f169890,tulip-festival,Tulip Festival,Srinagar,jammu kashmir,4,April,Late March / April (2 weeks),flower-bloom,no,db-description,Asia's largest tulip garden — 1.5 million tulips in 60+ varieties below the Zabarwan hills.,"Cinematic documentary-style video, 16:9, 6–8 seconds, authentic real-footage look, of the Tulip Festival as celebrated in Srinagar, Jammu Kashmir. Celebration: Asia's largest tulip garden — 1.5 million tulips in 60+ varieties below the Zabarwan hills.. Key visuals: vast geometric beds of blooming flowers, visitors strolling the gardens, colour as far as the eye can see. warm pre-summer light; show real people, actual rituals, decorations and crowds with genuine festive energy; vibrant true-to-life colour, natural handheld motion, shallow depth of field. No on-screen text, subtitles, captions, logos or watermarks; no distorted or extra faces/limbs; documentary realism, not cartoonish or AI-looking.","on-screen text, subtitles, captions, watermarks, logos, brand names, distorted faces, extra limbs, cartoonish, CGI sheen, oversaturated, low quality",https://pub-d8970c901de34c218926ebf4be1ed09a.r2.dev/destinations/srinagar.jpg,https://www.nakshiq.com/en/festivals/tulip-festival
3d6ea188-de83-4f5e-845e-e2625cf4a29f,kedarnath-opening,Kedarnath Opening,Kedarnath,uttarakhand,5,May,Late April / Early May,obscure,no,db-description,Temple doors open after 6 months of winter. First darshan of the season. Deity carried back from Ukhimath.,"Cinematic documentary-style video, 16:9, 6–8 seconds, authentic real-footage look, of the Kedarnath Opening festival as celebrated in Kedarnath, Uttarakhand. Celebration: Temple doors open after 6 months of winter. First darshan of the season. Deity carried back from Ukhimath.. bright summer light; show real people, actual rituals, decorations and crowds with genuine festive energy; vibrant true-to-life colour, natural handheld motion, shallow depth of field. No on-screen text, subtitles, captions, logos or watermarks; no distorted or extra faces/limbs; documentary realism, not cartoonish or AI-looking.","on-screen text, subtitles, captions, watermarks, logos, brand names, distorted faces, extra limbs, cartoonish, CGI sheen, oversaturated, low quality",https://pub-d8970c901de34c218926ebf4be1ed09a.r2.dev/destinations/kedarnath.jpg,https://www.nakshiq.com/en/festivals/kedarnath-opening
1f61567d-e5f6-49c1-9628-4aacee232271,fagli-festival-spiti-valley,Fagli Festival,Spiti Valley,himachal pradesh,2,February,February,obscure,no,db-description,"Ancient demon-chasing festival. Masked dancers, bonfires, local chang beer. Zero tourists.","Cinematic documentary-style video, 16:9, 6–8 seconds, authentic real-footage look, of the Fagli Festival as celebrated in Spiti Valley, Himachal Pradesh. Celebration: Ancient demon-chasing festival. Masked dancers, bonfires, local chang beer. Zero tourists.. clear late-winter light; show real people, actual rituals, decorations and crowds with genuine festive energy; vibrant true-to-life colour, natural handheld motion, shallow depth of field. No on-screen text, subtitles, captions, logos or watermarks; no distorted or extra faces/limbs; documentary realism, not cartoonish or AI-looking.","on-screen text, subtitles, captions, watermarks, logos, brand names, distorted faces, extra limbs, cartoonish, CGI sheen, oversaturated, low quality",https://pub-d8970c901de34c218926ebf4be1ed09a.r2.dev/destinations/spiti-valley.jpg,https://www.nakshiq.com/en/festivals/fagli-festival-spiti-valley
5a6599bb-c57d-4c8b-b53c-e72999556bc4,summer-festival-shimla,Summer Festival,Shimla,himachal pradesh,5,May,Late May / June (5 days),obscure,no,db-description,"Celebrity performances, flower shows on the Ridge. Hot air balloons. Evening cultural shows.","Cinematic documentary-style video, 16:9, 6–8 seconds, authentic real-footage look, of the Summer Festival as celebrated in Shimla, Himachal Pradesh. Celebration: Celebrity performances, flower shows on the Ridge. Hot air balloons. Evening cultural shows.. bright summer light; show real people, actual rituals, decorations and crowds with genuine festive energy; vibrant true-to-life colour, natural handheld motion, shallow depth of field. No on-screen text, subtitles, captions, logos or watermarks; no distorted or extra faces/limbs; documentary realism, not cartoonish or AI-looking.","on-screen text, subtitles, captions, watermarks, logos, brand names, distorted faces, extra limbs, cartoonish, CGI sheen, oversaturated, low quality",https://pub-d8970c901de34c218926ebf4be1ed09a.r2.dev/destinations/shimla.jpg,https://www.nakshiq.com/en/festivals/summer-festival-shimla
3468d1e9-cdda-4e4f-87d5-824f93117f4e,kullu-dussehra-manali,Kullu Dussehra,Manali,himachal pradesh,10,October,"October (starts on Vijaya Dashami, lasts 7 days)",dussehra-kullu,no,db-description,"200+ village deities carried in palanquins. Unlike rest of India, Kullu Dussehra STARTS when everyone else's ends.","Cinematic documentary-style video, 16:9, 6–8 seconds, authentic real-footage look, of the Kullu Dussehra as celebrated in Manali, Himachal Pradesh. Celebration: 200+ village deities carried in palanquins. Unlike rest of India, Kullu Dussehra STARTS when everyone else's ends.. Key visuals: hundreds of village deity palanquins converging on the maidan, drummers and horn players, the rath of Raghunath. golden autumn light; show real people, actual rituals, decorations and crowds with genuine festive energy; vibrant true-to-life colour, natural handheld motion, shallow depth of field. No on-screen text, subtitles, captions, logos or watermarks; no distorted or extra faces/limbs; documentary realism, not cartoonish or AI-looking.","on-screen text, subtitles, captions, watermarks, logos, brand names, distorted faces, extra limbs, cartoonish, CGI sheen, oversaturated, low quality",https://pub-d8970c901de34c218926ebf4be1ed09a.r2.dev/destinations/manali.jpg,https://www.nakshiq.com/en/festivals/kullu-dussehra-manali
ac1f435b-60ca-44f8-9a50-4437892bbf4a,paragliding-world-cup,Paragliding World Cup,Bir Billing,himachal pradesh,10,October,October / November,obscure,no,db-description,"International pilots compete in cross-country paragliding from Billing takeoff (2,400m).","Cinematic documentary-style video, 16:9, 6–8 seconds, authentic real-footage look, of the Paragliding World Cup festival as celebrated in Bir Billing, Himachal Pradesh. Celebration: International pilots compete in cross-country paragliding from Billing takeoff (2,400m).. golden autumn light; show real people, actual rituals, decorations and crowds with genuine festive energy; vibrant true-to-life colour, natural handheld motion, shallow depth of field. No on-screen text, subtitles, captions, logos or watermarks; no distorted or extra faces/limbs; documentary realism, not cartoonish or AI-looking.","on-screen text, subtitles, captions, watermarks, logos, brand names, distorted faces, extra limbs, cartoonish, CGI sheen, oversaturated, low quality",https://pub-d8970c901de34c218926ebf4be1ed09a.r2.dev/destinations/bir-billing.jpg,https://www.nakshiq.com/en/festivals/paragliding-world-cup
ea6f708f-0b1d-4808-9763-92207a6747d6,gita-jayanti,Gita Jayanti,Kurukshetra,haryana,12,December,December (Ekadashi of Margashirsha),obscure,no,db-description,Anniversary of when Krishna spoke the Bhagavad Gita. Week-long celebrations at Brahma Sarovar.,"Cinematic documentary-style video, 16:9, 6–8 seconds, authentic real-footage look, of the Gita Jayanti as celebrated in Kurukshetra, Haryana. Celebration: Anniversary of when Krishna spoke the Bhagavad Gita. Week-long celebrations at Brahma Sarovar.. cold winter light, long shadows; show real people, actual rituals, decorations and crowds with genuine festive energy; vibrant true-to-life colour, natural handheld motion, shallow depth of field. No on-screen text, subtitles, captions, logos or watermarks; no distorted or extra faces/limbs; documentary realism, not cartoonish or AI-looking.","on-screen text, subtitles, captions, watermarks, logos, brand names, distorted faces, extra limbs, cartoonish, CGI sheen, oversaturated, low quality",https://pub-d8970c901de34c218926ebf4be1ed09a.r2.dev/destinations/kurukshetra.jpg,https://www.nakshiq.com/en/festivals/gita-jayanti
7e732787-7201-40b1-9997-fc96c8d416ad,deepotsav,Deepotsav,Ayodhya,uttar pradesh,11,November,November (eve of Diwali),diwali,yes,db-description,Millions of diyas lit along Saryu river. Ram Leela performances. India's biggest Diwali event.,"Cinematic documentary-style video, 16:9, 6–8 seconds, authentic real-footage look, of the Deepotsav festival as celebrated in Ayodhya, Uttar Pradesh. Celebration: Millions of diyas lit along Saryu river. Ram Leela performances. India's biggest Diwali event.. Key visuals: rows of lit clay oil-diyas and lantern light, colourful rangoli, families lighting lamps, fireworks over rooftops at night. cool early-winter light; show real people, actual rituals, decorations and crowds with genuine festive energy; vibrant true-to-life colour, natural handheld motion, shallow depth of field. No on-screen text, subtitles, captions, logos or watermarks; no distorted or extra faces/limbs; documentary realism, not cartoonish or AI-looking.","on-screen text, subtitles, captions, watermarks, logos, brand names, distorted faces, extra limbs, cartoonish, CGI sheen, oversaturated, low quality",https://pub-d8970c901de34c218926ebf4be1ed09a.r2.dev/destinations/ayodhya.jpg,https://www.nakshiq.com/en/festivals/deepotsav
0045eed5-df4b-4992-99fe-396428b76af8,jaipur-literature-festival,Jaipur Literature Festival,Jaipur,rajasthan,1,January,Late January (5 days),litfest,no,db-description,"The world's largest free literary festival. 500+ speakers, authors, poets at Diggi Palace.","Cinematic documentary-style video, 16:9, 6–8 seconds, authentic real-footage look, of the Jaipur Literature Festival as celebrated in Jaipur, Rajasthan. Celebration: The world's largest free literary festival. 500+ speakers, authors, poets at Diggi Palace.. Key visuals: open-air tented festival sessions, packed audiences, heritage venue, book stalls and conversation. crisp winter daylight; show real people, actual rituals, decorations and crowds with genuine festive energy; vibrant true-to-life colour, natural handheld motion, shallow depth of field. No on-screen text, subtitles, captions, logos or watermarks; no distorted or extra faces/limbs; documentary realism, not cartoonish or AI-looking.","on-screen text, subtitles, captions, watermarks, logos, brand names, distorted faces, extra limbs, cartoonish, CGI sheen, oversaturated, low quality",https://pub-d8970c901de34c218926ebf4be1ed09a.r2.dev/destinations/jaipur.jpg,https://www.nakshiq.com/en/festivals/jaipur-literature-festival
768f060f-6af4-4fa7-87d2-aa4b900d0bc3,elephant-festival,Elephant Festival,Jaipur,rajasthan,3,March,March (on Holi),obscure,no,db-description,"Decorated elephants parade, play polo, and race through Jaipur. Holi celebrations follow.","Cinematic documentary-style video, 16:9, 6–8 seconds, authentic real-footage look, of the Elephant Festival as celebrated in Jaipur, Rajasthan. Celebration: Decorated elephants parade, play polo, and race through Jaipur. Holi celebrations follow.. warm spring light; show real people, actual rituals, decorations and crowds with genuine festive energy; vibrant true-to-life colour, natural handheld motion, shallow depth of field. No on-screen text, subtitles, captions, logos or watermarks; no distorted or extra faces/limbs; documentary realism, not cartoonish or AI-looking.","on-screen text, subtitles, captions, watermarks, logos, brand names, distorted faces, extra limbs, cartoonish, CGI sheen, oversaturated, low quality",https://pub-d8970c901de34c218926ebf4be1ed09a.r2.dev/destinations/jaipur.jpg,https://www.nakshiq.com/en/festivals/elephant-festival
281feeeb-ea27-4cb0-b1b4-a74a6f2d5cfa,taj-mahotsav,Taj Mahotsav,Agra,uttar pradesh,2,February,February 18-27 (10 days),obscure,no,db-description,"Arts, crafts, music, and dance festival near the Taj Mahal. Artisans from across India showcase work.","Cinematic documentary-style video, 16:9, 6–8 seconds, authentic real-footage look, of the Taj Mahotsav as celebrated in Agra, Uttar Pradesh. Celebration: Arts, crafts, music, and dance festival near the Taj Mahal. Artisans from across India showcase work.. clear late-winter light; show real people, actual rituals, decorations and crowds with genuine festive energy; vibrant true-to-life colour, natural handheld motion, shallow depth of field. No on-screen text, subtitles, captions, logos or watermarks; no distorted or extra faces/limbs; documentary realism, not cartoonish or AI-looking.","on-screen text, subtitles, captions, watermarks, logos, brand names, distorted faces, extra limbs, cartoonish, CGI sheen, oversaturated, low quality",https://pub-d8970c901de34c218926ebf4be1ed09a.r2.dev/destinations/agra.jpg,https://www.nakshiq.com/en/festivals/taj-mahotsav
e0709030-f959-45df-9296-df06ad0c7fb7,republic-day-parade,Republic Day Parade,Delhi,delhi,1,January,January 26,obscure,no,db-description,Military parade on Rajpath. Cultural tableaux from every state. Breathtaking flypast. The nation's grandest spectacle.,"Cinematic documentary-style video, 16:9, 6–8 seconds, authentic real-footage look, of the Republic Day Parade festival as celebrated in Delhi, Delhi. Celebration: Military parade on Rajpath. Cultural tableaux from every state. Breathtaking flypast. The nation's grandest spectacle.. crisp winter daylight; show real people, actual rituals, decorations and crowds with genuine festive energy; vibrant true-to-life colour, natural handheld motion, shallow depth of field. No on-screen text, subtitles, captions, logos or watermarks; no distorted or extra faces/limbs; documentary realism, not cartoonish or AI-looking.","on-screen text, subtitles, captions, watermarks, logos, brand names, distorted faces, extra limbs, cartoonish, CGI sheen, oversaturated, low quality",https://pub-d8970c901de34c218926ebf4be1ed09a.r2.dev/destinations/delhi.jpg,https://www.nakshiq.com/en/festivals/republic-day-parade
93fcf5f0-f42a-404f-a2f2-a1f0054c9962,bikaner-camel-festival,Bikaner Camel Festival,Bikaner,rajasthan,1,January,January 13-14,camel-fair,no,db-description,"Two-day festival celebrating the ship of the desert with camel races, fur-cutting designs, camel milk contests, and folk performances in Junagarh Fort area.","Cinematic documentary-style video, 16:9, 6–8 seconds, authentic real-footage look, of the Bikaner Camel Festival as celebrated in Bikaner, Rajasthan. Celebration: Two-day festival celebrating the ship of the desert with camel races, fur-cutting designs, camel milk contests, and folk performances in Junagarh Fort area.. Key visuals: thousands of decorated camels and turbaned traders on the desert fairground, folk music, moustache and turban contests, hot-air balloons over the dunes. crisp winter daylight; show real people, actual rituals, decorations and crowds with genuine festive energy; vibrant true-to-life colour, natural handheld motion, shallow depth of field. No on-screen text, subtitles, captions, logos or watermarks; no distorted or extra faces/limbs; documentary realism, not cartoonish or AI-looking.","on-screen text, subtitles, captions, watermarks, logos, brand names, distorted faces, extra limbs, cartoonish, CGI sheen, oversaturated, low quality",https://pub-d8970c901de34c218926ebf4be1ed09a.r2.dev/destinations/bikaner.jpg,https://www.nakshiq.com/en/festivals/bikaner-camel-festival
f137f30f-92e8-487e-8a63-3dd9a1c59ee5,gangaur-festival,Gangaur Festival,Bikaner,rajasthan,3,March,March-April (Chaitra Shukla Tritiya),folk-women,no,db-description,"Women worship Goddess Gauri (Parvati) for 18 days, carrying decorated clay idols in processions through the old city streets of Bikaner.","Cinematic documentary-style video, 16:9, 6–8 seconds, authentic real-footage look, of the Gangaur Festival as celebrated in Bikaner, Rajasthan. Celebration: Women worship Goddess Gauri (Parvati) for 18 days, carrying decorated clay idols in processions through the old city streets of Bikaner.. Key visuals: women in bright traditional dress at swings and fairs, folk songs and dance, seasonal decorations. warm spring light; show real people, actual rituals, decorations and crowds with genuine festive energy; vibrant true-to-life colour, natural handheld motion, shallow depth of field. No on-screen text, subtitles, captions, logos or watermarks; no distorted or extra faces/limbs; documentary realism, not cartoonish or AI-looking.","on-screen text, subtitles, captions, watermarks, logos, brand names, distorted faces, extra limbs, cartoonish, CGI sheen, oversaturated, low quality",https://pub-d8970c901de34c218926ebf4be1ed09a.r2.dev/destinations/bikaner.jpg,https://www.nakshiq.com/en/festivals/gangaur-festival
04acbbcf-843a-4b0f-b0eb-edf416dc6f91,barmer-thar-festival,Barmer Thar Festival,Barmer,rajasthan,3,March,March (varies),obscure,no,db-description,"Desert cultural festival featuring folk music, Kalbelia and Ghoomar dances, turban-tying competitions, and camel polo on the sand dunes near Barmer.","Cinematic documentary-style video, 16:9, 6–8 seconds, authentic real-footage look, of the Barmer Thar Festival as celebrated in Barmer, Rajasthan. Celebration: Desert cultural festival featuring folk music, Kalbelia and Ghoomar dances, turban-tying competitions, and camel polo on the sand dunes near Barmer.. warm spring light; show real people, actual rituals, decorations and crowds with genuine festive energy; vibrant true-to-life colour, natural handheld motion, shallow depth of field. No on-screen text, subtitles, captions, logos or watermarks; no distorted or extra faces/limbs; documentary realism, not cartoonish or AI-looking.","on-screen text, subtitles, captions, watermarks, logos, brand names, distorted faces, extra limbs, cartoonish, CGI sheen, oversaturated, low quality",https://pub-d8970c901de34c218926ebf4be1ed09a.r2.dev/destinations/barmer.jpg,https://www.nakshiq.com/en/festivals/barmer-thar-festival
c442785a-70e2-4588-9359-4710cf1a141c,mallinath-cattle-fair,Mallinath Cattle Fair,Barmer,rajasthan,3,March,March-April (Chaitra),obscure,no,db-description,"One of Rajasthan's largest cattle fairs held at Tilwara near Barmer over two weeks, with livestock trading, folk performances, and rural sports.","Cinematic documentary-style video, 16:9, 6–8 seconds, authentic real-footage look, of the Mallinath Cattle Fair as celebrated in Barmer, Rajasthan. Celebration: One of Rajasthan's largest cattle fairs held at Tilwara near Barmer over two weeks, with livestock trading, folk performances, and rural sports.. warm spring light; show real people, actual rituals, decorations and crowds with genuine festive energy; vibrant true-to-life colour, natural handheld motion, shallow depth of field. No on-screen text, subtitles, captions, logos or watermarks; no distorted or extra faces/limbs; documentary realism, not cartoonish or AI-looking.","on-screen text, subtitles, captions, watermarks, logos, brand names, distorted faces, extra limbs, cartoonish, CGI sheen, oversaturated, low quality",https://pub-d8970c901de34c218926ebf4be1ed09a.r2.dev/destinations/barmer.jpg,https://www.nakshiq.com/en/festivals/mallinath-cattle-fair
991a443a-3340-4a41-97bf-f38a068fd6f0,bundi-utsav,Bundi Utsav,Bundi,rajasthan,11,November,November (varies),obscure,no,db-description,"Cultural festival in the lanes of Bundi with processions, fireworks, turban-tying, traditional music, and tours of the town's famous stepwells and murals.","Cinematic documentary-style video, 16:9, 6–8 seconds, authentic real-footage look, of the Bundi Utsav as celebrated in Bundi, Rajasthan. Celebration: Cultural festival in the lanes of Bundi with processions, fireworks, turban-tying, traditional music, and tours of the town's famous stepwells and murals.. cool early-winter light; show real people, actual rituals, decorations and crowds with genuine festive energy; vibrant true-to-life colour, natural handheld motion, shallow depth of field. No on-screen text, subtitles, captions, logos or watermarks; no distorted or extra faces/limbs; documentary realism, not cartoonish or AI-looking.","on-screen text, subtitles, captions, watermarks, logos, brand names, distorted faces, extra limbs, cartoonish, CGI sheen, oversaturated, low quality",https://pub-d8970c901de34c218926ebf4be1ed09a.r2.dev/destinations/bundi.jpg,https://www.nakshiq.com/en/festivals/bundi-utsav
4f8b2092-a54f-42a8-a82a-ab8bd4ec9061,kajli-teej,Kajli Teej,Bundi,rajasthan,8,August,August (Bhadra Krishna Tritiya),folk-women,no,db-description,Women's festival where married women sing Kajli folk songs and swing on decorated jhulas (swings) near Nawal Sagar Lake in Bundi.,"Cinematic documentary-style video, 16:9, 6–8 seconds, authentic real-footage look, of the Kajli Teej festival as celebrated in Bundi, Rajasthan. Celebration: Women's festival where married women sing Kajli folk songs and swing on decorated jhulas (swings) near Nawal Sagar Lake in Bundi.. Key visuals: women in bright traditional dress at swings and fairs, folk songs and dance, seasonal decorations. monsoon light, lush greens; show real people, actual rituals, decorations and crowds with genuine festive energy; vibrant true-to-life colour, natural handheld motion, shallow depth of field. No on-screen text, subtitles, captions, logos or watermarks; no distorted or extra faces/limbs; documentary realism, not cartoonish or AI-looking.","on-screen text, subtitles, captions, watermarks, logos, brand names, distorted faces, extra limbs, cartoonish, CGI sheen, oversaturated, low quality",https://pub-d8970c901de34c218926ebf4be1ed09a.r2.dev/destinations/bundi.jpg,https://www.nakshiq.com/en/festivals/kajli-teej
79947b10-cb85-44a7-ad15-e50dd61832b7,winter-festival-mount-abu,Winter Festival Mount Abu,Mount Abu,rajasthan,12,December,December 29-31,obscure,no,db-description,"Rajasthan's only hill station hosts a winter carnival with folk dances, boat races on Nakki Lake, fireworks, and cultural performances by tribal artists.","Cinematic documentary-style video, 16:9, 6–8 seconds, authentic real-footage look, of the Winter Festival Mount Abu as celebrated in Mount Abu, Rajasthan. Celebration: Rajasthan's only hill station hosts a winter carnival with folk dances, boat races on Nakki Lake, fireworks, and cultural performances by tribal artists.. cold winter light, long shadows; show real people, actual rituals, decorations and crowds with genuine festive energy; vibrant true-to-life colour, natural handheld motion, shallow depth of field. No on-screen text, subtitles, captions, logos or watermarks; no distorted or extra faces/limbs; documentary realism, not cartoonish or AI-looking.","on-screen text, subtitles, captions, watermarks, logos, brand names, distorted faces, extra limbs, cartoonish, CGI sheen, oversaturated, low quality",https://pub-d8970c901de34c218926ebf4be1ed09a.r2.dev/destinations/mount-abu.jpg,https://www.nakshiq.com/en/festivals/winter-festival-mount-abu
b674ab84-34ac-45be-a87b-7bbd01239138,guru-shikhar-fair,Guru Shikhar Fair,Mount Abu,rajasthan,4,April,April (Vaishakh Purnima),obscure,no,db-description,"Fair at the Dattatreya Temple atop Guru Shikhar, the highest peak of the Aravalli range, with devotees trekking up for blessings and panoramic views.","Cinematic documentary-style video, 16:9, 6–8 seconds, authentic real-footage look, of the Guru Shikhar Fair as celebrated in Mount Abu, Rajasthan. Celebration: Fair at the Dattatreya Temple atop Guru Shikhar, the highest peak of the Aravalli range, with devotees trekking up for blessings and panoramic views.. warm pre-summer light; show real people, actual rituals, decorations and crowds with genuine festive energy; vibrant true-to-life colour, natural handheld motion, shallow depth of field. No on-screen text, subtitles, captions, logos or watermarks; no distorted or extra faces/limbs; documentary realism, not cartoonish or AI-looking.","on-screen text, subtitles, captions, watermarks, logos, brand names, distorted faces, extra limbs, cartoonish, CGI sheen, oversaturated, low quality",https://pub-d8970c901de34c218926ebf4be1ed09a.r2.dev/destinations/mount-abu.jpg,https://www.nakshiq.com/en/festivals/guru-shikhar-fair
9096319c-81cd-4461-bb8a-c46f5920825e,ganesh-chaturthi-at-trinetra-ganesh-temple,Ganesh Chaturthi at Trinetra Ganesh Temple,Ranthambore,rajasthan,9,September,September (Bhadra Shukla Chaturthi),ganesh,yes,db-description,"Thousands visit the 1,000-year-old Trinetra Ganesh Temple inside Ranthambore Fort, believed to be the only temple where Ganesh is shown with his entire family.","Cinematic documentary-style video, 16:9, 6–8 seconds, authentic real-footage look, of the Ganesh Chaturthi at Trinetra Ganesh Temple festival as celebrated in Ranthambore, Rajasthan. Celebration: Thousands visit the 1,000-year-old Trinetra Ganesh Temple inside Ranthambore Fort, believed to be the only temple where Ganesh is shown with his entire family.. Key visuals: vividly decorated Ganesha idols carried through streets, dancing crowds with drums and colour, immersion (visarjan) at the water's edge. clear post-monsoon light; show real people, actual rituals, decorations and crowds with genuine festive energy; vibrant true-to-life colour, natural handheld motion, shallow depth of field. No on-screen text, subtitles, captions, logos or watermarks; no distorted or extra faces/limbs; documentary realism, not cartoonish or AI-looking.","on-screen text, subtitles, captions, watermarks, logos, brand names, distorted faces, extra limbs, cartoonish, CGI sheen, oversaturated, low quality",https://pub-d8970c901de34c218926ebf4be1ed09a.r2.dev/destinations/ranthambore.jpg,https://www.nakshiq.com/en/festivals/ganesh-chaturthi-at-trinetra-ganesh-temple
8cddf34d-5e17-4354-a8a5-0abab6c117f0,nawalgarh-festival,Nawalgarh Festival,Shekhawati,rajasthan,2,February,February (varies),obscure,no,db-description,"Heritage festival in the painted havelis of Shekhawati with guided fresco tours, folk music, camel safaris, and traditional Marwari cuisine.","Cinematic documentary-style video, 16:9, 6–8 seconds, authentic real-footage look, of the Nawalgarh Festival as celebrated in Shekhawati, Rajasthan. Celebration: Heritage festival in the painted havelis of Shekhawati with guided fresco tours, folk music, camel safaris, and traditional Marwari cuisine.. clear late-winter light; show real people, actual rituals, decorations and crowds with genuine festive energy; vibrant true-to-life colour, natural handheld motion, shallow depth of field. No on-screen text, subtitles, captions, logos or watermarks; no distorted or extra faces/limbs; documentary realism, not cartoonish or AI-looking.","on-screen text, subtitles, captions, watermarks, logos, brand names, distorted faces, extra limbs, cartoonish, CGI sheen, oversaturated, low quality",https://pub-d8970c901de34c218926ebf4be1ed09a.r2.dev/destinations/shekhawati.jpg,https://www.nakshiq.com/en/festivals/nawalgarh-festival
7f088141-5a47-458a-903a-74d8e75a0121,baneshwar-fair,Baneshwar Fair,Dungarpur,rajasthan,2,February,February (Magh Purnima),obscure,no,db-description,"Massive tribal fair at the confluence of Som and Mahi rivers where Bhil tribals gather for a holy dip, folk dancing, and paying respects at the Baneshwar Mahadev Temple.","Cinematic documentary-style video, 16:9, 6–8 seconds, authentic real-footage look, of the Baneshwar Fair as celebrated in Dungarpur, Rajasthan. Celebration: Massive tribal fair at the confluence of Som and Mahi rivers where Bhil tribals gather for a holy dip, folk dancing, and paying respects at the Baneshwar Mahadev Temple.. clear late-winter light; show real people, actual rituals, decorations and crowds with genuine festive energy; vibrant true-to-life colour, natural handheld motion, shallow depth of field. No on-screen text, subtitles, captions, logos or watermarks; no distorted or extra faces/limbs; documentary realism, not cartoonish or AI-looking.","on-screen text, subtitles, captions, watermarks, logos, brand names, distorted faces, extra limbs, cartoonish, CGI sheen, oversaturated, low quality",https://pub-d8970c901de34c218926ebf4be1ed09a.r2.dev/destinations/dungarpur.jpg,https://www.nakshiq.com/en/festivals/baneshwar-fair
a78eefb9-6b2e-4eea-ae1f-1ad80ef560e3,matsya-festival,Matsya Festival,Alwar,rajasthan,11,November,November (varies),obscure,no,db-description,"Cultural festival at Alwar's Siliserh Lake and city palace featuring folk performances, handicraft exhibitions, and boat rides celebrating the Matsya kingdom heritage.","Cinematic documentary-style video, 16:9, 6–8 seconds, authentic real-footage look, of the Matsya Festival as celebrated in Alwar, Rajasthan. Celebration: Cultural festival at Alwar's Siliserh Lake and city palace featuring folk performances, handicraft exhibitions, and boat rides celebrating the Matsya kingdom heritage.. cool early-winter light; show real people, actual rituals, decorations and crowds with genuine festive energy; vibrant true-to-life colour, natural handheld motion, shallow depth of field. No on-screen text, subtitles, captions, logos or watermarks; no distorted or extra faces/limbs; documentary realism, not cartoonish or AI-looking.","on-screen text, subtitles, captions, watermarks, logos, brand names, distorted faces, extra limbs, cartoonish, CGI sheen, oversaturated, low quality",https://pub-d8970c901de34c218926ebf4be1ed09a.r2.dev/destinations/alwar.jpg,https://www.nakshiq.com/en/festivals/matsya-festival
f720129d-a0db-46bc-90f5-5c9ffeb99578,auli-winter-carnival,Auli Winter Carnival,Auli,uttarakhand,1,January,January (varies),obscure,no,db-description,"Skiing competitions and snow sports festival at Auli's slopes at 2,500m, featuring national-level ski races, snowboarding, and après-ski cultural programs.","Cinematic documentary-style video, 16:9, 6–8 seconds, authentic real-footage look, of the Auli Winter Carnival as celebrated in Auli, Uttarakhand. Celebration: Skiing competitions and snow sports festival at Auli's slopes at 2,500m, featuring national-level ski races, snowboarding, and après-ski cultural programs.. crisp winter daylight; show real people, actual rituals, decorations and crowds with genuine festive energy; vibrant true-to-life colour, natural handheld motion, shallow depth of field. No on-screen text, subtitles, captions, logos or watermarks; no distorted or extra faces/limbs; documentary realism, not cartoonish or AI-looking.","on-screen text, subtitles, captions, watermarks, logos, brand names, distorted faces, extra limbs, cartoonish, CGI sheen, oversaturated, low quality",https://pub-d8970c901de34c218926ebf4be1ed09a.r2.dev/destinations/auli.jpg,https://www.nakshiq.com/en/festivals/auli-winter-carnival
9f04ff1c-9247-4e5a-b995-e1c58c42b916,phool-dei,Phool Dei,Dhanaulti,uttarakhand,3,March,March 14-15 (Chaitra Sankranti),obscure,no,db-description,"Children go door-to-door placing flower patterns on thresholds with rice paste, singing Phool Dei songs to welcome spring in the Garhwal hills around Dhanaulti.","Cinematic documentary-style video, 16:9, 6–8 seconds, authentic real-footage look, of the Phool Dei festival as celebrated in Dhanaulti, Uttarakhand. Celebration: Children go door-to-door placing flower patterns on thresholds with rice paste, singing Phool Dei songs to welcome spring in the Garhwal hills around Dhanaulti.. warm spring light; show real people, actual rituals, decorations and crowds with genuine festive energy; vibrant true-to-life colour, natural handheld motion, shallow depth of field. No on-screen text, subtitles, captions, logos or watermarks; no distorted or extra faces/limbs; documentary realism, not cartoonish or AI-looking.","on-screen text, subtitles, captions, watermarks, logos, brand names, distorted faces, extra limbs, cartoonish, CGI sheen, oversaturated, low quality",https://pub-d8970c901de34c218926ebf4be1ed09a.r2.dev/destinations/dhanaulti.jpg,https://www.nakshiq.com/en/festivals/phool-dei
36787d78-9b44-4882-bafe-a9192b3006f9,gopeshwar-shivratri-mela,Gopeshwar Shivratri Mela,Gopeshwar,uttarakhand,2,February,February-March (Maha Shivaratri),shivaratri,yes,db-description,Grand fair at the ancient Gopinath Temple where a trident stands exposed to all weather without rusting; thousands gather for night-long Shiva worship.,"Cinematic documentary-style video, 16:9, 6–8 seconds, authentic real-footage look, of the Gopeshwar Shivratri Mela as celebrated in Gopeshwar, Uttarakhand. Celebration: Grand fair at the ancient Gopinath Temple where a trident stands exposed to all weather without rusting; thousands gather for night-long Shiva worship.. Key visuals: night-long temple vigil — oil lamps and aarti flames before a Shiva shrine, bel leaves and milk offerings, chanting crowds, processions. clear late-winter light; show real people, actual rituals, decorations and crowds with genuine festive energy; vibrant true-to-life colour, natural handheld motion, shallow depth of field. No on-screen text, subtitles, captions, logos or watermarks; no distorted or extra faces/limbs; documentary realism, not cartoonish or AI-looking.","on-screen text, subtitles, captions, watermarks, logos, brand names, distorted faces, extra limbs, cartoonish, CGI sheen, oversaturated, low quality",https://pub-d8970c901de34c218926ebf4be1ed09a.r2.dev/destinations/gopeshwar.jpg,https://www.nakshiq.com/en/festivals/gopeshwar-shivratri-mela
e7bcbf56-df62-47b1-af87-3d84cb1ad411,corbett-holi-with-elephants,Corbett Holi with Elephants,Jim Corbett National Park,uttarakhand,3,March,March (Phalguna Purnima),holi,yes,db-description,"Unique celebration where forest department elephants are decorated and visitors play Holi in the buffer zone, combined with nature walks and wildlife talks.","Cinematic documentary-style video, 16:9, 6–8 seconds, authentic real-footage look, of the Corbett Holi with Elephants festival as celebrated in Jim Corbett National Park, Uttarakhand. Celebration: Unique celebration where forest department elephants are decorated and visitors play Holi in the buffer zone, combined with nature walks and wildlife talks.. Key visuals: crowds drenched in bright dry-colour powder, throwing fistfuls of gulal, clouds of pink/green/yellow in the air, dancing to dhol drums. warm spring light; show real people, actual rituals, decorations and crowds with genuine festive energy; vibrant true-to-life colour, natural handheld motion, shallow depth of field. No on-screen text, subtitles, captions, logos or watermarks; no distorted or extra faces/limbs; documentary realism, not cartoonish or AI-looking.","on-screen text, subtitles, captions, watermarks, logos, brand names, distorted faces, extra limbs, cartoonish, CGI sheen, oversaturated, low quality",https://pub-d8970c901de34c218926ebf4be1ed09a.r2.dev/destinations/corbett-national-park.jpg,https://www.nakshiq.com/en/festivals/corbett-holi-with-elephants
cf088f07-180e-4a50-8e95-4dcd4f9bd0d7,harela-festival,Harela Festival,Kausani,uttarakhand,7,July,July 16 (Shravan Sankranti),obscure,no,db-description,"Agricultural festival where saplings are planted and small herb gardens are sown 10 days before; on Harela day, green shoots are placed behind ears and on caps.","Cinematic documentary-style video, 16:9, 6–8 seconds, authentic real-footage look, of the Harela Festival as celebrated in Kausani, Uttarakhand. Celebration: Agricultural festival where saplings are planted and small herb gardens are sown 10 days before; on Harela day, green shoots are placed behind ears and on caps.. monsoon light, wet sheen; show real people, actual rituals, decorations and crowds with genuine festive energy; vibrant true-to-life colour, natural handheld motion, shallow depth of field. No on-screen text, subtitles, captions, logos or watermarks; no distorted or extra faces/limbs; documentary realism, not cartoonish or AI-looking.","on-screen text, subtitles, captions, watermarks, logos, brand names, distorted faces, extra limbs, cartoonish, CGI sheen, oversaturated, low quality",https://pub-d8970c901de34c218926ebf4be1ed09a.r2.dev/destinations/kausani.jpg,https://www.nakshiq.com/en/festivals/harela-festival
8c182113-faf8-41d5-a0f5-a06d031d4929,uttarayani-fair,Uttarayani Fair,Mukteshwar,uttarakhand,1,January,January 14 (Makar Sankranti),harvest-sankranti,no,db-description,"Makar Sankranti celebrations in the Kumaon hills with community bonfires, traditional Aipan art displays, and local markets selling woolen handicrafts.","Cinematic documentary-style video, 16:9, 6–8 seconds, authentic real-footage look, of the Uttarayani Fair as celebrated in Mukteshwar, Uttarakhand. Celebration: Makar Sankranti celebrations in the Kumaon hills with community bonfires, traditional Aipan art displays, and local markets selling woolen handicrafts.. Key visuals: kite-filled skies and bonfires, harvest dances, boiling pongal pots, decorated cattle, fresh-cut fields. crisp winter daylight; show real people, actual rituals, decorations and crowds with genuine festive energy; vibrant true-to-life colour, natural handheld motion, shallow depth of field. No on-screen text, subtitles, captions, logos or watermarks; no distorted or extra faces/limbs; documentary realism, not cartoonish or AI-looking.","on-screen text, subtitles, captions, watermarks, logos, brand names, distorted faces, extra limbs, cartoonish, CGI sheen, oversaturated, low quality",https://pub-d8970c901de34c218926ebf4be1ed09a.r2.dev/destinations/mukteshwar.jpg,https://www.nakshiq.com/en/festivals/uttarayani-fair
6baa39ca-2cdc-4d80-b9ea-090eed84073e,nanda-devi-raj-jat-yatra-munsiyari,Nanda Devi Raj Jat Yatra,Munsiyari,uttarakhand,8,August,"August-September (every 12 years, next ~2026)",obscure,no,db-description,"Epic 280-km pilgrimage from Nauti village to Roopkund and Homkund, escorting a four-horned ram representing Nanda Devi across high Himalayan passes.","Cinematic documentary-style video, 16:9, 6–8 seconds, authentic real-footage look, of the Nanda Devi Raj Jat Yatra as celebrated in Munsiyari, Uttarakhand. Celebration: Epic 280-km pilgrimage from Nauti village to Roopkund and Homkund, escorting a four-horned ram representing Nanda Devi across high Himalayan passes.. monsoon light, lush greens; show real people, actual rituals, decorations and crowds with genuine festive energy; vibrant true-to-life colour, natural handheld motion, shallow depth of field. No on-screen text, subtitles, captions, logos or watermarks; no distorted or extra faces/limbs; documentary realism, not cartoonish or AI-looking.","on-screen text, subtitles, captions, watermarks, logos, brand names, distorted faces, extra limbs, cartoonish, CGI sheen, oversaturated, low quality",https://pub-d8970c901de34c218926ebf4be1ed09a.r2.dev/destinations/munsiyari.jpg,https://www.nakshiq.com/en/festivals/nanda-devi-raj-jat-yatra-munsiyari
61ecf260-43a7-48c0-a578-e2b52dde316f,valley-of-flowers-opening-season,Valley of Flowers Opening Season,Valley of Flowers,uttarakhand,6,June,June 1 (annual opening),obscure,no,db-description,"UNESCO World Heritage site opens to trekkers; peak bloom in July-August features 600+ flowering species including Brahma Kamal, blue poppy, and cobra lily.","Cinematic documentary-style video, 16:9, 6–8 seconds, authentic real-footage look, of the Valley of Flowers Opening Season festival as celebrated in Valley of Flowers, Uttarakhand. Celebration: UNESCO World Heritage site opens to trekkers; peak bloom in July-August features 600+ flowering species including Brahma Kamal, blue poppy, and cobra lily.. early-monsoon overcast, fresh greens; show real people, actual rituals, decorations and crowds with genuine festive energy; vibrant true-to-life colour, natural handheld motion, shallow depth of field. No on-screen text, subtitles, captions, logos or watermarks; no distorted or extra faces/limbs; documentary realism, not cartoonish or AI-looking.","on-screen text, subtitles, captions, watermarks, logos, brand names, distorted faces, extra limbs, cartoonish, CGI sheen, oversaturated, low quality",https://pub-d8970c901de34c218926ebf4be1ed09a.r2.dev/destinations/valley-of-flowers.jpg,https://www.nakshiq.com/en/festivals/valley-of-flowers-opening-season
7057b7ab-6db4-4f82-89f7-9efef16f67d9,jauhar-mela,Jauhar Mela,Chittorgarh,rajasthan,3,March,March 8,obscure,no,db-description,Annual fair at Chittorgarh Fort commemorating the three historic jauhars (mass self-immolation) performed by Rajput women to protect honor during sieges.,"Cinematic documentary-style video, 16:9, 6–8 seconds, authentic real-footage look, of the Jauhar Mela as celebrated in Chittorgarh, Rajasthan. Celebration: Annual fair at Chittorgarh Fort commemorating the three historic jauhars (mass self-immolation) performed by Rajput women to protect honor during sieges.. warm spring light; show real people, actual rituals, decorations and crowds with genuine festive energy; vibrant true-to-life colour, natural handheld motion, shallow depth of field. No on-screen text, subtitles, captions, logos or watermarks; no distorted or extra faces/limbs; documentary realism, not cartoonish or AI-looking.","on-screen text, subtitles, captions, watermarks, logos, brand names, distorted faces, extra limbs, cartoonish, CGI sheen, oversaturated, low quality",https://pub-d8970c901de34c218926ebf4be1ed09a.r2.dev/destinations/chittorgarh.jpg,https://www.nakshiq.com/en/festivals/jauhar-mela
40eff7cb-9008-4fb2-8060-d7638b17880d,meera-mahotsav,Meera Mahotsav,Chittorgarh,rajasthan,10,October,October (Sharad Purnima),obscure,no,db-description,"Festival celebrating the mystic poet-saint Meera Bai at her temple in Chittorgarh Fort, with bhajan recitals and devotional music by renowned artists.","Cinematic documentary-style video, 16:9, 6–8 seconds, authentic real-footage look, of the Meera Mahotsav as celebrated in Chittorgarh, Rajasthan. Celebration: Festival celebrating the mystic poet-saint Meera Bai at her temple in Chittorgarh Fort, with bhajan recitals and devotional music by renowned artists.. golden autumn light; show real people, actual rituals, decorations and crowds with genuine festive energy; vibrant true-to-life colour, natural handheld motion, shallow depth of field. No on-screen text, subtitles, captions, logos or watermarks; no distorted or extra faces/limbs; documentary realism, not cartoonish or AI-looking.","on-screen text, subtitles, captions, watermarks, logos, brand names, distorted faces, extra limbs, cartoonish, CGI sheen, oversaturated, low quality",https://pub-d8970c901de34c218926ebf4be1ed09a.r2.dev/destinations/chittorgarh.jpg,https://www.nakshiq.com/en/festivals/meera-mahotsav
1a9a0f5f-0f9d-455d-9620-ee23d0c62380,tehri-lake-festival,Tehri Lake Festival,Tehri Lake,uttarakhand,3,March,March (varies),obscure,no,db-description,"Adventure sports festival on Tehri Dam reservoir featuring kayaking, jet skiing, paragliding, and cultural performances on Asia's highest dam lake.","Cinematic documentary-style video, 16:9, 6–8 seconds, authentic real-footage look, of the Tehri Lake Festival as celebrated in Tehri Lake, Uttarakhand. Celebration: Adventure sports festival on Tehri Dam reservoir featuring kayaking, jet skiing, paragliding, and cultural performances on Asia's highest dam lake.. warm spring light; show real people, actual rituals, decorations and crowds with genuine festive energy; vibrant true-to-life colour, natural handheld motion, shallow depth of field. No on-screen text, subtitles, captions, logos or watermarks; no distorted or extra faces/limbs; documentary realism, not cartoonish or AI-looking.","on-screen text, subtitles, captions, watermarks, logos, brand names, distorted faces, extra limbs, cartoonish, CGI sheen, oversaturated, low quality",https://pub-d8970c901de34c218926ebf4be1ed09a.r2.dev/destinations/tehri.jpg,https://www.nakshiq.com/en/festivals/tehri-lake-festival
22108234-5518-4e44-8f3b-d989759b094a,lansdowne-autumn-festival,Lansdowne Autumn Festival,Lansdowne,uttarakhand,10,October,October (varies),obscure,no,db-description,"Garhwal Rifles regimental town hosts a cultural festival with military band performances, nature trails, and heritage walks through this quiet cantonment.","Cinematic documentary-style video, 16:9, 6–8 seconds, authentic real-footage look, of the Lansdowne Autumn Festival as celebrated in Lansdowne, Uttarakhand. Celebration: Garhwal Rifles regimental town hosts a cultural festival with military band performances, nature trails, and heritage walks through this quiet cantonment.. golden autumn light; show real people, actual rituals, decorations and crowds with genuine festive energy; vibrant true-to-life colour, natural handheld motion, shallow depth of field. No on-screen text, subtitles, captions, logos or watermarks; no distorted or extra faces/limbs; documentary realism, not cartoonish or AI-looking.","on-screen text, subtitles, captions, watermarks, logos, brand names, distorted faces, extra limbs, cartoonish, CGI sheen, oversaturated, low quality",https://pub-d8970c901de34c218926ebf4be1ed09a.r2.dev/destinations/lansdowne.jpg,https://www.nakshiq.com/en/festivals/lansdowne-autumn-festival
6117916f-bf43-44d8-847d-f0ce29abaa6a,barot-trout-festival,Barot Trout Festival,Barot Valley,himachal pradesh,4,April,April (varies),obscure,no,db-description,"Angling festival in the Uhl River valley celebrating Barot's legacy as India's first trout hatchery established in 1909, with catch-and-release competitions.","Cinematic documentary-style video, 16:9, 6–8 seconds, authentic real-footage look, of the Barot Trout Festival as celebrated in Barot Valley, Himachal Pradesh. Celebration: Angling festival in the Uhl River valley celebrating Barot's legacy as India's first trout hatchery established in 1909, with catch-and-release competitions.. warm pre-summer light; show real people, actual rituals, decorations and crowds with genuine festive energy; vibrant true-to-life colour, natural handheld motion, shallow depth of field. No on-screen text, subtitles, captions, logos or watermarks; no distorted or extra faces/limbs; documentary realism, not cartoonish or AI-looking.","on-screen text, subtitles, captions, watermarks, logos, brand names, distorted faces, extra limbs, cartoonish, CGI sheen, oversaturated, low quality",https://pub-d8970c901de34c218926ebf4be1ed09a.r2.dev/destinations/barot-valley.jpg,https://www.nakshiq.com/en/festivals/barot-trout-festival
201b6524-25ef-4d47-bfa5-1ab08f532f88,shringa-rishi-fair,Shringa Rishi Fair,Jibhi,himachal pradesh,4,April,April (Baisakhi),obscure,no,db-description,"Fair at the ancient Shringa Rishi Temple near Jibhi in Banjar Valley, with devta (deity) palanquin processions, Nati folk dance, and community feasting.","Cinematic documentary-style video, 16:9, 6–8 seconds, authentic real-footage look, of the Shringa Rishi Fair as celebrated in Jibhi, Himachal Pradesh. Celebration: Fair at the ancient Shringa Rishi Temple near Jibhi in Banjar Valley, with devta (deity) palanquin processions, Nati folk dance, and community feasting.. warm pre-summer light; show real people, actual rituals, decorations and crowds with genuine festive energy; vibrant true-to-life colour, natural handheld motion, shallow depth of field. No on-screen text, subtitles, captions, logos or watermarks; no distorted or extra faces/limbs; documentary realism, not cartoonish or AI-looking.","on-screen text, subtitles, captions, watermarks, logos, brand names, distorted faces, extra limbs, cartoonish, CGI sheen, oversaturated, low quality",https://pub-d8970c901de34c218926ebf4be1ed09a.r2.dev/destinations/jibhi.jpg,https://www.nakshiq.com/en/festivals/shringa-rishi-fair
c61b571c-270f-41c3-bb3e-c3574da29f70,kasauli-rhythm-and-blues-festival,Kasauli Rhythm and Blues Festival,Kasauli,himachal pradesh,4,April,April (varies),obscure,no,db-description,"Annual international music festival in the colonial-era Kasauli Club featuring jazz, blues, and rock bands performing amid pine forests at 1,800m.","Cinematic documentary-style video, 16:9, 6–8 seconds, authentic real-footage look, of the Kasauli Rhythm and Blues Festival as celebrated in Kasauli, Himachal Pradesh. Celebration: Annual international music festival in the colonial-era Kasauli Club featuring jazz, blues, and rock bands performing amid pine forests at 1,800m.. warm pre-summer light; show real people, actual rituals, decorations and crowds with genuine festive energy; vibrant true-to-life colour, natural handheld motion, shallow depth of field. No on-screen text, subtitles, captions, logos or watermarks; no distorted or extra faces/limbs; documentary realism, not cartoonish or AI-looking.","on-screen text, subtitles, captions, watermarks, logos, brand names, distorted faces, extra limbs, cartoonish, CGI sheen, oversaturated, low quality",https://pub-d8970c901de34c218926ebf4be1ed09a.r2.dev/destinations/kasauli.jpg,https://www.nakshiq.com/en/festivals/kasauli-rhythm-and-blues-festival
a92edf8d-e291-4286-a908-037e1030078f,ladarcha-fair-keylong,Ladarcha Fair,Keylong,himachal pradesh,8,August,August (varies),obscure,no,db-description,"Historic trade fair in Keylong where merchants from Ladakh, Spiti, and Kullu once exchanged wool, salt, and dry fruits; now a cultural festival with yak dances and Lahauli music.","Cinematic documentary-style video, 16:9, 6–8 seconds, authentic real-footage look, of the Ladarcha Fair as celebrated in Keylong, Himachal Pradesh. Celebration: Historic trade fair in Keylong where merchants from Ladakh, Spiti, and Kullu once exchanged wool, salt, and dry fruits; now a cultural festival with yak dances and Lahauli music.. monsoon light, lush greens; show real people, actual rituals, decorations and crowds with genuine festive energy; vibrant true-to-life colour, natural handheld motion, shallow depth of field. No on-screen text, subtitles, captions, logos or watermarks; no distorted or extra faces/limbs; documentary realism, not cartoonish or AI-looking.","on-screen text, subtitles, captions, watermarks, logos, brand names, distorted faces, extra limbs, cartoonish, CGI sheen, oversaturated, low quality",https://pub-d8970c901de34c218926ebf4be1ed09a.r2.dev/destinations/keylong.jpg,https://www.nakshiq.com/en/festivals/ladarcha-fair-keylong
b342a8de-7027-40b2-94d0-ee58a897c65b,mandi-shivaratri-fair,Mandi Shivaratri Fair,Mandi,himachal pradesh,2,February,February-March (Maha Shivaratri),shivaratri,yes,db-description,Over 200 village deities are carried in decorated palanquins to Mandi's Paddal Ground for a week-long International Maha Shivaratri Fair with cultural programs.,"Cinematic documentary-style video, 16:9, 6–8 seconds, authentic real-footage look, of the Mandi Shivaratri Fair as celebrated in Mandi, Himachal Pradesh. Celebration: Over 200 village deities are carried in decorated palanquins to Mandi's Paddal Ground for a week-long International Maha Shivaratri Fair with cultural programs.. Key visuals: night-long temple vigil — oil lamps and aarti flames before a Shiva shrine, bel leaves and milk offerings, chanting crowds, processions. clear late-winter light; show real people, actual rituals, decorations and crowds with genuine festive energy; vibrant true-to-life colour, natural handheld motion, shallow depth of field. No on-screen text, subtitles, captions, logos or watermarks; no distorted or extra faces/limbs; documentary realism, not cartoonish or AI-looking.","on-screen text, subtitles, captions, watermarks, logos, brand names, distorted faces, extra limbs, cartoonish, CGI sheen, oversaturated, low quality",https://pub-d8970c901de34c218926ebf4be1ed09a.r2.dev/destinations/mandi.jpg,https://www.nakshiq.com/en/festivals/mandi-shivaratri-fair
b02b3555-cba7-4ab4-8b8c-e7e9180db8b6,mandi-nalwari-cattle-fair,Mandi Nalwari Cattle Fair,Mandi,himachal pradesh,3,March,March (post-Shivaratri),obscure,no,db-description,"Himachal's biggest cattle trading fair held alongside the Shivaratri festivities, with thousands of livestock and agricultural implements traded.","Cinematic documentary-style video, 16:9, 6–8 seconds, authentic real-footage look, of the Mandi Nalwari Cattle Fair as celebrated in Mandi, Himachal Pradesh. Celebration: Himachal's biggest cattle trading fair held alongside the Shivaratri festivities, with thousands of livestock and agricultural implements traded.. warm spring light; show real people, actual rituals, decorations and crowds with genuine festive energy; vibrant true-to-life colour, natural handheld motion, shallow depth of field. No on-screen text, subtitles, captions, logos or watermarks; no distorted or extra faces/limbs; documentary realism, not cartoonish or AI-looking.","on-screen text, subtitles, captions, watermarks, logos, brand names, distorted faces, extra limbs, cartoonish, CGI sheen, oversaturated, low quality",https://pub-d8970c901de34c218926ebf4be1ed09a.r2.dev/destinations/mandi.jpg,https://www.nakshiq.com/en/festivals/mandi-nalwari-cattle-fair
9630d9fd-0d32-4b54-be8e-30f3b3035f6d,bhimakali-dussehra,Bhimakali Dussehra,Sarahan,himachal pradesh,10,October,October (Navaratri-Dussehra),obscure,no,db-description,"Animal sacrifice and tantric rituals at the ancient Bhimakali Temple (800 CE) during Navaratri, with the goddess carried in a silver palanquin through Sarahan village.","Cinematic documentary-style video, 16:9, 6–8 seconds, authentic real-footage look, of the Bhimakali Dussehra as celebrated in Sarahan, Himachal Pradesh. Celebration: Animal sacrifice and tantric rituals at the ancient Bhimakali Temple (800 CE) during Navaratri, with the goddess carried in a silver palanquin through Sarahan village.. golden autumn light; show real people, actual rituals, decorations and crowds with genuine festive energy; vibrant true-to-life colour, natural handheld motion, shallow depth of field. No on-screen text, subtitles, captions, logos or watermarks; no distorted or extra faces/limbs; documentary realism, not cartoonish or AI-looking.","on-screen text, subtitles, captions, watermarks, logos, brand names, distorted faces, extra limbs, cartoonish, CGI sheen, oversaturated, low quality",https://pub-d8970c901de34c218926ebf4be1ed09a.r2.dev/destinations/sarahan.jpg,https://www.nakshiq.com/en/festivals/bhimakali-dussehra
592bf881-2729-4116-a085-47cdef8c6dc1,tirthan-trout-season-opening,Tirthan Trout Season Opening,Tirthan Valley,himachal pradesh,3,March,March 1 (annual),obscure,no,db-description,Official opening of the catch-and-release trout fishing season in the Tirthan River within the Great Himalayan National Park buffer zone.,"Cinematic documentary-style video, 16:9, 6–8 seconds, authentic real-footage look, of the Tirthan Trout Season Opening festival as celebrated in Tirthan Valley, Himachal Pradesh. Celebration: Official opening of the catch-and-release trout fishing season in the Tirthan River within the Great Himalayan National Park buffer zone.. warm spring light; show real people, actual rituals, decorations and crowds with genuine festive energy; vibrant true-to-life colour, natural handheld motion, shallow depth of field. No on-screen text, subtitles, captions, logos or watermarks; no distorted or extra faces/limbs; documentary realism, not cartoonish or AI-looking.","on-screen text, subtitles, captions, watermarks, logos, brand names, distorted faces, extra limbs, cartoonish, CGI sheen, oversaturated, low quality",https://pub-d8970c901de34c218926ebf4be1ed09a.r2.dev/destinations/tirthan-valley.jpg,https://www.nakshiq.com/en/festivals/tirthan-trout-season-opening
91f18f7a-5472-4203-b834-da9cf8df7d7b,amarnath-yatra-start,Amarnath Yatra Start,Pahalgam,jammu kashmir,7,July,July (Shravan Purnima season),obscure,no,db-description,"The annual pilgrimage to the Amarnath ice Shiva lingam at 3,888m begins from Pahalgam via the traditional Chandanwari route, with lakhs of pilgrims passing through.","Cinematic documentary-style video, 16:9, 6–8 seconds, authentic real-footage look, of the Amarnath Yatra Start as celebrated in Pahalgam, Jammu Kashmir. Celebration: The annual pilgrimage to the Amarnath ice Shiva lingam at 3,888m begins from Pahalgam via the traditional Chandanwari route, with lakhs of pilgrims passing through.. monsoon light, wet sheen; show real people, actual rituals, decorations and crowds with genuine festive energy; vibrant true-to-life colour, natural handheld motion, shallow depth of field. No on-screen text, subtitles, captions, logos or watermarks; no distorted or extra faces/limbs; documentary realism, not cartoonish or AI-looking.","on-screen text, subtitles, captions, watermarks, logos, brand names, distorted faces, extra limbs, cartoonish, CGI sheen, oversaturated, low quality",https://pub-d8970c901de34c218926ebf4be1ed09a.r2.dev/destinations/pahalgam.jpg,https://www.nakshiq.com/en/festivals/amarnath-yatra-start
677f00ab-4109-41ff-b758-b2e4c6c59464,pahalgam-spring-festival,Pahalgam Spring Festival,Pahalgam,jammu kashmir,4,April,April (varies),obscure,no,db-description,"Tourism festival along the Lidder River valley with trout fishing competitions, horse polo, and Kashmiri folk performances amid blooming almond and cherry trees.","Cinematic documentary-style video, 16:9, 6–8 seconds, authentic real-footage look, of the Pahalgam Spring Festival as celebrated in Pahalgam, Jammu Kashmir. Celebration: Tourism festival along the Lidder River valley with trout fishing competitions, horse polo, and Kashmiri folk performances amid blooming almond and cherry trees.. warm pre-summer light; show real people, actual rituals, decorations and crowds with genuine festive energy; vibrant true-to-life colour, natural handheld motion, shallow depth of field. No on-screen text, subtitles, captions, logos or watermarks; no distorted or extra faces/limbs; documentary realism, not cartoonish or AI-looking.","on-screen text, subtitles, captions, watermarks, logos, brand names, distorted faces, extra limbs, cartoonish, CGI sheen, oversaturated, low quality",https://pub-d8970c901de34c218926ebf4be1ed09a.r2.dev/destinations/pahalgam.jpg,https://www.nakshiq.com/en/festivals/pahalgam-spring-festival
d96ead54-23ba-4205-ae93-6aba7fbda15b,gurez-cultural-festival,Gurez Cultural Festival,Gurez Valley,jammu kashmir,8,August,August (varies),obscure,no,db-description,"Dard-Shin tribal festival in the remote Gurez Valley with traditional Shina music, archery competitions, and Dard cultural performances near Habba Khatoon peak.","Cinematic documentary-style video, 16:9, 6–8 seconds, authentic real-footage look, of the Gurez Cultural Festival as celebrated in Gurez Valley, Jammu Kashmir. Celebration: Dard-Shin tribal festival in the remote Gurez Valley with traditional Shina music, archery competitions, and Dard cultural performances near Habba Khatoon peak.. monsoon light, lush greens; show real people, actual rituals, decorations and crowds with genuine festive energy; vibrant true-to-life colour, natural handheld motion, shallow depth of field. No on-screen text, subtitles, captions, logos or watermarks; no distorted or extra faces/limbs; documentary realism, not cartoonish or AI-looking.","on-screen text, subtitles, captions, watermarks, logos, brand names, distorted faces, extra limbs, cartoonish, CGI sheen, oversaturated, low quality",https://pub-d8970c901de34c218926ebf4be1ed09a.r2.dev/destinations/gurez-valley.jpg,https://www.nakshiq.com/en/festivals/gurez-cultural-festival
41b096e2-e0c6-4d85-8608-b2803bc2fe06,chamba-minjar-fair,Chamba Minjar Fair,Chamba,himachal pradesh,7,July,"July-August (Shravan, one week)",obscure,no,db-description,"Week-long royal festival where silk threads (minjar) symbolizing corn silk are offered to the Ravi River, with processions from Akhand Chandi Palace led by the deity Raghuvir.","Cinematic documentary-style video, 16:9, 6–8 seconds, authentic real-footage look, of the Chamba Minjar Fair as celebrated in Chamba, Himachal Pradesh. Celebration: Week-long royal festival where silk threads (minjar) symbolizing corn silk are offered to the Ravi River, with processions from Akhand Chandi Palace led by the deity Raghuvir.. monsoon light, wet sheen; show real people, actual rituals, decorations and crowds with genuine festive energy; vibrant true-to-life colour, natural handheld motion, shallow depth of field. No on-screen text, subtitles, captions, logos or watermarks; no distorted or extra faces/limbs; documentary realism, not cartoonish or AI-looking.","on-screen text, subtitles, captions, watermarks, logos, brand names, distorted faces, extra limbs, cartoonish, CGI sheen, oversaturated, low quality",https://pub-d8970c901de34c218926ebf4be1ed09a.r2.dev/destinations/chamba.jpg,https://www.nakshiq.com/en/festivals/chamba-minjar-fair
09871cdc-b152-4c30-b1ae-1d0e4dfed05d,chamba-dussehra,Chamba Dussehra,Chamba,himachal pradesh,10,October,October (Ashvin Shukla Dashami),obscure,no,db-description,"Unlike the Ramlila-based Dussehra elsewhere, Chamba celebrates with a week-long rath yatra of Raghuvir and Lakshmi Narayan deities through town streets.","Cinematic documentary-style video, 16:9, 6–8 seconds, authentic real-footage look, of the Chamba Dussehra as celebrated in Chamba, Himachal Pradesh. Celebration: Unlike the Ramlila-based Dussehra elsewhere, Chamba celebrates with a week-long rath yatra of Raghuvir and Lakshmi Narayan deities through town streets.. golden autumn light; show real people, actual rituals, decorations and crowds with genuine festive energy; vibrant true-to-life colour, natural handheld motion, shallow depth of field. No on-screen text, subtitles, captions, logos or watermarks; no distorted or extra faces/limbs; documentary realism, not cartoonish or AI-looking.","on-screen text, subtitles, captions, watermarks, logos, brand names, distorted faces, extra limbs, cartoonish, CGI sheen, oversaturated, low quality",https://pub-d8970c901de34c218926ebf4be1ed09a.r2.dev/destinations/chamba.jpg,https://www.nakshiq.com/en/festivals/chamba-dussehra
ef506516-6b4a-4585-8b4d-faa86a31b64b,patnitop-winter-carnival,Patnitop Winter Carnival,Patnitop,jammu kashmir,1,January,January (varies),obscure,no,db-description,"Snow festival at Patnitop with skiing, snowman-building, and cultural programs at this hill station that serves as Jammu's winter retreat at 2,024m.","Cinematic documentary-style video, 16:9, 6–8 seconds, authentic real-footage look, of the Patnitop Winter Carnival as celebrated in Patnitop, Jammu Kashmir. Celebration: Snow festival at Patnitop with skiing, snowman-building, and cultural programs at this hill station that serves as Jammu's winter retreat at 2,024m.. crisp winter daylight; show real people, actual rituals, decorations and crowds with genuine festive energy; vibrant true-to-life colour, natural handheld motion, shallow depth of field. No on-screen text, subtitles, captions, logos or watermarks; no distorted or extra faces/limbs; documentary realism, not cartoonish or AI-looking.","on-screen text, subtitles, captions, watermarks, logos, brand names, distorted faces, extra limbs, cartoonish, CGI sheen, oversaturated, low quality",https://pub-d8970c901de34c218926ebf4be1ed09a.r2.dev/destinations/patnitop.jpg,https://www.nakshiq.com/en/festivals/patnitop-winter-carnival
bf39f8a1-4f11-4fd3-aa0c-1fd3cbd30053,bhaderwah-mela,Bhaderwah Mela,Bhaderwah,jammu kashmir,6,June,June (Jyeshtha),obscure,no,db-description,"Annual fair in the Mini-Kashmir of Jammu with Dogra folk dances, Gaddhi shepherd gatherings, and saffron field tours in the Bhaderwah Valley.","Cinematic documentary-style video, 16:9, 6–8 seconds, authentic real-footage look, of the Bhaderwah Mela as celebrated in Bhaderwah, Jammu Kashmir. Celebration: Annual fair in the Mini-Kashmir of Jammu with Dogra folk dances, Gaddhi shepherd gatherings, and saffron field tours in the Bhaderwah Valley.. early-monsoon overcast, fresh greens; show real people, actual rituals, decorations and crowds with genuine festive energy; vibrant true-to-life colour, natural handheld motion, shallow depth of field. No on-screen text, subtitles, captions, logos or watermarks; no distorted or extra faces/limbs; documentary realism, not cartoonish or AI-looking.","on-screen text, subtitles, captions, watermarks, logos, brand names, distorted faces, extra limbs, cartoonish, CGI sheen, oversaturated, low quality",https://pub-d8970c901de34c218926ebf4be1ed09a.r2.dev/destinations/bhaderwah.jpg,https://www.nakshiq.com/en/festivals/bhaderwah-mela
9b2ccb9f-e3bb-476c-bd2d-1b798084a581,gulmarg-winter-games,Gulmarg Winter Games,Gulmarg,jammu kashmir,2,February,February (varies),obscure,no,db-description,"National-level skiing and snowboarding championships on Gulmarg's slopes, with the Gulmarg gondola — world's second-highest cable car — ferrying spectators to 3,980m.","Cinematic documentary-style video, 16:9, 6–8 seconds, authentic real-footage look, of the Gulmarg Winter Games festival as celebrated in Gulmarg, Jammu Kashmir. Celebration: National-level skiing and snowboarding championships on Gulmarg's slopes, with the Gulmarg gondola — world's second-highest cable car — ferrying spectators to 3,980m.. clear late-winter light; show real people, actual rituals, decorations and crowds with genuine festive energy; vibrant true-to-life colour, natural handheld motion, shallow depth of field. No on-screen text, subtitles, captions, logos or watermarks; no distorted or extra faces/limbs; documentary realism, not cartoonish or AI-looking.","on-screen text, subtitles, captions, watermarks, logos, brand names, distorted faces, extra limbs, cartoonish, CGI sheen, oversaturated, low quality",https://pub-d8970c901de34c218926ebf4be1ed09a.r2.dev/destinations/gulmarg.jpg,https://www.nakshiq.com/en/festivals/gulmarg-winter-games
5d32b61b-1a92-4869-a212-6a71b7394138,sonamarg-thajiwas-glacier-festival,Sonamarg Thajiwas Glacier Festival,Sonamarg,jammu kashmir,6,June,June (varies),obscure,no,db-description,"Tourism festival at the Thajiwas Glacier featuring pony rides, camping, and cultural programs at this gateway to the Zoji La pass and Ladakh.","Cinematic documentary-style video, 16:9, 6–8 seconds, authentic real-footage look, of the Sonamarg Thajiwas Glacier Festival as celebrated in Sonamarg, Jammu Kashmir. Celebration: Tourism festival at the Thajiwas Glacier featuring pony rides, camping, and cultural programs at this gateway to the Zoji La pass and Ladakh.. early-monsoon overcast, fresh greens; show real people, actual rituals, decorations and crowds with genuine festive energy; vibrant true-to-life colour, natural handheld motion, shallow depth of field. No on-screen text, subtitles, captions, logos or watermarks; no distorted or extra faces/limbs; documentary realism, not cartoonish or AI-looking.","on-screen text, subtitles, captions, watermarks, logos, brand names, distorted faces, extra limbs, cartoonish, CGI sheen, oversaturated, low quality",https://pub-d8970c901de34c218926ebf4be1ed09a.r2.dev/destinations/sonamarg.jpg,https://www.nakshiq.com/en/festivals/sonamarg-thajiwas-glacier-festival
0d6cee99-32f1-426a-b06b-63cbf026287c,dosmoche-festival-diskit,Dosmoche Festival (Diskit),Nubra Valley,ladakh,2,February,"February (Tibetan 28th-29th day, 12th month)",monastery-cham,yes,db-description,"Two-day Buddhist festival at Diskit Monastery in Nubra Valley with Cham masked dances, ritual destruction of evil effigies, and prayers for the new year.","Cinematic documentary-style video, 16:9, 6–8 seconds, authentic real-footage look, of the Dosmoche Festival (Diskit) as celebrated in Nubra Valley, Ladakh. Celebration: Two-day Buddhist festival at Diskit Monastery in Nubra Valley with Cham masked dances, ritual destruction of evil effigies, and prayers for the new year.. Key visuals: masked Buddhist monks in brocade robes performing the whirling Cham dance in a monastery courtyard, long dungchen horns, drums, prayer flags, seated crowds. clear late-winter light; show real people, actual rituals, decorations and crowds with genuine festive energy; vibrant true-to-life colour, natural handheld motion, shallow depth of field. No on-screen text, subtitles, captions, logos or watermarks; no distorted or extra faces/limbs; documentary realism, not cartoonish or AI-looking.","on-screen text, subtitles, captions, watermarks, logos, brand names, distorted faces, extra limbs, cartoonish, CGI sheen, oversaturated, low quality",https://pub-d8970c901de34c218926ebf4be1ed09a.r2.dev/destinations/nubra-valley.jpg,https://www.nakshiq.com/en/festivals/dosmoche-festival-diskit
fffb9639-da73-40e7-a1cb-d672abc1048a,nubra-valley-festival,Nubra Valley Festival,Nubra Valley,ladakh,9,September,September (varies),obscure,no,db-description,"Cultural festival showcasing the Balti and Nubra heritage with yak polo, double-humped Bactrian camel rides at Hunder dunes, and traditional music.","Cinematic documentary-style video, 16:9, 6–8 seconds, authentic real-footage look, of the Nubra Valley Festival as celebrated in Nubra Valley, Ladakh. Celebration: Cultural festival showcasing the Balti and Nubra heritage with yak polo, double-humped Bactrian camel rides at Hunder dunes, and traditional music.. clear high-altitude mountain light, sharp shadows; show real people, actual rituals, decorations and crowds with genuine festive energy; vibrant true-to-life colour, natural handheld motion, shallow depth of field. No on-screen text, subtitles, captions, logos or watermarks; no distorted or extra faces/limbs; documentary realism, not cartoonish or AI-looking.","on-screen text, subtitles, captions, watermarks, logos, brand names, distorted faces, extra limbs, cartoonish, CGI sheen, oversaturated, low quality",https://pub-d8970c901de34c218926ebf4be1ed09a.r2.dev/destinations/nubra-valley.jpg,https://www.nakshiq.com/en/festivals/nubra-valley-festival
7d0cced9-0096-4236-8ec4-e5ed4ccb0e7f,pangong-nomad-festival,Pangong Nomad Festival,Pangong Tso,ladakh,7,July,July (varies),obscure,no,db-description,"Celebration of Changpa nomadic culture near Pangong Tso with pashmina goat herding demonstrations, butter tea ceremonies, and traditional Changpa tent exhibits.","Cinematic documentary-style video, 16:9, 6–8 seconds, authentic real-footage look, of the Pangong Nomad Festival as celebrated in Pangong Tso, Ladakh. Celebration: Celebration of Changpa nomadic culture near Pangong Tso with pashmina goat herding demonstrations, butter tea ceremonies, and traditional Changpa tent exhibits.. clear high-altitude mountain light, sharp shadows; show real people, actual rituals, decorations and crowds with genuine festive energy; vibrant true-to-life colour, natural handheld motion, shallow depth of field. No on-screen text, subtitles, captions, logos or watermarks; no distorted or extra faces/limbs; documentary realism, not cartoonish or AI-looking.","on-screen text, subtitles, captions, watermarks, logos, brand names, distorted faces, extra limbs, cartoonish, CGI sheen, oversaturated, low quality",https://pub-d8970c901de34c218926ebf4be1ed09a.r2.dev/destinations/pangong-lake.jpg,https://www.nakshiq.com/en/festivals/pangong-nomad-festival
effb9b0d-d58c-46f5-ae1d-422912b4f27c,zanskar-chadar-trek-season,Zanskar Chadar Trek Season,Zanskar Valley,ladakh,1,January,January-February,obscure,no,db-description,"The frozen Zanskar River becomes a walkable highway — the legendary Chadar (ice sheet) trek connecting Zanskar to Leh, one of the world's most extreme winter treks.","Cinematic documentary-style video, 16:9, 6–8 seconds, authentic real-footage look, of the Zanskar Chadar Trek Season festival as celebrated in Zanskar Valley, Ladakh. Celebration: The frozen Zanskar River becomes a walkable highway — the legendary Chadar (ice sheet) trek connecting Zanskar to Leh, one of the world's most extreme winter treks.. crisp winter daylight; show real people, actual rituals, decorations and crowds with genuine festive energy; vibrant true-to-life colour, natural handheld motion, shallow depth of field. No on-screen text, subtitles, captions, logos or watermarks; no distorted or extra faces/limbs; documentary realism, not cartoonish or AI-looking.","on-screen text, subtitles, captions, watermarks, logos, brand names, distorted faces, extra limbs, cartoonish, CGI sheen, oversaturated, low quality",https://pub-d8970c901de34c218926ebf4be1ed09a.r2.dev/destinations/zanskar.jpg,https://www.nakshiq.com/en/festivals/zanskar-chadar-trek-season
e416f008-9cb2-4dec-a1e9-cf2f91639193,karsha-gustor,Karsha Gustor,Zanskar Valley,ladakh,7,July,"July (Tibetan 28th-29th day, 6th month)",monastery-cham,yes,db-description,"Two-day monastic festival at Karsha Gompa, Zanskar's largest monastery, with Cham dances, oracle prophecies, and ritual burning of evil effigies.","Cinematic documentary-style video, 16:9, 6–8 seconds, authentic real-footage look, of the Karsha Gustor festival as celebrated in Zanskar Valley, Ladakh. Celebration: Two-day monastic festival at Karsha Gompa, Zanskar's largest monastery, with Cham dances, oracle prophecies, and ritual burning of evil effigies.. Key visuals: masked Buddhist monks in brocade robes performing the whirling Cham dance in a monastery courtyard, long dungchen horns, drums, prayer flags, seated crowds. clear high-altitude mountain light, sharp shadows; show real people, actual rituals, decorations and crowds with genuine festive energy; vibrant true-to-life colour, natural handheld motion, shallow depth of field. No on-screen text, subtitles, captions, logos or watermarks; no distorted or extra faces/limbs; documentary realism, not cartoonish or AI-looking.","on-screen text, subtitles, captions, watermarks, logos, brand names, distorted faces, extra limbs, cartoonish, CGI sheen, oversaturated, low quality",https://pub-d8970c901de34c218926ebf4be1ed09a.r2.dev/destinations/zanskar.jpg,https://www.nakshiq.com/en/festivals/karsha-gustor
2e6249e0-3663-403d-a6c1-5afeca67105b,hanle-stargazing-festival,Hanle Stargazing Festival,Hanle,ladakh,10,October,October (new moon),obscure,no,db-description,"Astronomy event at the Indian Astronomical Observatory in Hanle at 4,500m — one of the world's highest observatories — with public telescope sessions and astrophotography.","Cinematic documentary-style video, 16:9, 6–8 seconds, authentic real-footage look, of the Hanle Stargazing Festival as celebrated in Hanle, Ladakh. Celebration: Astronomy event at the Indian Astronomical Observatory in Hanle at 4,500m — one of the world's highest observatories — with public telescope sessions and astrophotography.. golden autumn light; show real people, actual rituals, decorations and crowds with genuine festive energy; vibrant true-to-life colour, natural handheld motion, shallow depth of field. No on-screen text, subtitles, captions, logos or watermarks; no distorted or extra faces/limbs; documentary realism, not cartoonish or AI-looking.","on-screen text, subtitles, captions, watermarks, logos, brand names, distorted faces, extra limbs, cartoonish, CGI sheen, oversaturated, low quality",https://pub-d8970c901de34c218926ebf4be1ed09a.r2.dev/destinations/hanle.jpg,https://www.nakshiq.com/en/festivals/hanle-stargazing-festival
e29e9805-d49d-4173-a8f8-cbb981b24dad,korzok-gustor,Korzok Gustor,Tso Moriri,ladakh,7,July,"July (Tibetan 29th day, 6th month)",monastery-cham,yes,db-description,"Monastic festival at Korzok Gompa on the shores of Tso Moriri at 4,595m, with Cham dances by monks and Changpa nomads gathering from surrounding camps.","Cinematic documentary-style video, 16:9, 6–8 seconds, authentic real-footage look, of the Korzok Gustor festival as celebrated in Tso Moriri, Ladakh. Celebration: Monastic festival at Korzok Gompa on the shores of Tso Moriri at 4,595m, with Cham dances by monks and Changpa nomads gathering from surrounding camps.. Key visuals: masked Buddhist monks in brocade robes performing the whirling Cham dance in a monastery courtyard, long dungchen horns, drums, prayer flags, seated crowds. clear high-altitude mountain light, sharp shadows; show real people, actual rituals, decorations and crowds with genuine festive energy; vibrant true-to-life colour, natural handheld motion, shallow depth of field. No on-screen text, subtitles, captions, logos or watermarks; no distorted or extra faces/limbs; documentary realism, not cartoonish or AI-looking.","on-screen text, subtitles, captions, watermarks, logos, brand names, distorted faces, extra limbs, cartoonish, CGI sheen, oversaturated, low quality",https://pub-d8970c901de34c218926ebf4be1ed09a.r2.dev/destinations/tso-moriri.jpg,https://www.nakshiq.com/en/festivals/korzok-gustor
a0c239b9-601d-4d82-af70-e1f7a8e8c911,lucknow-festival,Lucknow Festival,Lucknow,uttar pradesh,11,November,November 25 - December 5 (varies),obscure,no,db-description,"Ten-day cultural extravaganza showcasing Awadhi heritage with kathak performances, qawwali nights, chikan embroidery exhibitions, and the famous Lucknow food festival.","Cinematic documentary-style video, 16:9, 6–8 seconds, authentic real-footage look, of the Lucknow Festival as celebrated in Lucknow, Uttar Pradesh. Celebration: Ten-day cultural extravaganza showcasing Awadhi heritage with kathak performances, qawwali nights, chikan embroidery exhibitions, and the famous Lucknow food festival.. cool early-winter light; show real people, actual rituals, decorations and crowds with genuine festive energy; vibrant true-to-life colour, natural handheld motion, shallow depth of field. No on-screen text, subtitles, captions, logos or watermarks; no distorted or extra faces/limbs; documentary realism, not cartoonish or AI-looking.","on-screen text, subtitles, captions, watermarks, logos, brand names, distorted faces, extra limbs, cartoonish, CGI sheen, oversaturated, low quality",https://pub-d8970c901de34c218926ebf4be1ed09a.r2.dev/destinations/lucknow.jpg,https://www.nakshiq.com/en/festivals/lucknow-festival
02df7307-9ce9-4ccf-a66b-5a5dd48eefb6,lucknow-muharram-processions,Lucknow Muharram Processions,Lucknow,uttar pradesh,7,July,"July-August (1st Muharram, Islamic calendar)",islamic,no,db-description,"Grand taziya processions through the old city from Bara Imambara and Chhota Imambara, with elaborate replicas of Imam Hussain's tomb carried by thousands.","Cinematic documentary-style video, 16:9, 6–8 seconds, authentic real-footage look, of the Lucknow Muharram Processions festival as celebrated in Lucknow, Uttar Pradesh. Celebration: Grand taziya processions through the old city from Bara Imambara and Chhota Imambara, with elaborate replicas of Imam Hussain's tomb carried by thousands.. Key visuals: crowds gathered for prayer and feasting at a mosque or dargah courtyard, qawwali, festive markets and lights (no close-ups of worship). monsoon light, wet sheen; show real people, actual rituals, decorations and crowds with genuine festive energy; vibrant true-to-life colour, natural handheld motion, shallow depth of field. No on-screen text, subtitles, captions, logos or watermarks; no distorted or extra faces/limbs; documentary realism, not cartoonish or AI-looking.","on-screen text, subtitles, captions, watermarks, logos, brand names, distorted faces, extra limbs, cartoonish, CGI sheen, oversaturated, low quality",https://pub-d8970c901de34c218926ebf4be1ed09a.r2.dev/destinations/lucknow.jpg,https://www.nakshiq.com/en/festivals/lucknow-muharram-processions
457e906b-9863-43e6-bbbe-c2f49dbbefe5,magh-mela-prayagraj,Magh Mela,Prayagraj,uttar pradesh,1,January,January 14 - February 14 (Magh month),kumbh-snan,yes,db-description,"Annual month-long religious fair at the Triveni Sangam (confluence of Ganga, Yamuna, and Saraswati) with ritual bathing, spiritual discourses, and tent city of saints.","Cinematic documentary-style video, 16:9, 6–8 seconds, authentic real-footage look, of the Magh Mela as celebrated in Prayagraj, Uttar Pradesh. Celebration: Annual month-long religious fair at the Triveni Sangam (confluence of Ganga, Yamuna, and Saraswati) with ritual bathing, spiritual discourses, and tent city of saints.. Key visuals: vast sea of pilgrims and ash-smeared sadhus bathing at the river confluence at dawn, marigold offerings, saffron flags, mass devotion. crisp winter daylight; show real people, actual rituals, decorations and crowds with genuine festive energy; vibrant true-to-life colour, natural handheld motion, shallow depth of field. No on-screen text, subtitles, captions, logos or watermarks; no distorted or extra faces/limbs; documentary realism, not cartoonish or AI-looking.","on-screen text, subtitles, captions, watermarks, logos, brand names, distorted faces, extra limbs, cartoonish, CGI sheen, oversaturated, low quality",https://pub-d8970c901de34c218926ebf4be1ed09a.r2.dev/destinations/prayagraj.jpg,https://www.nakshiq.com/en/festivals/magh-mela-prayagraj
b4f8ab8f-5fbe-49a5-ab39-f2ef6c7a73f4,prayagraj-rasa-leela,Prayagraj Rasa Leela,Prayagraj,uttar pradesh,10,October,October (Sharad Purnima),obscure,no,db-description,"Traditional Rasa Leela performances depicting Krishna's divine dance, staged at ghats along the Yamuna during the autumn full moon.","Cinematic documentary-style video, 16:9, 6–8 seconds, authentic real-footage look, of the Prayagraj Rasa Leela festival as celebrated in Prayagraj, Uttar Pradesh. Celebration: Traditional Rasa Leela performances depicting Krishna's divine dance, staged at ghats along the Yamuna during the autumn full moon.. golden autumn light; show real people, actual rituals, decorations and crowds with genuine festive energy; vibrant true-to-life colour, natural handheld motion, shallow depth of field. No on-screen text, subtitles, captions, logos or watermarks; no distorted or extra faces/limbs; documentary realism, not cartoonish or AI-looking.","on-screen text, subtitles, captions, watermarks, logos, brand names, distorted faces, extra limbs, cartoonish, CGI sheen, oversaturated, low quality",https://pub-d8970c901de34c218926ebf4be1ed09a.r2.dev/destinations/prayagraj.jpg,https://www.nakshiq.com/en/festivals/prayagraj-rasa-leela
93f70955-0342-4a7b-9f27-13e1ff3acc70,chandigarh-carnival,Chandigarh Carnival,Chandigarh,chandigarh,11,November,November (varies),obscure,no,db-description,"Three-day city carnival with float parades down Sector 17, open-air concerts at Rock Garden, food stalls, and cultural performances at Sukhna Lake.","Cinematic documentary-style video, 16:9, 6–8 seconds, authentic real-footage look, of the Chandigarh Carnival as celebrated in Chandigarh, Chandigarh. Celebration: Three-day city carnival with float parades down Sector 17, open-air concerts at Rock Garden, food stalls, and cultural performances at Sukhna Lake.. cool early-winter light; show real people, actual rituals, decorations and crowds with genuine festive energy; vibrant true-to-life colour, natural handheld motion, shallow depth of field. No on-screen text, subtitles, captions, logos or watermarks; no distorted or extra faces/limbs; documentary realism, not cartoonish or AI-looking.","on-screen text, subtitles, captions, watermarks, logos, brand names, distorted faces, extra limbs, cartoonish, CGI sheen, oversaturated, low quality",https://pub-d8970c901de34c218926ebf4be1ed09a.r2.dev/destinations/chandigarh.jpg,https://www.nakshiq.com/en/festivals/chandigarh-carnival
a2df4d36-e346-4d3c-ac58-a79dc93a755c,rose-festival,Rose Festival,Chandigarh,chandigarh,2,February,February (last week),flower-bloom,no,db-description,"Annual flower show at Zakir Hussain Rose Garden — Asia's largest rose garden with 1,600+ species — featuring rose competitions, garden tours, and cultural programs.","Cinematic documentary-style video, 16:9, 6–8 seconds, authentic real-footage look, of the Rose Festival as celebrated in Chandigarh, Chandigarh. Celebration: Annual flower show at Zakir Hussain Rose Garden — Asia's largest rose garden with 1,600+ species — featuring rose competitions, garden tours, and cultural programs.. Key visuals: vast geometric beds of blooming flowers, visitors strolling the gardens, colour as far as the eye can see. clear late-winter light; show real people, actual rituals, decorations and crowds with genuine festive energy; vibrant true-to-life colour, natural handheld motion, shallow depth of field. No on-screen text, subtitles, captions, logos or watermarks; no distorted or extra faces/limbs; documentary realism, not cartoonish or AI-looking.","on-screen text, subtitles, captions, watermarks, logos, brand names, distorted faces, extra limbs, cartoonish, CGI sheen, oversaturated, low quality",https://pub-d8970c901de34c218926ebf4be1ed09a.r2.dev/destinations/chandigarh.jpg,https://www.nakshiq.com/en/festivals/rose-festival
bcec01e3-f58f-4ae4-86db-c2c24ae9fbff,patiala-heritage-festival,Patiala Heritage Festival,Patiala,punjab,2,February,February (varies),obscure,no,db-description,"Festival at the Sheesh Mahal and Qila Mubarak showcasing Patiala's royal Sikh heritage with phulkari exhibitions, gatka martial arts, and the Patiala peg tradition.","Cinematic documentary-style video, 16:9, 6–8 seconds, authentic real-footage look, of the Patiala Heritage Festival as celebrated in Patiala, Punjab. Celebration: Festival at the Sheesh Mahal and Qila Mubarak showcasing Patiala's royal Sikh heritage with phulkari exhibitions, gatka martial arts, and the Patiala peg tradition.. clear late-winter light; show real people, actual rituals, decorations and crowds with genuine festive energy; vibrant true-to-life colour, natural handheld motion, shallow depth of field. No on-screen text, subtitles, captions, logos or watermarks; no distorted or extra faces/limbs; documentary realism, not cartoonish or AI-looking.","on-screen text, subtitles, captions, watermarks, logos, brand names, distorted faces, extra limbs, cartoonish, CGI sheen, oversaturated, low quality",https://pub-d8970c901de34c218926ebf4be1ed09a.r2.dev/destinations/patiala.jpg,https://www.nakshiq.com/en/festivals/patiala-heritage-festival
9e79532e-6145-42af-8baf-12dd1dc6c309,baisakhi-at-dukh-niwaran-sahib,Baisakhi at Dukh Niwaran Sahib,Patiala,punjab,4,April,April 13-14,newyear-harvest,no,db-description,"Baisakhi celebrations at the historic Gurdwara Dukh Niwaran Sahib with kirtan, langar, nagar kirtan processions, and Punjabi folk performances.","Cinematic documentary-style video, 16:9, 6–8 seconds, authentic real-footage look, of the Baisakhi at Dukh Niwaran Sahib festival as celebrated in Patiala, Punjab. Celebration: Baisakhi celebrations at the historic Gurdwara Dukh Niwaran Sahib with kirtan, langar, nagar kirtan processions, and Punjabi folk performances.. Key visuals: regional new-year celebration — festive attire, ceremonial first-fruits, folk dance, decorated thresholds. warm pre-summer light; show real people, actual rituals, decorations and crowds with genuine festive energy; vibrant true-to-life colour, natural handheld motion, shallow depth of field. No on-screen text, subtitles, captions, logos or watermarks; no distorted or extra faces/limbs; documentary realism, not cartoonish or AI-looking.","on-screen text, subtitles, captions, watermarks, logos, brand names, distorted faces, extra limbs, cartoonish, CGI sheen, oversaturated, low quality",https://pub-d8970c901de34c218926ebf4be1ed09a.r2.dev/destinations/patiala.jpg,https://www.nakshiq.com/en/festivals/baisakhi-at-dukh-niwaran-sahib
84166c1a-9a55-4611-b17d-c7b9312a33b4,hola-mohalla,Hola Mohalla,Anandpur Sahib,punjab,3,March,March (day after Holi),obscure,no,db-description,"Three-day Sikh martial arts festival founded by Guru Gobind Singh in 1701 at Anandpur Sahib, with Nihang warriors performing horseback stunts, gatka, and mock battles.","Cinematic documentary-style video, 16:9, 6–8 seconds, authentic real-footage look, of the Hola Mohalla festival as celebrated in Anandpur Sahib, Punjab. Celebration: Three-day Sikh martial arts festival founded by Guru Gobind Singh in 1701 at Anandpur Sahib, with Nihang warriors performing horseback stunts, gatka, and mock battles.. warm spring light; show real people, actual rituals, decorations and crowds with genuine festive energy; vibrant true-to-life colour, natural handheld motion, shallow depth of field. No on-screen text, subtitles, captions, logos or watermarks; no distorted or extra faces/limbs; documentary realism, not cartoonish or AI-looking.","on-screen text, subtitles, captions, watermarks, logos, brand names, distorted faces, extra limbs, cartoonish, CGI sheen, oversaturated, low quality",https://pub-d8970c901de34c218926ebf4be1ed09a.r2.dev/destinations/anandpur-sahib.jpg,https://www.nakshiq.com/en/festivals/hola-mohalla
32aee405-710f-4638-b8da-50d62515bb84,chitrakoot-deepotsav,Chitrakoot Deepotsav,Chitrakoot,uttar pradesh,10,October,October (Kartik Amavasya / Diwali),diwali,yes,db-description,"Thousands of oil lamps lit along the ghats of Mandakini River at Ram Ghat, recreating the scene of Lord Ram's return to Ayodhya as described in the Ramcharitmanas.","Cinematic documentary-style video, 16:9, 6–8 seconds, authentic real-footage look, of the Chitrakoot Deepotsav festival as celebrated in Chitrakoot, Uttar Pradesh. Celebration: Thousands of oil lamps lit along the ghats of Mandakini River at Ram Ghat, recreating the scene of Lord Ram's return to Ayodhya as described in the Ramcharitmanas.. Key visuals: rows of lit clay oil-diyas and lantern light, colourful rangoli, families lighting lamps, fireworks over rooftops at night. golden autumn light; show real people, actual rituals, decorations and crowds with genuine festive energy; vibrant true-to-life colour, natural handheld motion, shallow depth of field. No on-screen text, subtitles, captions, logos or watermarks; no distorted or extra faces/limbs; documentary realism, not cartoonish or AI-looking.","on-screen text, subtitles, captions, watermarks, logos, brand names, distorted faces, extra limbs, cartoonish, CGI sheen, oversaturated, low quality",https://pub-d8970c901de34c218926ebf4be1ed09a.r2.dev/destinations/chitrakoot.jpg,https://www.nakshiq.com/en/festivals/chitrakoot-deepotsav
f20790a7-2af4-4a5d-8483-19e0dd85dd82,buddha-mahaparinirvana-day,Buddha Mahaparinirvana Day,Kushinagar,uttar pradesh,2,February,February (Magh Purnima),obscure,no,db-description,"Pilgrims from across the Buddhist world gather at the Mahaparinirvana Temple housing the 6m reclining Buddha, with prayer ceremonies, lamp offerings, and meditation retreats.","Cinematic documentary-style video, 16:9, 6–8 seconds, authentic real-footage look, of the Buddha Mahaparinirvana Day festival as celebrated in Kushinagar, Uttar Pradesh. Celebration: Pilgrims from across the Buddhist world gather at the Mahaparinirvana Temple housing the 6m reclining Buddha, with prayer ceremonies, lamp offerings, and meditation retreats.. clear late-winter light; show real people, actual rituals, decorations and crowds with genuine festive energy; vibrant true-to-life colour, natural handheld motion, shallow depth of field. No on-screen text, subtitles, captions, logos or watermarks; no distorted or extra faces/limbs; documentary realism, not cartoonish or AI-looking.","on-screen text, subtitles, captions, watermarks, logos, brand names, distorted faces, extra limbs, cartoonish, CGI sheen, oversaturated, low quality",https://pub-d8970c901de34c218926ebf4be1ed09a.r2.dev/destinations/kushinagar.jpg,https://www.nakshiq.com/en/festivals/buddha-mahaparinirvana-day
3dac8a28-fe2b-4c56-a757-94dca2974605,sravasti-international-buddhist-festival,Sravasti International Buddhist Festival,Sravasti,uttar pradesh,3,March,March (varies),obscure,no,db-description,"Buddhist gathering at Jetavana Monastery ruins where Buddha spent 24 rainy seasons, with meditation retreats, Dharma talks, and archaeological tours.","Cinematic documentary-style video, 16:9, 6–8 seconds, authentic real-footage look, of the Sravasti International Buddhist Festival as celebrated in Sravasti, Uttar Pradesh. Celebration: Buddhist gathering at Jetavana Monastery ruins where Buddha spent 24 rainy seasons, with meditation retreats, Dharma talks, and archaeological tours.. warm spring light; show real people, actual rituals, decorations and crowds with genuine festive energy; vibrant true-to-life colour, natural handheld motion, shallow depth of field. No on-screen text, subtitles, captions, logos or watermarks; no distorted or extra faces/limbs; documentary realism, not cartoonish or AI-looking.","on-screen text, subtitles, captions, watermarks, logos, brand names, distorted faces, extra limbs, cartoonish, CGI sheen, oversaturated, low quality",https://pub-d8970c901de34c218926ebf4be1ed09a.r2.dev/destinations/sravasti.jpg,https://www.nakshiq.com/en/festivals/sravasti-international-buddhist-festival
90fa9ad5-e8cd-4d0f-b969-16c4856254c5,urs-of-khwaja-moinuddin-chishti,Urs of Khwaja Moinuddin Chishti,Ajmer,rajasthan,1,January,"January (1st-6th Rajab, Islamic calendar)",islamic,no,db-description,"Six-day Sufi pilgrimage at the Ajmer Dargah Sharif with qawwali nights, langar distribution, and devotees from all faiths offering chadars at the saint's tomb.","Cinematic documentary-style video, 16:9, 6–8 seconds, authentic real-footage look, of the Urs of Khwaja Moinuddin Chishti festival as celebrated in Ajmer, Rajasthan. Celebration: Six-day Sufi pilgrimage at the Ajmer Dargah Sharif with qawwali nights, langar distribution, and devotees from all faiths offering chadars at the saint's tomb.. Key visuals: crowds gathered for prayer and feasting at a mosque or dargah courtyard, qawwali, festive markets and lights (no close-ups of worship). crisp winter daylight; show real people, actual rituals, decorations and crowds with genuine festive energy; vibrant true-to-life colour, natural handheld motion, shallow depth of field. No on-screen text, subtitles, captions, logos or watermarks; no distorted or extra faces/limbs; documentary realism, not cartoonish or AI-looking.","on-screen text, subtitles, captions, watermarks, logos, brand names, distorted faces, extra limbs, cartoonish, CGI sheen, oversaturated, low quality",https://pub-d8970c901de34c218926ebf4be1ed09a.r2.dev/destinations/ajmer.jpg,https://www.nakshiq.com/en/festivals/urs-of-khwaja-moinuddin-chishti
fb8e81b1-7d7d-41b0-9d4d-3a999ba0f90c,osian-camel-safari-festival,Osian Camel Safari Festival,Osian,rajasthan,12,December,December (varies),obscure,no,db-description,"Desert festival at the ancient Jain and Hindu temple town of Osian with camel safaris to sand dunes, temple tours, and folk music under the stars.","Cinematic documentary-style video, 16:9, 6–8 seconds, authentic real-footage look, of the Osian Camel Safari Festival as celebrated in Osian, Rajasthan. Celebration: Desert festival at the ancient Jain and Hindu temple town of Osian with camel safaris to sand dunes, temple tours, and folk music under the stars.. cold winter light, long shadows; show real people, actual rituals, decorations and crowds with genuine festive energy; vibrant true-to-life colour, natural handheld motion, shallow depth of field. No on-screen text, subtitles, captions, logos or watermarks; no distorted or extra faces/limbs; documentary realism, not cartoonish or AI-looking.","on-screen text, subtitles, captions, watermarks, logos, brand names, distorted faces, extra limbs, cartoonish, CGI sheen, oversaturated, low quality",https://pub-d8970c901de34c218926ebf4be1ed09a.r2.dev/destinations/osian.jpg,https://www.nakshiq.com/en/festivals/osian-camel-safari-festival
14a2f5f5-fb59-4c30-992d-199f3c91f699,neemrana-music-festival,Neemrana Music Festival,Neemrana,rajasthan,2,February,February (varies),obscure,no,db-description,Classical Indian music festival hosted at the 15th-century Neemrana Fort-Palace with performances by renowned artists in the stepped fort's courtyards.,"Cinematic documentary-style video, 16:9, 6–8 seconds, authentic real-footage look, of the Neemrana Music Festival as celebrated in Neemrana, Rajasthan. Celebration: Classical Indian music festival hosted at the 15th-century Neemrana Fort-Palace with performances by renowned artists in the stepped fort's courtyards.. clear late-winter light; show real people, actual rituals, decorations and crowds with genuine festive energy; vibrant true-to-life colour, natural handheld motion, shallow depth of field. No on-screen text, subtitles, captions, logos or watermarks; no distorted or extra faces/limbs; documentary realism, not cartoonish or AI-looking.","on-screen text, subtitles, captions, watermarks, logos, brand names, distorted faces, extra limbs, cartoonish, CGI sheen, oversaturated, low quality",https://pub-d8970c901de34c218926ebf4be1ed09a.r2.dev/destinations/neemrana.jpg,https://www.nakshiq.com/en/festivals/neemrana-music-festival
08494027-1a18-4d14-ba1f-bbf403967493,binsar-makar-sankranti,Binsar Makar Sankranti,Binsar,uttarakhand,1,January,January 14,harvest-sankranti,no,db-description,"Hill communities around Binsar Wildlife Sanctuary celebrate with bonfires, traditional Kumaoni folk songs, and exchange of khichari (lentil-rice dish) at dawn.","Cinematic documentary-style video, 16:9, 6–8 seconds, authentic real-footage look, of the Binsar Makar Sankranti festival as celebrated in Binsar, Uttarakhand. Celebration: Hill communities around Binsar Wildlife Sanctuary celebrate with bonfires, traditional Kumaoni folk songs, and exchange of khichari (lentil-rice dish) at dawn.. Key visuals: kite-filled skies and bonfires, harvest dances, boiling pongal pots, decorated cattle, fresh-cut fields. crisp winter daylight; show real people, actual rituals, decorations and crowds with genuine festive energy; vibrant true-to-life colour, natural handheld motion, shallow depth of field. No on-screen text, subtitles, captions, logos or watermarks; no distorted or extra faces/limbs; documentary realism, not cartoonish or AI-looking.","on-screen text, subtitles, captions, watermarks, logos, brand names, distorted faces, extra limbs, cartoonish, CGI sheen, oversaturated, low quality",https://pub-d8970c901de34c218926ebf4be1ed09a.r2.dev/destinations/binsar.jpg,https://www.nakshiq.com/en/festivals/binsar-makar-sankranti
0bc01854-4a77-46c6-b967-044b067071f0,devprayag-ganga-dussehra,Devprayag Ganga Dussehra,Devprayag,uttarakhand,6,June,June (Jyeshtha Shukla Dashami),obscure,no,db-description,"Festival at the sacred confluence where Alaknanda and Bhagirathi merge to form the Ganga, with ritual bathing, deepdan (lamp floating), and Sanskrit recitations.","Cinematic documentary-style video, 16:9, 6–8 seconds, authentic real-footage look, of the Devprayag Ganga Dussehra as celebrated in Devprayag, Uttarakhand. Celebration: Festival at the sacred confluence where Alaknanda and Bhagirathi merge to form the Ganga, with ritual bathing, deepdan (lamp floating), and Sanskrit recitations.. early-monsoon overcast, fresh greens; show real people, actual rituals, decorations and crowds with genuine festive energy; vibrant true-to-life colour, natural handheld motion, shallow depth of field. No on-screen text, subtitles, captions, logos or watermarks; no distorted or extra faces/limbs; documentary realism, not cartoonish or AI-looking.","on-screen text, subtitles, captions, watermarks, logos, brand names, distorted faces, extra limbs, cartoonish, CGI sheen, oversaturated, low quality",https://pub-d8970c901de34c218926ebf4be1ed09a.r2.dev/destinations/devprayag.jpg,https://www.nakshiq.com/en/festivals/devprayag-ganga-dussehra
040ced7d-b709-48b3-a949-53dc51d43c5d,badri-kedar-festival-joshimath,Badri-Kedar Festival,Joshimath,uttarakhand,5,May,May (varies),obscure,no,db-description,"Festivities marking the annual opening of both Badrinath and Kedarnath temple doors, with the doli (palanquin) procession departing Joshimath for Badrinath.","Cinematic documentary-style video, 16:9, 6–8 seconds, authentic real-footage look, of the Badri-Kedar Festival as celebrated in Joshimath, Uttarakhand. Celebration: Festivities marking the annual opening of both Badrinath and Kedarnath temple doors, with the doli (palanquin) procession departing Joshimath for Badrinath.. bright summer light; show real people, actual rituals, decorations and crowds with genuine festive energy; vibrant true-to-life colour, natural handheld motion, shallow depth of field. No on-screen text, subtitles, captions, logos or watermarks; no distorted or extra faces/limbs; documentary realism, not cartoonish or AI-looking.","on-screen text, subtitles, captions, watermarks, logos, brand names, distorted faces, extra limbs, cartoonish, CGI sheen, oversaturated, low quality",https://pub-d8970c901de34c218926ebf4be1ed09a.r2.dev/destinations/joshimath.jpg,https://www.nakshiq.com/en/festivals/badri-kedar-festival-joshimath
4c5c06fb-fad4-43ec-bee4-f9d27d784eb7,rudraprayag-kartik-purnima-mela,Rudraprayag Kartik Purnima Mela,Rudraprayag,uttarakhand,11,November,November (Kartik Purnima),obscure,no,db-description,"Fair at the Rudranath and Chamunda Devi temples at the confluence of Alaknanda and Mandakini rivers, with oil lamp floats on the river and Garhwali folk performances.","Cinematic documentary-style video, 16:9, 6–8 seconds, authentic real-footage look, of the Rudraprayag Kartik Purnima Mela as celebrated in Rudraprayag, Uttarakhand. Celebration: Fair at the Rudranath and Chamunda Devi temples at the confluence of Alaknanda and Mandakini rivers, with oil lamp floats on the river and Garhwali folk performances.. cool early-winter light; show real people, actual rituals, decorations and crowds with genuine festive energy; vibrant true-to-life colour, natural handheld motion, shallow depth of field. No on-screen text, subtitles, captions, logos or watermarks; no distorted or extra faces/limbs; documentary realism, not cartoonish or AI-looking.","on-screen text, subtitles, captions, watermarks, logos, brand names, distorted faces, extra limbs, cartoonish, CGI sheen, oversaturated, low quality",https://pub-d8970c901de34c218926ebf4be1ed09a.r2.dev/destinations/rudraprayag.jpg,https://www.nakshiq.com/en/festivals/rudraprayag-kartik-purnima-mela
6204e70d-5d18-4493-8b60-b0907bb24de3,morni-mango-blossom-festival,Morni Mango Blossom Festival,Morni Hills,haryana,3,March,March (varies),obscure,no,db-description,"Spring festival in Haryana's only hill station with nature walks through mango orchards, bird-watching at Tikkar Taal lake, and Haryanvi folk performances.","Cinematic documentary-style video, 16:9, 6–8 seconds, authentic real-footage look, of the Morni Mango Blossom Festival as celebrated in Morni Hills, Haryana. Celebration: Spring festival in Haryana's only hill station with nature walks through mango orchards, bird-watching at Tikkar Taal lake, and Haryanvi folk performances.. warm spring light; show real people, actual rituals, decorations and crowds with genuine festive energy; vibrant true-to-life colour, natural handheld motion, shallow depth of field. No on-screen text, subtitles, captions, logos or watermarks; no distorted or extra faces/limbs; documentary realism, not cartoonish or AI-looking.","on-screen text, subtitles, captions, watermarks, logos, brand names, distorted faces, extra limbs, cartoonish, CGI sheen, oversaturated, low quality",https://pub-d8970c901de34c218926ebf4be1ed09a.r2.dev/destinations/morni-hills.jpg,https://www.nakshiq.com/en/festivals/morni-mango-blossom-festival
4801156c-bdf2-412d-8cc1-d0bde3e7202a,pinjore-heritage-festival,Pinjore Heritage Festival,Pinjore Gardens,haryana,12,December,December (varies),obscure,no,db-description,"Festival at the 17th-century Mughal-style Yadavindra Gardens with light-and-sound shows, classical dance performances, and garden heritage walks.","Cinematic documentary-style video, 16:9, 6–8 seconds, authentic real-footage look, of the Pinjore Heritage Festival as celebrated in Pinjore Gardens, Haryana. Celebration: Festival at the 17th-century Mughal-style Yadavindra Gardens with light-and-sound shows, classical dance performances, and garden heritage walks.. cold winter light, long shadows; show real people, actual rituals, decorations and crowds with genuine festive energy; vibrant true-to-life colour, natural handheld motion, shallow depth of field. No on-screen text, subtitles, captions, logos or watermarks; no distorted or extra faces/limbs; documentary realism, not cartoonish or AI-looking.","on-screen text, subtitles, captions, watermarks, logos, brand names, distorted faces, extra limbs, cartoonish, CGI sheen, oversaturated, low quality",https://pub-d8970c901de34c218926ebf4be1ed09a.r2.dev/destinations/pinjore-gardens.jpg,https://www.nakshiq.com/en/festivals/pinjore-heritage-festival
3d26d374-6231-4254-b2f7-bb353e859e06,kanwar-yatra,Kanwar Yatra,Haridwar,uttarakhand,7,July,July–August (Shravan month),obscure,no,db-description,"Millions of Shiva devotees (Kanwariyas) carry holy Ganga water from Haridwar to their local Shiva temples, one of the largest annual pilgrimages in the world.","Cinematic documentary-style video, 16:9, 6–8 seconds, authentic real-footage look, of the Kanwar Yatra as celebrated in Haridwar, Uttarakhand. Celebration: Millions of Shiva devotees (Kanwariyas) carry holy Ganga water from Haridwar to their local Shiva temples, one of the largest annual pilgrimages in the world.. monsoon light, wet sheen; show real people, actual rituals, decorations and crowds with genuine festive energy; vibrant true-to-life colour, natural handheld motion, shallow depth of field. No on-screen text, subtitles, captions, logos or watermarks; no distorted or extra faces/limbs; documentary realism, not cartoonish or AI-looking.","on-screen text, subtitles, captions, watermarks, logos, brand names, distorted faces, extra limbs, cartoonish, CGI sheen, oversaturated, low quality",https://pub-d8970c901de34c218926ebf4be1ed09a.r2.dev/destinations/haridwar.jpg,https://www.nakshiq.com/en/festivals/kanwar-yatra
d67cb7ae-996c-44b1-9095-95d70168112c,malana-village-fair,Malana Village Fair,Kasol,himachal pradesh,8,August,August 15 (Independence Day),obscure,no,db-description,The ancient village of Malana — which claims to be the world's oldest democracy — holds its annual fair with rituals at the Jamlu Devta temple and village council assembly.,"Cinematic documentary-style video, 16:9, 6–8 seconds, authentic real-footage look, of the Malana Village Fair as celebrated in Kasol, Himachal Pradesh. Celebration: The ancient village of Malana — which claims to be the world's oldest democracy — holds its annual fair with rituals at the Jamlu Devta temple and village council assembly.. monsoon light, lush greens; show real people, actual rituals, decorations and crowds with genuine festive energy; vibrant true-to-life colour, natural handheld motion, shallow depth of field. No on-screen text, subtitles, captions, logos or watermarks; no distorted or extra faces/limbs; documentary realism, not cartoonish or AI-looking.","on-screen text, subtitles, captions, watermarks, logos, brand names, distorted faces, extra limbs, cartoonish, CGI sheen, oversaturated, low quality",https://pub-d8970c901de34c218926ebf4be1ed09a.r2.dev/destinations/kasol.jpg,https://www.nakshiq.com/en/festivals/malana-village-fair
c6faeb7b-12a5-4620-9468-097fcbfebfd3,dudhwa-tharu-cultural-festival,Dudhwa Tharu Cultural Festival,Dudhwa National Park,uttar pradesh,11,November,November (varies),obscure,no,db-description,"Festival showcasing the indigenous Tharu tribal culture with traditional dances, handloom exhibitions, and guided safaris to spot the endangered swamp deer (barasingha).","Cinematic documentary-style video, 16:9, 6–8 seconds, authentic real-footage look, of the Dudhwa Tharu Cultural Festival as celebrated in Dudhwa National Park, Uttar Pradesh. Celebration: Festival showcasing the indigenous Tharu tribal culture with traditional dances, handloom exhibitions, and guided safaris to spot the endangered swamp deer (barasingha).. cool early-winter light; show real people, actual rituals, decorations and crowds with genuine festive energy; vibrant true-to-life colour, natural handheld motion, shallow depth of field. No on-screen text, subtitles, captions, logos or watermarks; no distorted or extra faces/limbs; documentary realism, not cartoonish or AI-looking.","on-screen text, subtitles, captions, watermarks, logos, brand names, distorted faces, extra limbs, cartoonish, CGI sheen, oversaturated, low quality",https://pub-d8970c901de34c218926ebf4be1ed09a.r2.dev/destinations/dudhwa-national-park.jpg,https://www.nakshiq.com/en/festivals/dudhwa-tharu-cultural-festival
fe45662e-3b7c-41c5-9eb9-f9f2b88945b8,pithoragarh-hilljatra,Pithoragarh Hilljatra,Pithoragarh,uttarakhand,4,April,April (Baisakhi),obscure,no,db-description,"Kumaoni spring festival at Pithoragarh's Rai ground with masked dances, agricultural rituals, and a unique ritual ploughing ceremony symbolizing the farming season start.","Cinematic documentary-style video, 16:9, 6–8 seconds, authentic real-footage look, of the Pithoragarh Hilljatra festival as celebrated in Pithoragarh, Uttarakhand. Celebration: Kumaoni spring festival at Pithoragarh's Rai ground with masked dances, agricultural rituals, and a unique ritual ploughing ceremony symbolizing the farming season start.. warm pre-summer light; show real people, actual rituals, decorations and crowds with genuine festive energy; vibrant true-to-life colour, natural handheld motion, shallow depth of field. No on-screen text, subtitles, captions, logos or watermarks; no distorted or extra faces/limbs; documentary realism, not cartoonish or AI-looking.","on-screen text, subtitles, captions, watermarks, logos, brand names, distorted faces, extra limbs, cartoonish, CGI sheen, oversaturated, low quality",https://pub-d8970c901de34c218926ebf4be1ed09a.r2.dev/destinations/pithoragarh.jpg,https://www.nakshiq.com/en/festivals/pithoragarh-hilljatra
93e74eb6-66be-4180-9939-c236c1566c13,chaukori-tea-festival,Chaukori Tea Festival,Chaukori,uttarakhand,5,May,May (varies),obscure,no,db-description,"Festival at the Chaukori tea gardens — among India's highest at 2,010m — with tea-tasting sessions, plantation tours, and Kumaoni cultural performances against Panchachuli peaks.","Cinematic documentary-style video, 16:9, 6–8 seconds, authentic real-footage look, of the Chaukori Tea Festival as celebrated in Chaukori, Uttarakhand. Celebration: Festival at the Chaukori tea gardens — among India's highest at 2,010m — with tea-tasting sessions, plantation tours, and Kumaoni cultural performances against Panchachuli peaks.. bright summer light; show real people, actual rituals, decorations and crowds with genuine festive energy; vibrant true-to-life colour, natural handheld motion, shallow depth of field. No on-screen text, subtitles, captions, logos or watermarks; no distorted or extra faces/limbs; documentary realism, not cartoonish or AI-looking.","on-screen text, subtitles, captions, watermarks, logos, brand names, distorted faces, extra limbs, cartoonish, CGI sheen, oversaturated, low quality",https://pub-d8970c901de34c218926ebf4be1ed09a.r2.dev/destinations/chaukori.jpg,https://www.nakshiq.com/en/festivals/chaukori-tea-festival
795462c7-b557-48d7-8715-4b540eaffb6b,kanatal-surkanda-devi-mela,Kanatal Surkanda Devi Mela,Kanatal,uttarakhand,6,June,June (Ganga Dussehra),obscure,no,db-description,"Fair at Surkanda Devi Temple (3,030m) near Kanatal with devotees trekking 2 km to the summit temple, offering bells and red cloth to the goddess.","Cinematic documentary-style video, 16:9, 6–8 seconds, authentic real-footage look, of the Kanatal Surkanda Devi Mela as celebrated in Kanatal, Uttarakhand. Celebration: Fair at Surkanda Devi Temple (3,030m) near Kanatal with devotees trekking 2 km to the summit temple, offering bells and red cloth to the goddess.. early-monsoon overcast, fresh greens; show real people, actual rituals, decorations and crowds with genuine festive energy; vibrant true-to-life colour, natural handheld motion, shallow depth of field. No on-screen text, subtitles, captions, logos or watermarks; no distorted or extra faces/limbs; documentary realism, not cartoonish or AI-looking.","on-screen text, subtitles, captions, watermarks, logos, brand names, distorted faces, extra limbs, cartoonish, CGI sheen, oversaturated, low quality",https://pub-d8970c901de34c218926ebf4be1ed09a.r2.dev/destinations/kanatal.jpg,https://www.nakshiq.com/en/festivals/kanatal-surkanda-devi-mela
7a46a2ee-37e3-49c5-97d1-465da0861dd9,solan-shoolini-fair,Solan Shoolini Fair,Solan,himachal pradesh,6,June,"June (mid-June, 8 days)",obscure,no,db-description,"Eight-day fair honoring Goddess Shoolini — after whom Solan is named — with cultural programs, handicraft markets, and wrestling matches at the Thodo Ground.","Cinematic documentary-style video, 16:9, 6–8 seconds, authentic real-footage look, of the Solan Shoolini Fair as celebrated in Solan, Himachal Pradesh. Celebration: Eight-day fair honoring Goddess Shoolini — after whom Solan is named — with cultural programs, handicraft markets, and wrestling matches at the Thodo Ground.. early-monsoon overcast, fresh greens; show real people, actual rituals, decorations and crowds with genuine festive energy; vibrant true-to-life colour, natural handheld motion, shallow depth of field. No on-screen text, subtitles, captions, logos or watermarks; no distorted or extra faces/limbs; documentary realism, not cartoonish or AI-looking.","on-screen text, subtitles, captions, watermarks, logos, brand names, distorted faces, extra limbs, cartoonish, CGI sheen, oversaturated, low quality",https://pub-d8970c901de34c218926ebf4be1ed09a.r2.dev/destinations/solan.jpg,https://www.nakshiq.com/en/festivals/solan-shoolini-fair
d2de2186-79de-4cf1-be2f-b51f12fd4c09,chail-cricket-festival,Chail Cricket Festival,Chail,himachal pradesh,5,May,May (varies),obscure,no,db-description,"Cricket matches and cultural events at the Chail Cricket Ground — the world's highest cricket pitch at 2,444m, built in 1893 by Maharaja Bhupinder Singh of Patiala.","Cinematic documentary-style video, 16:9, 6–8 seconds, authentic real-footage look, of the Chail Cricket Festival as celebrated in Chail, Himachal Pradesh. Celebration: Cricket matches and cultural events at the Chail Cricket Ground — the world's highest cricket pitch at 2,444m, built in 1893 by Maharaja Bhupinder Singh of Patiala.. bright summer light; show real people, actual rituals, decorations and crowds with genuine festive energy; vibrant true-to-life colour, natural handheld motion, shallow depth of field. No on-screen text, subtitles, captions, logos or watermarks; no distorted or extra faces/limbs; documentary realism, not cartoonish or AI-looking.","on-screen text, subtitles, captions, watermarks, logos, brand names, distorted faces, extra limbs, cartoonish, CGI sheen, oversaturated, low quality",https://pub-d8970c901de34c218926ebf4be1ed09a.r2.dev/destinations/chail.jpg,https://www.nakshiq.com/en/festivals/chail-cricket-festival
90cabfea-02d4-40c0-b3c6-aacfe9a51248,kufri-winter-sports-festival,Kufri Winter Sports Festival,Kufri,himachal pradesh,1,January,January-February (varies),obscure,no,db-description,"Skiing, tobogganing, and ice-skating competitions at Kufri near Shimla, with yak rides and snow sculpture contests.","Cinematic documentary-style video, 16:9, 6–8 seconds, authentic real-footage look, of the Kufri Winter Sports Festival as celebrated in Kufri, Himachal Pradesh. Celebration: Skiing, tobogganing, and ice-skating competitions at Kufri near Shimla, with yak rides and snow sculpture contests.. crisp winter daylight; show real people, actual rituals, decorations and crowds with genuine festive energy; vibrant true-to-life colour, natural handheld motion, shallow depth of field. No on-screen text, subtitles, captions, logos or watermarks; no distorted or extra faces/limbs; documentary realism, not cartoonish or AI-looking.","on-screen text, subtitles, captions, watermarks, logos, brand names, distorted faces, extra limbs, cartoonish, CGI sheen, oversaturated, low quality",https://pub-d8970c901de34c218926ebf4be1ed09a.r2.dev/destinations/kufri.jpg,https://www.nakshiq.com/en/festivals/kufri-winter-sports-festival
8b8e61ae-35b4-4c50-ad38-a3dfadb9a5c1,nako-lake-festival,Nako Lake Festival,Nako,himachal pradesh,9,September,September (varies),obscure,no,db-description,"Festival at the sacred Nako Lake in Spiti with Buddhist prayer ceremonies at the 11th-century Nako Monastery, folk dances, and boating on the high-altitude lake.","Cinematic documentary-style video, 16:9, 6–8 seconds, authentic real-footage look, of the Nako Lake Festival as celebrated in Nako, Himachal Pradesh. Celebration: Festival at the sacred Nako Lake in Spiti with Buddhist prayer ceremonies at the 11th-century Nako Monastery, folk dances, and boating on the high-altitude lake.. clear post-monsoon light; show real people, actual rituals, decorations and crowds with genuine festive energy; vibrant true-to-life colour, natural handheld motion, shallow depth of field. No on-screen text, subtitles, captions, logos or watermarks; no distorted or extra faces/limbs; documentary realism, not cartoonish or AI-looking.","on-screen text, subtitles, captions, watermarks, logos, brand names, distorted faces, extra limbs, cartoonish, CGI sheen, oversaturated, low quality",https://pub-d8970c901de34c218926ebf4be1ed09a.r2.dev/destinations/nako.jpg,https://www.nakshiq.com/en/festivals/nako-lake-festival
430ef61e-ff45-4ae5-929f-0bb12b7d4a4b,champawat-nanda-devi-fair,Champawat Nanda Devi Fair,Champawat,uttarakhand,9,September,September (Bhadra Ashtami),obscure,no,db-description,Fair at the Baleshwar Temple complex and Nanda Devi Temple in Champawat — the ancient capital of the Chand dynasty — with Chholia war dance and folk processions.,"Cinematic documentary-style video, 16:9, 6–8 seconds, authentic real-footage look, of the Champawat Nanda Devi Fair as celebrated in Champawat, Uttarakhand. Celebration: Fair at the Baleshwar Temple complex and Nanda Devi Temple in Champawat — the ancient capital of the Chand dynasty — with Chholia war dance and folk processions.. clear post-monsoon light; show real people, actual rituals, decorations and crowds with genuine festive energy; vibrant true-to-life colour, natural handheld motion, shallow depth of field. No on-screen text, subtitles, captions, logos or watermarks; no distorted or extra faces/limbs; documentary realism, not cartoonish or AI-looking.","on-screen text, subtitles, captions, watermarks, logos, brand names, distorted faces, extra limbs, cartoonish, CGI sheen, oversaturated, low quality",https://pub-d8970c901de34c218926ebf4be1ed09a.r2.dev/destinations/champawat.jpg,https://www.nakshiq.com/en/festivals/champawat-nanda-devi-fair
65e1ea48-da32-41bc-a96e-616287e341cb,doodhpathri-meadow-festival,Doodhpathri Meadow Festival,Doodhpathri,jammu kashmir,6,June,June (varies),obscure,no,db-description,"Spring meadow celebration in the Valley of Milk with guided walks through wildflower carpets, Kashmiri folk music, and picnics along the Shaliganga stream.","Cinematic documentary-style video, 16:9, 6–8 seconds, authentic real-footage look, of the Doodhpathri Meadow Festival as celebrated in Doodhpathri, Jammu Kashmir. Celebration: Spring meadow celebration in the Valley of Milk with guided walks through wildflower carpets, Kashmiri folk music, and picnics along the Shaliganga stream.. early-monsoon overcast, fresh greens; show real people, actual rituals, decorations and crowds with genuine festive energy; vibrant true-to-life colour, natural handheld motion, shallow depth of field. No on-screen text, subtitles, captions, logos or watermarks; no distorted or extra faces/limbs; documentary realism, not cartoonish or AI-looking.","on-screen text, subtitles, captions, watermarks, logos, brand names, distorted faces, extra limbs, cartoonish, CGI sheen, oversaturated, low quality",https://pub-d8970c901de34c218926ebf4be1ed09a.r2.dev/destinations/doodhpathri.jpg,https://www.nakshiq.com/en/festivals/doodhpathri-meadow-festival
ad81db24-5bf6-45de-aba2-102e849348ba,guptkashi-vishwanath-temple-festival,Guptkashi Vishwanath Temple Festival,Guptkashi,uttarakhand,5,May,May (kapaat opening),obscure,no,db-description,"Celebrations at the ancient Vishwanath Temple when the Kedarnath pilgrimage season opens, with the deity's winter-seat rituals and devotional gatherings.","Cinematic documentary-style video, 16:9, 6–8 seconds, authentic real-footage look, of the Guptkashi Vishwanath Temple Festival as celebrated in Guptkashi, Uttarakhand. Celebration: Celebrations at the ancient Vishwanath Temple when the Kedarnath pilgrimage season opens, with the deity's winter-seat rituals and devotional gatherings.. bright summer light; show real people, actual rituals, decorations and crowds with genuine festive energy; vibrant true-to-life colour, natural handheld motion, shallow depth of field. No on-screen text, subtitles, captions, logos or watermarks; no distorted or extra faces/limbs; documentary realism, not cartoonish or AI-looking.","on-screen text, subtitles, captions, watermarks, logos, brand names, distorted faces, extra limbs, cartoonish, CGI sheen, oversaturated, low quality",https://pub-d8970c901de34c218926ebf4be1ed09a.r2.dev/destinations/guptkashi.jpg,https://www.nakshiq.com/en/festivals/guptkashi-vishwanath-temple-festival
be940991-410a-4a77-9c71-e41c890a71a4,kishtwar-saffron-festival,Kishtwar Saffron Festival,Kishtwar,jammu kashmir,10,October,October-November (harvest),obscure,no,db-description,"Festival celebrating Kishtwar's high-altitude saffron harvest with field tours, saffron-infused cuisine, and cultural performances of the Kishtwari folk tradition.","Cinematic documentary-style video, 16:9, 6–8 seconds, authentic real-footage look, of the Kishtwar Saffron Festival as celebrated in Kishtwar, Jammu Kashmir. Celebration: Festival celebrating Kishtwar's high-altitude saffron harvest with field tours, saffron-infused cuisine, and cultural performances of the Kishtwari folk tradition.. golden autumn light; show real people, actual rituals, decorations and crowds with genuine festive energy; vibrant true-to-life colour, natural handheld motion, shallow depth of field. No on-screen text, subtitles, captions, logos or watermarks; no distorted or extra faces/limbs; documentary realism, not cartoonish or AI-looking.","on-screen text, subtitles, captions, watermarks, logos, brand names, distorted faces, extra limbs, cartoonish, CGI sheen, oversaturated, low quality",https://pub-d8970c901de34c218926ebf4be1ed09a.r2.dev/destinations/kishtwar.jpg,https://www.nakshiq.com/en/festivals/kishtwar-saffron-festival
55deda2e-1e55-4e4f-8db3-379225d4f648,manikaran-guru-nanak-birthday,Manikaran Guru Nanak Birthday,Manikaran,himachal pradesh,11,November,November (Kartik Purnima),obscure,no,db-description,"Grand celebrations at Manikaran Sahib Gurudwara where food is cooked in natural hot springs, with special kirtan and langar serving thousands of pilgrims.","Cinematic documentary-style video, 16:9, 6–8 seconds, authentic real-footage look, of the Manikaran Guru Nanak Birthday festival as celebrated in Manikaran, Himachal Pradesh. Celebration: Grand celebrations at Manikaran Sahib Gurudwara where food is cooked in natural hot springs, with special kirtan and langar serving thousands of pilgrims.. cool early-winter light; show real people, actual rituals, decorations and crowds with genuine festive energy; vibrant true-to-life colour, natural handheld motion, shallow depth of field. No on-screen text, subtitles, captions, logos or watermarks; no distorted or extra faces/limbs; documentary realism, not cartoonish or AI-looking.","on-screen text, subtitles, captions, watermarks, logos, brand names, distorted faces, extra limbs, cartoonish, CGI sheen, oversaturated, low quality",https://pub-d8970c901de34c218926ebf4be1ed09a.r2.dev/destinations/manikaran.jpg,https://www.nakshiq.com/en/festivals/manikaran-guru-nanak-birthday
8dcc2423-8612-410e-9bc4-6b497aa6a4db,sinthan-top-snow-festival,Sinthan Top Snow Festival,Sinthan Top,jammu kashmir,1,January,January (varies),obscure,no,db-description,"Winter celebration at the 3,800m pass connecting Kashmir and Kishtwar with snow trekking, photography contests, and hot kahwa (Kashmiri green tea) stalls.","Cinematic documentary-style video, 16:9, 6–8 seconds, authentic real-footage look, of the Sinthan Top Snow Festival as celebrated in Sinthan Top, Jammu Kashmir. Celebration: Winter celebration at the 3,800m pass connecting Kashmir and Kishtwar with snow trekking, photography contests, and hot kahwa (Kashmiri green tea) stalls.. crisp winter daylight; show real people, actual rituals, decorations and crowds with genuine festive energy; vibrant true-to-life colour, natural handheld motion, shallow depth of field. No on-screen text, subtitles, captions, logos or watermarks; no distorted or extra faces/limbs; documentary realism, not cartoonish or AI-looking.","on-screen text, subtitles, captions, watermarks, logos, brand names, distorted faces, extra limbs, cartoonish, CGI sheen, oversaturated, low quality",https://pub-d8970c901de34c218926ebf4be1ed09a.r2.dev/destinations/sinthan-top.jpg,https://www.nakshiq.com/en/festivals/sinthan-top-snow-festival
ed1ecbca-380a-4ca7-a9c3-d54e715991f3,tosamaidan-wildflower-season,Tosamaidan Wildflower Season,Tosamaidan,jammu kashmir,5,May,May-June,obscure,no,db-description,"Opening of the Tosamaidan meadow — once an army firing range, now a reclaimed paradise — with wildflower walks, camping, and Gujjar pastoral culture displays.","Cinematic documentary-style video, 16:9, 6–8 seconds, authentic real-footage look, of the Tosamaidan Wildflower Season festival as celebrated in Tosamaidan, Jammu Kashmir. Celebration: Opening of the Tosamaidan meadow — once an army firing range, now a reclaimed paradise — with wildflower walks, camping, and Gujjar pastoral culture displays.. bright summer light; show real people, actual rituals, decorations and crowds with genuine festive energy; vibrant true-to-life colour, natural handheld motion, shallow depth of field. No on-screen text, subtitles, captions, logos or watermarks; no distorted or extra faces/limbs; documentary realism, not cartoonish or AI-looking.","on-screen text, subtitles, captions, watermarks, logos, brand names, distorted faces, extra limbs, cartoonish, CGI sheen, oversaturated, low quality",https://pub-d8970c901de34c218926ebf4be1ed09a.r2.dev/destinations/tosamaidan.jpg,https://www.nakshiq.com/en/festivals/tosamaidan-wildflower-season
2c209804-c230-4b95-a632-bd4448921e9c,yusmarg-shepherd-festival,Yusmarg Shepherd Festival,Yusmarg,jammu kashmir,7,July,July (varies),obscure,no,db-description,"Gujjar and Bakerwal shepherd festival in the Meadow of Jesus with traditional milk product competitions, horse races, and nomadic culture showcases.","Cinematic documentary-style video, 16:9, 6–8 seconds, authentic real-footage look, of the Yusmarg Shepherd Festival as celebrated in Yusmarg, Jammu Kashmir. Celebration: Gujjar and Bakerwal shepherd festival in the Meadow of Jesus with traditional milk product competitions, horse races, and nomadic culture showcases.. monsoon light, wet sheen; show real people, actual rituals, decorations and crowds with genuine festive energy; vibrant true-to-life colour, natural handheld motion, shallow depth of field. No on-screen text, subtitles, captions, logos or watermarks; no distorted or extra faces/limbs; documentary realism, not cartoonish or AI-looking.","on-screen text, subtitles, captions, watermarks, logos, brand names, distorted faces, extra limbs, cartoonish, CGI sheen, oversaturated, low quality",https://pub-d8970c901de34c218926ebf4be1ed09a.r2.dev/destinations/yusmarg.jpg,https://www.nakshiq.com/en/festivals/yusmarg-shepherd-festival
a9dca7b0-fd62-449a-9338-183fe2f9334d,badrinath-temple-opening-kapaat-kholna,Badrinath Temple Opening (Kapaat Kholna),Badrinath,uttarakhand,5,May,Early May,obscure,no,db-description,"The sacred temple doors open for the season after winter closure, marked by elaborate Vedic rituals and the arrival of the deity's idol from Joshimath.","Cinematic documentary-style video, 16:9, 6–8 seconds, authentic real-footage look, of the Badrinath Temple Opening (Kapaat Kholna) festival as celebrated in Badrinath, Uttarakhand. Celebration: The sacred temple doors open for the season after winter closure, marked by elaborate Vedic rituals and the arrival of the deity's idol from Joshimath.. bright summer light; show real people, actual rituals, decorations and crowds with genuine festive energy; vibrant true-to-life colour, natural handheld motion, shallow depth of field. No on-screen text, subtitles, captions, logos or watermarks; no distorted or extra faces/limbs; documentary realism, not cartoonish or AI-looking.","on-screen text, subtitles, captions, watermarks, logos, brand names, distorted faces, extra limbs, cartoonish, CGI sheen, oversaturated, low quality",https://pub-d8970c901de34c218926ebf4be1ed09a.r2.dev/destinations/badrinath.jpg,https://www.nakshiq.com/en/festivals/badrinath-temple-opening-kapaat-kholna
db7203f7-1522-469d-9093-72b10b20bb5e,badri-kedar-festival-badrinath,Badri-Kedar Festival,Badrinath,uttarakhand,6,June,Mid June,obscure,no,db-description,"A cultural festival celebrating the twin shrines of Badrinath and Kedarnath through classical dance, music, and devotional performances.","Cinematic documentary-style video, 16:9, 6–8 seconds, authentic real-footage look, of the Badri-Kedar Festival as celebrated in Badrinath, Uttarakhand. Celebration: A cultural festival celebrating the twin shrines of Badrinath and Kedarnath through classical dance, music, and devotional performances.. early-monsoon overcast, fresh greens; show real people, actual rituals, decorations and crowds with genuine festive energy; vibrant true-to-life colour, natural handheld motion, shallow depth of field. No on-screen text, subtitles, captions, logos or watermarks; no distorted or extra faces/limbs; documentary realism, not cartoonish or AI-looking.","on-screen text, subtitles, captions, watermarks, logos, brand names, distorted faces, extra limbs, cartoonish, CGI sheen, oversaturated, low quality",https://pub-d8970c901de34c218926ebf4be1ed09a.r2.dev/destinations/badrinath.jpg,https://www.nakshiq.com/en/festivals/badri-kedar-festival-badrinath
1481e32e-9429-4e5f-85a3-580e732050e3,mata-murti-ka-mela,Mata Murti Ka Mela,Badrinath,uttarakhand,9,September,September,obscure,no,db-description,"Annual fair honouring Mata Murti, mother of Nar and Narayan, held on the banks of the Alaknanda River with rituals and local festivities.","Cinematic documentary-style video, 16:9, 6–8 seconds, authentic real-footage look, of the Mata Murti Ka Mela as celebrated in Badrinath, Uttarakhand. Celebration: Annual fair honouring Mata Murti, mother of Nar and Narayan, held on the banks of the Alaknanda River with rituals and local festivities.. clear post-monsoon light; show real people, actual rituals, decorations and crowds with genuine festive energy; vibrant true-to-life colour, natural handheld motion, shallow depth of field. No on-screen text, subtitles, captions, logos or watermarks; no distorted or extra faces/limbs; documentary realism, not cartoonish or AI-looking.","on-screen text, subtitles, captions, watermarks, logos, brand names, distorted faces, extra limbs, cartoonish, CGI sheen, oversaturated, low quality",https://pub-d8970c901de34c218926ebf4be1ed09a.r2.dev/destinations/badrinath.jpg,https://www.nakshiq.com/en/festivals/mata-murti-ka-mela
8ffef92f-69c6-4075-9373-fb135be526a4,ganga-dussehra,Ganga Dussehra,Haridwar,uttarakhand,6,June,June (Jyeshtha Shukla Dashami),obscure,no,db-description,"Celebrates the descent of the Ganges to Earth. Thousands gather at Har Ki Pauri for ritual bathing, lamp floating, and evening aarti.","Cinematic documentary-style video, 16:9, 6–8 seconds, authentic real-footage look, of the Ganga Dussehra as celebrated in Haridwar, Uttarakhand. Celebration: Celebrates the descent of the Ganges to Earth. Thousands gather at Har Ki Pauri for ritual bathing, lamp floating, and evening aarti.. early-monsoon overcast, fresh greens; show real people, actual rituals, decorations and crowds with genuine festive energy; vibrant true-to-life colour, natural handheld motion, shallow depth of field. No on-screen text, subtitles, captions, logos or watermarks; no distorted or extra faces/limbs; documentary realism, not cartoonish or AI-looking.","on-screen text, subtitles, captions, watermarks, logos, brand names, distorted faces, extra limbs, cartoonish, CGI sheen, oversaturated, low quality",https://pub-d8970c901de34c218926ebf4be1ed09a.r2.dev/destinations/haridwar.jpg,https://www.nakshiq.com/en/festivals/ganga-dussehra
774cac3d-a792-44e6-b081-fe209c5b03d3,wildlife-week,Wildlife Week,Tadoba-Andhari Tiger Reserve,maharashtra,10,October,First week of October,obscure,no,db-description,"Nature walks, film screenings, photography exhibitions, and educational safaris for children at Tadoba.","Cinematic documentary-style video, 16:9, 6–8 seconds, authentic real-footage look, of the Wildlife Week festival as celebrated in Tadoba-Andhari Tiger Reserve, Maharashtra. Celebration: Nature walks, film screenings, photography exhibitions, and educational safaris for children at Tadoba.. golden autumn light; show real people, actual rituals, decorations and crowds with genuine festive energy; vibrant true-to-life colour, natural handheld motion, shallow depth of field. No on-screen text, subtitles, captions, logos or watermarks; no distorted or extra faces/limbs; documentary realism, not cartoonish or AI-looking.","on-screen text, subtitles, captions, watermarks, logos, brand names, distorted faces, extra limbs, cartoonish, CGI sheen, oversaturated, low quality",https://pub-d8970c901de34c218926ebf4be1ed09a.r2.dev/destinations/tadoba.jpg,https://www.nakshiq.com/en/festivals/wildlife-week
21385797-86ea-41ff-aa23-3c073742c54f,ganga-aarti-at-har-ki-pauri-kumbh-legacy,Ganga Aarti at Har Ki Pauri (Kumbh legacy),Haridwar,uttarakhand,1,January,Year-round (Maha Kumbh every 12 years),kumbh-snan,yes,db-description,The spectacular daily Ganga Aarti at Har Ki Pauri draws massive crowds; during Kumbh Mela years the gathering swells to tens of millions.,"Cinematic documentary-style video, 16:9, 6–8 seconds, authentic real-footage look, of the Ganga Aarti at Har Ki Pauri (Kumbh legacy) festival as celebrated in Haridwar, Uttarakhand. Celebration: The spectacular daily Ganga Aarti at Har Ki Pauri draws massive crowds; during Kumbh Mela years the gathering swells to tens of millions.. Key visuals: vast sea of pilgrims and ash-smeared sadhus bathing at the river confluence at dawn, marigold offerings, saffron flags, mass devotion. crisp winter daylight; show real people, actual rituals, decorations and crowds with genuine festive energy; vibrant true-to-life colour, natural handheld motion, shallow depth of field. No on-screen text, subtitles, captions, logos or watermarks; no distorted or extra faces/limbs; documentary realism, not cartoonish or AI-looking.","on-screen text, subtitles, captions, watermarks, logos, brand names, distorted faces, extra limbs, cartoonish, CGI sheen, oversaturated, low quality",https://pub-d8970c901de34c218926ebf4be1ed09a.r2.dev/destinations/haridwar.jpg,https://www.nakshiq.com/en/festivals/ganga-aarti-at-har-ki-pauri-kumbh-legacy
87c9ffb5-5598-442b-a4af-3792bb006c9b,gangotri-temple-opening-akshaya-tritiya,Gangotri Temple Opening (Akshaya Tritiya),Gangotri,uttarakhand,5,May,Early May (Akshaya Tritiya),obscure,no,db-description,"The temple doors open for the pilgrimage season on Akshaya Tritiya with chanting, pujas, and the return of the sacred idol from Mukhba village.","Cinematic documentary-style video, 16:9, 6–8 seconds, authentic real-footage look, of the Gangotri Temple Opening (Akshaya Tritiya) festival as celebrated in Gangotri, Uttarakhand. Celebration: The temple doors open for the pilgrimage season on Akshaya Tritiya with chanting, pujas, and the return of the sacred idol from Mukhba village.. bright summer light; show real people, actual rituals, decorations and crowds with genuine festive energy; vibrant true-to-life colour, natural handheld motion, shallow depth of field. No on-screen text, subtitles, captions, logos or watermarks; no distorted or extra faces/limbs; documentary realism, not cartoonish or AI-looking.","on-screen text, subtitles, captions, watermarks, logos, brand names, distorted faces, extra limbs, cartoonish, CGI sheen, oversaturated, low quality",https://pub-d8970c901de34c218926ebf4be1ed09a.r2.dev/destinations/gangotri.jpg,https://www.nakshiq.com/en/festivals/gangotri-temple-opening-akshaya-tritiya
7526224f-6215-481c-ae8f-f7a4253a7ddb,gangotri-diwali-temple-closing,Gangotri Diwali (Temple Closing),Gangotri,uttarakhand,10,October,Late October / early November (Diwali),diwali,yes,db-description,The temple closes for winter on Diwali day with grand celebrations; the deity is carried in a palanquin procession to Mukhba for the winter.,"Cinematic documentary-style video, 16:9, 6–8 seconds, authentic real-footage look, of the Gangotri Diwali (Temple Closing) festival as celebrated in Gangotri, Uttarakhand. Celebration: The temple closes for winter on Diwali day with grand celebrations; the deity is carried in a palanquin procession to Mukhba for the winter.. Key visuals: rows of lit clay oil-diyas and lantern light, colourful rangoli, families lighting lamps, fireworks over rooftops at night. golden autumn light; show real people, actual rituals, decorations and crowds with genuine festive energy; vibrant true-to-life colour, natural handheld motion, shallow depth of field. No on-screen text, subtitles, captions, logos or watermarks; no distorted or extra faces/limbs; documentary realism, not cartoonish or AI-looking.","on-screen text, subtitles, captions, watermarks, logos, brand names, distorted faces, extra limbs, cartoonish, CGI sheen, oversaturated, low quality",https://pub-d8970c901de34c218926ebf4be1ed09a.r2.dev/destinations/gangotri.jpg,https://www.nakshiq.com/en/festivals/gangotri-diwali-temple-closing
b3728a3a-a4db-49cf-b51a-ab796b518060,darjeeling-tea-tourism-festival,Darjeeling Tea & Tourism Festival,Darjeeling,west bengal,11,November,Late November – early December,obscure,no,db-description,"Week-long festival showcasing Darjeeling's world-famous tea culture, local cuisine, music, and adventure tourism with tea garden visits.","Cinematic documentary-style video, 16:9, 6–8 seconds, authentic real-footage look, of the Darjeeling Tea & Tourism Festival as celebrated in Darjeeling, West Bengal. Celebration: Week-long festival showcasing Darjeeling's world-famous tea culture, local cuisine, music, and adventure tourism with tea garden visits.. cool early-winter light; show real people, actual rituals, decorations and crowds with genuine festive energy; vibrant true-to-life colour, natural handheld motion, shallow depth of field. No on-screen text, subtitles, captions, logos or watermarks; no distorted or extra faces/limbs; documentary realism, not cartoonish or AI-looking.","on-screen text, subtitles, captions, watermarks, logos, brand names, distorted faces, extra limbs, cartoonish, CGI sheen, oversaturated, low quality",https://pub-d8970c901de34c218926ebf4be1ed09a.r2.dev/destinations/darjeeling.jpg,https://www.nakshiq.com/en/festivals/darjeeling-tea-tourism-festival
8f3f709a-22fa-4bf5-b087-fde4a8475552,tihar-deepawali,Tihar (Deepawali),Darjeeling,west bengal,10,October,October–November,diwali,yes,db-description,"The Nepali version of Diwali celebrated over 5 days with Kukur Tihar (dog worship), Gai Tihar (cow worship), and Bhai Tika.","Cinematic documentary-style video, 16:9, 6–8 seconds, authentic real-footage look, of the Tihar (Deepawali) festival as celebrated in Darjeeling, West Bengal. Celebration: The Nepali version of Diwali celebrated over 5 days with Kukur Tihar (dog worship), Gai Tihar (cow worship), and Bhai Tika.. Key visuals: rows of lit clay oil-diyas and lantern light, colourful rangoli, families lighting lamps, fireworks over rooftops at night. golden autumn light; show real people, actual rituals, decorations and crowds with genuine festive energy; vibrant true-to-life colour, natural handheld motion, shallow depth of field. No on-screen text, subtitles, captions, logos or watermarks; no distorted or extra faces/limbs; documentary realism, not cartoonish or AI-looking.","on-screen text, subtitles, captions, watermarks, logos, brand names, distorted faces, extra limbs, cartoonish, CGI sheen, oversaturated, low quality",https://pub-d8970c901de34c218926ebf4be1ed09a.r2.dev/destinations/darjeeling.jpg,https://www.nakshiq.com/en/festivals/tihar-deepawali
096a574e-1951-4299-9115-34cd891106ff,losar-tibetan-new-year-darjeeling,Losar (Tibetan New Year),Darjeeling,west bengal,2,February,February–March,monastery-cham,yes,db-description,"Tibetan Buddhist New Year celebrated with monastery prayers, traditional dances, feasting, and the hanging of new prayer flags.","Cinematic documentary-style video, 16:9, 6–8 seconds, authentic real-footage look, of the Losar (Tibetan New Year) festival as celebrated in Darjeeling, West Bengal. Celebration: Tibetan Buddhist New Year celebrated with monastery prayers, traditional dances, feasting, and the hanging of new prayer flags.. Key visuals: masked Buddhist monks in brocade robes performing the whirling Cham dance in a monastery courtyard, long dungchen horns, drums, prayer flags, seated crowds. clear late-winter light; show real people, actual rituals, decorations and crowds with genuine festive energy; vibrant true-to-life colour, natural handheld motion, shallow depth of field. No on-screen text, subtitles, captions, logos or watermarks; no distorted or extra faces/limbs; documentary realism, not cartoonish or AI-looking.","on-screen text, subtitles, captions, watermarks, logos, brand names, distorted faces, extra limbs, cartoonish, CGI sheen, oversaturated, low quality",https://pub-d8970c901de34c218926ebf4be1ed09a.r2.dev/destinations/darjeeling.jpg,https://www.nakshiq.com/en/festivals/losar-tibetan-new-year-darjeeling
ec9f190f-199e-430f-bdac-09be1f083531,pang-lhabsol-gangtok,Pang Lhabsol,Gangtok,sikkim,8,August,August (15th day of 7th Tibetan month),obscure,no,db-description,A grand festival unique to Sikkim celebrating the guardian deity Kanchenjunga with the spectacular Warrior Dance performed by monks in elaborate costumes.,"Cinematic documentary-style video, 16:9, 6–8 seconds, authentic real-footage look, of the Pang Lhabsol festival as celebrated in Gangtok, Sikkim. Celebration: A grand festival unique to Sikkim celebrating the guardian deity Kanchenjunga with the spectacular Warrior Dance performed by monks in elaborate costumes.. monsoon light, lush greens; show real people, actual rituals, decorations and crowds with genuine festive energy; vibrant true-to-life colour, natural handheld motion, shallow depth of field. No on-screen text, subtitles, captions, logos or watermarks; no distorted or extra faces/limbs; documentary realism, not cartoonish or AI-looking.","on-screen text, subtitles, captions, watermarks, logos, brand names, distorted faces, extra limbs, cartoonish, CGI sheen, oversaturated, low quality",https://pub-d8970c901de34c218926ebf4be1ed09a.r2.dev/destinations/gangtok.jpg,https://www.nakshiq.com/en/festivals/pang-lhabsol-gangtok
bc2ed0e7-f9fe-4480-809f-4ba2cbda3d07,losar-tibetansikkimese-new-year,Losar (Tibetan/Sikkimese New Year),Gangtok,sikkim,2,February,February–March,monastery-cham,yes,db-description,"The Tibetan New Year is celebrated across Gangtok with monastery rituals, Cham dances, traditional food, and community gatherings.","Cinematic documentary-style video, 16:9, 6–8 seconds, authentic real-footage look, of the Losar (Tibetan/Sikkimese New Year) festival as celebrated in Gangtok, Sikkim. Celebration: The Tibetan New Year is celebrated across Gangtok with monastery rituals, Cham dances, traditional food, and community gatherings.. Key visuals: masked Buddhist monks in brocade robes performing the whirling Cham dance in a monastery courtyard, long dungchen horns, drums, prayer flags, seated crowds. clear late-winter light; show real people, actual rituals, decorations and crowds with genuine festive energy; vibrant true-to-life colour, natural handheld motion, shallow depth of field. No on-screen text, subtitles, captions, logos or watermarks; no distorted or extra faces/limbs; documentary realism, not cartoonish or AI-looking.","on-screen text, subtitles, captions, watermarks, logos, brand names, distorted faces, extra limbs, cartoonish, CGI sheen, oversaturated, low quality",https://pub-d8970c901de34c218926ebf4be1ed09a.r2.dev/destinations/gangtok.jpg,https://www.nakshiq.com/en/festivals/losar-tibetansikkimese-new-year
e516e222-b98a-40c3-89bf-e4766650a420,saga-dawa-gangtok,Saga Dawa,Gangtok,sikkim,6,June,May–June (full moon of 4th Tibetan month),monastery-cham,yes,db-description,"The holiest Buddhist festival marking Buddha's birth, enlightenment, and parinirvana. Devotees circumambulate monasteries and release caged birds.","Cinematic documentary-style video, 16:9, 6–8 seconds, authentic real-footage look, of the Saga Dawa festival as celebrated in Gangtok, Sikkim. Celebration: The holiest Buddhist festival marking Buddha's birth, enlightenment, and parinirvana. Devotees circumambulate monasteries and release caged birds.. Key visuals: masked Buddhist monks in brocade robes performing the whirling Cham dance in a monastery courtyard, long dungchen horns, drums, prayer flags, seated crowds. early-monsoon overcast, fresh greens; show real people, actual rituals, decorations and crowds with genuine festive energy; vibrant true-to-life colour, natural handheld motion, shallow depth of field. No on-screen text, subtitles, captions, logos or watermarks; no distorted or extra faces/limbs; documentary realism, not cartoonish or AI-looking.","on-screen text, subtitles, captions, watermarks, logos, brand names, distorted faces, extra limbs, cartoonish, CGI sheen, oversaturated, low quality",https://pub-d8970c901de34c218926ebf4be1ed09a.r2.dev/destinations/gangtok.jpg,https://www.nakshiq.com/en/festivals/saga-dawa-gangtok
88d3c054-c854-4c17-802c-4c4d55f49003,khajuraho-dance-festival,Khajuraho Dance Festival,Khajuraho,madhya pradesh,2,February,Late February (one week),obscure,no,db-description,"India's premier classical dance festival held against the backdrop of illuminated medieval temples, featuring Bharatanatyam, Kathak, Odissi, and more.","Cinematic documentary-style video, 16:9, 6–8 seconds, authentic real-footage look, of the Khajuraho Dance Festival as celebrated in Khajuraho, Madhya Pradesh. Celebration: India's premier classical dance festival held against the backdrop of illuminated medieval temples, featuring Bharatanatyam, Kathak, Odissi, and more.. clear late-winter light; show real people, actual rituals, decorations and crowds with genuine festive energy; vibrant true-to-life colour, natural handheld motion, shallow depth of field. No on-screen text, subtitles, captions, logos or watermarks; no distorted or extra faces/limbs; documentary realism, not cartoonish or AI-looking.","on-screen text, subtitles, captions, watermarks, logos, brand names, distorted faces, extra limbs, cartoonish, CGI sheen, oversaturated, low quality",https://pub-d8970c901de34c218926ebf4be1ed09a.r2.dev/destinations/khajuraho.jpg,https://www.nakshiq.com/en/festivals/khajuraho-dance-festival
c352c66c-5586-4cb1-a105-a3c4145c3021,maha-shivaratri-at-kandariya-mahadeva,Maha Shivaratri at Kandariya Mahadeva,Khajuraho,madhya pradesh,3,March,February–March,shivaratri,yes,db-description,"Grand worship at the Kandariya Mahadeva Temple, the largest in the Khajuraho complex, with night-long vigils and Shiva abhishekam.","Cinematic documentary-style video, 16:9, 6–8 seconds, authentic real-footage look, of the Maha Shivaratri at Kandariya Mahadeva festival as celebrated in Khajuraho, Madhya Pradesh. Celebration: Grand worship at the Kandariya Mahadeva Temple, the largest in the Khajuraho complex, with night-long vigils and Shiva abhishekam.. Key visuals: night-long temple vigil — oil lamps and aarti flames before a Shiva shrine, bel leaves and milk offerings, chanting crowds, processions. warm spring light; show real people, actual rituals, decorations and crowds with genuine festive energy; vibrant true-to-life colour, natural handheld motion, shallow depth of field. No on-screen text, subtitles, captions, logos or watermarks; no distorted or extra faces/limbs; documentary realism, not cartoonish or AI-looking.","on-screen text, subtitles, captions, watermarks, logos, brand names, distorted faces, extra limbs, cartoonish, CGI sheen, oversaturated, low quality",https://pub-d8970c901de34c218926ebf4be1ed09a.r2.dev/destinations/khajuraho.jpg,https://www.nakshiq.com/en/festivals/maha-shivaratri-at-kandariya-mahadeva
d501bce0-471d-4e7f-8a85-b8a60ab7a6f0,ram-raja-temple-festival-ram-navami,Ram Raja Temple Festival (Ram Navami),Orchha,madhya pradesh,4,April,March–April (Chaitra Shukla Navami),obscure,no,db-description,Grand celebration at the only temple in India where Lord Rama is worshipped as a king with a guard of honour and gun salute.,"Cinematic documentary-style video, 16:9, 6–8 seconds, authentic real-footage look, of the Ram Raja Temple Festival (Ram Navami) as celebrated in Orchha, Madhya Pradesh. Celebration: Grand celebration at the only temple in India where Lord Rama is worshipped as a king with a guard of honour and gun salute.. warm pre-summer light; show real people, actual rituals, decorations and crowds with genuine festive energy; vibrant true-to-life colour, natural handheld motion, shallow depth of field. No on-screen text, subtitles, captions, logos or watermarks; no distorted or extra faces/limbs; documentary realism, not cartoonish or AI-looking.","on-screen text, subtitles, captions, watermarks, logos, brand names, distorted faces, extra limbs, cartoonish, CGI sheen, oversaturated, low quality",https://pub-d8970c901de34c218926ebf4be1ed09a.r2.dev/destinations/orchha.jpg,https://www.nakshiq.com/en/festivals/ram-raja-temple-festival-ram-navami
bf38251c-9d5b-4dc3-8a05-2fea94c53372,orchha-festival,Orchha Festival,Orchha,madhya pradesh,3,March,March,obscure,no,db-description,"Annual cultural festival featuring classical music, folk dance, light-and-sound shows at the historic palaces and cenotaphs.","Cinematic documentary-style video, 16:9, 6–8 seconds, authentic real-footage look, of the Orchha Festival as celebrated in Orchha, Madhya Pradesh. Celebration: Annual cultural festival featuring classical music, folk dance, light-and-sound shows at the historic palaces and cenotaphs.. warm spring light; show real people, actual rituals, decorations and crowds with genuine festive energy; vibrant true-to-life colour, natural handheld motion, shallow depth of field. No on-screen text, subtitles, captions, logos or watermarks; no distorted or extra faces/limbs; documentary realism, not cartoonish or AI-looking.","on-screen text, subtitles, captions, watermarks, logos, brand names, distorted faces, extra limbs, cartoonish, CGI sheen, oversaturated, low quality",https://pub-d8970c901de34c218926ebf4be1ed09a.r2.dev/destinations/orchha.jpg,https://www.nakshiq.com/en/festivals/orchha-festival
d76decc6-3c6b-4372-9ee3-e21ce1caf95b,torgya-festival,Torgya Festival,Tawang,arunachal pradesh,1,January,Late January (29th day of 11th Tibetan month),obscure,no,db-description,Three-day festival at Tawang Monastery featuring masked Cham dances performed by monks to drive away evil spirits and bring prosperity.,"Cinematic documentary-style video, 16:9, 6–8 seconds, authentic real-footage look, of the Torgya Festival as celebrated in Tawang, Arunachal Pradesh. Celebration: Three-day festival at Tawang Monastery featuring masked Cham dances performed by monks to drive away evil spirits and bring prosperity.. crisp winter daylight; show real people, actual rituals, decorations and crowds with genuine festive energy; vibrant true-to-life colour, natural handheld motion, shallow depth of field. No on-screen text, subtitles, captions, logos or watermarks; no distorted or extra faces/limbs; documentary realism, not cartoonish or AI-looking.","on-screen text, subtitles, captions, watermarks, logos, brand names, distorted faces, extra limbs, cartoonish, CGI sheen, oversaturated, low quality",https://pub-d8970c901de34c218926ebf4be1ed09a.r2.dev/destinations/tawang.jpg,https://www.nakshiq.com/en/festivals/torgya-festival
d6aec9b1-ba7b-4ce4-a58a-301a68db0306,losar-monpa-new-year,Losar (Monpa New Year),Tawang,arunachal pradesh,2,February,February–March,monastery-cham,yes,db-description,"The Monpa tribe celebrates their New Year with traditional dances, yak-butter sculptures, archery contests, and community feasts at the monastery.","Cinematic documentary-style video, 16:9, 6–8 seconds, authentic real-footage look, of the Losar (Monpa New Year) festival as celebrated in Tawang, Arunachal Pradesh. Celebration: The Monpa tribe celebrates their New Year with traditional dances, yak-butter sculptures, archery contests, and community feasts at the monastery.. Key visuals: masked Buddhist monks in brocade robes performing the whirling Cham dance in a monastery courtyard, long dungchen horns, drums, prayer flags, seated crowds. clear late-winter light; show real people, actual rituals, decorations and crowds with genuine festive energy; vibrant true-to-life colour, natural handheld motion, shallow depth of field. No on-screen text, subtitles, captions, logos or watermarks; no distorted or extra faces/limbs; documentary realism, not cartoonish or AI-looking.","on-screen text, subtitles, captions, watermarks, logos, brand names, distorted faces, extra limbs, cartoonish, CGI sheen, oversaturated, low quality",https://pub-d8970c901de34c218926ebf4be1ed09a.r2.dev/destinations/tawang.jpg,https://www.nakshiq.com/en/festivals/losar-monpa-new-year
1d9fc9ba-203d-4692-8ecc-5267faddeb35,pang-lhabsol-pelling,Pang Lhabsol,Pelling,sikkim,8,August,August (15th day of 7th Tibetan month),obscure,no,db-description,Celebrated at Pemayangtse Monastery near Pelling with sacred warrior dances honouring Mount Kanchenjunga as the guardian deity of Sikkim.,"Cinematic documentary-style video, 16:9, 6–8 seconds, authentic real-footage look, of the Pang Lhabsol festival as celebrated in Pelling, Sikkim. Celebration: Celebrated at Pemayangtse Monastery near Pelling with sacred warrior dances honouring Mount Kanchenjunga as the guardian deity of Sikkim.. monsoon light, lush greens; show real people, actual rituals, decorations and crowds with genuine festive energy; vibrant true-to-life colour, natural handheld motion, shallow depth of field. No on-screen text, subtitles, captions, logos or watermarks; no distorted or extra faces/limbs; documentary realism, not cartoonish or AI-looking.","on-screen text, subtitles, captions, watermarks, logos, brand names, distorted faces, extra limbs, cartoonish, CGI sheen, oversaturated, low quality",https://pub-d8970c901de34c218926ebf4be1ed09a.r2.dev/destinations/pelling.jpg,https://www.nakshiq.com/en/festivals/pang-lhabsol-pelling
75b61796-0ee6-4d2f-b866-011045cb1e10,saga-dawa-pelling,Saga Dawa,Pelling,sikkim,6,June,May–June (full moon),monastery-cham,yes,db-description,"Buddhist faithful from the region gather at Pemayangtse Monastery for prayers, butter lamp offerings, and circumambulation on this sacred day.","Cinematic documentary-style video, 16:9, 6–8 seconds, authentic real-footage look, of the Saga Dawa festival as celebrated in Pelling, Sikkim. Celebration: Buddhist faithful from the region gather at Pemayangtse Monastery for prayers, butter lamp offerings, and circumambulation on this sacred day.. Key visuals: masked Buddhist monks in brocade robes performing the whirling Cham dance in a monastery courtyard, long dungchen horns, drums, prayer flags, seated crowds. early-monsoon overcast, fresh greens; show real people, actual rituals, decorations and crowds with genuine festive energy; vibrant true-to-life colour, natural handheld motion, shallow depth of field. No on-screen text, subtitles, captions, logos or watermarks; no distorted or extra faces/limbs; documentary realism, not cartoonish or AI-looking.","on-screen text, subtitles, captions, watermarks, logos, brand names, distorted faces, extra limbs, cartoonish, CGI sheen, oversaturated, low quality",https://pub-d8970c901de34c218926ebf4be1ed09a.r2.dev/destinations/pelling.jpg,https://www.nakshiq.com/en/festivals/saga-dawa-pelling
8a1b6e4a-4c8a-41a3-b475-1ddc27eeaee7,kullu-dussehra-kullu,Kullu Dussehra,Kullu,himachal pradesh,10,October,"October (starts on Vijayadashami, runs 7 days)",dussehra-kullu,no,db-description,The internationally famous 7-day Dussehra festival where 200+ local deities are carried in processions to the Dhalpur Maidan to pay homage to Lord Raghunath.,"Cinematic documentary-style video, 16:9, 6–8 seconds, authentic real-footage look, of the Kullu Dussehra as celebrated in Kullu, Himachal Pradesh. Celebration: The internationally famous 7-day Dussehra festival where 200+ local deities are carried in processions to the Dhalpur Maidan to pay homage to Lord Raghunath.. Key visuals: hundreds of village deity palanquins converging on the maidan, drummers and horn players, the rath of Raghunath. golden autumn light; show real people, actual rituals, decorations and crowds with genuine festive energy; vibrant true-to-life colour, natural handheld motion, shallow depth of field. No on-screen text, subtitles, captions, logos or watermarks; no distorted or extra faces/limbs; documentary realism, not cartoonish or AI-looking.","on-screen text, subtitles, captions, watermarks, logos, brand names, distorted faces, extra limbs, cartoonish, CGI sheen, oversaturated, low quality",https://pub-d8970c901de34c218926ebf4be1ed09a.r2.dev/destinations/kullu.jpg,https://www.nakshiq.com/en/festivals/kullu-dussehra-kullu
5d4720ed-41b3-4b53-9c2f-81f1cea1c9f6,kullu-winter-carnival,Kullu Winter Carnival,Kullu,himachal pradesh,1,January,January,obscure,no,db-description,"A vibrant winter festival with folk music, traditional Nati dance, handicraft exhibitions, and adventure sports in the snow-clad valley.","Cinematic documentary-style video, 16:9, 6–8 seconds, authentic real-footage look, of the Kullu Winter Carnival as celebrated in Kullu, Himachal Pradesh. Celebration: A vibrant winter festival with folk music, traditional Nati dance, handicraft exhibitions, and adventure sports in the snow-clad valley.. crisp winter daylight; show real people, actual rituals, decorations and crowds with genuine festive energy; vibrant true-to-life colour, natural handheld motion, shallow depth of field. No on-screen text, subtitles, captions, logos or watermarks; no distorted or extra faces/limbs; documentary realism, not cartoonish or AI-looking.","on-screen text, subtitles, captions, watermarks, logos, brand names, distorted faces, extra limbs, cartoonish, CGI sheen, oversaturated, low quality",https://pub-d8970c901de34c218926ebf4be1ed09a.r2.dev/destinations/kullu.jpg,https://www.nakshiq.com/en/festivals/kullu-winter-carnival
75ef3802-7016-4995-b19a-4c0e2d0d1f3d,buddha-purnima-vesak,Buddha Purnima (Vesak),Sarnath,uttar pradesh,5,May,May (full moon of Vaishakha),obscure,no,db-description,"Commemorates Buddha's birth, enlightenment, and parinirvana at the very site where he gave his first sermon. Monks from across the world gather for prayers and meditation.","Cinematic documentary-style video, 16:9, 6–8 seconds, authentic real-footage look, of the Buddha Purnima (Vesak) as celebrated in Sarnath, Uttar Pradesh. Celebration: Commemorates Buddha's birth, enlightenment, and parinirvana at the very site where he gave his first sermon. Monks from across the world gather for prayers and meditation.. bright summer light; show real people, actual rituals, decorations and crowds with genuine festive energy; vibrant true-to-life colour, natural handheld motion, shallow depth of field. No on-screen text, subtitles, captions, logos or watermarks; no distorted or extra faces/limbs; documentary realism, not cartoonish or AI-looking.","on-screen text, subtitles, captions, watermarks, logos, brand names, distorted faces, extra limbs, cartoonish, CGI sheen, oversaturated, low quality",https://pub-d8970c901de34c218926ebf4be1ed09a.r2.dev/destinations/sarnath.jpg,https://www.nakshiq.com/en/festivals/buddha-purnima-vesak
5e099cca-a01b-48b1-80df-702988483a6a,sarnath-light-sound-show-season,Sarnath Light & Sound Show Season,Sarnath,uttar pradesh,11,November,November–February,obscure,no,db-description,"The archaeological site hosts a light-and-sound show narrating the story of Buddha's first sermon, drawing large audiences during the tourist season.","Cinematic documentary-style video, 16:9, 6–8 seconds, authentic real-footage look, of the Sarnath Light & Sound Show Season festival as celebrated in Sarnath, Uttar Pradesh. Celebration: The archaeological site hosts a light-and-sound show narrating the story of Buddha's first sermon, drawing large audiences during the tourist season.. cool early-winter light; show real people, actual rituals, decorations and crowds with genuine festive energy; vibrant true-to-life colour, natural handheld motion, shallow depth of field. No on-screen text, subtitles, captions, logos or watermarks; no distorted or extra faces/limbs; documentary realism, not cartoonish or AI-looking.","on-screen text, subtitles, captions, watermarks, logos, brand names, distorted faces, extra limbs, cartoonish, CGI sheen, oversaturated, low quality",https://pub-d8970c901de34c218926ebf4be1ed09a.r2.dev/destinations/sarnath.jpg,https://www.nakshiq.com/en/festivals/sarnath-light-sound-show-season
17a0f623-2397-45fd-b2d6-69d8e1d1b55d,urs-of-sheikh-salim-chishti,Urs of Sheikh Salim Chishti,Fatehpur Sikri,uttar pradesh,9,September,September–October (1st–6th Rabi-ul-Awwal),islamic,no,db-description,"Annual Sufi death anniversary at the dargah of Salim Chishti with qawwali sessions, prayers, and thousands of pilgrims seeking blessings.","Cinematic documentary-style video, 16:9, 6–8 seconds, authentic real-footage look, of the Urs of Sheikh Salim Chishti festival as celebrated in Fatehpur Sikri, Uttar Pradesh. Celebration: Annual Sufi death anniversary at the dargah of Salim Chishti with qawwali sessions, prayers, and thousands of pilgrims seeking blessings.. Key visuals: crowds gathered for prayer and feasting at a mosque or dargah courtyard, qawwali, festive markets and lights (no close-ups of worship). clear post-monsoon light; show real people, actual rituals, decorations and crowds with genuine festive energy; vibrant true-to-life colour, natural handheld motion, shallow depth of field. No on-screen text, subtitles, captions, logos or watermarks; no distorted or extra faces/limbs; documentary realism, not cartoonish or AI-looking.","on-screen text, subtitles, captions, watermarks, logos, brand names, distorted faces, extra limbs, cartoonish, CGI sheen, oversaturated, low quality",https://pub-d8970c901de34c218926ebf4be1ed09a.r2.dev/destinations/fatehpur-sikri.jpg,https://www.nakshiq.com/en/festivals/urs-of-sheikh-salim-chishti
9dc1a1d4-5fa9-43c5-b9fc-da6abdf0326d,eid-ul-fitr-at-buland-darwaza,Eid ul-Fitr at Buland Darwaza,Fatehpur Sikri,uttar pradesh,4,April,April–May (varies),islamic,no,db-description,"Special congregational prayers at the Jama Masjid near the Buland Darwaza, followed by community feasting and celebrations.","Cinematic documentary-style video, 16:9, 6–8 seconds, authentic real-footage look, of the Eid ul-Fitr at Buland Darwaza as celebrated in Fatehpur Sikri, Uttar Pradesh. Celebration: Special congregational prayers at the Jama Masjid near the Buland Darwaza, followed by community feasting and celebrations.. Key visuals: crowds gathered for prayer and feasting at a mosque or dargah courtyard, qawwali, festive markets and lights (no close-ups of worship). warm pre-summer light; show real people, actual rituals, decorations and crowds with genuine festive energy; vibrant true-to-life colour, natural handheld motion, shallow depth of field. No on-screen text, subtitles, captions, logos or watermarks; no distorted or extra faces/limbs; documentary realism, not cartoonish or AI-looking.","on-screen text, subtitles, captions, watermarks, logos, brand names, distorted faces, extra limbs, cartoonish, CGI sheen, oversaturated, low quality",https://pub-d8970c901de34c218926ebf4be1ed09a.r2.dev/destinations/fatehpur-sikri.jpg,https://www.nakshiq.com/en/festivals/eid-ul-fitr-at-buland-darwaza
d824d794-ada9-43cc-bfc7-8755216929d4,nanda-devi-mela,Nanda Devi Mela,Ranikhet,uttarakhand,9,September,September,obscure,no,db-description,"A vibrant fair dedicated to Goddess Nanda Devi with colourful processions, folk music, and traditional Kumaoni dance.","Cinematic documentary-style video, 16:9, 6–8 seconds, authentic real-footage look, of the Nanda Devi Mela as celebrated in Ranikhet, Uttarakhand. Celebration: A vibrant fair dedicated to Goddess Nanda Devi with colourful processions, folk music, and traditional Kumaoni dance.. clear post-monsoon light; show real people, actual rituals, decorations and crowds with genuine festive energy; vibrant true-to-life colour, natural handheld motion, shallow depth of field. No on-screen text, subtitles, captions, logos or watermarks; no distorted or extra faces/limbs; documentary realism, not cartoonish or AI-looking.","on-screen text, subtitles, captions, watermarks, logos, brand names, distorted faces, extra limbs, cartoonish, CGI sheen, oversaturated, low quality",https://pub-d8970c901de34c218926ebf4be1ed09a.r2.dev/destinations/ranikhet.jpg,https://www.nakshiq.com/en/festivals/nanda-devi-mela
dd9fcc46-ab61-4f92-b97d-711cd840fe2f,uttarayani-mela,Uttarayani Mela,Ranikhet,uttarakhand,1,January,January 14 (Makar Sankranti),harvest-sankranti,no,db-description,"Harvest festival celebrated with local fairs, traditional food, folk songs, and community bonfire gatherings.","Cinematic documentary-style video, 16:9, 6–8 seconds, authentic real-footage look, of the Uttarayani Mela as celebrated in Ranikhet, Uttarakhand. Celebration: Harvest festival celebrated with local fairs, traditional food, folk songs, and community bonfire gatherings.. Key visuals: kite-filled skies and bonfires, harvest dances, boiling pongal pots, decorated cattle, fresh-cut fields. crisp winter daylight; show real people, actual rituals, decorations and crowds with genuine festive energy; vibrant true-to-life colour, natural handheld motion, shallow depth of field. No on-screen text, subtitles, captions, logos or watermarks; no distorted or extra faces/limbs; documentary realism, not cartoonish or AI-looking.","on-screen text, subtitles, captions, watermarks, logos, brand names, distorted faces, extra limbs, cartoonish, CGI sheen, oversaturated, low quality",https://pub-d8970c901de34c218926ebf4be1ed09a.r2.dev/destinations/ranikhet.jpg,https://www.nakshiq.com/en/festivals/uttarayani-mela
25ff3d52-00c2-4fae-bb1a-b053a03454c9,magh-mela-uttarkashi,Magh Mela,Uttarkashi,uttarakhand,1,January,January (Makar Sankranti to Basant Panchami),kumbh-snan,yes,db-description,"A week-long fair on the banks of the Bhagirathi with ritual bathing, folk performances, and a vibrant local market — one of Uttarkashi's biggest gatherings.","Cinematic documentary-style video, 16:9, 6–8 seconds, authentic real-footage look, of the Magh Mela as celebrated in Uttarkashi, Uttarakhand. Celebration: A week-long fair on the banks of the Bhagirathi with ritual bathing, folk performances, and a vibrant local market — one of Uttarkashi's biggest gatherings.. Key visuals: vast sea of pilgrims and ash-smeared sadhus bathing at the river confluence at dawn, marigold offerings, saffron flags, mass devotion. crisp winter daylight; show real people, actual rituals, decorations and crowds with genuine festive energy; vibrant true-to-life colour, natural handheld motion, shallow depth of field. No on-screen text, subtitles, captions, logos or watermarks; no distorted or extra faces/limbs; documentary realism, not cartoonish or AI-looking.","on-screen text, subtitles, captions, watermarks, logos, brand names, distorted faces, extra limbs, cartoonish, CGI sheen, oversaturated, low quality",https://pub-d8970c901de34c218926ebf4be1ed09a.r2.dev/destinations/uttarkashi.jpg,https://www.nakshiq.com/en/festivals/magh-mela-uttarkashi
3e096f6d-6b2d-426e-a33e-7fc0be4522a7,uttarkashi-mahadev-temple-festival-maha-shivaratri,Uttarkashi Mahadev Temple Festival (Maha Shivaratri),Uttarkashi,uttarakhand,3,March,February–March,shivaratri,yes,db-description,"Grand Shivaratri celebrations at the ancient Vishwanath Temple with night-long vigils, abhishekam, and devotional singing.","Cinematic documentary-style video, 16:9, 6–8 seconds, authentic real-footage look, of the Uttarkashi Mahadev Temple Festival (Maha Shivaratri) as celebrated in Uttarkashi, Uttarakhand. Celebration: Grand Shivaratri celebrations at the ancient Vishwanath Temple with night-long vigils, abhishekam, and devotional singing.. Key visuals: night-long temple vigil — oil lamps and aarti flames before a Shiva shrine, bel leaves and milk offerings, chanting crowds, processions. warm spring light; show real people, actual rituals, decorations and crowds with genuine festive energy; vibrant true-to-life colour, natural handheld motion, shallow depth of field. No on-screen text, subtitles, captions, logos or watermarks; no distorted or extra faces/limbs; documentary realism, not cartoonish or AI-looking.","on-screen text, subtitles, captions, watermarks, logos, brand names, distorted faces, extra limbs, cartoonish, CGI sheen, oversaturated, low quality",https://pub-d8970c901de34c218926ebf4be1ed09a.r2.dev/destinations/uttarkashi.jpg,https://www.nakshiq.com/en/festivals/uttarkashi-mahadev-temple-festival-maha-shivaratri
08d05798-b15f-4385-8813-c76db28702d4,sauji-fair,Sauji Fair,Palampur,himachal pradesh,3,March,March–April (Chaitra Navratri),obscure,no,db-description,"A major regional fair at the Bundla Devi Temple with folk dances, local handicraft stalls, and Gaddi tribal celebrations.","Cinematic documentary-style video, 16:9, 6–8 seconds, authentic real-footage look, of the Sauji Fair as celebrated in Palampur, Himachal Pradesh. Celebration: A major regional fair at the Bundla Devi Temple with folk dances, local handicraft stalls, and Gaddi tribal celebrations.. warm spring light; show real people, actual rituals, decorations and crowds with genuine festive energy; vibrant true-to-life colour, natural handheld motion, shallow depth of field. No on-screen text, subtitles, captions, logos or watermarks; no distorted or extra faces/limbs; documentary realism, not cartoonish or AI-looking.","on-screen text, subtitles, captions, watermarks, logos, brand names, distorted faces, extra limbs, cartoonish, CGI sheen, oversaturated, low quality",https://pub-d8970c901de34c218926ebf4be1ed09a.r2.dev/destinations/palampur.jpg,https://www.nakshiq.com/en/festivals/sauji-fair
121ab303-5244-4eed-a53d-29c23b0303fd,tea-festival-kangra-tea,Tea Festival (Kangra Tea),Palampur,himachal pradesh,4,April,April,obscure,no,db-description,"Celebrates the first flush of Kangra tea with tastings at local gardens, cultural programmes, and exhibitions on tea heritage.","Cinematic documentary-style video, 16:9, 6–8 seconds, authentic real-footage look, of the Tea Festival (Kangra Tea) as celebrated in Palampur, Himachal Pradesh. Celebration: Celebrates the first flush of Kangra tea with tastings at local gardens, cultural programmes, and exhibitions on tea heritage.. warm pre-summer light; show real people, actual rituals, decorations and crowds with genuine festive energy; vibrant true-to-life colour, natural handheld motion, shallow depth of field. No on-screen text, subtitles, captions, logos or watermarks; no distorted or extra faces/limbs; documentary realism, not cartoonish or AI-looking.","on-screen text, subtitles, captions, watermarks, logos, brand names, distorted faces, extra limbs, cartoonish, CGI sheen, oversaturated, low quality",https://pub-d8970c901de34c218926ebf4be1ed09a.r2.dev/destinations/palampur.jpg,https://www.nakshiq.com/en/festivals/tea-festival-kangra-tea
7e2381f8-aeba-4191-a370-4c805313fc2d,tungnath-temple-opening-tungnath,Tungnath Temple Opening,Tungnath,uttarakhand,5,May,May (Akshaya Tritiya),obscure,no,db-description,The world's highest Shiva temple opens after winter with ritثals and the return of the deity's idol from Makkumath village.,"Cinematic documentary-style video, 16:9, 6–8 seconds, authentic real-footage look, of the Tungnath Temple Opening festival as celebrated in Tungnath, Uttarakhand. Celebration: The world's highest Shiva temple opens after winter with ritثals and the return of the deity's idol from Makkumath village.. bright summer light; show real people, actual rituals, decorations and crowds with genuine festive energy; vibrant true-to-life colour, natural handheld motion, shallow depth of field. No on-screen text, subtitles, captions, logos or watermarks; no distorted or extra faces/limbs; documentary realism, not cartoonish or AI-looking.","on-screen text, subtitles, captions, watermarks, logos, brand names, distorted faces, extra limbs, cartoonish, CGI sheen, oversaturated, low quality",https://pub-d8970c901de34c218926ebf4be1ed09a.r2.dev/destinations/tungnath.jpg,https://www.nakshiq.com/en/festivals/tungnath-temple-opening-tungnath
16f98aaa-2690-4519-ba10-e7f66ff5a74a,maha-shivaratri-at-tungnath,Maha Shivaratri at Tungnath,Tungnath,uttarakhand,3,March,February–March,shivaratri,yes,db-description,"Devotees make the high-altitude trek to worship at the ancient shrine on Shivaratri, one of the Panch Kedar temples.","Cinematic documentary-style video, 16:9, 6–8 seconds, authentic real-footage look, of the Maha Shivaratri at Tungnath festival as celebrated in Tungnath, Uttarakhand. Celebration: Devotees make the high-altitude trek to worship at the ancient shrine on Shivaratri, one of the Panch Kedar temples.. Key visuals: night-long temple vigil — oil lamps and aarti flames before a Shiva shrine, bel leaves and milk offerings, chanting crowds, processions. warm spring light; show real people, actual rituals, decorations and crowds with genuine festive energy; vibrant true-to-life colour, natural handheld motion, shallow depth of field. No on-screen text, subtitles, captions, logos or watermarks; no distorted or extra faces/limbs; documentary realism, not cartoonish or AI-looking.","on-screen text, subtitles, captions, watermarks, logos, brand names, distorted faces, extra limbs, cartoonish, CGI sheen, oversaturated, low quality",https://pub-d8970c901de34c218926ebf4be1ed09a.r2.dev/destinations/tungnath.jpg,https://www.nakshiq.com/en/festivals/maha-shivaratri-at-tungnath
8032ca41-1463-426e-b883-b35f9ca73e5c,nanda-devi-raj-jat-yatra-roopkund,Nanda Devi Raj Jat Yatra,Roopkund,uttarakhand,8,August,August–September (once every 12 years; annual shorter version),obscure,no,db-description,An epic Himalayan pilgrimage passing through Roopkund where a four-horned ram leads the procession carrying Goddess Nanda Devi's symbolic journey to her husband's home.,"Cinematic documentary-style video, 16:9, 6–8 seconds, authentic real-footage look, of the Nanda Devi Raj Jat Yatra as celebrated in Roopkund, Uttarakhand. Celebration: An epic Himalayan pilgrimage passing through Roopkund where a four-horned ram leads the procession carrying Goddess Nanda Devi's symbolic journey to her husband's home.. monsoon light, lush greens; show real people, actual rituals, decorations and crowds with genuine festive energy; vibrant true-to-life colour, natural handheld motion, shallow depth of field. No on-screen text, subtitles, captions, logos or watermarks; no distorted or extra faces/limbs; documentary realism, not cartoonish or AI-looking.","on-screen text, subtitles, captions, watermarks, logos, brand names, distorted faces, extra limbs, cartoonish, CGI sheen, oversaturated, low quality",https://pub-d8970c901de34c218926ebf4be1ed09a.r2.dev/destinations/roopkund.jpg,https://www.nakshiq.com/en/festivals/nanda-devi-raj-jat-yatra-roopkund
b300cd92-b73c-426a-943f-1b4597739196,nanda-ashtami-trek-gathering,Nanda Ashtami Trek Gathering,Roopkund,uttarakhand,9,September,September,obscure,no,db-description,Trekkers and pilgrims gather at Bedni Bugyal (en route to Roopkund) for Nanda Ashtami prayers at the high-altitude meadow shrine.,"Cinematic documentary-style video, 16:9, 6–8 seconds, authentic real-footage look, of the Nanda Ashtami Trek Gathering festival as celebrated in Roopkund, Uttarakhand. Celebration: Trekkers and pilgrims gather at Bedni Bugyal (en route to Roopkund) for Nanda Ashtami prayers at the high-altitude meadow shrine.. clear post-monsoon light; show real people, actual rituals, decorations and crowds with genuine festive energy; vibrant true-to-life colour, natural handheld motion, shallow depth of field. No on-screen text, subtitles, captions, logos or watermarks; no distorted or extra faces/limbs; documentary realism, not cartoonish or AI-looking.","on-screen text, subtitles, captions, watermarks, logos, brand names, distorted faces, extra limbs, cartoonish, CGI sheen, oversaturated, low quality",https://pub-d8970c901de34c218926ebf4be1ed09a.r2.dev/destinations/roopkund.jpg,https://www.nakshiq.com/en/festivals/nanda-ashtami-trek-gathering
732e5a99-61e1-4f91-8276-65f56e0018a0,yamunotri-temple-opening-akshaya-tritiya,Yamunotri Temple Opening (Akshaya Tritiya),Yamunotri,uttarakhand,5,May,Early May (Akshaya Tritiya),obscure,no,db-description,The temple doors open for the Char Dham season with rituals at the hot springs and the sacred Divya Shila; pilgrims cook rice in the thermal water as prasad.,"Cinematic documentary-style video, 16:9, 6–8 seconds, authentic real-footage look, of the Yamunotri Temple Opening (Akshaya Tritiya) festival as celebrated in Yamunotri, Uttarakhand. Celebration: The temple doors open for the Char Dham season with rituals at the hot springs and the sacred Divya Shila; pilgrims cook rice in the thermal water as prasad.. bright summer light; show real people, actual rituals, decorations and crowds with genuine festive energy; vibrant true-to-life colour, natural handheld motion, shallow depth of field. No on-screen text, subtitles, captions, logos or watermarks; no distorted or extra faces/limbs; documentary realism, not cartoonish or AI-looking.","on-screen text, subtitles, captions, watermarks, logos, brand names, distorted faces, extra limbs, cartoonish, CGI sheen, oversaturated, low quality",https://pub-d8970c901de34c218926ebf4be1ed09a.r2.dev/destinations/yamunotri.jpg,https://www.nakshiq.com/en/festivals/yamunotri-temple-opening-akshaya-tritiya
94d28ae3-97a2-4ecd-bcd2-83d56704bf55,yamuna-chhath,Yamuna Chhath,Yamunotri,uttarakhand,4,April,April (Chaitra Shukla Shashthi),chhath,no,db-description,"Devoted worship of the river Yamuna on her sacred day with offerings, aarti, and ritual bathing at the source.","Cinematic documentary-style video, 16:9, 6–8 seconds, authentic real-footage look, of the Yamuna Chhath festival as celebrated in Yamunotri, Uttarakhand. Celebration: Devoted worship of the river Yamuna on her sacred day with offerings, aarti, and ritual bathing at the source.. Key visuals: devotees standing waist-deep in the river at sunrise offering to the sun, bamboo soop baskets of fruit, earthen lamps on the ghats. warm pre-summer light; show real people, actual rituals, decorations and crowds with genuine festive energy; vibrant true-to-life colour, natural handheld motion, shallow depth of field. No on-screen text, subtitles, captions, logos or watermarks; no distorted or extra faces/limbs; documentary realism, not cartoonish or AI-looking.","on-screen text, subtitles, captions, watermarks, logos, brand names, distorted faces, extra limbs, cartoonish, CGI sheen, oversaturated, low quality",https://pub-d8970c901de34c218926ebf4be1ed09a.r2.dev/destinations/yamunotri.jpg,https://www.nakshiq.com/en/festivals/yamuna-chhath
d62b40f2-92d5-41bb-a39d-8a720d7bfc67,bissu-mela-jaunsar-bawar-new-year,Bissu Mela (Jaunsar-Bawar New Year),Chakrata,uttarakhand,4,April,April 14,obscure,no,db-description,"The Jaunsar-Bawar tribal New Year celebration with traditional Harul dance, animal sacrifice rituals, and community feasting — a unique Uttarakhand festival.","Cinematic documentary-style video, 16:9, 6–8 seconds, authentic real-footage look, of the Bissu Mela (Jaunsar-Bawar New Year) as celebrated in Chakrata, Uttarakhand. Celebration: The Jaunsar-Bawar tribal New Year celebration with traditional Harul dance, animal sacrifice rituals, and community feasting — a unique Uttarakhand festival.. warm pre-summer light; show real people, actual rituals, decorations and crowds with genuine festive energy; vibrant true-to-life colour, natural handheld motion, shallow depth of field. No on-screen text, subtitles, captions, logos or watermarks; no distorted or extra faces/limbs; documentary realism, not cartoonish or AI-looking.","on-screen text, subtitles, captions, watermarks, logos, brand names, distorted faces, extra limbs, cartoonish, CGI sheen, oversaturated, low quality",https://pub-d8970c901de34c218926ebf4be1ed09a.r2.dev/destinations/chakrata.jpg,https://www.nakshiq.com/en/festivals/bissu-mela-jaunsar-bawar-new-year
9651cf39-4d9d-4bdd-9dea-1abb5e979141,magh-mela-jaunsar,Magh Mela (Jaunsar),Chakrata,uttarakhand,1,January,January (Makar Sankranti),kumbh-snan,yes,db-description,"Local winter harvest fair with bonfires, folk songs, and traditional Jaunsar food celebrations in the hill villages around Chakrata.","Cinematic documentary-style video, 16:9, 6–8 seconds, authentic real-footage look, of the Magh Mela (Jaunsar) as celebrated in Chakrata, Uttarakhand. Celebration: Local winter harvest fair with bonfires, folk songs, and traditional Jaunsar food celebrations in the hill villages around Chakrata.. Key visuals: vast sea of pilgrims and ash-smeared sadhus bathing at the river confluence at dawn, marigold offerings, saffron flags, mass devotion. crisp winter daylight; show real people, actual rituals, decorations and crowds with genuine festive energy; vibrant true-to-life colour, natural handheld motion, shallow depth of field. No on-screen text, subtitles, captions, logos or watermarks; no distorted or extra faces/limbs; documentary realism, not cartoonish or AI-looking.","on-screen text, subtitles, captions, watermarks, logos, brand names, distorted faces, extra limbs, cartoonish, CGI sheen, oversaturated, low quality",https://pub-d8970c901de34c218926ebf4be1ed09a.r2.dev/destinations/chakrata.jpg,https://www.nakshiq.com/en/festivals/magh-mela-jaunsar
4b2f62cf-0c18-4b3b-a922-11e140a1addb,jageshwar-monsoon-mela,Jageshwar Monsoon Mela,Almora,uttarakhand,7,July,July-August (Shravan),obscure,no,db-description,"Month-long fair at the 9th-century Jageshwar Dham temple complex of 124 Shiva temples in a deodar forest, with special Shravan Monday worship.","Cinematic documentary-style video, 16:9, 6–8 seconds, authentic real-footage look, of the Jageshwar Monsoon Mela as celebrated in Almora, Uttarakhand. Celebration: Month-long fair at the 9th-century Jageshwar Dham temple complex of 124 Shiva temples in a deodar forest, with special Shravan Monday worship.. monsoon light, wet sheen; show real people, actual rituals, decorations and crowds with genuine festive energy; vibrant true-to-life colour, natural handheld motion, shallow depth of field. No on-screen text, subtitles, captions, logos or watermarks; no distorted or extra faces/limbs; documentary realism, not cartoonish or AI-looking.","on-screen text, subtitles, captions, watermarks, logos, brand names, distorted faces, extra limbs, cartoonish, CGI sheen, oversaturated, low quality",https://pub-d8970c901de34c218926ebf4be1ed09a.r2.dev/destinations/almora.jpg,https://www.nakshiq.com/en/festivals/jageshwar-monsoon-mela
97042cd5-9c34-4a70-9708-8f97298c68f4,mussoorie-winterline-carnival,Mussoorie Winterline Carnival,Mussoorie,uttarakhand,12,December,December (varies),obscure,no,db-description,"Festival celebrating the rare Winterline phenomenon visible from Mussoorie where the horizon glows at sunset, with heritage walks, food festivals, and literary readings.","Cinematic documentary-style video, 16:9, 6–8 seconds, authentic real-footage look, of the Mussoorie Winterline Carnival as celebrated in Mussoorie, Uttarakhand. Celebration: Festival celebrating the rare Winterline phenomenon visible from Mussoorie where the horizon glows at sunset, with heritage walks, food festivals, and literary readings.. cold winter light, long shadows; show real people, actual rituals, decorations and crowds with genuine festive energy; vibrant true-to-life colour, natural handheld motion, shallow depth of field. No on-screen text, subtitles, captions, logos or watermarks; no distorted or extra faces/limbs; documentary realism, not cartoonish or AI-looking.","on-screen text, subtitles, captions, watermarks, logos, brand names, distorted faces, extra limbs, cartoonish, CGI sheen, oversaturated, low quality",https://pub-d8970c901de34c218926ebf4be1ed09a.r2.dev/destinations/mussoorie.jpg,https://www.nakshiq.com/en/festivals/mussoorie-winterline-carnival
fc7a152d-b2a1-4047-ad15-679d75e1fc92,nainital-autumn-festival,Nainital Autumn Festival,Nainital,uttarakhand,10,October,October-November (varies),obscure,no,db-description,"Week-long cultural extravaganza at Nainital's Flats ground with boat races on Naini Lake, flower shows, music performances, and heritage walks.","Cinematic documentary-style video, 16:9, 6–8 seconds, authentic real-footage look, of the Nainital Autumn Festival as celebrated in Nainital, Uttarakhand. Celebration: Week-long cultural extravaganza at Nainital's Flats ground with boat races on Naini Lake, flower shows, music performances, and heritage walks.. golden autumn light; show real people, actual rituals, decorations and crowds with genuine festive energy; vibrant true-to-life colour, natural handheld motion, shallow depth of field. No on-screen text, subtitles, captions, logos or watermarks; no distorted or extra faces/limbs; documentary realism, not cartoonish or AI-looking.","on-screen text, subtitles, captions, watermarks, logos, brand names, distorted faces, extra limbs, cartoonish, CGI sheen, oversaturated, low quality",https://pub-d8970c901de34c218926ebf4be1ed09a.r2.dev/destinations/nainital.jpg,https://www.nakshiq.com/en/festivals/nainital-autumn-festival
f7c5b85f-7d90-4ae0-ba18-9cecefb82b2f,nanda-devi-mahotsav,Nanda Devi Mahotsav,Nainital,uttarakhand,9,September,September (Bhadra Ashtami),obscure,no,db-description,"Grand procession carrying the idol of Nanda Devi through Nainital's Mall Road with folk music, Chholia dance, and decorated floats.","Cinematic documentary-style video, 16:9, 6–8 seconds, authentic real-footage look, of the Nanda Devi Mahotsav as celebrated in Nainital, Uttarakhand. Celebration: Grand procession carrying the idol of Nanda Devi through Nainital's Mall Road with folk music, Chholia dance, and decorated floats.. clear post-monsoon light; show real people, actual rituals, decorations and crowds with genuine festive energy; vibrant true-to-life colour, natural handheld motion, shallow depth of field. No on-screen text, subtitles, captions, logos or watermarks; no distorted or extra faces/limbs; documentary realism, not cartoonish or AI-looking.","on-screen text, subtitles, captions, watermarks, logos, brand names, distorted faces, extra limbs, cartoonish, CGI sheen, oversaturated, low quality",https://pub-d8970c901de34c218926ebf4be1ed09a.r2.dev/destinations/nainital.jpg,https://www.nakshiq.com/en/festivals/nanda-devi-mahotsav
545c00d4-8681-4b3b-9f85-7aae8fdd0a9e,chitkul-pahari-fair,Chitkul Pahari Fair,Chitkul,himachal pradesh,9,September,September (after harvest),obscure,no,db-description,"Post-harvest celebration in India's last inhabited village on the Indo-Tibet border, with Kinnauri dances, archery, and offerings at the Mathi temple.","Cinematic documentary-style video, 16:9, 6–8 seconds, authentic real-footage look, of the Chitkul Pahari Fair as celebrated in Chitkul, Himachal Pradesh. Celebration: Post-harvest celebration in India's last inhabited village on the Indo-Tibet border, with Kinnauri dances, archery, and offerings at the Mathi temple.. clear post-monsoon light; show real people, actual rituals, decorations and crowds with genuine festive energy; vibrant true-to-life colour, natural handheld motion, shallow depth of field. No on-screen text, subtitles, captions, logos or watermarks; no distorted or extra faces/limbs; documentary realism, not cartoonish or AI-looking.","on-screen text, subtitles, captions, watermarks, logos, brand names, distorted faces, extra limbs, cartoonish, CGI sheen, oversaturated, low quality",https://pub-d8970c901de34c218926ebf4be1ed09a.r2.dev/destinations/chitkul.jpg,https://www.nakshiq.com/en/festivals/chitkul-pahari-fair
e03d4f10-7573-4e2a-bd16-ddd703dcf4d6,phulech-festival,Phulech Festival,Kalpa,himachal pradesh,9,September,September (varies),obscure,no,db-description,"Kinnauri flower festival where locals collect alpine wildflowers from high meadows and decorate homes, temples, and deity palanquins to welcome autumn.","Cinematic documentary-style video, 16:9, 6–8 seconds, authentic real-footage look, of the Phulech Festival as celebrated in Kalpa, Himachal Pradesh. Celebration: Kinnauri flower festival where locals collect alpine wildflowers from high meadows and decorate homes, temples, and deity palanquins to welcome autumn.. clear post-monsoon light; show real people, actual rituals, decorations and crowds with genuine festive energy; vibrant true-to-life colour, natural handheld motion, shallow depth of field. No on-screen text, subtitles, captions, logos or watermarks; no distorted or extra faces/limbs; documentary realism, not cartoonish or AI-looking.","on-screen text, subtitles, captions, watermarks, logos, brand names, distorted faces, extra limbs, cartoonish, CGI sheen, oversaturated, low quality",https://pub-d8970c901de34c218926ebf4be1ed09a.r2.dev/destinations/kalpa.jpg,https://www.nakshiq.com/en/festivals/phulech-festival
f728df74-afa5-4a8a-9644-4f490343b97d,kinnaur-dussehra-fulaich,Kinnaur Dussehra (Fulaich),Kalpa,himachal pradesh,10,October,October (post-Dussehra),obscure,no,db-description,"Celebrated a month after mainstream Dussehra with grape and apple wine offerings, Kinnauri Nati dances, and bonfires in Kalpa and Reckong Peo.","Cinematic documentary-style video, 16:9, 6–8 seconds, authentic real-footage look, of the Kinnaur Dussehra (Fulaich) as celebrated in Kalpa, Himachal Pradesh. Celebration: Celebrated a month after mainstream Dussehra with grape and apple wine offerings, Kinnauri Nati dances, and bonfires in Kalpa and Reckong Peo.. golden autumn light; show real people, actual rituals, decorations and crowds with genuine festive energy; vibrant true-to-life colour, natural handheld motion, shallow depth of field. No on-screen text, subtitles, captions, logos or watermarks; no distorted or extra faces/limbs; documentary realism, not cartoonish or AI-looking.","on-screen text, subtitles, captions, watermarks, logos, brand names, distorted faces, extra limbs, cartoonish, CGI sheen, oversaturated, low quality",https://pub-d8970c901de34c218926ebf4be1ed09a.r2.dev/destinations/kalpa.jpg,https://www.nakshiq.com/en/festivals/kinnaur-dussehra-fulaich
905fc970-3533-485c-a494-238c6637831e,tungnath-temple-opening-chopta,Tungnath Temple Opening,Chopta,uttarakhand,5,May,May (Akshaya Tritiya),obscure,no,db-description,"The kapaat (doors) of the world's highest Shiva temple at 3,680m open with Vedic rituals,ثم the deity is carried in a palanquin procession from Makkumath winter seat.","Cinematic documentary-style video, 16:9, 6–8 seconds, authentic real-footage look, of the Tungnath Temple Opening festival as celebrated in Chopta, Uttarakhand. Celebration: The kapaat (doors) of the world's highest Shiva temple at 3,680m open with Vedic rituals,ثم the deity is carried in a palanquin procession from Makkumath winter seat.. bright summer light; show real people, actual rituals, decorations and crowds with genuine festive energy; vibrant true-to-life colour, natural handheld motion, shallow depth of field. No on-screen text, subtitles, captions, logos or watermarks; no distorted or extra faces/limbs; documentary realism, not cartoonish or AI-looking.","on-screen text, subtitles, captions, watermarks, logos, brand names, distorted faces, extra limbs, cartoonish, CGI sheen, oversaturated, low quality",https://pub-d8970c901de34c218926ebf4be1ed09a.r2.dev/destinations/chopta.jpg,https://www.nakshiq.com/en/festivals/tungnath-temple-opening-chopta
70817792-c7c7-4a9e-9859-a0e2137ad38f,kargil-vijay-diwas,Kargil Vijay Diwas,Kargil,ladakh,7,July,July 26,obscure,no,db-description,"National commemoration at the Kargil War Memorial in Drass of India's 1999 victory, with military ceremonies, wreath-laying, and veteran tributes at -60°C winter-famous Drass.","Cinematic documentary-style video, 16:9, 6–8 seconds, authentic real-footage look, of the Kargil Vijay Diwas festival as celebrated in Kargil, Ladakh. Celebration: National commemoration at the Kargil War Memorial in Drass of India's 1999 victory, with military ceremonies, wreath-laying, and veteran tributes at -60°C winter-famous Drass.. clear high-altitude mountain light, sharp shadows; show real people, actual rituals, decorations and crowds with genuine festive energy; vibrant true-to-life colour, natural handheld motion, shallow depth of field. No on-screen text, subtitles, captions, logos or watermarks; no distorted or extra faces/limbs; documentary realism, not cartoonish or AI-looking.","on-screen text, subtitles, captions, watermarks, logos, brand names, distorted faces, extra limbs, cartoonish, CGI sheen, oversaturated, low quality",https://pub-d8970c901de34c218926ebf4be1ed09a.r2.dev/destinations/kargil.jpg,https://www.nakshiq.com/en/festivals/kargil-vijay-diwas
cb04d7b2-f68c-463e-a7a8-2ba1b03e86aa,munshi-aziz-bhat-memorial-festival,Munshi Aziz Bhat Memorial Festival,Kargil,ladakh,8,August,August 14,obscure,no,db-description,"Cultural festival in Kargil celebrating local Purig and Balti culture with traditional music, archery, polo, and food from the Shia Muslim heritage of the region.","Cinematic documentary-style video, 16:9, 6–8 seconds, authentic real-footage look, of the Munshi Aziz Bhat Memorial Festival as celebrated in Kargil, Ladakh. Celebration: Cultural festival in Kargil celebrating local Purig and Balti culture with traditional music, archery, polo, and food from the Shia Muslim heritage of the region.. clear high-altitude mountain light, sharp shadows; show real people, actual rituals, decorations and crowds with genuine festive energy; vibrant true-to-life colour, natural handheld motion, shallow depth of field. No on-screen text, subtitles, captions, logos or watermarks; no distorted or extra faces/limbs; documentary realism, not cartoonish or AI-looking.","on-screen text, subtitles, captions, watermarks, logos, brand names, distorted faces, extra limbs, cartoonish, CGI sheen, oversaturated, low quality",https://pub-d8970c901de34c218926ebf4be1ed09a.r2.dev/destinations/kargil.jpg,https://www.nakshiq.com/en/festivals/munshi-aziz-bhat-memorial-festival
2d6f096e-4cfd-41c4-88fb-22d2a4056067,lamayuru-yuru-kabgyat,Lamayuru Yuru Kabgyat,Lamayuru,ladakh,6,June,"June (Tibetan 17th-18th day, 5th month)",obscure,no,db-description,"Sacred Cham dance festival at the moonland monastery of Lamayuru, one of Ladakh's oldest monasteries (11th century), with mask dances depicting the victory of good over evil.","Cinematic documentary-style video, 16:9, 6–8 seconds, authentic real-footage look, of the Lamayuru Yuru Kabgyat festival as celebrated in Lamayuru, Ladakh. Celebration: Sacred Cham dance festival at the moonland monastery of Lamayuru, one of Ladakh's oldest monasteries (11th century), with mask dances depicting the victory of good over evil.. clear high-altitude mountain light, sharp shadows; show real people, actual rituals, decorations and crowds with genuine festive energy; vibrant true-to-life colour, natural handheld motion, shallow depth of field. No on-screen text, subtitles, captions, logos or watermarks; no distorted or extra faces/limbs; documentary realism, not cartoonish or AI-looking.","on-screen text, subtitles, captions, watermarks, logos, brand names, distorted faces, extra limbs, cartoonish, CGI sheen, oversaturated, low quality",https://pub-d8970c901de34c218926ebf4be1ed09a.r2.dev/destinations/lamayuru.jpg,https://www.nakshiq.com/en/festivals/lamayuru-yuru-kabgyat
0f01501a-f637-4999-9537-bca5db2d6947,ghepan-festival,Ghepan Festival,Sissu,himachal pradesh,6,June,June (varies),obscure,no,db-description,"Festival honoring the deity Ghepan (Lord of Snow) in Lahaul Valley with masked dances, butter sculpture offerings, and chanting by Buddhist lamas.","Cinematic documentary-style video, 16:9, 6–8 seconds, authentic real-footage look, of the Ghepan Festival as celebrated in Sissu, Himachal Pradesh. Celebration: Festival honoring the deity Ghepan (Lord of Snow) in Lahaul Valley with masked dances, butter sculpture offerings, and chanting by Buddhist lamas.. early-monsoon overcast, fresh greens; show real people, actual rituals, decorations and crowds with genuine festive energy; vibrant true-to-life colour, natural handheld motion, shallow depth of field. No on-screen text, subtitles, captions, logos or watermarks; no distorted or extra faces/limbs; documentary realism, not cartoonish or AI-looking.","on-screen text, subtitles, captions, watermarks, logos, brand names, distorted faces, extra limbs, cartoonish, CGI sheen, oversaturated, low quality",https://pub-d8970c901de34c218926ebf4be1ed09a.r2.dev/destinations/sissu.jpg,https://www.nakshiq.com/en/festivals/ghepan-festival
da2bb8a2-0c69-445a-8fae-9a15c9f0bafe,bangus-spring-bloom-festival,Bangus Spring Bloom Festival,Bangus Valley,jammu kashmir,5,May,May (varies),flower-bloom,no,db-description,"Celebration of the meadow wildflower bloom in the Bangus Valley with camping, folk music, and guided treks through what locals call Mini-Switzerland.","Cinematic documentary-style video, 16:9, 6–8 seconds, authentic real-footage look, of the Bangus Spring Bloom Festival as celebrated in Bangus Valley, Jammu Kashmir. Celebration: Celebration of the meadow wildflower bloom in the Bangus Valley with camping, folk music, and guided treks through what locals call Mini-Switzerland.. Key visuals: vast geometric beds of blooming flowers, visitors strolling the gardens, colour as far as the eye can see. bright summer light; show real people, actual rituals, decorations and crowds with genuine festive energy; vibrant true-to-life colour, natural handheld motion, shallow depth of field. No on-screen text, subtitles, captions, logos or watermarks; no distorted or extra faces/limbs; documentary realism, not cartoonish or AI-looking.","on-screen text, subtitles, captions, watermarks, logos, brand names, distorted faces, extra limbs, cartoonish, CGI sheen, oversaturated, low quality",https://pub-d8970c901de34c218926ebf4be1ed09a.r2.dev/destinations/bangus-valley.jpg,https://www.nakshiq.com/en/festivals/bangus-spring-bloom-festival
01f49377-5e0c-46c7-98b5-3b8e6f961f78,losar-tibetan-new-year-dharamshala,Losar (Tibetan New Year),Dharamshala,himachal pradesh,2,February,February / March,monastery-cham,yes,db-description,"Dalai Lama often gives public teaching. Tibetan opera, mask dances, butter sculptures.","Cinematic documentary-style video, 16:9, 6–8 seconds, authentic real-footage look, of the Losar (Tibetan New Year) festival as celebrated in Dharamshala, Himachal Pradesh. Celebration: Dalai Lama often gives public teaching. Tibetan opera, mask dances, butter sculptures.. Key visuals: masked Buddhist monks in brocade robes performing the whirling Cham dance in a monastery courtyard, long dungchen horns, drums, prayer flags, seated crowds. clear late-winter light; show real people, actual rituals, decorations and crowds with genuine festive energy; vibrant true-to-life colour, natural handheld motion, shallow depth of field. No on-screen text, subtitles, captions, logos or watermarks; no distorted or extra faces/limbs; documentary realism, not cartoonish or AI-looking.","on-screen text, subtitles, captions, watermarks, logos, brand names, distorted faces, extra limbs, cartoonish, CGI sheen, oversaturated, low quality",https://pub-d8970c901de34c218926ebf4be1ed09a.r2.dev/destinations/dharamshala.jpg,https://www.nakshiq.com/en/festivals/losar-tibetan-new-year-dharamshala
6a10e33b-02c5-4399-a1ae-a718cb806872,verinag-spring-festival,Verinag Spring Festival,Verinag,jammu kashmir,4,April,April (varies),obscure,no,db-description,"Festival at the octagonal Mughal spring of Verinag — believed source of the Jhelum River — with Kashmiri Sufi music, garden tours, and trout-watching at Kokernag.","Cinematic documentary-style video, 16:9, 6–8 seconds, authentic real-footage look, of the Verinag Spring Festival as celebrated in Verinag, Jammu Kashmir. Celebration: Festival at the octagonal Mughal spring of Verinag — believed source of the Jhelum River — with Kashmiri Sufi music, garden tours, and trout-watching at Kokernag.. warm pre-summer light; show real people, actual rituals, decorations and crowds with genuine festive energy; vibrant true-to-life colour, natural handheld motion, shallow depth of field. No on-screen text, subtitles, captions, logos or watermarks; no distorted or extra faces/limbs; documentary realism, not cartoonish or AI-looking.","on-screen text, subtitles, captions, watermarks, logos, brand names, distorted faces, extra limbs, cartoonish, CGI sheen, oversaturated, low quality",https://pub-d8970c901de34c218926ebf4be1ed09a.r2.dev/destinations/verinag.jpg,https://www.nakshiq.com/en/festivals/verinag-spring-festival
fe7e9df0-97df-4287-81e5-96f3a5ef6557,brij-festival,Brij Festival,Bharatpur,rajasthan,3,March,March (before Holi),obscure,no,db-description,"Three-day pre-Holi celebration in the Brij region with Raslila performances, folk dances, and cultural programs near the Bharatpur bird sanctuary.","Cinematic documentary-style video, 16:9, 6–8 seconds, authentic real-footage look, of the Brij Festival as celebrated in Bharatpur, Rajasthan. Celebration: Three-day pre-Holi celebration in the Brij region with Raslila performances, folk dances, and cultural programs near the Bharatpur bird sanctuary.. warm spring light; show real people, actual rituals, decorations and crowds with genuine festive energy; vibrant true-to-life colour, natural handheld motion, shallow depth of field. No on-screen text, subtitles, captions, logos or watermarks; no distorted or extra faces/limbs; documentary realism, not cartoonish or AI-looking.","on-screen text, subtitles, captions, watermarks, logos, brand names, distorted faces, extra limbs, cartoonish, CGI sheen, oversaturated, low quality",https://pub-d8970c901de34c218926ebf4be1ed09a.r2.dev/destinations/bharatpur.jpg,https://www.nakshiq.com/en/festivals/brij-festival
b55ada24-4569-4875-b90b-f11384689905,lathmar-holi,Lathmar Holi,Vrindavan,uttar pradesh,3,March,March (7 days before Holi),holi,yes,db-description,"Women from Barsana beat men from Nandgaon with sticks. The most chaotic, colorful Holi celebration in India.","Cinematic documentary-style video, 16:9, 6–8 seconds, authentic real-footage look, of the Lathmar Holi festival as celebrated in Vrindavan, Uttar Pradesh. Celebration: Women from Barsana beat men from Nandgaon with sticks. The most chaotic, colorful Holi celebration in India.. Key visuals: crowds drenched in bright dry-colour powder, throwing fistfuls of gulal, clouds of pink/green/yellow in the air, dancing to dhol drums. warm spring light; show real people, actual rituals, decorations and crowds with genuine festive energy; vibrant true-to-life colour, natural handheld motion, shallow depth of field. No on-screen text, subtitles, captions, logos or watermarks; no distorted or extra faces/limbs; documentary realism, not cartoonish or AI-looking.","on-screen text, subtitles, captions, watermarks, logos, brand names, distorted faces, extra limbs, cartoonish, CGI sheen, oversaturated, low quality",https://pub-d8970c901de34c218926ebf4be1ed09a.r2.dev/destinations/vrindavan.jpg,https://www.nakshiq.com/en/festivals/lathmar-holi
55a8bf98-19c7-401c-b9f5-852682576e96,janmashtami,Janmashtami,Vrindavan,uttar pradesh,8,August,August / September,obscure,no,db-description,"Krishna's birthday — temples decorated, midnight celebrations, dahi handi. Vrindavan and Mathura explode.","Cinematic documentary-style video, 16:9, 6–8 seconds, authentic real-footage look, of the Janmashtami festival as celebrated in Vrindavan, Uttar Pradesh. Celebration: Krishna's birthday — temples decorated, midnight celebrations, dahi handi. Vrindavan and Mathura explode.. monsoon light, lush greens; show real people, actual rituals, decorations and crowds with genuine festive energy; vibrant true-to-life colour, natural handheld motion, shallow depth of field. No on-screen text, subtitles, captions, logos or watermarks; no distorted or extra faces/limbs; documentary realism, not cartoonish or AI-looking.","on-screen text, subtitles, captions, watermarks, logos, brand names, distorted faces, extra limbs, cartoonish, CGI sheen, oversaturated, low quality",https://pub-d8970c901de34c218926ebf4be1ed09a.r2.dev/destinations/vrindavan.jpg,https://www.nakshiq.com/en/festivals/janmashtami
3c7c6bcd-e7b6-42f6-8f43-af7008334ce1,hornbill-festival,Hornbill Festival,Kohima,nagaland,12,December,Dec 1-10,hornbill,no,db-description,"All 16 Naga tribes converge at Kisama Heritage Village for warrior dances, tribal food, traditional crafts, and Naga wrestling. The largest cultural showcase in Northeast India.","Cinematic documentary-style video, 16:9, 6–8 seconds, authentic real-footage look, of the Hornbill Festival as celebrated in Kohima, Nagaland. Celebration: All 16 Naga tribes converge at Kisama Heritage Village for warrior dances, tribal food, traditional crafts, and Naga wrestling. The largest cultural showcase in Northeast India.. Key visuals: Naga tribes in feathered headdresses and warrior attire performing log-drum and spear dances at a heritage village, bonfires, traditional crafts. cold winter light, long shadows; show real people, actual rituals, decorations and crowds with genuine festive energy; vibrant true-to-life colour, natural handheld motion, shallow depth of field. No on-screen text, subtitles, captions, logos or watermarks; no distorted or extra faces/limbs; documentary realism, not cartoonish or AI-looking.","on-screen text, subtitles, captions, watermarks, logos, brand names, distorted faces, extra limbs, cartoonish, CGI sheen, oversaturated, low quality",https://pub-d8970c901de34c218926ebf4be1ed09a.r2.dev/destinations/kohima.jpg,https://www.nakshiq.com/en/festivals/hornbill-festival
e9dcf72b-4dfa-46d1-88d3-c48baa6bbc49,ziro-music-festival,Ziro Music Festival,Ziro Valley,arunachal pradesh,9,September,Last week of September,obscure,no,db-description,"India's coolest indie music festival set in the Apatani tribal valley. Camping under stars, craft beer, independent artists from across Asia. Intimate crowd, no corporate sponsors.","Cinematic documentary-style video, 16:9, 6–8 seconds, authentic real-footage look, of the Ziro Music Festival as celebrated in Ziro Valley, Arunachal Pradesh. Celebration: India's coolest indie music festival set in the Apatani tribal valley. Camping under stars, craft beer, independent artists from across Asia. Intimate crowd, no corporate sponsors.. clear post-monsoon light; show real people, actual rituals, decorations and crowds with genuine festive energy; vibrant true-to-life colour, natural handheld motion, shallow depth of field. No on-screen text, subtitles, captions, logos or watermarks; no distorted or extra faces/limbs; documentary realism, not cartoonish or AI-looking.","on-screen text, subtitles, captions, watermarks, logos, brand names, distorted faces, extra limbs, cartoonish, CGI sheen, oversaturated, low quality",https://pub-d8970c901de34c218926ebf4be1ed09a.r2.dev/destinations/ziro-valley.jpg,https://www.nakshiq.com/en/festivals/ziro-music-festival
2f02f3ad-101b-4867-b45d-527f5eab5fd6,bihu-rongalibohag,Bihu (Rongali/Bohag),Guwahati,assam,4,April,Mid-April (around Apr 14-15),bihu,no,db-description,"Assamese New Year harvest festival — Bihu folk dance, buffalo fights, community feasts, and the sound of the dhol across every village. Assam's biggest celebration.","Cinematic documentary-style video, 16:9, 6–8 seconds, authentic real-footage look, of the Bihu (Rongali/Bohag) festival as celebrated in Guwahati, Assam. Celebration: Assamese New Year harvest festival — Bihu folk dance, buffalo fights, community feasts, and the sound of the dhol across every village. Assam's biggest celebration.. Key visuals: rows of dancers in red-and-white attire performing the Bihu dance to dhol and pepa horn, bamboo stage, gamosa cloth. warm pre-summer light; show real people, actual rituals, decorations and crowds with genuine festive energy; vibrant true-to-life colour, natural handheld motion, shallow depth of field. No on-screen text, subtitles, captions, logos or watermarks; no distorted or extra faces/limbs; documentary realism, not cartoonish or AI-looking.","on-screen text, subtitles, captions, watermarks, logos, brand names, distorted faces, extra limbs, cartoonish, CGI sheen, oversaturated, low quality",https://pub-d8970c901de34c218926ebf4be1ed09a.r2.dev/destinations/guwahati.jpg,https://www.nakshiq.com/en/festivals/bihu-rongalibohag
dd994769-d5ac-4b85-b976-aaf250637306,sangai-festival,Sangai Festival,Imphal,manipur,11,November,Nov 21-30,obscure,no,db-description,"Manipur's biggest tourism and cultural showcase — named after the endangered Sangai deer of Loktak Lake. Traditional dance, indigenous sports, handloom exhibitions, and local cuisine.","Cinematic documentary-style video, 16:9, 6–8 seconds, authentic real-footage look, of the Sangai Festival as celebrated in Imphal, Manipur. Celebration: Manipur's biggest tourism and cultural showcase — named after the endangered Sangai deer of Loktak Lake. Traditional dance, indigenous sports, handloom exhibitions, and local cuisine.. cool early-winter light; show real people, actual rituals, decorations and crowds with genuine festive energy; vibrant true-to-life colour, natural handheld motion, shallow depth of field. No on-screen text, subtitles, captions, logos or watermarks; no distorted or extra faces/limbs; documentary realism, not cartoonish or AI-looking.","on-screen text, subtitles, captions, watermarks, logos, brand names, distorted faces, extra limbs, cartoonish, CGI sheen, oversaturated, low quality",https://pub-d8970c901de34c218926ebf4be1ed09a.r2.dev/destinations/imphal.jpg,https://www.nakshiq.com/en/festivals/sangai-festival
9c58a58b-82f9-46b1-a63c-d16ad0f86d0b,chapchar-kut,Chapchar Kut,Aizawl,mizoram,3,March,First week of March,obscure,no,db-description,"Mizo spring festival celebrating the end of jhum (slash-and-burn) cultivation. The iconic Cheraw bamboo dance, traditional Mizo costumes, rice wine, and community feasting.","Cinematic documentary-style video, 16:9, 6–8 seconds, authentic real-footage look, of the Chapchar Kut festival as celebrated in Aizawl, Mizoram. Celebration: Mizo spring festival celebrating the end of jhum (slash-and-burn) cultivation. The iconic Cheraw bamboo dance, traditional Mizo costumes, rice wine, and community feasting.. warm spring light; show real people, actual rituals, decorations and crowds with genuine festive energy; vibrant true-to-life colour, natural handheld motion, shallow depth of field. No on-screen text, subtitles, captions, logos or watermarks; no distorted or extra faces/limbs; documentary realism, not cartoonish or AI-looking.","on-screen text, subtitles, captions, watermarks, logos, brand names, distorted faces, extra limbs, cartoonish, CGI sheen, oversaturated, low quality",https://pub-d8970c901de34c218926ebf4be1ed09a.r2.dev/destinations/aizawl.jpg,https://www.nakshiq.com/en/festivals/chapchar-kut
91846627-9091-4393-b4ed-f54fb73896e8,wangala-100-drums-festival,Wangala (100 Drums Festival),Tura,meghalaya,11,November,Second week of November,obscure,no,db-description,"100 drums played simultaneously as the Garo tribe celebrates the post-harvest season. Horn-blowing, mass tribal dance, and a rhythm that shakes the hills.","Cinematic documentary-style video, 16:9, 6–8 seconds, authentic real-footage look, of the Wangala (100 Drums Festival) as celebrated in Tura, Meghalaya. Celebration: 100 drums played simultaneously as the Garo tribe celebrates the post-harvest season. Horn-blowing, mass tribal dance, and a rhythm that shakes the hills.. cool early-winter light; show real people, actual rituals, decorations and crowds with genuine festive energy; vibrant true-to-life colour, natural handheld motion, shallow depth of field. No on-screen text, subtitles, captions, logos or watermarks; no distorted or extra faces/limbs; documentary realism, not cartoonish or AI-looking.","on-screen text, subtitles, captions, watermarks, logos, brand names, distorted faces, extra limbs, cartoonish, CGI sheen, oversaturated, low quality",https://pub-d8970c901de34c218926ebf4be1ed09a.r2.dev/destinations/tura.jpg,https://www.nakshiq.com/en/festivals/wangala-100-drums-festival
27699607-fa4c-46eb-8a32-c8193420e4be,saga-dawa-gangtok,Saga Dawa,Gangtok,sikkim,5,May,Full moon of 4th Tibetan month (May-Jun),monastery-cham,yes,db-description,"The holiest month in the Tibetan Buddhist calendar. Monastery pujas, sacred Cham dances, circumambulation of sacred peaks, and the dramatic unfurling of the Thangka at Rumtek.","Cinematic documentary-style video, 16:9, 6–8 seconds, authentic real-footage look, of the Saga Dawa festival as celebrated in Gangtok, Sikkim. Celebration: The holiest month in the Tibetan Buddhist calendar. Monastery pujas, sacred Cham dances, circumambulation of sacred peaks, and the dramatic unfurling of the Thangka at Rumtek.. Key visuals: masked Buddhist monks in brocade robes performing the whirling Cham dance in a monastery courtyard, long dungchen horns, drums, prayer flags, seated crowds. bright summer light; show real people, actual rituals, decorations and crowds with genuine festive energy; vibrant true-to-life colour, natural handheld motion, shallow depth of field. No on-screen text, subtitles, captions, logos or watermarks; no distorted or extra faces/limbs; documentary realism, not cartoonish or AI-looking.","on-screen text, subtitles, captions, watermarks, logos, brand names, distorted faces, extra limbs, cartoonish, CGI sheen, oversaturated, low quality",https://pub-d8970c901de34c218926ebf4be1ed09a.r2.dev/destinations/gangtok.jpg,https://www.nakshiq.com/en/festivals/saga-dawa-gangtok
a83234c2-02d2-403c-8f4e-936d238bb79a,losar,Losar,Gangtok,sikkim,2,February,Feb-Mar (Tibetan calendar),monastery-cham,yes,db-description,"Tibetan Buddhist New Year — masked Cham dances at monasteries, ritual offerings, butter sculptures, community feasting, and monastery rituals across Sikkim and Arunachal.","Cinematic documentary-style video, 16:9, 6–8 seconds, authentic real-footage look, of the Losar festival as celebrated in Gangtok, Sikkim. Celebration: Tibetan Buddhist New Year — masked Cham dances at monasteries, ritual offerings, butter sculptures, community feasting, and monastery rituals across Sikkim and Arunachal.. Key visuals: masked Buddhist monks in brocade robes performing the whirling Cham dance in a monastery courtyard, long dungchen horns, drums, prayer flags, seated crowds. clear late-winter light; show real people, actual rituals, decorations and crowds with genuine festive energy; vibrant true-to-life colour, natural handheld motion, shallow depth of field. No on-screen text, subtitles, captions, logos or watermarks; no distorted or extra faces/limbs; documentary realism, not cartoonish or AI-looking.","on-screen text, subtitles, captions, watermarks, logos, brand names, distorted faces, extra limbs, cartoonish, CGI sheen, oversaturated, low quality",https://pub-d8970c901de34c218926ebf4be1ed09a.r2.dev/destinations/gangtok.jpg,https://www.nakshiq.com/en/festivals/losar
86c42ae2-336a-46bd-b760-dd1006dbc78e,moatsu,Moatsu,Mokokchung,nagaland,5,May,May 1-3,obscure,no,db-description,"Ao Naga post-sowing festival — warriors in full ceremonial dress, folk songs around bonfires, community bonding, and prayers for a good harvest. Mokokchung comes alive.","Cinematic documentary-style video, 16:9, 6–8 seconds, authentic real-footage look, of the Moatsu festival as celebrated in Mokokchung, Nagaland. Celebration: Ao Naga post-sowing festival — warriors in full ceremonial dress, folk songs around bonfires, community bonding, and prayers for a good harvest. Mokokchung comes alive.. bright summer light; show real people, actual rituals, decorations and crowds with genuine festive energy; vibrant true-to-life colour, natural handheld motion, shallow depth of field. No on-screen text, subtitles, captions, logos or watermarks; no distorted or extra faces/limbs; documentary realism, not cartoonish or AI-looking.","on-screen text, subtitles, captions, watermarks, logos, brand names, distorted faces, extra limbs, cartoonish, CGI sheen, oversaturated, low quality",https://pub-d8970c901de34c218926ebf4be1ed09a.r2.dev/destinations/mokokchung.jpg,https://www.nakshiq.com/en/festivals/moatsu
5d91d4af-1c7e-4d8b-8d18-eaccdfce04f8,sekrenyi-kohima,Sekrenyi,Kohima,nagaland,2,February,Feb 25 (Angami calendar),obscure,no,db-description,"Angami Naga purification festival — ritual bathing in the village spring, community feast of rice and meat, war dances, and the symbolic cleansing of the year's sins.","Cinematic documentary-style video, 16:9, 6–8 seconds, authentic real-footage look, of the Sekrenyi festival as celebrated in Kohima, Nagaland. Celebration: Angami Naga purification festival — ritual bathing in the village spring, community feast of rice and meat, war dances, and the symbolic cleansing of the year's sins.. clear late-winter light; show real people, actual rituals, decorations and crowds with genuine festive energy; vibrant true-to-life colour, natural handheld motion, shallow depth of field. No on-screen text, subtitles, captions, logos or watermarks; no distorted or extra faces/limbs; documentary realism, not cartoonish or AI-looking.","on-screen text, subtitles, captions, watermarks, logos, brand names, distorted faces, extra limbs, cartoonish, CGI sheen, oversaturated, low quality",https://pub-d8970c901de34c218926ebf4be1ed09a.r2.dev/destinations/kohima.jpg,https://www.nakshiq.com/en/festivals/sekrenyi-kohima
60d295aa-3711-4972-953e-75a176e4bc86,nongkrem-dance,Nongkrem Dance,Shillong,meghalaya,11,November,November (5 days),obscure,no,db-description,"The most important Khasi festival — men in feathered headdresses and swords, women draped in gold silk, goat sacrifice, and five days of thanksgiving to the goddess Ka Blei Synshar.","Cinematic documentary-style video, 16:9, 6–8 seconds, authentic real-footage look, of the Nongkrem Dance festival as celebrated in Shillong, Meghalaya. Celebration: The most important Khasi festival — men in feathered headdresses and swords, women draped in gold silk, goat sacrifice, and five days of thanksgiving to the goddess Ka Blei Synshar.. cool early-winter light; show real people, actual rituals, decorations and crowds with genuine festive energy; vibrant true-to-life colour, natural handheld motion, shallow depth of field. No on-screen text, subtitles, captions, logos or watermarks; no distorted or extra faces/limbs; documentary realism, not cartoonish or AI-looking.","on-screen text, subtitles, captions, watermarks, logos, brand names, distorted faces, extra limbs, cartoonish, CGI sheen, oversaturated, low quality",https://pub-d8970c901de34c218926ebf4be1ed09a.r2.dev/destinations/shillong.jpg,https://www.nakshiq.com/en/festivals/nongkrem-dance
71d98d87-1cc8-4b79-9149-792f8e4af3e3,cherry-blossom-festival,Cherry Blossom Festival,Shillong,meghalaya,11,November,Mid-November,obscure,no,db-description,"India's only cherry blossom festival — Shillong's streets turn pink as Prunus cerasoides bloom. Live music, photography walks, food stalls, and a Japan-like aesthetic in the hills.","Cinematic documentary-style video, 16:9, 6–8 seconds, authentic real-footage look, of the Cherry Blossom Festival as celebrated in Shillong, Meghalaya. Celebration: India's only cherry blossom festival — Shillong's streets turn pink as Prunus cerasoides bloom. Live music, photography walks, food stalls, and a Japan-like aesthetic in the hills.. cool early-winter light; show real people, actual rituals, decorations and crowds with genuine festive energy; vibrant true-to-life colour, natural handheld motion, shallow depth of field. No on-screen text, subtitles, captions, logos or watermarks; no distorted or extra faces/limbs; documentary realism, not cartoonish or AI-looking.","on-screen text, subtitles, captions, watermarks, logos, brand names, distorted faces, extra limbs, cartoonish, CGI sheen, oversaturated, low quality",https://pub-d8970c901de34c218926ebf4be1ed09a.r2.dev/destinations/shillong.jpg,https://www.nakshiq.com/en/festivals/cherry-blossom-festival
647ff66d-b255-478f-932c-312bed5e118c,me-dam-me-phi,Me-Dam-Me-Phi,Sivasagar,assam,1,January,January 31,obscure,no,db-description,"Ahom ancestor worship day — remembering 600 years of Ahom dynasty rule over Assam. Offerings at the Charaideo maidams (royal burial mounds), traditional Ahom cuisine, and cultural programs.","Cinematic documentary-style video, 16:9, 6–8 seconds, authentic real-footage look, of the Me-Dam-Me-Phi festival as celebrated in Sivasagar, Assam. Celebration: Ahom ancestor worship day — remembering 600 years of Ahom dynasty rule over Assam. Offerings at the Charaideo maidams (royal burial mounds), traditional Ahom cuisine, and cultural programs.. crisp winter daylight; show real people, actual rituals, decorations and crowds with genuine festive energy; vibrant true-to-life colour, natural handheld motion, shallow depth of field. No on-screen text, subtitles, captions, logos or watermarks; no distorted or extra faces/limbs; documentary realism, not cartoonish or AI-looking.","on-screen text, subtitles, captions, watermarks, logos, brand names, distorted faces, extra limbs, cartoonish, CGI sheen, oversaturated, low quality",https://pub-d8970c901de34c218926ebf4be1ed09a.r2.dev/destinations/sivasagar.jpg,https://www.nakshiq.com/en/festivals/me-dam-me-phi
15544957-c987-4f5a-a716-cdff875eaeb0,aoling-festival,Aoling Festival,Mon,nagaland,4,April,April 1-6,obscure,no,db-description,"The Konyak Naga spring festival — the former headhunter tribe's biggest celebration. Log drum beating, warrior dances with traditional tattoos and skull necklaces, and village-wide feasting.","Cinematic documentary-style video, 16:9, 6–8 seconds, authentic real-footage look, of the Aoling Festival as celebrated in Mon, Nagaland. Celebration: The Konyak Naga spring festival — the former headhunter tribe's biggest celebration. Log drum beating, warrior dances with traditional tattoos and skull necklaces, and village-wide feasting.. warm pre-summer light; show real people, actual rituals, decorations and crowds with genuine festive energy; vibrant true-to-life colour, natural handheld motion, shallow depth of field. No on-screen text, subtitles, captions, logos or watermarks; no distorted or extra faces/limbs; documentary realism, not cartoonish or AI-looking.","on-screen text, subtitles, captions, watermarks, logos, brand names, distorted faces, extra limbs, cartoonish, CGI sheen, oversaturated, low quality",https://pub-d8970c901de34c218926ebf4be1ed09a.r2.dev/destinations/mon.jpg,https://www.nakshiq.com/en/festivals/aoling-festival
7c1c885d-2a0e-473b-9454-ecd690126f80,ambubachi-mela,Ambubachi Mela,Guwahati,assam,6,June,"June (3 days, varies)",obscure,no,db-description,"Annual fertility festival at Kamakhya Temple — the temple closes for 3 days as the goddess is believed to menstruate. Reopens with massive celebration, tantric rituals, and lakhs of pilgrims.","Cinematic documentary-style video, 16:9, 6–8 seconds, authentic real-footage look, of the Ambubachi Mela as celebrated in Guwahati, Assam. Celebration: Annual fertility festival at Kamakhya Temple — the temple closes for 3 days as the goddess is believed to menstruate. Reopens with massive celebration, tantric rituals, and lakhs of pilgrims.. early-monsoon overcast, fresh greens; show real people, actual rituals, decorations and crowds with genuine festive energy; vibrant true-to-life colour, natural handheld motion, shallow depth of field. No on-screen text, subtitles, captions, logos or watermarks; no distorted or extra faces/limbs; documentary realism, not cartoonish or AI-looking.","on-screen text, subtitles, captions, watermarks, logos, brand names, distorted faces, extra limbs, cartoonish, CGI sheen, oversaturated, low quality",https://pub-d8970c901de34c218926ebf4be1ed09a.r2.dev/destinations/guwahati.jpg,https://www.nakshiq.com/en/festivals/ambubachi-mela
c34d8246-69e4-40f1-808a-37358962a71b,ganesh-chaturthi-mumbai,Ganesh Chaturthi,Mumbai,maharashtra,8,August,August/September (10 days),ganesh,yes,db-description,India's largest public festival. 10 days of Ganesh idol worship culminating in immersion processions. Lalbaugcha Raja draws millions. Girgaon Chowpatty hosts the grand immersion.,"Cinematic documentary-style video, 16:9, 6–8 seconds, authentic real-footage look, of the Ganesh Chaturthi festival as celebrated in Mumbai, Maharashtra. Celebration: India's largest public festival. 10 days of Ganesh idol worship culminating in immersion processions. Lalbaugcha Raja draws millions. Girgaon Chowpatty hosts the grand immersion.. Key visuals: vividly decorated Ganesha idols carried through streets, dancing crowds with drums and colour, immersion (visarjan) at the water's edge. monsoon light, lush greens; show real people, actual rituals, decorations and crowds with genuine festive energy; vibrant true-to-life colour, natural handheld motion, shallow depth of field. No on-screen text, subtitles, captions, logos or watermarks; no distorted or extra faces/limbs; documentary realism, not cartoonish or AI-looking.","on-screen text, subtitles, captions, watermarks, logos, brand names, distorted faces, extra limbs, cartoonish, CGI sheen, oversaturated, low quality",https://pub-d8970c901de34c218926ebf4be1ed09a.r2.dev/destinations/mumbai.jpg,https://www.nakshiq.com/en/festivals/ganesh-chaturthi-mumbai
9b4d8fe4-b675-47bb-8b94-2c46a4b2b137,ganesh-chaturthi-ganeshotsav,Ganesh Chaturthi (Ganeshotsav),Pune,maharashtra,8,August,August/September (10 days),ganesh,yes,db-description,"Pune is where public Ganesh Chaturthi began — Tilak started it in 1893. Dagdusheth, Kasba Ganpati are famous mandals. 5 Manache Ganpatis lead the procession.","Cinematic documentary-style video, 16:9, 6–8 seconds, authentic real-footage look, of the Ganesh Chaturthi (Ganeshotsav) festival as celebrated in Pune, Maharashtra. Celebration: Pune is where public Ganesh Chaturthi began — Tilak started it in 1893. Dagdusheth, Kasba Ganpati are famous mandals. 5 Manache Ganpatis lead the procession.. Key visuals: vividly decorated Ganesha idols carried through streets, dancing crowds with drums and colour, immersion (visarjan) at the water's edge. monsoon light, lush greens; show real people, actual rituals, decorations and crowds with genuine festive energy; vibrant true-to-life colour, natural handheld motion, shallow depth of field. No on-screen text, subtitles, captions, logos or watermarks; no distorted or extra faces/limbs; documentary realism, not cartoonish or AI-looking.","on-screen text, subtitles, captions, watermarks, logos, brand names, distorted faces, extra limbs, cartoonish, CGI sheen, oversaturated, low quality",https://pub-d8970c901de34c218926ebf4be1ed09a.r2.dev/destinations/pune.jpg,https://www.nakshiq.com/en/festivals/ganesh-chaturthi-ganeshotsav
3d33aca1-3fda-464a-b83a-92a54408d34a,elephanta-festival,Elephanta Festival,Elephanta Caves,maharashtra,2,February,February (2 days),obscure,no,db-description,Classical music and dance at the ancient caves. MTDC organises performances at the cave entrance during sunset.,"Cinematic documentary-style video, 16:9, 6–8 seconds, authentic real-footage look, of the Elephanta Festival as celebrated in Elephanta Caves, Maharashtra. Celebration: Classical music and dance at the ancient caves. MTDC organises performances at the cave entrance during sunset.. clear late-winter light; show real people, actual rituals, decorations and crowds with genuine festive energy; vibrant true-to-life colour, natural handheld motion, shallow depth of field. No on-screen text, subtitles, captions, logos or watermarks; no distorted or extra faces/limbs; documentary realism, not cartoonish or AI-looking.","on-screen text, subtitles, captions, watermarks, logos, brand names, distorted faces, extra limbs, cartoonish, CGI sheen, oversaturated, low quality",https://pub-d8970c901de34c218926ebf4be1ed09a.r2.dev/destinations/elephanta-caves.jpg,https://www.nakshiq.com/en/festivals/elephanta-festival
1ee7c11a-1927-48b5-a073-5f4594454397,kumbh-mela,Kumbh Mela,Nashik,maharashtra,8,August,Next: ~2027 (every 12 years),kumbh-snan,yes,db-description,Millions take holy dips in the Godavari at Ramkund. Transforms Nashik for months.,"Cinematic documentary-style video, 16:9, 6–8 seconds, authentic real-footage look, of the Kumbh Mela as celebrated in Nashik, Maharashtra. Celebration: Millions take holy dips in the Godavari at Ramkund. Transforms Nashik for months.. Key visuals: vast sea of pilgrims and ash-smeared sadhus bathing at the river confluence at dawn, marigold offerings, saffron flags, mass devotion. monsoon light, lush greens; show real people, actual rituals, decorations and crowds with genuine festive energy; vibrant true-to-life colour, natural handheld motion, shallow depth of field. No on-screen text, subtitles, captions, logos or watermarks; no distorted or extra faces/limbs; documentary realism, not cartoonish or AI-looking.","on-screen text, subtitles, captions, watermarks, logos, brand names, distorted faces, extra limbs, cartoonish, CGI sheen, oversaturated, low quality",https://pub-d8970c901de34c218926ebf4be1ed09a.r2.dev/destinations/nashik.jpg,https://www.nakshiq.com/en/festivals/kumbh-mela
c5267cc5-362e-45ab-b585-f393492ab8fa,sulafest,SulaFest,Nashik,maharashtra,2,February,February (2 days),obscure,no,db-description,"India's premier wine and music festival at Sula Vineyards. Live music, wine tasting, food, grape stomping, hot air balloons.","Cinematic documentary-style video, 16:9, 6–8 seconds, authentic real-footage look, of the SulaFest festival as celebrated in Nashik, Maharashtra. Celebration: India's premier wine and music festival at Sula Vineyards. Live music, wine tasting, food, grape stomping, hot air balloons.. clear late-winter light; show real people, actual rituals, decorations and crowds with genuine festive energy; vibrant true-to-life colour, natural handheld motion, shallow depth of field. No on-screen text, subtitles, captions, logos or watermarks; no distorted or extra faces/limbs; documentary realism, not cartoonish or AI-looking.","on-screen text, subtitles, captions, watermarks, logos, brand names, distorted faces, extra limbs, cartoonish, CGI sheen, oversaturated, low quality",https://pub-d8970c901de34c218926ebf4be1ed09a.r2.dev/destinations/nashik.jpg,https://www.nakshiq.com/en/festivals/sulafest
130b7d8e-37b2-48ce-bf08-fcd0a3b03b32,kaas-plateau-wildflower-bloom,Kaas Plateau Wildflower Bloom,Satara,maharashtra,9,September,September-October (4-6 weeks),flower-bloom,no,db-description,UNESCO-listed plateau erupts with hundreds of wildflower species. Daily visitors capped. Online permits required.,"Cinematic documentary-style video, 16:9, 6–8 seconds, authentic real-footage look, of the Kaas Plateau Wildflower Bloom festival as celebrated in Satara, Maharashtra. Celebration: UNESCO-listed plateau erupts with hundreds of wildflower species. Daily visitors capped. Online permits required.. Key visuals: vast geometric beds of blooming flowers, visitors strolling the gardens, colour as far as the eye can see. clear post-monsoon light; show real people, actual rituals, decorations and crowds with genuine festive energy; vibrant true-to-life colour, natural handheld motion, shallow depth of field. No on-screen text, subtitles, captions, logos or watermarks; no distorted or extra faces/limbs; documentary realism, not cartoonish or AI-looking.","on-screen text, subtitles, captions, watermarks, logos, brand names, distorted faces, extra limbs, cartoonish, CGI sheen, oversaturated, low quality",https://pub-d8970c901de34c218926ebf4be1ed09a.r2.dev/destinations/satara.jpg,https://www.nakshiq.com/en/festivals/kaas-plateau-wildflower-bloom
046aa7b8-2109-409b-9180-703fd9905b5f,pandharpur-wari,Pandharpur Wari,Pune,maharashtra,7,July,June/July (18-day walk),obscure,no,db-description,Hundreds of thousands walk 250km from Pune to Pandharpur carrying saints' palanquins. One of India's longest walking pilgrimages.,"Cinematic documentary-style video, 16:9, 6–8 seconds, authentic real-footage look, of the Pandharpur Wari festival as celebrated in Pune, Maharashtra. Celebration: Hundreds of thousands walk 250km from Pune to Pandharpur carrying saints' palanquins. One of India's longest walking pilgrimages.. monsoon light, wet sheen; show real people, actual rituals, decorations and crowds with genuine festive energy; vibrant true-to-life colour, natural handheld motion, shallow depth of field. No on-screen text, subtitles, captions, logos or watermarks; no distorted or extra faces/limbs; documentary realism, not cartoonish or AI-looking.","on-screen text, subtitles, captions, watermarks, logos, brand names, distorted faces, extra limbs, cartoonish, CGI sheen, oversaturated, low quality",https://pub-d8970c901de34c218926ebf4be1ed09a.r2.dev/destinations/pune.jpg,https://www.nakshiq.com/en/festivals/pandharpur-wari
113949dc-c9fb-40b3-9798-4687f43c5c9e,nag-panchami-battis-shirala,Nag Panchami (Battis Shirala),Kolhapur,maharashtra,8,August,July/August,obscure,no,db-description,Battis Shirala near Kolhapur is famous for live cobra worship during Nag Panchami — deeply traditional and controversial.,"Cinematic documentary-style video, 16:9, 6–8 seconds, authentic real-footage look, of the Nag Panchami (Battis Shirala) festival as celebrated in Kolhapur, Maharashtra. Celebration: Battis Shirala near Kolhapur is famous for live cobra worship during Nag Panchami — deeply traditional and controversial.. monsoon light, lush greens; show real people, actual rituals, decorations and crowds with genuine festive energy; vibrant true-to-life colour, natural handheld motion, shallow depth of field. No on-screen text, subtitles, captions, logos or watermarks; no distorted or extra faces/limbs; documentary realism, not cartoonish or AI-looking.","on-screen text, subtitles, captions, watermarks, logos, brand names, distorted faces, extra limbs, cartoonish, CGI sheen, oversaturated, low quality",https://pub-d8970c901de34c218926ebf4be1ed09a.r2.dev/destinations/kolhapur.jpg,https://www.nakshiq.com/en/festivals/nag-panchami-battis-shirala
97f98f61-30f6-48cf-b4f8-23b640112894,navratri-at-mahalaxmi-temple,Navratri at Mahalaxmi Temple,Kolhapur,maharashtra,10,October,October (9 nights),durga-navratri,yes,db-description,Mahalaxmi Temple Shakti Peetha sees special pujas and massive crowds during Navratri. Goddess adorned differently each night.,"Cinematic documentary-style video, 16:9, 6–8 seconds, authentic real-footage look, of the Navratri at Mahalaxmi Temple as celebrated in Kolhapur, Maharashtra. Celebration: Mahalaxmi Temple Shakti Peetha sees special pujas and massive crowds during Navratri. Goddess adorned differently each night.. Key visuals: elaborately lit pandals and Durga idols, dhunuchi incense dance, garba/dandiya circles in colourful chaniya-choli. golden autumn light; show real people, actual rituals, decorations and crowds with genuine festive energy; vibrant true-to-life colour, natural handheld motion, shallow depth of field. No on-screen text, subtitles, captions, logos or watermarks; no distorted or extra faces/limbs; documentary realism, not cartoonish or AI-looking.","on-screen text, subtitles, captions, watermarks, logos, brand names, distorted faces, extra limbs, cartoonish, CGI sheen, oversaturated, low quality",https://pub-d8970c901de34c218926ebf4be1ed09a.r2.dev/destinations/kolhapur.jpg,https://www.nakshiq.com/en/festivals/navratri-at-mahalaxmi-temple
53b5e07c-e44e-4a00-a8f6-7295e5f29356,goa-carnival-panaji,Goa Carnival,Panaji,goa,2,February,February (3 days before Lent),goa-carnival,no,db-description,"India's only Mardi Gras — King Momo leads parades through Panaji with floats, music, dancing, and masks. Portuguese-origin festival unique to Goa.","Cinematic documentary-style video, 16:9, 6–8 seconds, authentic real-footage look, of the Goa Carnival as celebrated in Panaji, Goa. Celebration: India's only Mardi Gras — King Momo leads parades through Panaji with floats, music, dancing, and masks. Portuguese-origin festival unique to Goa.. Key visuals: flamboyant float parade led by King Momo, costumed dancers, brass bands, confetti through Panaji's streets. clear late-winter light; show real people, actual rituals, decorations and crowds with genuine festive energy; vibrant true-to-life colour, natural handheld motion, shallow depth of field. No on-screen text, subtitles, captions, logos or watermarks; no distorted or extra faces/limbs; documentary realism, not cartoonish or AI-looking.","on-screen text, subtitles, captions, watermarks, logos, brand names, distorted faces, extra limbs, cartoonish, CGI sheen, oversaturated, low quality",https://pub-d8970c901de34c218926ebf4be1ed09a.r2.dev/destinations/panaji.jpg,https://www.nakshiq.com/en/festivals/goa-carnival-panaji
3e40c907-8bbd-4f0a-82e8-62bec27812c8,shigmo-goan-holi,Shigmo (Goan Holi),Panaji,goa,3,March,March (full moon),holi,yes,db-description,"Goa's version of Holi — massive street parades with traditional folk dances (fugdi, dhalo, goff), elaborate floats, and colour play. Bigger in Panaji and Margao.","Cinematic documentary-style video, 16:9, 6–8 seconds, authentic real-footage look, of the Shigmo (Goan Holi) festival as celebrated in Panaji, Goa. Celebration: Goa's version of Holi — massive street parades with traditional folk dances (fugdi, dhalo, goff), elaborate floats, and colour play. Bigger in Panaji and Margao.. Key visuals: crowds drenched in bright dry-colour powder, throwing fistfuls of gulal, clouds of pink/green/yellow in the air, dancing to dhol drums. warm spring light; show real people, actual rituals, decorations and crowds with genuine festive energy; vibrant true-to-life colour, natural handheld motion, shallow depth of field. No on-screen text, subtitles, captions, logos or watermarks; no distorted or extra faces/limbs; documentary realism, not cartoonish or AI-looking.","on-screen text, subtitles, captions, watermarks, logos, brand names, distorted faces, extra limbs, cartoonish, CGI sheen, oversaturated, low quality",https://pub-d8970c901de34c218926ebf4be1ed09a.r2.dev/destinations/panaji.jpg,https://www.nakshiq.com/en/festivals/shigmo-goan-holi
c8dfcff2-f573-4701-9cdf-3ef28548bced,feast-of-st-francis-xavier,Feast of St Francis Xavier,Old Goa,goa,12,December,December 3,obscure,no,db-description,"Annual feast at Basilica of Bom Jesus honoring St Francis Xavier. Once every 10 years, the saint's body is displayed (last 2014). The December 3 feast draws hundreds of thousands.","Cinematic documentary-style video, 16:9, 6–8 seconds, authentic real-footage look, of the Feast of St Francis Xavier festival as celebrated in Old Goa, Goa. Celebration: Annual feast at Basilica of Bom Jesus honoring St Francis Xavier. Once every 10 years, the saint's body is displayed (last 2014). The December 3 feast draws hundreds of thousands.. cold winter light, long shadows; show real people, actual rituals, decorations and crowds with genuine festive energy; vibrant true-to-life colour, natural handheld motion, shallow depth of field. No on-screen text, subtitles, captions, logos or watermarks; no distorted or extra faces/limbs; documentary realism, not cartoonish or AI-looking.","on-screen text, subtitles, captions, watermarks, logos, brand names, distorted faces, extra limbs, cartoonish, CGI sheen, oversaturated, low quality",https://pub-d8970c901de34c218926ebf4be1ed09a.r2.dev/destinations/old-goa.jpg,https://www.nakshiq.com/en/festivals/feast-of-st-francis-xavier
470e4c91-0005-491d-bc9d-83d851ddf709,sunburn-festival,Sunburn Festival,Calangute-Baga,goa,12,December,December (3 days),obscure,no,db-description,"Asia's largest electronic dance music festival. International DJs, multiple stages, held in North Goa. Tickets sell out months ahead.","Cinematic documentary-style video, 16:9, 6–8 seconds, authentic real-footage look, of the Sunburn Festival as celebrated in Calangute-Baga, Goa. Celebration: Asia's largest electronic dance music festival. International DJs, multiple stages, held in North Goa. Tickets sell out months ahead.. cold winter light, long shadows; show real people, actual rituals, decorations and crowds with genuine festive energy; vibrant true-to-life colour, natural handheld motion, shallow depth of field. No on-screen text, subtitles, captions, logos or watermarks; no distorted or extra faces/limbs; documentary realism, not cartoonish or AI-looking.","on-screen text, subtitles, captions, watermarks, logos, brand names, distorted faces, extra limbs, cartoonish, CGI sheen, oversaturated, low quality",https://pub-d8970c901de34c218926ebf4be1ed09a.r2.dev/destinations/calangute-baga.jpg,https://www.nakshiq.com/en/festivals/sunburn-festival
e674a234-51f4-46c1-950d-da7cf00879eb,bonderam-festival,Bonderam Festival,Chorao & Divar Islands,goa,8,August,4th Saturday of August,colonial-christian,no,db-description,"Divar Island's unique flag festival — villagers parade with colourful flags, folk music, boat races, and traditional food. Tiny island event with huge local character.","Cinematic documentary-style video, 16:9, 6–8 seconds, authentic real-footage look, of the Bonderam Festival as celebrated in Chorao & Divar Islands, Goa. Celebration: Divar Island's unique flag festival — villagers parade with colourful flags, folk music, boat races, and traditional food. Tiny island event with huge local character.. Key visuals: decorated church and street lights, carols and parades, midnight-mass crowds, festive lights and stars. monsoon light, lush greens; show real people, actual rituals, decorations and crowds with genuine festive energy; vibrant true-to-life colour, natural handheld motion, shallow depth of field. No on-screen text, subtitles, captions, logos or watermarks; no distorted or extra faces/limbs; documentary realism, not cartoonish or AI-looking.","on-screen text, subtitles, captions, watermarks, logos, brand names, distorted faces, extra limbs, cartoonish, CGI sheen, oversaturated, low quality",https://pub-d8970c901de34c218926ebf4be1ed09a.r2.dev/destinations/chorao-divar.jpg,https://www.nakshiq.com/en/festivals/bonderam-festival
e81969dc-ba1a-46ff-b66c-6f499a6f5996,sao-joao-festival,Sao Joao Festival,Palolem,goa,6,June,June 24 (St John's Day),obscure,no,db-description,"Goa's monsoon festival — young men jump into wells and rivers wearing crowns of fruit and flowers. Boat parades, feni drinking, and rain celebrations.","Cinematic documentary-style video, 16:9, 6–8 seconds, authentic real-footage look, of the Sao Joao Festival as celebrated in Palolem, Goa. Celebration: Goa's monsoon festival — young men jump into wells and rivers wearing crowns of fruit and flowers. Boat parades, feni drinking, and rain celebrations.. early-monsoon overcast, fresh greens; show real people, actual rituals, decorations and crowds with genuine festive energy; vibrant true-to-life colour, natural handheld motion, shallow depth of field. No on-screen text, subtitles, captions, logos or watermarks; no distorted or extra faces/limbs; documentary realism, not cartoonish or AI-looking.","on-screen text, subtitles, captions, watermarks, logos, brand names, distorted faces, extra limbs, cartoonish, CGI sheen, oversaturated, low quality",https://pub-d8970c901de34c218926ebf4be1ed09a.r2.dev/destinations/palolem.jpg,https://www.nakshiq.com/en/festivals/sao-joao-festival
31a96eca-9667-4e35-b6e0-3d551f2e21e4,mysore-dasara,Mysore Dasara,Mysore,karnataka,10,October,September-October (10 days ending Vijayadashami),dasara-mysore,no,db-description,"Grand 10-day festival with illuminated Mysore Palace, cultural performances, torchlight parade, and the famous Jamboo Savari procession with a golden howdah on a decorated elephant.","Cinematic documentary-style video, 16:9, 6–8 seconds, authentic real-footage look, of the Mysore Dasara as celebrated in Mysore, Karnataka. Celebration: Grand 10-day festival with illuminated Mysore Palace, cultural performances, torchlight parade, and the famous Jamboo Savari procession with a golden howdah on a decorated elephant.. Key visuals: caparisoned elephants carrying golden howdahs in the Jamboo Savari procession, the illuminated palace ablaze with lights. golden autumn light; show real people, actual rituals, decorations and crowds with genuine festive energy; vibrant true-to-life colour, natural handheld motion, shallow depth of field. No on-screen text, subtitles, captions, logos or watermarks; no distorted or extra faces/limbs; documentary realism, not cartoonish or AI-looking.","on-screen text, subtitles, captions, watermarks, logos, brand names, distorted faces, extra limbs, cartoonish, CGI sheen, oversaturated, low quality",https://pub-d8970c901de34c218926ebf4be1ed09a.r2.dev/destinations/mysore.jpg,https://www.nakshiq.com/en/festivals/mysore-dasara
7179e2d6-e1b1-41d5-a75f-deade19b18c0,mysore-dasara-exhibition,Mysore Dasara Exhibition,Mysore,karnataka,10,October,September-October (runs 45 days),dasara-mysore,no,db-description,"Massive trade fair and amusement ground at the Exhibition Grounds. Giant wheel, food stalls, handicrafts. Running since 1880.","Cinematic documentary-style video, 16:9, 6–8 seconds, authentic real-footage look, of the Mysore Dasara Exhibition as celebrated in Mysore, Karnataka. Celebration: Massive trade fair and amusement ground at the Exhibition Grounds. Giant wheel, food stalls, handicrafts. Running since 1880.. Key visuals: caparisoned elephants carrying golden howdahs in the Jamboo Savari procession, the illuminated palace ablaze with lights. golden autumn light; show real people, actual rituals, decorations and crowds with genuine festive energy; vibrant true-to-life colour, natural handheld motion, shallow depth of field. No on-screen text, subtitles, captions, logos or watermarks; no distorted or extra faces/limbs; documentary realism, not cartoonish or AI-looking.","on-screen text, subtitles, captions, watermarks, logos, brand names, distorted faces, extra limbs, cartoonish, CGI sheen, oversaturated, low quality",https://pub-d8970c901de34c218926ebf4be1ed09a.r2.dev/destinations/mysore.jpg,https://www.nakshiq.com/en/festivals/mysore-dasara-exhibition
f2f73bb0-7745-4bb5-9fd9-d954bb6107c4,hampi-utsav-vijaya-utsav,Hampi Utsav (Vijaya Utsav),Hampi,karnataka,11,November,First week of November (3 days),obscure,no,db-description,"Cultural festival recreating the grandeur of the Vijayanagara empire. Puppet shows, classical dance, music concerts, fireworks against the boulder landscape.","Cinematic documentary-style video, 16:9, 6–8 seconds, authentic real-footage look, of the Hampi Utsav (Vijaya Utsav) as celebrated in Hampi, Karnataka. Celebration: Cultural festival recreating the grandeur of the Vijayanagara empire. Puppet shows, classical dance, music concerts, fireworks against the boulder landscape.. cool early-winter light; show real people, actual rituals, decorations and crowds with genuine festive energy; vibrant true-to-life colour, natural handheld motion, shallow depth of field. No on-screen text, subtitles, captions, logos or watermarks; no distorted or extra faces/limbs; documentary realism, not cartoonish or AI-looking.","on-screen text, subtitles, captions, watermarks, logos, brand names, distorted faces, extra limbs, cartoonish, CGI sheen, oversaturated, low quality",https://pub-d8970c901de34c218926ebf4be1ed09a.r2.dev/destinations/hampi.jpg,https://www.nakshiq.com/en/festivals/hampi-utsav-vijaya-utsav
5e65175c-8075-43b9-84f2-a5c1c0270957,karaga-festival,Karaga Festival,Bengaluru,karnataka,4,April,March-April (9 nights),obscure,no,db-description,Ancient Dravidian festival where a priest carries a flower-decked pot on his head through old Bangalore streets all night. Sword-bearing Vahnikula Kshatriya warriors escort. Thousands follow.,"Cinematic documentary-style video, 16:9, 6–8 seconds, authentic real-footage look, of the Karaga Festival as celebrated in Bengaluru, Karnataka. Celebration: Ancient Dravidian festival where a priest carries a flower-decked pot on his head through old Bangalore streets all night. Sword-bearing Vahnikula Kshatriya warriors escort. Thousands follow.. warm pre-summer light; show real people, actual rituals, decorations and crowds with genuine festive energy; vibrant true-to-life colour, natural handheld motion, shallow depth of field. No on-screen text, subtitles, captions, logos or watermarks; no distorted or extra faces/limbs; documentary realism, not cartoonish or AI-looking.","on-screen text, subtitles, captions, watermarks, logos, brand names, distorted faces, extra limbs, cartoonish, CGI sheen, oversaturated, low quality",https://pub-d8970c901de34c218926ebf4be1ed09a.r2.dev/destinations/bengaluru.jpg,https://www.nakshiq.com/en/festivals/karaga-festival
5e26ecf9-9fbc-44f8-922a-29f8f5639b47,kadalekai-parishe-groundnut-fair,Kadalekai Parishe (Groundnut Fair),Bengaluru,karnataka,11,November,"Late November (1 day, full moon)",obscure,no,db-description,Massive groundnut fair at Bull Temple Road. Farmers offer the first harvest of groundnuts to Nandi. Heaps of fresh groundnuts sold. Street food carnival.,"Cinematic documentary-style video, 16:9, 6–8 seconds, authentic real-footage look, of the Kadalekai Parishe (Groundnut Fair) as celebrated in Bengaluru, Karnataka. Celebration: Massive groundnut fair at Bull Temple Road. Farmers offer the first harvest of groundnuts to Nandi. Heaps of fresh groundnuts sold. Street food carnival.. cool early-winter light; show real people, actual rituals, decorations and crowds with genuine festive energy; vibrant true-to-life colour, natural handheld motion, shallow depth of field. No on-screen text, subtitles, captions, logos or watermarks; no distorted or extra faces/limbs; documentary realism, not cartoonish or AI-looking.","on-screen text, subtitles, captions, watermarks, logos, brand names, distorted faces, extra limbs, cartoonish, CGI sheen, oversaturated, low quality",https://pub-d8970c901de34c218926ebf4be1ed09a.r2.dev/destinations/bengaluru.jpg,https://www.nakshiq.com/en/festivals/kadalekai-parishe-groundnut-fair
9c2e5858-6b0a-4ab6-ae49-9cc5bc71ce85,kambala-buffalo-race,Kambala (Buffalo Race),Mangalore,karnataka,12,December,November-March (multiple events),obscure,no,db-description,Traditional buffalo race in waterlogged paddy fields. Jockeys sprint behind pairs of buffaloes at incredible speed. Now has a professional circuit with prizes.,"Cinematic documentary-style video, 16:9, 6–8 seconds, authentic real-footage look, of the Kambala (Buffalo Race) festival as celebrated in Mangalore, Karnataka. Celebration: Traditional buffalo race in waterlogged paddy fields. Jockeys sprint behind pairs of buffaloes at incredible speed. Now has a professional circuit with prizes.. cold winter light, long shadows; show real people, actual rituals, decorations and crowds with genuine festive energy; vibrant true-to-life colour, natural handheld motion, shallow depth of field. No on-screen text, subtitles, captions, logos or watermarks; no distorted or extra faces/limbs; documentary realism, not cartoonish or AI-looking.","on-screen text, subtitles, captions, watermarks, logos, brand names, distorted faces, extra limbs, cartoonish, CGI sheen, oversaturated, low quality",https://pub-d8970c901de34c218926ebf4be1ed09a.r2.dev/destinations/mangalore.jpg,https://www.nakshiq.com/en/festivals/kambala-buffalo-race
322a6a67-22a4-4679-9305-7179b165766a,paryaya-festival,Paryaya Festival,Udupi,karnataka,1,January,"January (every 2 years, even years)",obscure,no,db-description,"Grand procession marking the transfer of leadership of the Krishna Mutt between 8 mathas. Elephant processions, music, lakhs of devotees.","Cinematic documentary-style video, 16:9, 6–8 seconds, authentic real-footage look, of the Paryaya Festival as celebrated in Udupi, Karnataka. Celebration: Grand procession marking the transfer of leadership of the Krishna Mutt between 8 mathas. Elephant processions, music, lakhs of devotees.. crisp winter daylight; show real people, actual rituals, decorations and crowds with genuine festive energy; vibrant true-to-life colour, natural handheld motion, shallow depth of field. No on-screen text, subtitles, captions, logos or watermarks; no distorted or extra faces/limbs; documentary realism, not cartoonish or AI-looking.","on-screen text, subtitles, captions, watermarks, logos, brand names, distorted faces, extra limbs, cartoonish, CGI sheen, oversaturated, low quality",https://pub-d8970c901de34c218926ebf4be1ed09a.r2.dev/destinations/udupi.jpg,https://www.nakshiq.com/en/festivals/paryaya-festival
20281549-3fae-40d4-afb7-050fcbebc0a9,vairamudi-festival,Vairamudi Festival,Belur,karnataka,4,April,March-April (3 days),obscure,no,db-description,Diamond-studded crown placed on the Chennakesava idol. Grand procession through Belur town with the jeweled deity.,"Cinematic documentary-style video, 16:9, 6–8 seconds, authentic real-footage look, of the Vairamudi Festival as celebrated in Belur, Karnataka. Celebration: Diamond-studded crown placed on the Chennakesava idol. Grand procession through Belur town with the jeweled deity.. warm pre-summer light; show real people, actual rituals, decorations and crowds with genuine festive energy; vibrant true-to-life colour, natural handheld motion, shallow depth of field. No on-screen text, subtitles, captions, logos or watermarks; no distorted or extra faces/limbs; documentary realism, not cartoonish or AI-looking.","on-screen text, subtitles, captions, watermarks, logos, brand names, distorted faces, extra limbs, cartoonish, CGI sheen, oversaturated, low quality",https://pub-d8970c901de34c218926ebf4be1ed09a.r2.dev/destinations/belur.jpg,https://www.nakshiq.com/en/festivals/vairamudi-festival
9cc56834-5d71-4632-a8d6-ac6509b07165,banashankari-temple-fair,Banashankari Temple Fair,Badami,karnataka,2,February,January-February (during Ratha Saptami),obscure,no,db-description,"Chariot procession and temple fair at the ancient Banashankari Amma Temple. Folk performances, rural market, devotional music.","Cinematic documentary-style video, 16:9, 6–8 seconds, authentic real-footage look, of the Banashankari Temple Fair as celebrated in Badami, Karnataka. Celebration: Chariot procession and temple fair at the ancient Banashankari Amma Temple. Folk performances, rural market, devotional music.. clear late-winter light; show real people, actual rituals, decorations and crowds with genuine festive energy; vibrant true-to-life colour, natural handheld motion, shallow depth of field. No on-screen text, subtitles, captions, logos or watermarks; no distorted or extra faces/limbs; documentary realism, not cartoonish or AI-looking.","on-screen text, subtitles, captions, watermarks, logos, brand names, distorted faces, extra limbs, cartoonish, CGI sheen, oversaturated, low quality",https://pub-d8970c901de34c218926ebf4be1ed09a.r2.dev/destinations/badami.jpg,https://www.nakshiq.com/en/festivals/banashankari-temple-fair
3d6b7e66-0496-44fe-9079-d4c7f811843e,cauvery-sankriti-tula-sankramana,Cauvery Sankriti (Tula Sankramana),Coorg (Kodagu),karnataka,10,October,October 17-18,obscure,no,db-description,Sacred spring of the Cauvery River at Talacauvery erupts at a predicted moment. Thousands witness the Theerthodbhava. Pilgrims bathe in the sacred waters.,"Cinematic documentary-style video, 16:9, 6–8 seconds, authentic real-footage look, of the Cauvery Sankriti (Tula Sankramana) festival as celebrated in Coorg (Kodagu), Karnataka. Celebration: Sacred spring of the Cauvery River at Talacauvery erupts at a predicted moment. Thousands witness the Theerthodbhava. Pilgrims bathe in the sacred waters.. golden autumn light; show real people, actual rituals, decorations and crowds with genuine festive energy; vibrant true-to-life colour, natural handheld motion, shallow depth of field. No on-screen text, subtitles, captions, logos or watermarks; no distorted or extra faces/limbs; documentary realism, not cartoonish or AI-looking.","on-screen text, subtitles, captions, watermarks, logos, brand names, distorted faces, extra limbs, cartoonish, CGI sheen, oversaturated, low quality",https://pub-d8970c901de34c218926ebf4be1ed09a.r2.dev/destinations/coorg.jpg,https://www.nakshiq.com/en/festivals/cauvery-sankriti-tula-sankramana
c5890ac6-532a-4188-a945-ef1395c2fd22,siddheshwara-jatre,Siddheshwara Jatre,Bijapur (Vijayapura),karnataka,12,December,December (5 days),obscure,no,db-description,"Massive religious fair at the Siddheshwara Temple. One of the largest jatres in North Karnataka. Ferris wheels, folk theatre, Lingayat devotional gatherings.","Cinematic documentary-style video, 16:9, 6–8 seconds, authentic real-footage look, of the Siddheshwara Jatre festival as celebrated in Bijapur (Vijayapura), Karnataka. Celebration: Massive religious fair at the Siddheshwara Temple. One of the largest jatres in North Karnataka. Ferris wheels, folk theatre, Lingayat devotional gatherings.. cold winter light, long shadows; show real people, actual rituals, decorations and crowds with genuine festive energy; vibrant true-to-life colour, natural handheld motion, shallow depth of field. No on-screen text, subtitles, captions, logos or watermarks; no distorted or extra faces/limbs; documentary realism, not cartoonish or AI-looking.","on-screen text, subtitles, captions, watermarks, logos, brand names, distorted faces, extra limbs, cartoonish, CGI sheen, oversaturated, low quality",https://pub-d8970c901de34c218926ebf4be1ed09a.r2.dev/destinations/bijapur.jpg,https://www.nakshiq.com/en/festivals/siddheshwara-jatre
94ab208a-b7c8-4176-956f-6bb78c021339,pattadakal-dance-festival,Pattadakal Dance Festival,Pattadakal,karnataka,2,February,January-February (3 days),obscure,no,db-description,"Classical dance performances at the UNESCO World Heritage temple complex. Bharatanatyam, Kathak, Odissi against the backdrop of 7th-century Chalukyan temples.","Cinematic documentary-style video, 16:9, 6–8 seconds, authentic real-footage look, of the Pattadakal Dance Festival as celebrated in Pattadakal, Karnataka. Celebration: Classical dance performances at the UNESCO World Heritage temple complex. Bharatanatyam, Kathak, Odissi against the backdrop of 7th-century Chalukyan temples.. clear late-winter light; show real people, actual rituals, decorations and crowds with genuine festive energy; vibrant true-to-life colour, natural handheld motion, shallow depth of field. No on-screen text, subtitles, captions, logos or watermarks; no distorted or extra faces/limbs; documentary realism, not cartoonish or AI-looking.","on-screen text, subtitles, captions, watermarks, logos, brand names, distorted faces, extra limbs, cartoonish, CGI sheen, oversaturated, low quality",https://pub-d8970c901de34c218926ebf4be1ed09a.r2.dev/destinations/pattadakal.jpg,https://www.nakshiq.com/en/festivals/pattadakal-dance-festival
412cae0f-57f4-409b-b8d6-910d321aad6e,mahamastakabhisheka,Mahamastakabhisheka,Shravanabelagola,karnataka,2,February,Once every 12 years (next: ~2030),obscure,no,db-description,"Grand anointment of the 57-foot Gommateshwara statue with milk, saffron, coconut water, and sandalwood. Millions attend. Visible from kilometers away.","Cinematic documentary-style video, 16:9, 6–8 seconds, authentic real-footage look, of the Mahamastakabhisheka festival as celebrated in Shravanabelagola, Karnataka. Celebration: Grand anointment of the 57-foot Gommateshwara statue with milk, saffron, coconut water, and sandalwood. Millions attend. Visible from kilometers away.. clear late-winter light; show real people, actual rituals, decorations and crowds with genuine festive energy; vibrant true-to-life colour, natural handheld motion, shallow depth of field. No on-screen text, subtitles, captions, logos or watermarks; no distorted or extra faces/limbs; documentary realism, not cartoonish or AI-looking.","on-screen text, subtitles, captions, watermarks, logos, brand names, distorted faces, extra limbs, cartoonish, CGI sheen, oversaturated, low quality",https://pub-d8970c901de34c218926ebf4be1ed09a.r2.dev/destinations/shravanabelagola.jpg,https://www.nakshiq.com/en/festivals/mahamastakabhisheka
ab093f11-4451-4d26-86db-34f3f5943dbc,laksha-deepotsava,Laksha Deepotsava,Dharmasthala,karnataka,11,November,November (5 days),diwali,yes,db-description,"Festival of a lakh (100,000) lamps lit around the Dharmasthala temple complex. Cultural programs, mass feeding of pilgrims (Annadaana).","Cinematic documentary-style video, 16:9, 6–8 seconds, authentic real-footage look, of the Laksha Deepotsava festival as celebrated in Dharmasthala, Karnataka. Celebration: Festival of a lakh (100,000) lamps lit around the Dharmasthala temple complex. Cultural programs, mass feeding of pilgrims (Annadaana).. Key visuals: rows of lit clay oil-diyas and lantern light, colourful rangoli, families lighting lamps, fireworks over rooftops at night. cool early-winter light; show real people, actual rituals, decorations and crowds with genuine festive energy; vibrant true-to-life colour, natural handheld motion, shallow depth of field. No on-screen text, subtitles, captions, logos or watermarks; no distorted or extra faces/limbs; documentary realism, not cartoonish or AI-looking.","on-screen text, subtitles, captions, watermarks, logos, brand names, distorted faces, extra limbs, cartoonish, CGI sheen, oversaturated, low quality",https://pub-d8970c901de34c218926ebf4be1ed09a.r2.dev/destinations/dharmasthala.jpg,https://www.nakshiq.com/en/festivals/laksha-deepotsava
fd725b5a-7ba3-4a3b-9f6f-d2717ff97b95,shivratri-at-mahabaleshwar-temple,Shivratri at Mahabaleshwar Temple,Gokarna,karnataka,3,March,February-March (1 night),shivaratri,yes,db-description,"All-night vigil at the ancient Mahabaleshwar Temple housing the Atmalinga. Beach bonfires, temple rituals, pilgrims from across Karnataka.","Cinematic documentary-style video, 16:9, 6–8 seconds, authentic real-footage look, of the Shivratri at Mahabaleshwar Temple festival as celebrated in Gokarna, Karnataka. Celebration: All-night vigil at the ancient Mahabaleshwar Temple housing the Atmalinga. Beach bonfires, temple rituals, pilgrims from across Karnataka.. Key visuals: night-long temple vigil — oil lamps and aarti flames before a Shiva shrine, bel leaves and milk offerings, chanting crowds, processions. warm spring light; show real people, actual rituals, decorations and crowds with genuine festive energy; vibrant true-to-life colour, natural handheld motion, shallow depth of field. No on-screen text, subtitles, captions, logos or watermarks; no distorted or extra faces/limbs; documentary realism, not cartoonish or AI-looking.","on-screen text, subtitles, captions, watermarks, logos, brand names, distorted faces, extra limbs, cartoonish, CGI sheen, oversaturated, low quality",https://pub-d8970c901de34c218926ebf4be1ed09a.r2.dev/destinations/gokarna.jpg,https://www.nakshiq.com/en/festivals/shivratri-at-mahabaleshwar-temple
36cd3a66-f157-4c4a-aa33-78b9994ac301,coffee-blossom-festival,Coffee Blossom Festival,Chikmagalur,karnataka,3,March,March (weekend event),obscure,no,db-description,"Celebrating the coffee blossom season when plantations turn white with flowers. Plantation walks, cupping sessions, folk music, local Malnad cuisine stalls.","Cinematic documentary-style video, 16:9, 6–8 seconds, authentic real-footage look, of the Coffee Blossom Festival as celebrated in Chikmagalur, Karnataka. Celebration: Celebrating the coffee blossom season when plantations turn white with flowers. Plantation walks, cupping sessions, folk music, local Malnad cuisine stalls.. warm spring light; show real people, actual rituals, decorations and crowds with genuine festive energy; vibrant true-to-life colour, natural handheld motion, shallow depth of field. No on-screen text, subtitles, captions, logos or watermarks; no distorted or extra faces/limbs; documentary realism, not cartoonish or AI-looking.","on-screen text, subtitles, captions, watermarks, logos, brand names, distorted faces, extra limbs, cartoonish, CGI sheen, oversaturated, low quality",https://pub-d8970c901de34c218926ebf4be1ed09a.r2.dev/destinations/chikmagalur.jpg,https://www.nakshiq.com/en/festivals/coffee-blossom-festival
3f9f4a49-6a56-4291-861c-5a6e3093b5ca,maha-shivratri-at-murudeshwar,Maha Shivratri at Murudeshwar,Murudeshwar,karnataka,3,March,February-March,shivaratri,yes,db-description,"Massive celebration at the 123-foot Shiva statue. Night-long rituals, beach processions, illuminated temple gopuram visible from the sea.","Cinematic documentary-style video, 16:9, 6–8 seconds, authentic real-footage look, of the Maha Shivratri at Murudeshwar festival as celebrated in Murudeshwar, Karnataka. Celebration: Massive celebration at the 123-foot Shiva statue. Night-long rituals, beach processions, illuminated temple gopuram visible from the sea.. Key visuals: night-long temple vigil — oil lamps and aarti flames before a Shiva shrine, bel leaves and milk offerings, chanting crowds, processions. warm spring light; show real people, actual rituals, decorations and crowds with genuine festive energy; vibrant true-to-life colour, natural handheld motion, shallow depth of field. No on-screen text, subtitles, captions, logos or watermarks; no distorted or extra faces/limbs; documentary realism, not cartoonish or AI-looking.","on-screen text, subtitles, captions, watermarks, logos, brand names, distorted faces, extra limbs, cartoonish, CGI sheen, oversaturated, low quality",https://pub-d8970c901de34c218926ebf4be1ed09a.r2.dev/destinations/murudeshwar.jpg,https://www.nakshiq.com/en/festivals/maha-shivratri-at-murudeshwar
18326a2f-d206-4f58-a1ce-fceebcf46a27,nehru-trophy-boat-race,Nehru Trophy Boat Race,Alleppey (Alappuzha),kerala,8,August,Second Saturday of August,onam-boatrace,yes,db-description,The most spectacular water sport in India. 100-foot long snake boats (chundan vallam) with 100+ rowers race on Punnamada Lake. Thousands watch from the shore and boats. The finish is thunderous.,"Cinematic documentary-style video, 16:9, 6–8 seconds, authentic real-footage look, of the Nehru Trophy Boat Race festival as celebrated in Alleppey (Alappuzha), Kerala. Celebration: The most spectacular water sport in India. 100-foot long snake boats (chundan vallam) with 100+ rowers race on Punnamada Lake. Thousands watch from the shore and boats. The finish is thunderous.. Key visuals: long snake-boats with dozens of rowers paddling in perfect sync, helmsman urging them on, cheering crowds along the backwater; pookalam flower carpets. monsoon light, lush greens; show real people, actual rituals, decorations and crowds with genuine festive energy; vibrant true-to-life colour, natural handheld motion, shallow depth of field. No on-screen text, subtitles, captions, logos or watermarks; no distorted or extra faces/limbs; documentary realism, not cartoonish or AI-looking.","on-screen text, subtitles, captions, watermarks, logos, brand names, distorted faces, extra limbs, cartoonish, CGI sheen, oversaturated, low quality",https://pub-d8970c901de34c218926ebf4be1ed09a.r2.dev/destinations/alleppey.jpg,https://www.nakshiq.com/en/festivals/nehru-trophy-boat-race
92d79365-2738-489e-b82b-61b227d37790,alleppey-houseboat-onam,Alleppey Houseboat Onam,Alleppey (Alappuzha),kerala,9,September,August-September (10 days),onam-boatrace,yes,db-description,"Onam celebrations on houseboats — special Onasadya (feast of 26+ dishes on banana leaf) served aboard kettuvallam. Decorated boats, Thiruvathira dance on deck.","Cinematic documentary-style video, 16:9, 6–8 seconds, authentic real-footage look, of the Alleppey Houseboat Onam festival as celebrated in Alleppey (Alappuzha), Kerala. Celebration: Onam celebrations on houseboats — special Onasadya (feast of 26+ dishes on banana leaf) served aboard kettuvallam. Decorated boats, Thiruvathira dance on deck.. Key visuals: long snake-boats with dozens of rowers paddling in perfect sync, helmsman urging them on, cheering crowds along the backwater; pookalam flower carpets. clear post-monsoon light; show real people, actual rituals, decorations and crowds with genuine festive energy; vibrant true-to-life colour, natural handheld motion, shallow depth of field. No on-screen text, subtitles, captions, logos or watermarks; no distorted or extra faces/limbs; documentary realism, not cartoonish or AI-looking.","on-screen text, subtitles, captions, watermarks, logos, brand names, distorted faces, extra limbs, cartoonish, CGI sheen, oversaturated, low quality",https://pub-d8970c901de34c218926ebf4be1ed09a.r2.dev/destinations/alleppey.jpg,https://www.nakshiq.com/en/festivals/alleppey-houseboat-onam
06e1c7ea-59f1-437c-9e86-c0c28117bdf3,thrissur-pooram,Thrissur Pooram,Thrissur,kerala,4,April,"April-May (one day, full moon)",thrissur-pooram,no,db-description,India's greatest temple festival. 100 caparisoned elephants face off in two groups at Vadakkunnathan Temple. Panchavadyam percussion orchestras of 200+ musicians. Competitive fireworks lasting 3+ hours through the night. 1 million+ spectators.,"Cinematic documentary-style video, 16:9, 6–8 seconds, authentic real-footage look, of the Thrissur Pooram as celebrated in Thrissur, Kerala. Celebration: India's greatest temple festival. 100 caparisoned elephants face off in two groups at Vadakkunnathan Temple. Panchavadyam percussion orchestras of 200+ musicians. Competitive fireworks lasting 3+ hours through the night. 1 million+ spectators.. Key visuals: a grand line of caparisoned elephants with golden caparisons and ceremonial parasols, panchavadyam percussion, huge temple crowd. warm pre-summer light; show real people, actual rituals, decorations and crowds with genuine festive energy; vibrant true-to-life colour, natural handheld motion, shallow depth of field. No on-screen text, subtitles, captions, logos or watermarks; no distorted or extra faces/limbs; documentary realism, not cartoonish or AI-looking.","on-screen text, subtitles, captions, watermarks, logos, brand names, distorted faces, extra limbs, cartoonish, CGI sheen, oversaturated, low quality",https://pub-d8970c901de34c218926ebf4be1ed09a.r2.dev/destinations/thrissur.jpg,https://www.nakshiq.com/en/festivals/thrissur-pooram
938c2e8b-8418-4256-a871-dfb7b6ed4b25,kochi-muziris-biennale,Kochi-Muziris Biennale,Kochi (Fort Kochi),kerala,12,December,December to March (3 months),obscure,no,db-description,"Asia's largest contemporary art exhibition. Fort Kochi transforms into an open-air gallery — warehouses, heritage buildings, and public spaces become art venues. International and Indian artists.","Cinematic documentary-style video, 16:9, 6–8 seconds, authentic real-footage look, of the Kochi-Muziris Biennale festival as celebrated in Kochi (Fort Kochi), Kerala. Celebration: Asia's largest contemporary art exhibition. Fort Kochi transforms into an open-air gallery — warehouses, heritage buildings, and public spaces become art venues. International and Indian artists.. cold winter light, long shadows; show real people, actual rituals, decorations and crowds with genuine festive energy; vibrant true-to-life colour, natural handheld motion, shallow depth of field. No on-screen text, subtitles, captions, logos or watermarks; no distorted or extra faces/limbs; documentary realism, not cartoonish or AI-looking.","on-screen text, subtitles, captions, watermarks, logos, brand names, distorted faces, extra limbs, cartoonish, CGI sheen, oversaturated, low quality",https://pub-d8970c901de34c218926ebf4be1ed09a.r2.dev/destinations/kochi.jpg,https://www.nakshiq.com/en/festivals/kochi-muziris-biennale
0ef977cb-d15a-46af-8d01-e6a279b427d7,cochin-carnival,Cochin Carnival,Kochi (Fort Kochi),kerala,12,December,December 25 - January 1 (week-long),obscure,no,db-description,"Fort Kochi's Christmas-New Year festival. Beach sports, music, food stalls, art exhibitions, and the famous burning of Pappanji (old year effigy) on New Year's Eve. Colonial-era tradition.","Cinematic documentary-style video, 16:9, 6–8 seconds, authentic real-footage look, of the Cochin Carnival as celebrated in Kochi (Fort Kochi), Kerala. Celebration: Fort Kochi's Christmas-New Year festival. Beach sports, music, food stalls, art exhibitions, and the famous burning of Pappanji (old year effigy) on New Year's Eve. Colonial-era tradition.. cold winter light, long shadows; show real people, actual rituals, decorations and crowds with genuine festive energy; vibrant true-to-life colour, natural handheld motion, shallow depth of field. No on-screen text, subtitles, captions, logos or watermarks; no distorted or extra faces/limbs; documentary realism, not cartoonish or AI-looking.","on-screen text, subtitles, captions, watermarks, logos, brand names, distorted faces, extra limbs, cartoonish, CGI sheen, oversaturated, low quality",https://pub-d8970c901de34c218926ebf4be1ed09a.r2.dev/destinations/kochi.jpg,https://www.nakshiq.com/en/festivals/cochin-carnival
d15733f1-d1fd-4a11-82fc-7eec5c819313,theyyam-season,Theyyam Season,Kannur,kerala,11,November,November to May (6 months),theyyam,no,db-description,"Kerala's most electrifying ritual art. Performers transform into deities with elaborate costumes, face paint, and towering headgear. Enter trance states and perform superhuman feats. Hundreds of different Theyyam forms across North Kerala temples.","Cinematic documentary-style video, 16:9, 6–8 seconds, authentic real-footage look, of the Theyyam Season festival as celebrated in Kannur, Kerala. Celebration: Kerala's most electrifying ritual art. Performers transform into deities with elaborate costumes, face paint, and towering headgear. Enter trance states and perform superhuman feats. Hundreds of different Theyyam forms across North Kerala temples.. Key visuals: a Theyyam performer in towering headdress and red costume with painted face, ringed by fire, drums building, awed villagers. cool early-winter light; show real people, actual rituals, decorations and crowds with genuine festive energy; vibrant true-to-life colour, natural handheld motion, shallow depth of field. No on-screen text, subtitles, captions, logos or watermarks; no distorted or extra faces/limbs; documentary realism, not cartoonish or AI-looking.","on-screen text, subtitles, captions, watermarks, logos, brand names, distorted faces, extra limbs, cartoonish, CGI sheen, oversaturated, low quality",https://pub-d8970c901de34c218926ebf4be1ed09a.r2.dev/destinations/kannur.jpg,https://www.nakshiq.com/en/festivals/theyyam-season
189f32db-deae-4d25-a4ad-05d3b6294a17,wayanad-food-festival,Wayanad Food Festival,Wayanad,kerala,12,December,December (3 days),obscure,no,db-description,"Celebration of Malabar and tribal cuisine. Bamboo rice dishes, wild honey tastings, tribal cooking demonstrations, spice garden tours, and cook-offs.","Cinematic documentary-style video, 16:9, 6–8 seconds, authentic real-footage look, of the Wayanad Food Festival as celebrated in Wayanad, Kerala. Celebration: Celebration of Malabar and tribal cuisine. Bamboo rice dishes, wild honey tastings, tribal cooking demonstrations, spice garden tours, and cook-offs.. cold winter light, long shadows; show real people, actual rituals, decorations and crowds with genuine festive energy; vibrant true-to-life colour, natural handheld motion, shallow depth of field. No on-screen text, subtitles, captions, logos or watermarks; no distorted or extra faces/limbs; documentary realism, not cartoonish or AI-looking.","on-screen text, subtitles, captions, watermarks, logos, brand names, distorted faces, extra limbs, cartoonish, CGI sheen, oversaturated, low quality",https://pub-d8970c901de34c218926ebf4be1ed09a.r2.dev/destinations/wayanad.jpg,https://www.nakshiq.com/en/festivals/wayanad-food-festival
bd195538-dcff-44cc-92bb-bce770eb6e10,neelakurinji-bloom,Neelakurinji Bloom,Munnar,kerala,9,September,August-October (once every 12 years),flower-bloom,no,db-description,"The Neelakurinji flower (Strobilanthes kunthiana) blooms once every 12 years, covering entire hillsides in blue-purple. The last bloom was 2018, next expected around 2030. When it happens, it is one of nature's greatest spectacles.","Cinematic documentary-style video, 16:9, 6–8 seconds, authentic real-footage look, of the Neelakurinji Bloom festival as celebrated in Munnar, Kerala. Celebration: The Neelakurinji flower (Strobilanthes kunthiana) blooms once every 12 years, covering entire hillsides in blue-purple. The last bloom was 2018, next expected around 2030. When it happens, it is one of nature's greatest spectacles.. Key visuals: vast geometric beds of blooming flowers, visitors strolling the gardens, colour as far as the eye can see. clear post-monsoon light; show real people, actual rituals, decorations and crowds with genuine festive energy; vibrant true-to-life colour, natural handheld motion, shallow depth of field. No on-screen text, subtitles, captions, logos or watermarks; no distorted or extra faces/limbs; documentary realism, not cartoonish or AI-looking.","on-screen text, subtitles, captions, watermarks, logos, brand names, distorted faces, extra limbs, cartoonish, CGI sheen, oversaturated, low quality",https://pub-d8970c901de34c218926ebf4be1ed09a.r2.dev/destinations/munnar.jpg,https://www.nakshiq.com/en/festivals/neelakurinji-bloom
66f7a30e-d96d-4f1f-bebf-c2010955b36e,malabar-mahotsavam,Malabar Mahotsavam,Kozhikode (Calicut),kerala,1,January,January (3 days),obscure,no,db-description,"Cultural festival celebrating Malabar's heritage. Classical music, Kathakali, Mohiniyattam, Kalaripayattu, and a massive food festival featuring Malabar biryani and halwa competitions.","Cinematic documentary-style video, 16:9, 6–8 seconds, authentic real-footage look, of the Malabar Mahotsavam festival as celebrated in Kozhikode (Calicut), Kerala. Celebration: Cultural festival celebrating Malabar's heritage. Classical music, Kathakali, Mohiniyattam, Kalaripayattu, and a massive food festival featuring Malabar biryani and halwa competitions.. crisp winter daylight; show real people, actual rituals, decorations and crowds with genuine festive energy; vibrant true-to-life colour, natural handheld motion, shallow depth of field. No on-screen text, subtitles, captions, logos or watermarks; no distorted or extra faces/limbs; documentary realism, not cartoonish or AI-looking.","on-screen text, subtitles, captions, watermarks, logos, brand names, distorted faces, extra limbs, cartoonish, CGI sheen, oversaturated, low quality",https://pub-d8970c901de34c218926ebf4be1ed09a.r2.dev/destinations/kozhikode.jpg,https://www.nakshiq.com/en/festivals/malabar-mahotsavam
177c6157-33f7-4acf-b58b-6ce8ed8c3654,ashtamudi-craft-coir-festival,Ashtamudi Craft & Coir Festival,Kollam,kerala,2,February,February (5 days),obscure,no,db-description,"Festival celebrating Kollam's coir (coconut fibre) and cashew heritage. Coir craft demonstrations, boat races on Ashtamudi Lake, cashew tasting, local art exhibitions.","Cinematic documentary-style video, 16:9, 6–8 seconds, authentic real-footage look, of the Ashtamudi Craft & Coir Festival as celebrated in Kollam, Kerala. Celebration: Festival celebrating Kollam's coir (coconut fibre) and cashew heritage. Coir craft demonstrations, boat races on Ashtamudi Lake, cashew tasting, local art exhibitions.. clear late-winter light; show real people, actual rituals, decorations and crowds with genuine festive energy; vibrant true-to-life colour, natural handheld motion, shallow depth of field. No on-screen text, subtitles, captions, logos or watermarks; no distorted or extra faces/limbs; documentary realism, not cartoonish or AI-looking.","on-screen text, subtitles, captions, watermarks, logos, brand names, distorted faces, extra limbs, cartoonish, CGI sheen, oversaturated, low quality",https://pub-d8970c901de34c218926ebf4be1ed09a.r2.dev/destinations/kollam.jpg,https://www.nakshiq.com/en/festivals/ashtamudi-craft-coir-festival
aa89697f-84d4-4cff-9050-bd94705404ef,aranmula-boat-race,Aranmula Boat Race,Alleppey (Alappuzha),kerala,9,September,September (Onam period),onam-boatrace,yes,db-description,"The oldest boat race in Kerala, predating Nehru Trophy. Snake boats race on the Pamba River near Aranmula Parthasarathy Temple. More ritualistic and spiritual than the Nehru Trophy. Boats are never painted.","Cinematic documentary-style video, 16:9, 6–8 seconds, authentic real-footage look, of the Aranmula Boat Race festival as celebrated in Alleppey (Alappuzha), Kerala. Celebration: The oldest boat race in Kerala, predating Nehru Trophy. Snake boats race on the Pamba River near Aranmula Parthasarathy Temple. More ritualistic and spiritual than the Nehru Trophy. Boats are never painted.. Key visuals: long snake-boats with dozens of rowers paddling in perfect sync, helmsman urging them on, cheering crowds along the backwater; pookalam flower carpets. clear post-monsoon light; show real people, actual rituals, decorations and crowds with genuine festive energy; vibrant true-to-life colour, natural handheld motion, shallow depth of field. No on-screen text, subtitles, captions, logos or watermarks; no distorted or extra faces/limbs; documentary realism, not cartoonish or AI-looking.","on-screen text, subtitles, captions, watermarks, logos, brand names, distorted faces, extra limbs, cartoonish, CGI sheen, oversaturated, low quality",https://pub-d8970c901de34c218926ebf4be1ed09a.r2.dev/destinations/alleppey.jpg,https://www.nakshiq.com/en/festivals/aranmula-boat-race
6b4cc055-dfed-4e4e-8b65-c8677438458e,periyar-flower-show,Periyar Flower Show,Thekkady (Periyar),kerala,1,January,January (3 days),flower-bloom,no,db-description,"Annual flower exhibition at Periyar featuring Western Ghats endemic species, orchid displays, and spice flower collections. Held against the backdrop of Periyar Lake.","Cinematic documentary-style video, 16:9, 6–8 seconds, authentic real-footage look, of the Periyar Flower Show festival as celebrated in Thekkady (Periyar), Kerala. Celebration: Annual flower exhibition at Periyar featuring Western Ghats endemic species, orchid displays, and spice flower collections. Held against the backdrop of Periyar Lake.. Key visuals: vast geometric beds of blooming flowers, visitors strolling the gardens, colour as far as the eye can see. crisp winter daylight; show real people, actual rituals, decorations and crowds with genuine festive energy; vibrant true-to-life colour, natural handheld motion, shallow depth of field. No on-screen text, subtitles, captions, logos or watermarks; no distorted or extra faces/limbs; documentary realism, not cartoonish or AI-looking.","on-screen text, subtitles, captions, watermarks, logos, brand names, distorted faces, extra limbs, cartoonish, CGI sheen, oversaturated, low quality",https://pub-d8970c901de34c218926ebf4be1ed09a.r2.dev/destinations/thekkady.jpg,https://www.nakshiq.com/en/festivals/periyar-flower-show
2ff73362-df88-4cc9-bfbb-ac33423b650a,attukal-pongala,Attukal Pongala,Thiruvananthapuram (Trivandrum),kerala,3,March,February-March (1 day),harvest-sankranti,no,db-description,The world's largest gathering of women. Over 3 million women cook payasam (rice pudding) simultaneously on portable hearths lining the streets around Attukal Bhagavathy Temple. Guinness World Record holder.,"Cinematic documentary-style video, 16:9, 6–8 seconds, authentic real-footage look, of the Attukal Pongala festival as celebrated in Thiruvananthapuram (Trivandrum), Kerala. Celebration: The world's largest gathering of women. Over 3 million women cook payasam (rice pudding) simultaneously on portable hearths lining the streets around Attukal Bhagavathy Temple. Guinness World Record holder.. Key visuals: kite-filled skies and bonfires, harvest dances, boiling pongal pots, decorated cattle, fresh-cut fields. warm spring light; show real people, actual rituals, decorations and crowds with genuine festive energy; vibrant true-to-life colour, natural handheld motion, shallow depth of field. No on-screen text, subtitles, captions, logos or watermarks; no distorted or extra faces/limbs; documentary realism, not cartoonish or AI-looking.","on-screen text, subtitles, captions, watermarks, logos, brand names, distorted faces, extra limbs, cartoonish, CGI sheen, oversaturated, low quality",https://pub-d8970c901de34c218926ebf4be1ed09a.r2.dev/destinations/trivandrum.jpg,https://www.nakshiq.com/en/festivals/attukal-pongala
4992d1e0-f369-427f-897e-8b589bc58690,guruvayur-ekadashi,Guruvayur Ekadashi,Guruvayur,kerala,11,November,November-December (11th day of waning moon),obscure,no,db-description,"The most important festival at Guruvayur Krishna Temple. Elephant processions, all-night singing, thousands of oil lamps. Lakhs of devotees. The temple courtyard becomes a sea of devotional energy.","Cinematic documentary-style video, 16:9, 6–8 seconds, authentic real-footage look, of the Guruvayur Ekadashi festival as celebrated in Guruvayur, Kerala. Celebration: The most important festival at Guruvayur Krishna Temple. Elephant processions, all-night singing, thousands of oil lamps. Lakhs of devotees. The temple courtyard becomes a sea of devotional energy.. cool early-winter light; show real people, actual rituals, decorations and crowds with genuine festive energy; vibrant true-to-life colour, natural handheld motion, shallow depth of field. No on-screen text, subtitles, captions, logos or watermarks; no distorted or extra faces/limbs; documentary realism, not cartoonish or AI-looking.","on-screen text, subtitles, captions, watermarks, logos, brand names, distorted faces, extra limbs, cartoonish, CGI sheen, oversaturated, low quality",https://pub-d8970c901de34c218926ebf4be1ed09a.r2.dev/destinations/guruvayur.jpg,https://www.nakshiq.com/en/festivals/guruvayur-ekadashi
d0a56b54-b0a5-4b6b-a196-50eeb7dd2b79,bekal-fort-festival,Bekal Fort Festival,Bekal,kerala,1,January,January (3 days),obscure,no,db-description,"Cultural festival at the historic Bekal Fort. Theyyam performances, Yakshagana theatre, Kalaripayattu demonstrations, local food stalls, and folk art exhibitions against the fort-and-sea backdrop.","Cinematic documentary-style video, 16:9, 6–8 seconds, authentic real-footage look, of the Bekal Fort Festival as celebrated in Bekal, Kerala. Celebration: Cultural festival at the historic Bekal Fort. Theyyam performances, Yakshagana theatre, Kalaripayattu demonstrations, local food stalls, and folk art exhibitions against the fort-and-sea backdrop.. crisp winter daylight; show real people, actual rituals, decorations and crowds with genuine festive energy; vibrant true-to-life colour, natural handheld motion, shallow depth of field. No on-screen text, subtitles, captions, logos or watermarks; no distorted or extra faces/limbs; documentary realism, not cartoonish or AI-looking.","on-screen text, subtitles, captions, watermarks, logos, brand names, distorted faces, extra limbs, cartoonish, CGI sheen, oversaturated, low quality",https://pub-d8970c901de34c218926ebf4be1ed09a.r2.dev/destinations/bekal.jpg,https://www.nakshiq.com/en/festivals/bekal-fort-festival
85598891-975e-4c41-938e-f7a71d4be8b6,varkala-sivagiri-pilgrimage,Varkala Sivagiri Pilgrimage,Varkala,kerala,12,December,December 30 - January 1,obscure,no,db-description,"Pilgrimage to the Sivagiri Mutt of Sree Narayana Guru, Kerala's greatest social reformer. Thousands of followers march to the hilltop in white. Discussions on social reform, education, and equality.","Cinematic documentary-style video, 16:9, 6–8 seconds, authentic real-footage look, of the Varkala Sivagiri Pilgrimage festival as celebrated in Varkala, Kerala. Celebration: Pilgrimage to the Sivagiri Mutt of Sree Narayana Guru, Kerala's greatest social reformer. Thousands of followers march to the hilltop in white. Discussions on social reform, education, and equality.. cold winter light, long shadows; show real people, actual rituals, decorations and crowds with genuine festive energy; vibrant true-to-life colour, natural handheld motion, shallow depth of field. No on-screen text, subtitles, captions, logos or watermarks; no distorted or extra faces/limbs; documentary realism, not cartoonish or AI-looking.","on-screen text, subtitles, captions, watermarks, logos, brand names, distorted faces, extra limbs, cartoonish, CGI sheen, oversaturated, low quality",https://pub-d8970c901de34c218926ebf4be1ed09a.r2.dev/destinations/varkala.jpg,https://www.nakshiq.com/en/festivals/varkala-sivagiri-pilgrimage
6f97d0ef-a76f-4498-80d5-122d3bcdfe67,chalakudy-river-festival,Chalakudy River Festival,Athirapally Falls,kerala,11,November,November (2 days),obscure,no,db-description,"River conservation festival celebrating the Chalakudy River ecosystem. Nature walks, documentary screenings, river cleanup, and community events. Emphasizes the campaign to protect Athirapally from hydroelectric projects.","Cinematic documentary-style video, 16:9, 6–8 seconds, authentic real-footage look, of the Chalakudy River Festival as celebrated in Athirapally Falls, Kerala. Celebration: River conservation festival celebrating the Chalakudy River ecosystem. Nature walks, documentary screenings, river cleanup, and community events. Emphasizes the campaign to protect Athirapally from hydroelectric projects.. cool early-winter light; show real people, actual rituals, decorations and crowds with genuine festive energy; vibrant true-to-life colour, natural handheld motion, shallow depth of field. No on-screen text, subtitles, captions, logos or watermarks; no distorted or extra faces/limbs; documentary realism, not cartoonish or AI-looking.","on-screen text, subtitles, captions, watermarks, logos, brand names, distorted faces, extra limbs, cartoonish, CGI sheen, oversaturated, low quality",https://pub-d8970c901de34c218926ebf4be1ed09a.r2.dev/destinations/athirapally.jpg,https://www.nakshiq.com/en/festivals/chalakudy-river-festival
0a4d1487-2505-4948-9063-19a3b8344cbe,kovalam-literary-festival,Kovalam Literary Festival,Kovalam,kerala,12,December,December (3 days),litfest,no,db-description,"Beach-side literary festival featuring Indian and international authors, discussions, music, and culture. Held at the beachfront hotels. Intimate compared to Jaipur Lit Fest.","Cinematic documentary-style video, 16:9, 6–8 seconds, authentic real-footage look, of the Kovalam Literary Festival as celebrated in Kovalam, Kerala. Celebration: Beach-side literary festival featuring Indian and international authors, discussions, music, and culture. Held at the beachfront hotels. Intimate compared to Jaipur Lit Fest.. Key visuals: open-air tented festival sessions, packed audiences, heritage venue, book stalls and conversation. cold winter light, long shadows; show real people, actual rituals, decorations and crowds with genuine festive energy; vibrant true-to-life colour, natural handheld motion, shallow depth of field. No on-screen text, subtitles, captions, logos or watermarks; no distorted or extra faces/limbs; documentary realism, not cartoonish or AI-looking.","on-screen text, subtitles, captions, watermarks, logos, brand names, distorted faces, extra limbs, cartoonish, CGI sheen, oversaturated, low quality",https://pub-d8970c901de34c218926ebf4be1ed09a.r2.dev/destinations/kovalam.jpg,https://www.nakshiq.com/en/festivals/kovalam-literary-festival
4e71bb19-f2e2-4664-bc6b-17ea6ca7221e,chithirai-festival,Chithirai Festival,Madurai,tamil nadu,4,April,April-May (12 days),obscure,no,db-description,Grand 12-day festival celebrating the divine marriage of Meenakshi and Sundareshwarar. Massive procession with temple chariot through Madurai streets. 1 million+ spectators. The celestial wedding is re-enacted at midnight.,"Cinematic documentary-style video, 16:9, 6–8 seconds, authentic real-footage look, of the Chithirai Festival as celebrated in Madurai, Tamil Nadu. Celebration: Grand 12-day festival celebrating the divine marriage of Meenakshi and Sundareshwarar. Massive procession with temple chariot through Madurai streets. 1 million+ spectators. The celestial wedding is re-enacted at midnight.. warm pre-summer light; show real people, actual rituals, decorations and crowds with genuine festive energy; vibrant true-to-life colour, natural handheld motion, shallow depth of field. No on-screen text, subtitles, captions, logos or watermarks; no distorted or extra faces/limbs; documentary realism, not cartoonish or AI-looking.","on-screen text, subtitles, captions, watermarks, logos, brand names, distorted faces, extra limbs, cartoonish, CGI sheen, oversaturated, low quality",https://pub-d8970c901de34c218926ebf4be1ed09a.r2.dev/destinations/madurai.jpg,https://www.nakshiq.com/en/festivals/chithirai-festival
d3c76ad7-a1d1-49ca-967f-32039b30f96d,float-festival-teppam,Float Festival (Teppam),Madurai,tamil nadu,1,January,January-February (full moon night),obscure,no,db-description,Temple deities of Meenakshi are placed on illuminated floats on the Mariamman Teppakulam tank. Thousands of oil lamps reflect on water. One of the most visually spectacular temple festivals in India.,"Cinematic documentary-style video, 16:9, 6–8 seconds, authentic real-footage look, of the Float Festival (Teppam) as celebrated in Madurai, Tamil Nadu. Celebration: Temple deities of Meenakshi are placed on illuminated floats on the Mariamman Teppakulam tank. Thousands of oil lamps reflect on water. One of the most visually spectacular temple festivals in India.. crisp winter daylight; show real people, actual rituals, decorations and crowds with genuine festive energy; vibrant true-to-life colour, natural handheld motion, shallow depth of field. No on-screen text, subtitles, captions, logos or watermarks; no distorted or extra faces/limbs; documentary realism, not cartoonish or AI-looking.","on-screen text, subtitles, captions, watermarks, logos, brand names, distorted faces, extra limbs, cartoonish, CGI sheen, oversaturated, low quality",https://pub-d8970c901de34c218926ebf4be1ed09a.r2.dev/destinations/madurai.jpg,https://www.nakshiq.com/en/festivals/float-festival-teppam
e75b2094-29b9-44cc-a798-f06cd6d3036b,margazhi-music-season,Margazhi Music Season,Chennai,tamil nadu,12,December,December 15 - January 15 (month-long),obscure,no,db-description,"The world's largest classical music festival. 3,000+ Carnatic music and Bharatanatyam performances across 50+ sabhas (auditoriums) in Chennai. Over a million attendees. Runs from mid-December to mid-January.","Cinematic documentary-style video, 16:9, 6–8 seconds, authentic real-footage look, of the Margazhi Music Season festival as celebrated in Chennai, Tamil Nadu. Celebration: The world's largest classical music festival. 3,000+ Carnatic music and Bharatanatyam performances across 50+ sabhas (auditoriums) in Chennai. Over a million attendees. Runs from mid-December to mid-January.. cold winter light, long shadows; show real people, actual rituals, decorations and crowds with genuine festive energy; vibrant true-to-life colour, natural handheld motion, shallow depth of field. No on-screen text, subtitles, captions, logos or watermarks; no distorted or extra faces/limbs; documentary realism, not cartoonish or AI-looking.","on-screen text, subtitles, captions, watermarks, logos, brand names, distorted faces, extra limbs, cartoonish, CGI sheen, oversaturated, low quality",https://pub-d8970c901de34c218926ebf4be1ed09a.r2.dev/destinations/chennai.jpg,https://www.nakshiq.com/en/festivals/margazhi-music-season
af5a0b84-6ed9-4efc-aec6-891cbf0e8222,pongal-chennai,Pongal,Chennai,tamil nadu,1,January,January 14-17 (4 days),harvest-sankranti,no,db-description,"Tamil Nadu's harvest festival — pots of rice boil over on open fires as families shout ""Pongalo Pongal!"" Jallikattu (bull-taming) events in rural areas. Kolam (rangoli) competitions. 4-day state holiday.","Cinematic documentary-style video, 16:9, 6–8 seconds, authentic real-footage look, of the Pongal festival as celebrated in Chennai, Tamil Nadu. Celebration: Tamil Nadu's harvest festival — pots of rice boil over on open fires as families shout ""Pongalo Pongal!"" Jallikattu (bull-taming) events in rural areas. Kolam (rangoli) competitions. 4-day state holiday.. Key visuals: kite-filled skies and bonfires, harvest dances, boiling pongal pots, decorated cattle, fresh-cut fields. crisp winter daylight; show real people, actual rituals, decorations and crowds with genuine festive energy; vibrant true-to-life colour, natural handheld motion, shallow depth of field. No on-screen text, subtitles, captions, logos or watermarks; no distorted or extra faces/limbs; documentary realism, not cartoonish or AI-looking.","on-screen text, subtitles, captions, watermarks, logos, brand names, distorted faces, extra limbs, cartoonish, CGI sheen, oversaturated, low quality",https://pub-d8970c901de34c218926ebf4be1ed09a.r2.dev/destinations/chennai.jpg,https://www.nakshiq.com/en/festivals/pongal-chennai
911b0b37-8373-4d1d-8db7-5eb80ec6d3da,natyanjali-dance-festival,Natyanjali Dance Festival,Chidambaram,tamil nadu,2,February,February-March (5 days during Maha Shivaratri),obscure,no,db-description,"Classical dance festival at the Nataraja Temple — 500+ dancers from across India perform Bharatanatyam, Kuchipudi, Odissi in front of the cosmic dancer. Night-long performances.","Cinematic documentary-style video, 16:9, 6–8 seconds, authentic real-footage look, of the Natyanjali Dance Festival as celebrated in Chidambaram, Tamil Nadu. Celebration: Classical dance festival at the Nataraja Temple — 500+ dancers from across India perform Bharatanatyam, Kuchipudi, Odissi in front of the cosmic dancer. Night-long performances.. clear late-winter light; show real people, actual rituals, decorations and crowds with genuine festive energy; vibrant true-to-life colour, natural handheld motion, shallow depth of field. No on-screen text, subtitles, captions, logos or watermarks; no distorted or extra faces/limbs; documentary realism, not cartoonish or AI-looking.","on-screen text, subtitles, captions, watermarks, logos, brand names, distorted faces, extra limbs, cartoonish, CGI sheen, oversaturated, low quality",https://pub-d8970c901de34c218926ebf4be1ed09a.r2.dev/destinations/chidambaram.jpg,https://www.nakshiq.com/en/festivals/natyanjali-dance-festival
7eb02557-973a-4df4-8864-b7e90de4acac,ooty-flower-show,Ooty Flower Show,Ooty (Udagamandalam),tamil nadu,5,May,May (3 days),flower-bloom,no,db-description,"Annual flower show at the Botanical Gardens featuring rare Nilgiri species, orchid displays, and competitive arrangements. 100,000+ visitors. Coincides with the Ooty summer festival.","Cinematic documentary-style video, 16:9, 6–8 seconds, authentic real-footage look, of the Ooty Flower Show festival as celebrated in Ooty (Udagamandalam), Tamil Nadu. Celebration: Annual flower show at the Botanical Gardens featuring rare Nilgiri species, orchid displays, and competitive arrangements. 100,000+ visitors. Coincides with the Ooty summer festival.. Key visuals: vast geometric beds of blooming flowers, visitors strolling the gardens, colour as far as the eye can see. bright summer light; show real people, actual rituals, decorations and crowds with genuine festive energy; vibrant true-to-life colour, natural handheld motion, shallow depth of field. No on-screen text, subtitles, captions, logos or watermarks; no distorted or extra faces/limbs; documentary realism, not cartoonish or AI-looking.","on-screen text, subtitles, captions, watermarks, logos, brand names, distorted faces, extra limbs, cartoonish, CGI sheen, oversaturated, low quality",https://pub-d8970c901de34c218926ebf4be1ed09a.r2.dev/destinations/ooty.jpg,https://www.nakshiq.com/en/festivals/ooty-flower-show
82752683-e05d-49aa-ac01-80541aa4258d,brihadeeswara-temple-festival,Brihadeeswara Temple Festival,Thanjavur (Tanjore),tamil nadu,2,February,February (10 days),obscure,no,db-description,"Annual Maha Kumbabishekam and cultural festival at the UNESCO temple. Classical music, Bharatanatyam, Carnatic concerts against the backdrop of the 1,000-year-old temple. Nightly illumination.","Cinematic documentary-style video, 16:9, 6–8 seconds, authentic real-footage look, of the Brihadeeswara Temple Festival as celebrated in Thanjavur (Tanjore), Tamil Nadu. Celebration: Annual Maha Kumbabishekam and cultural festival at the UNESCO temple. Classical music, Bharatanatyam, Carnatic concerts against the backdrop of the 1,000-year-old temple. Nightly illumination.. clear late-winter light; show real people, actual rituals, decorations and crowds with genuine festive energy; vibrant true-to-life colour, natural handheld motion, shallow depth of field. No on-screen text, subtitles, captions, logos or watermarks; no distorted or extra faces/limbs; documentary realism, not cartoonish or AI-looking.","on-screen text, subtitles, captions, watermarks, logos, brand names, distorted faces, extra limbs, cartoonish, CGI sheen, oversaturated, low quality",https://pub-d8970c901de34c218926ebf4be1ed09a.r2.dev/destinations/thanjavur.jpg,https://www.nakshiq.com/en/festivals/brihadeeswara-temple-festival
cfb901a1-660f-4b75-b338-04200bb98bae,maha-shivaratri-rameswaram,Maha Shivaratri,Rameswaram,tamil nadu,3,March,February-March,shivaratri,yes,db-description,All-night vigil at Ramanathaswamy Temple. Devotees bathe in all 22 sacred wells inside the temple complex. Massive crowds. The island comes alive with processions and pujas through the night.,"Cinematic documentary-style video, 16:9, 6–8 seconds, authentic real-footage look, of the Maha Shivaratri festival as celebrated in Rameswaram, Tamil Nadu. Celebration: All-night vigil at Ramanathaswamy Temple. Devotees bathe in all 22 sacred wells inside the temple complex. Massive crowds. The island comes alive with processions and pujas through the night.. Key visuals: night-long temple vigil — oil lamps and aarti flames before a Shiva shrine, bel leaves and milk offerings, chanting crowds, processions. warm spring light; show real people, actual rituals, decorations and crowds with genuine festive energy; vibrant true-to-life colour, natural handheld motion, shallow depth of field. No on-screen text, subtitles, captions, logos or watermarks; no distorted or extra faces/limbs; documentary realism, not cartoonish or AI-looking.","on-screen text, subtitles, captions, watermarks, logos, brand names, distorted faces, extra limbs, cartoonish, CGI sheen, oversaturated, low quality",https://pub-d8970c901de34c218926ebf4be1ed09a.r2.dev/destinations/rameswaram.jpg,https://www.nakshiq.com/en/festivals/maha-shivaratri-rameswaram
c02103f7-5971-4216-b2e9-e897d9a7d568,bastille-day-celebration,Bastille Day Celebration,Pondicherry (Puducherry),puducherry,7,July,July 14 (1 day),colonial-christian,no,db-description,"Pondicherry celebrates French Independence Day with a parade on the Promenade, French tricolor flags on colonial buildings, cultural events, and French cuisine specials. The only Indian city that celebrates Bastille Day.","Cinematic documentary-style video, 16:9, 6–8 seconds, authentic real-footage look, of the Bastille Day Celebration festival as celebrated in Pondicherry (Puducherry), Puducherry. Celebration: Pondicherry celebrates French Independence Day with a parade on the Promenade, French tricolor flags on colonial buildings, cultural events, and French cuisine specials. The only Indian city that celebrates Bastille Day.. Key visuals: decorated church and street lights, carols and parades, midnight-mass crowds, festive lights and stars. monsoon light, wet sheen; show real people, actual rituals, decorations and crowds with genuine festive energy; vibrant true-to-life colour, natural handheld motion, shallow depth of field. No on-screen text, subtitles, captions, logos or watermarks; no distorted or extra faces/limbs; documentary realism, not cartoonish or AI-looking.","on-screen text, subtitles, captions, watermarks, logos, brand names, distorted faces, extra limbs, cartoonish, CGI sheen, oversaturated, low quality",https://pub-d8970c901de34c218926ebf4be1ed09a.r2.dev/destinations/pondicherry.jpg,https://www.nakshiq.com/en/festivals/bastille-day-celebration
7cda6cc4-48cd-43bf-a978-3fcbca303b10,vivekananda-jayanti-national-youth-day,Vivekananda Jayanti / National Youth Day,Kanyakumari,tamil nadu,1,January,January 12,obscure,no,db-description,"Special celebrations at Vivekananda Rock Memorial. Thousands of students visit. Cultural programs, meditation sessions, and memorial illumination. The sunrise that morning is watched by special gatherings.","Cinematic documentary-style video, 16:9, 6–8 seconds, authentic real-footage look, of the Vivekananda Jayanti / National Youth Day as celebrated in Kanyakumari, Tamil Nadu. Celebration: Special celebrations at Vivekananda Rock Memorial. Thousands of students visit. Cultural programs, meditation sessions, and memorial illumination. The sunrise that morning is watched by special gatherings.. crisp winter daylight; show real people, actual rituals, decorations and crowds with genuine festive energy; vibrant true-to-life colour, natural handheld motion, shallow depth of field. No on-screen text, subtitles, captions, logos or watermarks; no distorted or extra faces/limbs; documentary realism, not cartoonish or AI-looking.","on-screen text, subtitles, captions, watermarks, logos, brand names, distorted faces, extra limbs, cartoonish, CGI sheen, oversaturated, low quality",https://pub-d8970c901de34c218926ebf4be1ed09a.r2.dev/destinations/kanyakumari.jpg,https://www.nakshiq.com/en/festivals/vivekananda-jayanti-national-youth-day
c88e6ddb-d8b9-42de-ae57-e29db206af16,mahamaham-festival,Mahamaham Festival,Kumbakonam,tamil nadu,2,February,Once every 12 years (when Jupiter enters Leo),obscure,no,db-description,Sacred bathing festival at the Mahamaham tank — millions of pilgrims take a holy dip when the celestial alignment occurs. Next Mahamaham expected ~2028. The town transforms completely.,"Cinematic documentary-style video, 16:9, 6–8 seconds, authentic real-footage look, of the Mahamaham Festival as celebrated in Kumbakonam, Tamil Nadu. Celebration: Sacred bathing festival at the Mahamaham tank — millions of pilgrims take a holy dip when the celestial alignment occurs. Next Mahamaham expected ~2028. The town transforms completely.. clear late-winter light; show real people, actual rituals, decorations and crowds with genuine festive energy; vibrant true-to-life colour, natural handheld motion, shallow depth of field. No on-screen text, subtitles, captions, logos or watermarks; no distorted or extra faces/limbs; documentary realism, not cartoonish or AI-looking.","on-screen text, subtitles, captions, watermarks, logos, brand names, distorted faces, extra limbs, cartoonish, CGI sheen, oversaturated, low quality",https://pub-d8970c901de34c218926ebf4be1ed09a.r2.dev/destinations/kumbakonam.jpg,https://www.nakshiq.com/en/festivals/mahamaham-festival
9c727e39-ce29-4faa-85d5-5f3866d42e04,vaikunta-ekadashi,Vaikunta Ekadashi,Srirangam,tamil nadu,12,December,December (1 day — 11th day of Margazhi),obscure,no,db-description,The most important day at Srirangam — the Paramapada Vasal (gateway to heaven) is opened. Devotees queue through the night. The 21-day Vaikunta Uthsavam festival surrounds it. Lakhs of visitors.,"Cinematic documentary-style video, 16:9, 6–8 seconds, authentic real-footage look, of the Vaikunta Ekadashi festival as celebrated in Srirangam, Tamil Nadu. Celebration: The most important day at Srirangam — the Paramapada Vasal (gateway to heaven) is opened. Devotees queue through the night. The 21-day Vaikunta Uthsavam festival surrounds it. Lakhs of visitors.. cold winter light, long shadows; show real people, actual rituals, decorations and crowds with genuine festive energy; vibrant true-to-life colour, natural handheld motion, shallow depth of field. No on-screen text, subtitles, captions, logos or watermarks; no distorted or extra faces/limbs; documentary realism, not cartoonish or AI-looking.","on-screen text, subtitles, captions, watermarks, logos, brand names, distorted faces, extra limbs, cartoonish, CGI sheen, oversaturated, low quality",https://pub-d8970c901de34c218926ebf4be1ed09a.r2.dev/destinations/srirangam.jpg,https://www.nakshiq.com/en/festivals/vaikunta-ekadashi
310f4960-533a-4bb4-b1c4-57cf0246e023,chettinad-heritage-walk-festival,Chettinad Heritage Walk Festival,Chettinad,tamil nadu,12,December,December (2 days),obscure,no,db-description,"Heritage walks through Chettinad mansions, Athangudi tile workshops, cooking demonstrations of Chettinad cuisine, and cultural performances. Organized by heritage hotels and Tamil Nadu Tourism.","Cinematic documentary-style video, 16:9, 6–8 seconds, authentic real-footage look, of the Chettinad Heritage Walk Festival as celebrated in Chettinad, Tamil Nadu. Celebration: Heritage walks through Chettinad mansions, Athangudi tile workshops, cooking demonstrations of Chettinad cuisine, and cultural performances. Organized by heritage hotels and Tamil Nadu Tourism.. cold winter light, long shadows; show real people, actual rituals, decorations and crowds with genuine festive energy; vibrant true-to-life colour, natural handheld motion, shallow depth of field. No on-screen text, subtitles, captions, logos or watermarks; no distorted or extra faces/limbs; documentary realism, not cartoonish or AI-looking.","on-screen text, subtitles, captions, watermarks, logos, brand names, distorted faces, extra limbs, cartoonish, CGI sheen, oversaturated, low quality",https://pub-d8970c901de34c218926ebf4be1ed09a.r2.dev/destinations/chettinad.jpg,https://www.nakshiq.com/en/festivals/chettinad-heritage-walk-festival
159722c8-dcfa-4a3d-bb4c-7465cc71f9c9,toda-tribal-festival,Toda Tribal Festival,Kotagiri,tamil nadu,1,January,January,obscure,no,db-description,"The Toda people of the Nilgiris celebrate their harvest with traditional rituals, buffalo worship, and community feasts. Small-scale, authentic tribal gathering in the oldest Nilgiri settlement.","Cinematic documentary-style video, 16:9, 6–8 seconds, authentic real-footage look, of the Toda Tribal Festival as celebrated in Kotagiri, Tamil Nadu. Celebration: The Toda people of the Nilgiris celebrate their harvest with traditional rituals, buffalo worship, and community feasts. Small-scale, authentic tribal gathering in the oldest Nilgiri settlement.. crisp winter daylight; show real people, actual rituals, decorations and crowds with genuine festive energy; vibrant true-to-life colour, natural handheld motion, shallow depth of field. No on-screen text, subtitles, captions, logos or watermarks; no distorted or extra faces/limbs; documentary realism, not cartoonish or AI-looking.","on-screen text, subtitles, captions, watermarks, logos, brand names, distorted faces, extra limbs, cartoonish, CGI sheen, oversaturated, low quality",https://pub-d8970c901de34c218926ebf4be1ed09a.r2.dev/destinations/kotagiri.jpg,https://www.nakshiq.com/en/festivals/toda-tribal-festival
d059ce65-8003-492d-a5d2-741ae42b02ff,aadi-festival-at-the-falls,Aadi Festival at the Falls,Courtallam (Kutralam),tamil nadu,7,July,July-August (Aadi month),obscure,no,db-description,The Tamil month of Aadi sees thousands of families bathing under Courtallam's waterfalls for therapeutic benefits. The water is believed to have peak medicinal properties during this month when rainfall is heaviest.,"Cinematic documentary-style video, 16:9, 6–8 seconds, authentic real-footage look, of the Aadi Festival at the Falls as celebrated in Courtallam (Kutralam), Tamil Nadu. Celebration: The Tamil month of Aadi sees thousands of families bathing under Courtallam's waterfalls for therapeutic benefits. The water is believed to have peak medicinal properties during this month when rainfall is heaviest.. monsoon light, wet sheen; show real people, actual rituals, decorations and crowds with genuine festive energy; vibrant true-to-life colour, natural handheld motion, shallow depth of field. No on-screen text, subtitles, captions, logos or watermarks; no distorted or extra faces/limbs; documentary realism, not cartoonish or AI-looking.","on-screen text, subtitles, captions, watermarks, logos, brand names, distorted faces, extra limbs, cartoonish, CGI sheen, oversaturated, low quality",https://pub-d8970c901de34c218926ebf4be1ed09a.r2.dev/destinations/courtallam.jpg,https://www.nakshiq.com/en/festivals/aadi-festival-at-the-falls
feea792f-afc6-4e1e-a582-70c75611395e,hogenakkal-mela,Hogenakkal Mela,Hogenakkal Falls,tamil nadu,10,October,October (weekend event),obscure,no,db-description,"Local fair combining coracle races, oil massage demonstrations, fish cooking competitions, and folk performances. Small-scale but authentic celebration of Hogenakkal's unique culture.","Cinematic documentary-style video, 16:9, 6–8 seconds, authentic real-footage look, of the Hogenakkal Mela as celebrated in Hogenakkal Falls, Tamil Nadu. Celebration: Local fair combining coracle races, oil massage demonstrations, fish cooking competitions, and folk performances. Small-scale but authentic celebration of Hogenakkal's unique culture.. golden autumn light; show real people, actual rituals, decorations and crowds with genuine festive energy; vibrant true-to-life colour, natural handheld motion, shallow depth of field. No on-screen text, subtitles, captions, logos or watermarks; no distorted or extra faces/limbs; documentary realism, not cartoonish or AI-looking.","on-screen text, subtitles, captions, watermarks, logos, brand names, distorted faces, extra limbs, cartoonish, CGI sheen, oversaturated, low quality",https://pub-d8970c901de34c218926ebf4be1ed09a.r2.dev/destinations/hogenakkal.jpg,https://www.nakshiq.com/en/festivals/hogenakkal-mela
6349278b-effa-4632-869b-cef69918fbe1,mamallapuram-dance-festival,Mamallapuram Dance Festival,Mahabalipuram (Mamallapuram),tamil nadu,1,January,January-February (4 weeks),obscure,no,db-description,"Month-long dance and music festival held against the backdrop of the UNESCO monuments. Bharatanatyam, Kathakali, Kuchipudi performed under floodlit Shore Temple and Arjuna's Penance. One of India's most atmospheric dance festivals.","Cinematic documentary-style video, 16:9, 6–8 seconds, authentic real-footage look, of the Mamallapuram Dance Festival as celebrated in Mahabalipuram (Mamallapuram), Tamil Nadu. Celebration: Month-long dance and music festival held against the backdrop of the UNESCO monuments. Bharatanatyam, Kathakali, Kuchipudi performed under floodlit Shore Temple and Arjuna's Penance. One of India's most atmospheric dance festivals.. crisp winter daylight; show real people, actual rituals, decorations and crowds with genuine festive energy; vibrant true-to-life colour, natural handheld motion, shallow depth of field. No on-screen text, subtitles, captions, logos or watermarks; no distorted or extra faces/limbs; documentary realism, not cartoonish or AI-looking.","on-screen text, subtitles, captions, watermarks, logos, brand names, distorted faces, extra limbs, cartoonish, CGI sheen, oversaturated, low quality",https://pub-d8970c901de34c218926ebf4be1ed09a.r2.dev/destinations/mahabalipuram.jpg,https://www.nakshiq.com/en/festivals/mamallapuram-dance-festival
48d600c1-599b-4d27-ab3f-cc8b81ed20d6,auroville-anniversary,Auroville Anniversary,Auroville,puducherry,2,February,February 28,obscure,no,db-description,Anniversary of Auroville's founding in 1968. Bonfire ceremony at the Matrimandir amphitheatre. Earth from 124 nations (brought at the original ceremony) is symbolically honored. Open to visitors with advance registration.,"Cinematic documentary-style video, 16:9, 6–8 seconds, authentic real-footage look, of the Auroville Anniversary festival as celebrated in Auroville, Puducherry. Celebration: Anniversary of Auroville's founding in 1968. Bonfire ceremony at the Matrimandir amphitheatre. Earth from 124 nations (brought at the original ceremony) is symbolically honored. Open to visitors with advance registration.. clear late-winter light; show real people, actual rituals, decorations and crowds with genuine festive energy; vibrant true-to-life colour, natural handheld motion, shallow depth of field. No on-screen text, subtitles, captions, logos or watermarks; no distorted or extra faces/limbs; documentary realism, not cartoonish or AI-looking.","on-screen text, subtitles, captions, watermarks, logos, brand names, distorted faces, extra limbs, cartoonish, CGI sheen, oversaturated, low quality",https://pub-d8970c901de34c218926ebf4be1ed09a.r2.dev/destinations/auroville.jpg,https://www.nakshiq.com/en/festivals/auroville-anniversary
585aec2c-3e97-4b2b-8ab7-e444276c692b,srivari-brahmotsavam-tirupati,Srivari Brahmotsavam,Tirupati,andhra pradesh,10,October,Early October (9 days),obscure,no,db-description,Nine-day grand festival at Tirumala with deity processions on different vahanas (vehicles) each day. Attracts millions of devotees.,"Cinematic documentary-style video, 16:9, 6–8 seconds, authentic real-footage look, of the Srivari Brahmotsavam festival as celebrated in Tirupati, Andhra Pradesh. Celebration: Nine-day grand festival at Tirumala with deity processions on different vahanas (vehicles) each day. Attracts millions of devotees.. golden autumn light; show real people, actual rituals, decorations and crowds with genuine festive energy; vibrant true-to-life colour, natural handheld motion, shallow depth of field. No on-screen text, subtitles, captions, logos or watermarks; no distorted or extra faces/limbs; documentary realism, not cartoonish or AI-looking.","on-screen text, subtitles, captions, watermarks, logos, brand names, distorted faces, extra limbs, cartoonish, CGI sheen, oversaturated, low quality",https://pub-d8970c901de34c218926ebf4be1ed09a.r2.dev/destinations/tirupati.jpg,https://www.nakshiq.com/en/festivals/srivari-brahmotsavam-tirupati
707ac77c-a3a7-4969-8246-9b54ea3a340a,vaikuntha-ekadasi,Vaikuntha Ekadasi,Tirupati,andhra pradesh,12,December,Late December / Early January,obscure,no,db-description,"Devotees believe the gates of Vaikuntha (heaven) open on this day. 100,000+ pilgrims queue for darshan through the special Vaikuntha Dwaram.","Cinematic documentary-style video, 16:9, 6–8 seconds, authentic real-footage look, of the Vaikuntha Ekadasi festival as celebrated in Tirupati, Andhra Pradesh. Celebration: Devotees believe the gates of Vaikuntha (heaven) open on this day. 100,000+ pilgrims queue for darshan through the special Vaikuntha Dwaram.. cold winter light, long shadows; show real people, actual rituals, decorations and crowds with genuine festive energy; vibrant true-to-life colour, natural handheld motion, shallow depth of field. No on-screen text, subtitles, captions, logos or watermarks; no distorted or extra faces/limbs; documentary realism, not cartoonish or AI-looking.","on-screen text, subtitles, captions, watermarks, logos, brand names, distorted faces, extra limbs, cartoonish, CGI sheen, oversaturated, low quality",https://pub-d8970c901de34c218926ebf4be1ed09a.r2.dev/destinations/tirupati.jpg,https://www.nakshiq.com/en/festivals/vaikuntha-ekadasi
83c6a37b-943f-41d7-bac3-fb904e22639a,maha-shivaratri-srikalahasti,Maha Shivaratri,Srikalahasti,andhra pradesh,3,March,February/March (varies),shivaratri,yes,db-description,Grand night-long celebrations at this Pancha Bhuta Shiva temple. Thousands of devotees fast and pray through the night.,"Cinematic documentary-style video, 16:9, 6–8 seconds, authentic real-footage look, of the Maha Shivaratri festival as celebrated in Srikalahasti, Andhra Pradesh. Celebration: Grand night-long celebrations at this Pancha Bhuta Shiva temple. Thousands of devotees fast and pray through the night.. Key visuals: night-long temple vigil — oil lamps and aarti flames before a Shiva shrine, bel leaves and milk offerings, chanting crowds, processions. warm spring light; show real people, actual rituals, decorations and crowds with genuine festive energy; vibrant true-to-life colour, natural handheld motion, shallow depth of field. No on-screen text, subtitles, captions, logos or watermarks; no distorted or extra faces/limbs; documentary realism, not cartoonish or AI-looking.","on-screen text, subtitles, captions, watermarks, logos, brand names, distorted faces, extra limbs, cartoonish, CGI sheen, oversaturated, low quality",https://pub-d8970c901de34c218926ebf4be1ed09a.r2.dev/destinations/srikalahasti.jpg,https://www.nakshiq.com/en/festivals/maha-shivaratri-srikalahasti
04c6553f-933d-4702-9073-a7636569375c,maha-shivaratri-at-mallikarjuna,Maha Shivaratri at Mallikarjuna,Srisailam,andhra pradesh,3,March,February/March,shivaratri,yes,db-description,Massive celebrations at the Jyotirlinga. Night-long puja with special abhishekam. One of 12 Jyotirlinga celebrations.,"Cinematic documentary-style video, 16:9, 6–8 seconds, authentic real-footage look, of the Maha Shivaratri at Mallikarjuna festival as celebrated in Srisailam, Andhra Pradesh. Celebration: Massive celebrations at the Jyotirlinga. Night-long puja with special abhishekam. One of 12 Jyotirlinga celebrations.. Key visuals: night-long temple vigil — oil lamps and aarti flames before a Shiva shrine, bel leaves and milk offerings, chanting crowds, processions. warm spring light; show real people, actual rituals, decorations and crowds with genuine festive energy; vibrant true-to-life colour, natural handheld motion, shallow depth of field. No on-screen text, subtitles, captions, logos or watermarks; no distorted or extra faces/limbs; documentary realism, not cartoonish or AI-looking.","on-screen text, subtitles, captions, watermarks, logos, brand names, distorted faces, extra limbs, cartoonish, CGI sheen, oversaturated, low quality",https://pub-d8970c901de34c218926ebf4be1ed09a.r2.dev/destinations/srisailam.jpg,https://www.nakshiq.com/en/festivals/maha-shivaratri-at-mallikarjuna
f5d11891-45b0-4599-8617-30fe399dbe4f,vizag-utsav-deccan-festival,Vizag Utsav / Deccan Festival,Visakhapatnam,andhra pradesh,12,December,Late December (3 days),obscure,no,db-description,"Cultural festival with music, dance, art exhibitions, and food stalls on the beach. Celebrates Vizag diverse cultural heritage.","Cinematic documentary-style video, 16:9, 6–8 seconds, authentic real-footage look, of the Vizag Utsav / Deccan Festival as celebrated in Visakhapatnam, Andhra Pradesh. Celebration: Cultural festival with music, dance, art exhibitions, and food stalls on the beach. Celebrates Vizag diverse cultural heritage.. cold winter light, long shadows; show real people, actual rituals, decorations and crowds with genuine festive energy; vibrant true-to-life colour, natural handheld motion, shallow depth of field. No on-screen text, subtitles, captions, logos or watermarks; no distorted or extra faces/limbs; documentary realism, not cartoonish or AI-looking.","on-screen text, subtitles, captions, watermarks, logos, brand names, distorted faces, extra limbs, cartoonish, CGI sheen, oversaturated, low quality",https://pub-d8970c901de34c218926ebf4be1ed09a.r2.dev/destinations/visakhapatnam.jpg,https://www.nakshiq.com/en/festivals/vizag-utsav-deccan-festival
f87f28e1-eaf7-46d2-987e-d9966c0f1418,flamingo-festival,Flamingo Festival,Pulicat Lake,andhra pradesh,1,January,January (2 days),obscure,no,db-description,"Annual festival celebrating the arrival of migratory flamingos. Includes boat rides, birding tours, cultural programs, and photography exhibitions.","Cinematic documentary-style video, 16:9, 6–8 seconds, authentic real-footage look, of the Flamingo Festival as celebrated in Pulicat Lake, Andhra Pradesh. Celebration: Annual festival celebrating the arrival of migratory flamingos. Includes boat rides, birding tours, cultural programs, and photography exhibitions.. crisp winter daylight; show real people, actual rituals, decorations and crowds with genuine festive energy; vibrant true-to-life colour, natural handheld motion, shallow depth of field. No on-screen text, subtitles, captions, logos or watermarks; no distorted or extra faces/limbs; documentary realism, not cartoonish or AI-looking.","on-screen text, subtitles, captions, watermarks, logos, brand names, distorted faces, extra limbs, cartoonish, CGI sheen, oversaturated, low quality",https://pub-d8970c901de34c218926ebf4be1ed09a.r2.dev/destinations/pulicat-lake.jpg,https://www.nakshiq.com/en/festivals/flamingo-festival
5a3705e8-5ec6-472a-91e9-c14fccd601a2,vijayawada-dussehra-durga-navaratri,Vijayawada Dussehra (Durga Navaratri),Vijayawada,andhra pradesh,10,October,October (10 days),durga-navratri,yes,db-description,One of India grandest Dussehra celebrations. Kanaka Durga Temple lit up spectacularly. Millions gather for 10-day Navaratri.,"Cinematic documentary-style video, 16:9, 6–8 seconds, authentic real-footage look, of the Vijayawada Dussehra (Durga Navaratri) as celebrated in Vijayawada, Andhra Pradesh. Celebration: One of India grandest Dussehra celebrations. Kanaka Durga Temple lit up spectacularly. Millions gather for 10-day Navaratri.. Key visuals: elaborately lit pandals and Durga idols, dhunuchi incense dance, garba/dandiya circles in colourful chaniya-choli. golden autumn light; show real people, actual rituals, decorations and crowds with genuine festive energy; vibrant true-to-life colour, natural handheld motion, shallow depth of field. No on-screen text, subtitles, captions, logos or watermarks; no distorted or extra faces/limbs; documentary realism, not cartoonish or AI-looking.","on-screen text, subtitles, captions, watermarks, logos, brand names, distorted faces, extra limbs, cartoonish, CGI sheen, oversaturated, low quality",https://pub-d8970c901de34c218926ebf4be1ed09a.r2.dev/destinations/vijayawada.jpg,https://www.nakshiq.com/en/festivals/vijayawada-dussehra-durga-navaratri
eb74709e-0128-4982-8895-60b6de31a8c1,sankranti-pongal,Sankranti / Pongal,Vijayawada,andhra pradesh,1,January,January 14-16,harvest-sankranti,no,db-description,"Three-day harvest festival with kite flying, rangoli competitions, and traditional food. Kanuma day celebrates cattle.","Cinematic documentary-style video, 16:9, 6–8 seconds, authentic real-footage look, of the Sankranti / Pongal festival as celebrated in Vijayawada, Andhra Pradesh. Celebration: Three-day harvest festival with kite flying, rangoli competitions, and traditional food. Kanuma day celebrates cattle.. Key visuals: kite-filled skies and bonfires, harvest dances, boiling pongal pots, decorated cattle, fresh-cut fields. crisp winter daylight; show real people, actual rituals, decorations and crowds with genuine festive energy; vibrant true-to-life colour, natural handheld motion, shallow depth of field. No on-screen text, subtitles, captions, logos or watermarks; no distorted or extra faces/limbs; documentary realism, not cartoonish or AI-looking.","on-screen text, subtitles, captions, watermarks, logos, brand names, distorted faces, extra limbs, cartoonish, CGI sheen, oversaturated, low quality",https://pub-d8970c901de34c218926ebf4be1ed09a.r2.dev/destinations/vijayawada.jpg,https://www.nakshiq.com/en/festivals/sankranti-pongal
dad9c5cb-5298-4eb9-b137-dd71e1a93576,godavari-pushkaralu,Godavari Pushkaralu,Rajahmundry,andhra pradesh,7,July,Once every 12 years (next: 2027),obscure,no,db-description,12-yearly sacred river festival when Jupiter enters Simha Rashi. Millions bathe in the Godavari for spiritual cleansing.,"Cinematic documentary-style video, 16:9, 6–8 seconds, authentic real-footage look, of the Godavari Pushkaralu festival as celebrated in Rajahmundry, Andhra Pradesh. Celebration: 12-yearly sacred river festival when Jupiter enters Simha Rashi. Millions bathe in the Godavari for spiritual cleansing.. monsoon light, wet sheen; show real people, actual rituals, decorations and crowds with genuine festive energy; vibrant true-to-life colour, natural handheld motion, shallow depth of field. No on-screen text, subtitles, captions, logos or watermarks; no distorted or extra faces/limbs; documentary realism, not cartoonish or AI-looking.","on-screen text, subtitles, captions, watermarks, logos, brand names, distorted faces, extra limbs, cartoonish, CGI sheen, oversaturated, low quality",https://pub-d8970c901de34c218926ebf4be1ed09a.r2.dev/destinations/rajahmundry.jpg,https://www.nakshiq.com/en/festivals/godavari-pushkaralu
60bde26d-149b-4700-97a6-78ebea4ab23a,kalamkari-utsav,Kalamkari Utsav,Machilipatnam,andhra pradesh,1,January,January (3 days),obscure,no,db-description,"Festival showcasing Kalamkari art heritage. Live demonstrations, exhibitions, workshops, and sales of authentic Kalamkari textiles.","Cinematic documentary-style video, 16:9, 6–8 seconds, authentic real-footage look, of the Kalamkari Utsav as celebrated in Machilipatnam, Andhra Pradesh. Celebration: Festival showcasing Kalamkari art heritage. Live demonstrations, exhibitions, workshops, and sales of authentic Kalamkari textiles.. crisp winter daylight; show real people, actual rituals, decorations and crowds with genuine festive energy; vibrant true-to-life colour, natural handheld motion, shallow depth of field. No on-screen text, subtitles, captions, logos or watermarks; no distorted or extra faces/limbs; documentary realism, not cartoonish or AI-looking.","on-screen text, subtitles, captions, watermarks, logos, brand names, distorted faces, extra limbs, cartoonish, CGI sheen, oversaturated, low quality",https://pub-d8970c901de34c218926ebf4be1ed09a.r2.dev/destinations/machilipatnam.jpg,https://www.nakshiq.com/en/festivals/kalamkari-utsav
d4264e79-75d6-4e39-a65b-65b4ec5d26fc,bonalu,Bonalu,Hyderabad,telangana,7,July,July/August (2 weeks),bonalu,no,db-description,"Electrifying goddess festival with colorful processions, pot-carrying devotees, and ecstatic celebrations in Old City neighborhoods.","Cinematic documentary-style video, 16:9, 6–8 seconds, authentic real-footage look, of the Bonalu festival as celebrated in Hyderabad, Telangana. Celebration: Electrifying goddess festival with colorful processions, pot-carrying devotees, and ecstatic celebrations in Old City neighborhoods.. Key visuals: women balancing decorated bonam pots on their heads in procession to a Mahankali temple, potharaju in red, drums and trance. monsoon light, wet sheen; show real people, actual rituals, decorations and crowds with genuine festive energy; vibrant true-to-life colour, natural handheld motion, shallow depth of field. No on-screen text, subtitles, captions, logos or watermarks; no distorted or extra faces/limbs; documentary realism, not cartoonish or AI-looking.","on-screen text, subtitles, captions, watermarks, logos, brand names, distorted faces, extra limbs, cartoonish, CGI sheen, oversaturated, low quality",https://pub-d8970c901de34c218926ebf4be1ed09a.r2.dev/destinations/hyderabad.jpg,https://www.nakshiq.com/en/festivals/bonalu
e07906d4-44b2-44f2-959e-1068c173e671,bathukamma,Bathukamma,Hyderabad,telangana,10,October,October (9 days),bathukamma,yes,db-description,Telangana unique floral festival. Women create beautiful flower stacks and float them on lakes. Culminates on Saddula Bathukamma.,"Cinematic documentary-style video, 16:9, 6–8 seconds, authentic real-footage look, of the Bathukamma festival as celebrated in Hyderabad, Telangana. Celebration: Telangana unique floral festival. Women create beautiful flower stacks and float them on lakes. Culminates on Saddula Bathukamma.. Key visuals: women in silk saris circling tall conical stacks of marigold and seasonal flowers, clapping and singing, lamps on top. golden autumn light; show real people, actual rituals, decorations and crowds with genuine festive energy; vibrant true-to-life colour, natural handheld motion, shallow depth of field. No on-screen text, subtitles, captions, logos or watermarks; no distorted or extra faces/limbs; documentary realism, not cartoonish or AI-looking.","on-screen text, subtitles, captions, watermarks, logos, brand names, distorted faces, extra limbs, cartoonish, CGI sheen, oversaturated, low quality",https://pub-d8970c901de34c218926ebf4be1ed09a.r2.dev/destinations/hyderabad.jpg,https://www.nakshiq.com/en/festivals/bathukamma
740a50f6-3d00-4206-9bc7-dfd80da7e146,hyderabadi-haleem-season,Hyderabadi Haleem Season,Hyderabad,telangana,3,March,Ramadan month (varies),obscure,no,db-description,"During Ramadan, 600+ haleem outlets open across Old City. GI-tagged Hyderabadi haleem becomes the city obsession.","Cinematic documentary-style video, 16:9, 6–8 seconds, authentic real-footage look, of the Hyderabadi Haleem Season festival as celebrated in Hyderabad, Telangana. Celebration: During Ramadan, 600+ haleem outlets open across Old City. GI-tagged Hyderabadi haleem becomes the city obsession.. warm spring light; show real people, actual rituals, decorations and crowds with genuine festive energy; vibrant true-to-life colour, natural handheld motion, shallow depth of field. No on-screen text, subtitles, captions, logos or watermarks; no distorted or extra faces/limbs; documentary realism, not cartoonish or AI-looking.","on-screen text, subtitles, captions, watermarks, logos, brand names, distorted faces, extra limbs, cartoonish, CGI sheen, oversaturated, low quality",https://pub-d8970c901de34c218926ebf4be1ed09a.r2.dev/destinations/hyderabad.jpg,https://www.nakshiq.com/en/festivals/hyderabadi-haleem-season
e86c792c-ca1c-45d3-ab1f-5b47cadecb62,bathukamma-at-bhadrakali-lake,Bathukamma at Bhadrakali Lake,Warangal,telangana,10,October,October,bathukamma,yes,db-description,The most photogenic Bathukamma immersion. Thousands of flower stacks floated on Bhadrakali Lake at sunset.,"Cinematic documentary-style video, 16:9, 6–8 seconds, authentic real-footage look, of the Bathukamma at Bhadrakali Lake festival as celebrated in Warangal, Telangana. Celebration: The most photogenic Bathukamma immersion. Thousands of flower stacks floated on Bhadrakali Lake at sunset.. Key visuals: women in silk saris circling tall conical stacks of marigold and seasonal flowers, clapping and singing, lamps on top. golden autumn light; show real people, actual rituals, decorations and crowds with genuine festive energy; vibrant true-to-life colour, natural handheld motion, shallow depth of field. No on-screen text, subtitles, captions, logos or watermarks; no distorted or extra faces/limbs; documentary realism, not cartoonish or AI-looking.","on-screen text, subtitles, captions, watermarks, logos, brand names, distorted faces, extra limbs, cartoonish, CGI sheen, oversaturated, low quality",https://pub-d8970c901de34c218926ebf4be1ed09a.r2.dev/destinations/warangal.jpg,https://www.nakshiq.com/en/festivals/bathukamma-at-bhadrakali-lake
54dd5d3f-d3d9-42e8-99bd-2ffcc09edbda,sammakka-saralamma-jatara,Sammakka Saralamma Jatara,Warangal,telangana,2,February,"Biennial (February — even years, next: 2028)",obscure,no,db-description,Asia largest tribal festival at Medaram. 10-20 million tribal devotees gather over 4 days. Honors tribal goddesses.,"Cinematic documentary-style video, 16:9, 6–8 seconds, authentic real-footage look, of the Sammakka Saralamma Jatara as celebrated in Warangal, Telangana. Celebration: Asia largest tribal festival at Medaram. 10-20 million tribal devotees gather over 4 days. Honors tribal goddesses.. clear late-winter light; show real people, actual rituals, decorations and crowds with genuine festive energy; vibrant true-to-life colour, natural handheld motion, shallow depth of field. No on-screen text, subtitles, captions, logos or watermarks; no distorted or extra faces/limbs; documentary realism, not cartoonish or AI-looking.","on-screen text, subtitles, captions, watermarks, logos, brand names, distorted faces, extra limbs, cartoonish, CGI sheen, oversaturated, low quality",https://pub-d8970c901de34c218926ebf4be1ed09a.r2.dev/destinations/warangal.jpg,https://www.nakshiq.com/en/festivals/sammakka-saralamma-jatara
5a90e281-53bd-449b-a15b-1e4d96b46223,sri-rama-navami-bhadrachalam-kalyanam,Sri Rama Navami (Bhadrachalam Kalyanam),Bhadrachalam,telangana,4,April,April (varies),obscure,no,db-description,"Grand celestial wedding ceremony of Rama and Sita. State government sends traditional wedding gifts (Talambralu). 500,000+ attend.","Cinematic documentary-style video, 16:9, 6–8 seconds, authentic real-footage look, of the Sri Rama Navami (Bhadrachalam Kalyanam) festival as celebrated in Bhadrachalam, Telangana. Celebration: Grand celestial wedding ceremony of Rama and Sita. State government sends traditional wedding gifts (Talambralu). 500,000+ attend.. warm pre-summer light; show real people, actual rituals, decorations and crowds with genuine festive energy; vibrant true-to-life colour, natural handheld motion, shallow depth of field. No on-screen text, subtitles, captions, logos or watermarks; no distorted or extra faces/limbs; documentary realism, not cartoonish or AI-looking.","on-screen text, subtitles, captions, watermarks, logos, brand names, distorted faces, extra limbs, cartoonish, CGI sheen, oversaturated, low quality",https://pub-d8970c901de34c218926ebf4be1ed09a.r2.dev/destinations/bhadrachalam.jpg,https://www.nakshiq.com/en/festivals/sri-rama-navami-bhadrachalam-kalyanam
619e50b7-2f0b-42e3-bf37-7d24973b26ac,vaikuntha-ekadasi-at-bhadrachalam,Vaikuntha Ekadasi at Bhadrachalam,Bhadrachalam,telangana,12,December,Late December,obscure,no,db-description,"100,000+ pilgrims queue for darshan through the special Vaikuntha Dwaram entrance. Second only to Tirupati for this festival.","Cinematic documentary-style video, 16:9, 6–8 seconds, authentic real-footage look, of the Vaikuntha Ekadasi at Bhadrachalam festival as celebrated in Bhadrachalam, Telangana. Celebration: 100,000+ pilgrims queue for darshan through the special Vaikuntha Dwaram entrance. Second only to Tirupati for this festival.. cold winter light, long shadows; show real people, actual rituals, decorations and crowds with genuine festive energy; vibrant true-to-life colour, natural handheld motion, shallow depth of field. No on-screen text, subtitles, captions, logos or watermarks; no distorted or extra faces/limbs; documentary realism, not cartoonish or AI-looking.","on-screen text, subtitles, captions, watermarks, logos, brand names, distorted faces, extra limbs, cartoonish, CGI sheen, oversaturated, low quality",https://pub-d8970c901de34c218926ebf4be1ed09a.r2.dev/destinations/bhadrachalam.jpg,https://www.nakshiq.com/en/festivals/vaikuntha-ekadasi-at-bhadrachalam
23395fcb-aed3-497e-b5b9-f41ca46408c4,vasant-panchami,Vasant Panchami,Basara,telangana,2,February,January/February,obscure,no,db-description,Grand Saraswathi Puja — children brought for Aksharabhyasa (first writing ceremony). Thousands of families participate.,"Cinematic documentary-style video, 16:9, 6–8 seconds, authentic real-footage look, of the Vasant Panchami festival as celebrated in Basara, Telangana. Celebration: Grand Saraswathi Puja — children brought for Aksharabhyasa (first writing ceremony). Thousands of families participate.. clear late-winter light; show real people, actual rituals, decorations and crowds with genuine festive energy; vibrant true-to-life colour, natural handheld motion, shallow depth of field. No on-screen text, subtitles, captions, logos or watermarks; no distorted or extra faces/limbs; documentary realism, not cartoonish or AI-looking.","on-screen text, subtitles, captions, watermarks, logos, brand names, distorted faces, extra limbs, cartoonish, CGI sheen, oversaturated, low quality",https://pub-d8970c901de34c218926ebf4be1ed09a.r2.dev/destinations/basara.jpg,https://www.nakshiq.com/en/festivals/vasant-panchami
c25e0019-24f0-4b4c-9b09-cf012666cd3f,christmas-at-medak-cathedral,Christmas at Medak Cathedral,Medak,telangana,12,December,December 24-25,colonial-christian,no,db-description,Grand Christmas celebrations at one of Asia largest churches. Midnight mass with thousands. Stained glass windows illuminated.,"Cinematic documentary-style video, 16:9, 6–8 seconds, authentic real-footage look, of the Christmas at Medak Cathedral festival as celebrated in Medak, Telangana. Celebration: Grand Christmas celebrations at one of Asia largest churches. Midnight mass with thousands. Stained glass windows illuminated.. Key visuals: decorated church and street lights, carols and parades, midnight-mass crowds, festive lights and stars. cold winter light, long shadows; show real people, actual rituals, decorations and crowds with genuine festive energy; vibrant true-to-life colour, natural handheld motion, shallow depth of field. No on-screen text, subtitles, captions, logos or watermarks; no distorted or extra faces/limbs; documentary realism, not cartoonish or AI-looking.","on-screen text, subtitles, captions, watermarks, logos, brand names, distorted faces, extra limbs, cartoonish, CGI sheen, oversaturated, low quality",https://pub-d8970c901de34c218926ebf4be1ed09a.r2.dev/destinations/medak.jpg,https://www.nakshiq.com/en/festivals/christmas-at-medak-cathedral
0888d8e4-e32b-4b05-8f07-e9b2026489c0,kakatiya-utsavam,Kakatiya Utsavam,Ramappa Temple,telangana,10,October,October (2 days),obscure,no,db-description,"Heritage celebration at the UNESCO site honoring Kakatiya dynasty. Cultural programs, classical dance, and historical reenactments.","Cinematic documentary-style video, 16:9, 6–8 seconds, authentic real-footage look, of the Kakatiya Utsavam festival as celebrated in Ramappa Temple, Telangana. Celebration: Heritage celebration at the UNESCO site honoring Kakatiya dynasty. Cultural programs, classical dance, and historical reenactments.. golden autumn light; show real people, actual rituals, decorations and crowds with genuine festive energy; vibrant true-to-life colour, natural handheld motion, shallow depth of field. No on-screen text, subtitles, captions, logos or watermarks; no distorted or extra faces/limbs; documentary realism, not cartoonish or AI-looking.","on-screen text, subtitles, captions, watermarks, logos, brand names, distorted faces, extra limbs, cartoonish, CGI sheen, oversaturated, low quality",https://pub-d8970c901de34c218926ebf4be1ed09a.r2.dev/destinations/ramappa-temple.jpg,https://www.nakshiq.com/en/festivals/kakatiya-utsavam
2566991c-7c2f-41f0-afc8-9e09df788b64,mahavir-jayanti-kolanupaka,Mahavir Jayanti,Kolanupaka,telangana,4,April,April (varies),obscure,no,db-description,Grand Jain festival celebrating Lord Mahaveer birthday. Special puja to the 2000-year-old jade statue. Jain pilgrims from across India.,"Cinematic documentary-style video, 16:9, 6–8 seconds, authentic real-footage look, of the Mahavir Jayanti as celebrated in Kolanupaka, Telangana. Celebration: Grand Jain festival celebrating Lord Mahaveer birthday. Special puja to the 2000-year-old jade statue. Jain pilgrims from across India.. warm pre-summer light; show real people, actual rituals, decorations and crowds with genuine festive energy; vibrant true-to-life colour, natural handheld motion, shallow depth of field. No on-screen text, subtitles, captions, logos or watermarks; no distorted or extra faces/limbs; documentary realism, not cartoonish or AI-looking.","on-screen text, subtitles, captions, watermarks, logos, brand names, distorted faces, extra limbs, cartoonish, CGI sheen, oversaturated, low quality",https://pub-d8970c901de34c218926ebf4be1ed09a.r2.dev/destinations/kolanupaka.jpg,https://www.nakshiq.com/en/festivals/mahavir-jayanti-kolanupaka
1f9ef973-32d3-4ebc-a391-9a94d896105a,dandari-gusadi-dance-festival,Dandari / Gusadi Dance Festival,Adilabad,telangana,12,December,December/January,obscure,no,db-description,"Gond tribal dance festival. Dancers wear elaborate grass and feather costumes, perform rhythmic dances around bonfires.","Cinematic documentary-style video, 16:9, 6–8 seconds, authentic real-footage look, of the Dandari / Gusadi Dance Festival as celebrated in Adilabad, Telangana. Celebration: Gond tribal dance festival. Dancers wear elaborate grass and feather costumes, perform rhythmic dances around bonfires.. cold winter light, long shadows; show real people, actual rituals, decorations and crowds with genuine festive energy; vibrant true-to-life colour, natural handheld motion, shallow depth of field. No on-screen text, subtitles, captions, logos or watermarks; no distorted or extra faces/limbs; documentary realism, not cartoonish or AI-looking.","on-screen text, subtitles, captions, watermarks, logos, brand names, distorted faces, extra limbs, cartoonish, CGI sheen, oversaturated, low quality",https://pub-d8970c901de34c218926ebf4be1ed09a.r2.dev/destinations/adilabad.jpg,https://www.nakshiq.com/en/festivals/dandari-gusadi-dance-festival
a6c799fa-d064-48bc-a379-774dc9e4cf03,rath-yatra,Rath Yatra,Puri,odisha,7,July,June/July (Ashadha Shukla Dwitiya),rath-yatra,no,db-description,"World's largest chariot festival. Three 45-foot wooden chariots carrying Jagannath, Balabhadra, and Subhadra pulled by 1M+ devotees from Jagannath Temple to Gundicha Temple.","Cinematic documentary-style video, 16:9, 6–8 seconds, authentic real-footage look, of the Rath Yatra as celebrated in Puri, Odisha. Celebration: World's largest chariot festival. Three 45-foot wooden chariots carrying Jagannath, Balabhadra, and Subhadra pulled by 1M+ devotees from Jagannath Temple to Gundicha Temple.. Key visuals: enormous wooden temple chariots hauled by thousands on thick ropes through a packed processional avenue, drums and conch. monsoon light, wet sheen; show real people, actual rituals, decorations and crowds with genuine festive energy; vibrant true-to-life colour, natural handheld motion, shallow depth of field. No on-screen text, subtitles, captions, logos or watermarks; no distorted or extra faces/limbs; documentary realism, not cartoonish or AI-looking.","on-screen text, subtitles, captions, watermarks, logos, brand names, distorted faces, extra limbs, cartoonish, CGI sheen, oversaturated, low quality",https://pub-d8970c901de34c218926ebf4be1ed09a.r2.dev/destinations/puri.jpg,https://www.nakshiq.com/en/festivals/rath-yatra
243d2208-c7b0-4474-a5d0-ca7d0385aaa4,snana-yatra,Snana Yatra,Puri,odisha,6,June,June (Jyeshtha Purnima),obscure,no,db-description,"Ritual bathing ceremony of Jagannath deities. After this, deities go into 15-day seclusion (Anasara) before Rath Yatra — believed to fall ill from the bath.","Cinematic documentary-style video, 16:9, 6–8 seconds, authentic real-footage look, of the Snana Yatra as celebrated in Puri, Odisha. Celebration: Ritual bathing ceremony of Jagannath deities. After this, deities go into 15-day seclusion (Anasara) before Rath Yatra — believed to fall ill from the bath.. early-monsoon overcast, fresh greens; show real people, actual rituals, decorations and crowds with genuine festive energy; vibrant true-to-life colour, natural handheld motion, shallow depth of field. No on-screen text, subtitles, captions, logos or watermarks; no distorted or extra faces/limbs; documentary realism, not cartoonish or AI-looking.","on-screen text, subtitles, captions, watermarks, logos, brand names, distorted faces, extra limbs, cartoonish, CGI sheen, oversaturated, low quality",https://pub-d8970c901de34c218926ebf4be1ed09a.r2.dev/destinations/puri.jpg,https://www.nakshiq.com/en/festivals/snana-yatra
8f7f0ac4-df40-4853-a502-bc89d2606bcc,bahuda-yatra,Bahuda Yatra,Puri,odisha,7,July,9 days after Rath Yatra,obscure,no,db-description,Return journey of the chariots from Gundicha Temple back to Jagannath Temple. Equally spectacular procession.,"Cinematic documentary-style video, 16:9, 6–8 seconds, authentic real-footage look, of the Bahuda Yatra as celebrated in Puri, Odisha. Celebration: Return journey of the chariots from Gundicha Temple back to Jagannath Temple. Equally spectacular procession.. monsoon light, wet sheen; show real people, actual rituals, decorations and crowds with genuine festive energy; vibrant true-to-life colour, natural handheld motion, shallow depth of field. No on-screen text, subtitles, captions, logos or watermarks; no distorted or extra faces/limbs; documentary realism, not cartoonish or AI-looking.","on-screen text, subtitles, captions, watermarks, logos, brand names, distorted faces, extra limbs, cartoonish, CGI sheen, oversaturated, low quality",https://pub-d8970c901de34c218926ebf4be1ed09a.r2.dev/destinations/puri.jpg,https://www.nakshiq.com/en/festivals/bahuda-yatra
28987299-9b66-49ea-9b34-e28bb13aeb1b,konark-dance-festival,Konark Dance Festival,Konark,odisha,12,December,December 1-5 (annual),obscure,no,db-description,5-day classical dance festival held against the backdrop of the Sun Temple. Leading Odissi and other classical dancers perform at the open-air auditorium.,"Cinematic documentary-style video, 16:9, 6–8 seconds, authentic real-footage look, of the Konark Dance Festival as celebrated in Konark, Odisha. Celebration: 5-day classical dance festival held against the backdrop of the Sun Temple. Leading Odissi and other classical dancers perform at the open-air auditorium.. cold winter light, long shadows; show real people, actual rituals, decorations and crowds with genuine festive energy; vibrant true-to-life colour, natural handheld motion, shallow depth of field. No on-screen text, subtitles, captions, logos or watermarks; no distorted or extra faces/limbs; documentary realism, not cartoonish or AI-looking.","on-screen text, subtitles, captions, watermarks, logos, brand names, distorted faces, extra limbs, cartoonish, CGI sheen, oversaturated, low quality",https://pub-d8970c901de34c218926ebf4be1ed09a.r2.dev/destinations/konark.jpg,https://www.nakshiq.com/en/festivals/konark-dance-festival
82717d5c-d1b8-4143-92bd-6ae6ee8118f7,adivasi-mela,Adivasi Mela,Bhubaneswar,odisha,1,January,January 26 - February 10,obscure,no,db-description,"16-day tribal fair showcasing 62 Odisha tribes. Tribal art, dance, craft, food stalls. One of India's largest tribal cultural exhibitions.","Cinematic documentary-style video, 16:9, 6–8 seconds, authentic real-footage look, of the Adivasi Mela as celebrated in Bhubaneswar, Odisha. Celebration: 16-day tribal fair showcasing 62 Odisha tribes. Tribal art, dance, craft, food stalls. One of India's largest tribal cultural exhibitions.. crisp winter daylight; show real people, actual rituals, decorations and crowds with genuine festive energy; vibrant true-to-life colour, natural handheld motion, shallow depth of field. No on-screen text, subtitles, captions, logos or watermarks; no distorted or extra faces/limbs; documentary realism, not cartoonish or AI-looking.","on-screen text, subtitles, captions, watermarks, logos, brand names, distorted faces, extra limbs, cartoonish, CGI sheen, oversaturated, low quality",https://pub-d8970c901de34c218926ebf4be1ed09a.r2.dev/destinations/bhubaneswar.jpg,https://www.nakshiq.com/en/festivals/adivasi-mela
5aa70dc5-0555-41b6-a987-7f564eeb0219,dhauli-shanti-utsav,Dhauli Shanti Utsav,Bhubaneswar,odisha,3,March,March/April,obscure,no,db-description,Peace festival at the Kalinga War site. Classical dance performances at Dhauli Peace Pagoda. Celebrates Ashoka's transformation.,"Cinematic documentary-style video, 16:9, 6–8 seconds, authentic real-footage look, of the Dhauli Shanti Utsav as celebrated in Bhubaneswar, Odisha. Celebration: Peace festival at the Kalinga War site. Classical dance performances at Dhauli Peace Pagoda. Celebrates Ashoka's transformation.. warm spring light; show real people, actual rituals, decorations and crowds with genuine festive energy; vibrant true-to-life colour, natural handheld motion, shallow depth of field. No on-screen text, subtitles, captions, logos or watermarks; no distorted or extra faces/limbs; documentary realism, not cartoonish or AI-looking.","on-screen text, subtitles, captions, watermarks, logos, brand names, distorted faces, extra limbs, cartoonish, CGI sheen, oversaturated, low quality",https://pub-d8970c901de34c218926ebf4be1ed09a.r2.dev/destinations/bhubaneswar.jpg,https://www.nakshiq.com/en/festivals/dhauli-shanti-utsav
750d245b-5d5d-4e22-94ce-f1c1422ff4fb,bali-jatra,Bali Jatra,Cuttack,odisha,11,November,November (Kartik Purnima),obscure,no,db-description,"Asia's largest open-air trade fair. Celebrates ancient maritime links between Odisha and Southeast Asia (Bali, Java, Sumatra). Boat races, cultural programs, mega fair.","Cinematic documentary-style video, 16:9, 6–8 seconds, authentic real-footage look, of the Bali Jatra as celebrated in Cuttack, Odisha. Celebration: Asia's largest open-air trade fair. Celebrates ancient maritime links between Odisha and Southeast Asia (Bali, Java, Sumatra). Boat races, cultural programs, mega fair.. cool early-winter light; show real people, actual rituals, decorations and crowds with genuine festive energy; vibrant true-to-life colour, natural handheld motion, shallow depth of field. No on-screen text, subtitles, captions, logos or watermarks; no distorted or extra faces/limbs; documentary realism, not cartoonish or AI-looking.","on-screen text, subtitles, captions, watermarks, logos, brand names, distorted faces, extra limbs, cartoonish, CGI sheen, oversaturated, low quality",https://pub-d8970c901de34c218926ebf4be1ed09a.r2.dev/destinations/cuttack.jpg,https://www.nakshiq.com/en/festivals/bali-jatra
f6078827-b2ee-4e84-bf55-0711bf0e9af5,durga-puja-cuttack-silver-edition,Durga Puja (Cuttack Silver Edition),Cuttack,odisha,10,October,October (Ashwin Shukla),durga-navratri,yes,db-description,Cuttack Durga Puja famous for silver filigree pandal decorations — unique to this city. Thousands of Tarakasi artisans create pandals with silver.,"Cinematic documentary-style video, 16:9, 6–8 seconds, authentic real-footage look, of the Durga Puja (Cuttack Silver Edition) as celebrated in Cuttack, Odisha. Celebration: Cuttack Durga Puja famous for silver filigree pandal decorations — unique to this city. Thousands of Tarakasi artisans create pandals with silver.. Key visuals: elaborately lit pandals and Durga idols, dhunuchi incense dance, garba/dandiya circles in colourful chaniya-choli. golden autumn light; show real people, actual rituals, decorations and crowds with genuine festive energy; vibrant true-to-life colour, natural handheld motion, shallow depth of field. No on-screen text, subtitles, captions, logos or watermarks; no distorted or extra faces/limbs; documentary realism, not cartoonish or AI-looking.","on-screen text, subtitles, captions, watermarks, logos, brand names, distorted faces, extra limbs, cartoonish, CGI sheen, oversaturated, low quality",https://pub-d8970c901de34c218926ebf4be1ed09a.r2.dev/destinations/cuttack.jpg,https://www.nakshiq.com/en/festivals/durga-puja-cuttack-silver-edition
8f8150cb-1512-4c05-a458-59e82be4dff7,sital-sasthi,Sital Sasthi,Sambalpur,odisha,6,June,June (Jyeshtha Shukla),obscure,no,db-description,Grand chariot procession celebrating the marriage of Shiva and Parvati. Sambalpur signature festival with elaborate decorations.,"Cinematic documentary-style video, 16:9, 6–8 seconds, authentic real-footage look, of the Sital Sasthi festival as celebrated in Sambalpur, Odisha. Celebration: Grand chariot procession celebrating the marriage of Shiva and Parvati. Sambalpur signature festival with elaborate decorations.. early-monsoon overcast, fresh greens; show real people, actual rituals, decorations and crowds with genuine festive energy; vibrant true-to-life colour, natural handheld motion, shallow depth of field. No on-screen text, subtitles, captions, logos or watermarks; no distorted or extra faces/limbs; documentary realism, not cartoonish or AI-looking.","on-screen text, subtitles, captions, watermarks, logos, brand names, distorted faces, extra limbs, cartoonish, CGI sheen, oversaturated, low quality",https://pub-d8970c901de34c218926ebf4be1ed09a.r2.dev/destinations/sambalpur.jpg,https://www.nakshiq.com/en/festivals/sital-sasthi
08aab457-a0ee-4b06-8d72-ced0e4dca5db,chilika-bird-festival,Chilika Bird Festival,Chilika Lake,odisha,1,January,January (2 days),obscure,no,db-description,"Annual festival celebrating migratory bird arrivals. Boat tours, birding workshops, photography exhibitions, cultural programs.","Cinematic documentary-style video, 16:9, 6–8 seconds, authentic real-footage look, of the Chilika Bird Festival as celebrated in Chilika Lake, Odisha. Celebration: Annual festival celebrating migratory bird arrivals. Boat tours, birding workshops, photography exhibitions, cultural programs.. crisp winter daylight; show real people, actual rituals, decorations and crowds with genuine festive energy; vibrant true-to-life colour, natural handheld motion, shallow depth of field. No on-screen text, subtitles, captions, logos or watermarks; no distorted or extra faces/limbs; documentary realism, not cartoonish or AI-looking.","on-screen text, subtitles, captions, watermarks, logos, brand names, distorted faces, extra limbs, cartoonish, CGI sheen, oversaturated, low quality",https://pub-d8970c901de34c218926ebf4be1ed09a.r2.dev/destinations/chilika-lake.jpg,https://www.nakshiq.com/en/festivals/chilika-bird-festival
c6ddc3a8-5c5b-4e76-9519-b78b06ad1391,olive-ridley-turtle-festival,Olive Ridley Turtle Festival,Bhitarkanika,odisha,2,February,February (during peak nesting),obscure,no,db-description,"Conservation festival during peak turtle nesting at Gahirmatha. Awareness programs, guided nesting viewing, conservation education.","Cinematic documentary-style video, 16:9, 6–8 seconds, authentic real-footage look, of the Olive Ridley Turtle Festival as celebrated in Bhitarkanika, Odisha. Celebration: Conservation festival during peak turtle nesting at Gahirmatha. Awareness programs, guided nesting viewing, conservation education.. clear late-winter light; show real people, actual rituals, decorations and crowds with genuine festive energy; vibrant true-to-life colour, natural handheld motion, shallow depth of field. No on-screen text, subtitles, captions, logos or watermarks; no distorted or extra faces/limbs; documentary realism, not cartoonish or AI-looking.","on-screen text, subtitles, captions, watermarks, logos, brand names, distorted faces, extra limbs, cartoonish, CGI sheen, oversaturated, low quality",https://pub-d8970c901de34c218926ebf4be1ed09a.r2.dev/destinations/bhitarkanika.jpg,https://www.nakshiq.com/en/festivals/olive-ridley-turtle-festival
ca1057d1-3324-4cf5-800b-8e0db5b641d2,simlipal-flower-festival,Simlipal Flower Festival,Simlipal,odisha,4,April,April (orchid season),flower-bloom,no,db-description,"Festival celebrating the blooming of 96 endemic orchid species. Nature walks, tribal cultural programs.","Cinematic documentary-style video, 16:9, 6–8 seconds, authentic real-footage look, of the Simlipal Flower Festival as celebrated in Simlipal, Odisha. Celebration: Festival celebrating the blooming of 96 endemic orchid species. Nature walks, tribal cultural programs.. Key visuals: vast geometric beds of blooming flowers, visitors strolling the gardens, colour as far as the eye can see. warm pre-summer light; show real people, actual rituals, decorations and crowds with genuine festive energy; vibrant true-to-life colour, natural handheld motion, shallow depth of field. No on-screen text, subtitles, captions, logos or watermarks; no distorted or extra faces/limbs; documentary realism, not cartoonish or AI-looking.","on-screen text, subtitles, captions, watermarks, logos, brand names, distorted faces, extra limbs, cartoonish, CGI sheen, oversaturated, low quality",https://pub-d8970c901de34c218926ebf4be1ed09a.r2.dev/destinations/simlipal.jpg,https://www.nakshiq.com/en/festivals/simlipal-flower-festival
9fadef47-3f49-45e5-acbd-2ce3062492d9,chaitra-parva-chhau-festival,Chaitra Parva Chhau Festival,Baripada,odisha,4,April,April (Chaitra month),obscure,no,db-description,"Biggest annual Chhau dance festival. Hundreds of performers in Mayurbhanj style (no masks). Fire performances, martial arts choreography.","Cinematic documentary-style video, 16:9, 6–8 seconds, authentic real-footage look, of the Chaitra Parva Chhau Festival as celebrated in Baripada, Odisha. Celebration: Biggest annual Chhau dance festival. Hundreds of performers in Mayurbhanj style (no masks). Fire performances, martial arts choreography.. warm pre-summer light; show real people, actual rituals, decorations and crowds with genuine festive energy; vibrant true-to-life colour, natural handheld motion, shallow depth of field. No on-screen text, subtitles, captions, logos or watermarks; no distorted or extra faces/limbs; documentary realism, not cartoonish or AI-looking.","on-screen text, subtitles, captions, watermarks, logos, brand names, distorted faces, extra limbs, cartoonish, CGI sheen, oversaturated, low quality",https://pub-d8970c901de34c218926ebf4be1ed09a.r2.dev/destinations/baripada.jpg,https://www.nakshiq.com/en/festivals/chaitra-parva-chhau-festival
c5e4f421-7000-42e8-af1d-f87387ae6931,raghurajpur-art-festival,Raghurajpur Art Festival,Raghurajpur,odisha,12,December,December (around Konark Festival),obscure,no,db-description,"Village-wide art exhibition and live demonstrations. Pattachitra, palm leaf engraving, stone carving showcased. Award-winning heritage village opens all workshops.","Cinematic documentary-style video, 16:9, 6–8 seconds, authentic real-footage look, of the Raghurajpur Art Festival as celebrated in Raghurajpur, Odisha. Celebration: Village-wide art exhibition and live demonstrations. Pattachitra, palm leaf engraving, stone carving showcased. Award-winning heritage village opens all workshops.. cold winter light, long shadows; show real people, actual rituals, decorations and crowds with genuine festive energy; vibrant true-to-life colour, natural handheld motion, shallow depth of field. No on-screen text, subtitles, captions, logos or watermarks; no distorted or extra faces/limbs; documentary realism, not cartoonish or AI-looking.","on-screen text, subtitles, captions, watermarks, logos, brand names, distorted faces, extra limbs, cartoonish, CGI sheen, oversaturated, low quality",https://pub-d8970c901de34c218926ebf4be1ed09a.r2.dev/destinations/raghurajpur.jpg,https://www.nakshiq.com/en/festivals/raghurajpur-art-festival
5b1d1087-62f6-4ba1-adb9-05ac08570ab5,parab-tribal-festival,Parab Tribal Festival,Koraput,odisha,3,March,March (harvest season),obscure,no,db-description,"Dongria Kondh harvest celebration in Niyamgiri Hills. Traditional dance, music, community feasting. Sacred Niyam Raja worship.","Cinematic documentary-style video, 16:9, 6–8 seconds, authentic real-footage look, of the Parab Tribal Festival as celebrated in Koraput, Odisha. Celebration: Dongria Kondh harvest celebration in Niyamgiri Hills. Traditional dance, music, community feasting. Sacred Niyam Raja worship.. warm spring light; show real people, actual rituals, decorations and crowds with genuine festive energy; vibrant true-to-life colour, natural handheld motion, shallow depth of field. No on-screen text, subtitles, captions, logos or watermarks; no distorted or extra faces/limbs; documentary realism, not cartoonish or AI-looking.","on-screen text, subtitles, captions, watermarks, logos, brand names, distorted faces, extra limbs, cartoonish, CGI sheen, oversaturated, low quality",https://pub-d8970c901de34c218926ebf4be1ed09a.r2.dev/destinations/koraput.jpg,https://www.nakshiq.com/en/festivals/parab-tribal-festival
c75ca9b9-7326-48c1-95fe-ad4efaf6bde9,chaiti-ghoda,Chaiti Ghoda,Daringbadi,odisha,4,April,April (Chaitra),obscure,no,db-description,"Spring horse dance festival of Kandhamal tribals. Performers wear bamboo horse frames, dance to drum rhythms. Ancient martial tradition.","Cinematic documentary-style video, 16:9, 6–8 seconds, authentic real-footage look, of the Chaiti Ghoda festival as celebrated in Daringbadi, Odisha. Celebration: Spring horse dance festival of Kandhamal tribals. Performers wear bamboo horse frames, dance to drum rhythms. Ancient martial tradition.. warm pre-summer light; show real people, actual rituals, decorations and crowds with genuine festive energy; vibrant true-to-life colour, natural handheld motion, shallow depth of field. No on-screen text, subtitles, captions, logos or watermarks; no distorted or extra faces/limbs; documentary realism, not cartoonish or AI-looking.","on-screen text, subtitles, captions, watermarks, logos, brand names, distorted faces, extra limbs, cartoonish, CGI sheen, oversaturated, low quality",https://pub-d8970c901de34c218926ebf4be1ed09a.r2.dev/destinations/daringbadi.jpg,https://www.nakshiq.com/en/festivals/chaiti-ghoda
9721a982-966a-4a1d-816f-4c3b83bb3609,rann-utsav,Rann Utsav,Kutch (Bhuj),gujarat,12,December,November-February (full season),obscure,no,db-description,"4-month desert festival at the Great Rann of Kutch. White salt desert under full moon. Cultural performances, handicraft exhibitions, tent city accommodation.","Cinematic documentary-style video, 16:9, 6–8 seconds, authentic real-footage look, of the Rann Utsav as celebrated in Kutch (Bhuj), Gujarat. Celebration: 4-month desert festival at the Great Rann of Kutch. White salt desert under full moon. Cultural performances, handicraft exhibitions, tent city accommodation.. cold winter light, long shadows; show real people, actual rituals, decorations and crowds with genuine festive energy; vibrant true-to-life colour, natural handheld motion, shallow depth of field. No on-screen text, subtitles, captions, logos or watermarks; no distorted or extra faces/limbs; documentary realism, not cartoonish or AI-looking.","on-screen text, subtitles, captions, watermarks, logos, brand names, distorted faces, extra limbs, cartoonish, CGI sheen, oversaturated, low quality",https://pub-d8970c901de34c218926ebf4be1ed09a.r2.dev/destinations/kutch.jpg,https://www.nakshiq.com/en/festivals/rann-utsav
0d3d9151-9453-423c-ac17-13125ec728fc,kutch-mahotsav,Kutch Mahotsav,Kutch (Bhuj),gujarat,1,January,January (Republic Day weekend),obscure,no,db-description,"Cultural festival celebrating Kutchi crafts, music, dance. Showcases 16 tribal communities and their art forms.","Cinematic documentary-style video, 16:9, 6–8 seconds, authentic real-footage look, of the Kutch Mahotsav as celebrated in Kutch (Bhuj), Gujarat. Celebration: Cultural festival celebrating Kutchi crafts, music, dance. Showcases 16 tribal communities and their art forms.. crisp winter daylight; show real people, actual rituals, decorations and crowds with genuine festive energy; vibrant true-to-life colour, natural handheld motion, shallow depth of field. No on-screen text, subtitles, captions, logos or watermarks; no distorted or extra faces/limbs; documentary realism, not cartoonish or AI-looking.","on-screen text, subtitles, captions, watermarks, logos, brand names, distorted faces, extra limbs, cartoonish, CGI sheen, oversaturated, low quality",https://pub-d8970c901de34c218926ebf4be1ed09a.r2.dev/destinations/kutch.jpg,https://www.nakshiq.com/en/festivals/kutch-mahotsav
6e08de14-779b-451c-80e0-4004ce38f41d,janmashtami-at-dwarkadhish,Janmashtami at Dwarkadhish,Dwarka,gujarat,8,August,August/September,obscure,no,db-description,"Krishna birthday celebrations at his legendary kingdom. Midnight festivities, Dahi Handi, temple decorations. One of India premier Janmashtami venues.","Cinematic documentary-style video, 16:9, 6–8 seconds, authentic real-footage look, of the Janmashtami at Dwarkadhish festival as celebrated in Dwarka, Gujarat. Celebration: Krishna birthday celebrations at his legendary kingdom. Midnight festivities, Dahi Handi, temple decorations. One of India premier Janmashtami venues.. monsoon light, lush greens; show real people, actual rituals, decorations and crowds with genuine festive energy; vibrant true-to-life colour, natural handheld motion, shallow depth of field. No on-screen text, subtitles, captions, logos or watermarks; no distorted or extra faces/limbs; documentary realism, not cartoonish or AI-looking.","on-screen text, subtitles, captions, watermarks, logos, brand names, distorted faces, extra limbs, cartoonish, CGI sheen, oversaturated, low quality",https://pub-d8970c901de34c218926ebf4be1ed09a.r2.dev/destinations/dwarka.jpg,https://www.nakshiq.com/en/festivals/janmashtami-at-dwarkadhish
fcccbd94-82e8-43d5-b9ab-2a9b4cac90dd,kartik-purnima-at-somnath,Kartik Purnima at Somnath,Somnath,gujarat,11,November,November (full moon),obscure,no,db-description,Grand celebrations at the first of 12 Jyotirlingas. Special puja during Kartik Purnima. Light festival on the coast.,"Cinematic documentary-style video, 16:9, 6–8 seconds, authentic real-footage look, of the Kartik Purnima at Somnath as celebrated in Somnath, Gujarat. Celebration: Grand celebrations at the first of 12 Jyotirlingas. Special puja during Kartik Purnima. Light festival on the coast.. cool early-winter light; show real people, actual rituals, decorations and crowds with genuine festive energy; vibrant true-to-life colour, natural handheld motion, shallow depth of field. No on-screen text, subtitles, captions, logos or watermarks; no distorted or extra faces/limbs; documentary realism, not cartoonish or AI-looking.","on-screen text, subtitles, captions, watermarks, logos, brand names, distorted faces, extra limbs, cartoonish, CGI sheen, oversaturated, low quality",https://pub-d8970c901de34c218926ebf4be1ed09a.r2.dev/destinations/somnath.jpg,https://www.nakshiq.com/en/festivals/kartik-purnima-at-somnath
5c76335b-a156-4038-92f0-d4f89821de0a,maha-shivaratri-at-somnath,Maha Shivaratri at Somnath,Somnath,gujarat,3,March,February/March,shivaratri,yes,db-description,Night-long Shiva worship at the eternally rebuilt Jyotirlinga. Thousands of devotees gather for the all-night vigil.,"Cinematic documentary-style video, 16:9, 6–8 seconds, authentic real-footage look, of the Maha Shivaratri at Somnath festival as celebrated in Somnath, Gujarat. Celebration: Night-long Shiva worship at the eternally rebuilt Jyotirlinga. Thousands of devotees gather for the all-night vigil.. Key visuals: night-long temple vigil — oil lamps and aarti flames before a Shiva shrine, bel leaves and milk offerings, chanting crowds, processions. warm spring light; show real people, actual rituals, decorations and crowds with genuine festive energy; vibrant true-to-life colour, natural handheld motion, shallow depth of field. No on-screen text, subtitles, captions, logos or watermarks; no distorted or extra faces/limbs; documentary realism, not cartoonish or AI-looking.","on-screen text, subtitles, captions, watermarks, logos, brand names, distorted faces, extra limbs, cartoonish, CGI sheen, oversaturated, low quality",https://pub-d8970c901de34c218926ebf4be1ed09a.r2.dev/destinations/somnath.jpg,https://www.nakshiq.com/en/festivals/maha-shivaratri-at-somnath
4b74b085-cece-4910-a12a-1486b63f2512,international-kite-festival-uttarayan,International Kite Festival (Uttarayan),Ahmedabad,gujarat,1,January,January 14,harvest-sankranti,no,db-description,Ahmedabad sky fills with millions of kites. International kite flyers. Rooftop parties across the city. Undhiyu and jalebi on every corner.,"Cinematic documentary-style video, 16:9, 6–8 seconds, authentic real-footage look, of the International Kite Festival (Uttarayan) as celebrated in Ahmedabad, Gujarat. Celebration: Ahmedabad sky fills with millions of kites. International kite flyers. Rooftop parties across the city. Undhiyu and jalebi on every corner.. Key visuals: kite-filled skies and bonfires, harvest dances, boiling pongal pots, decorated cattle, fresh-cut fields. crisp winter daylight; show real people, actual rituals, decorations and crowds with genuine festive energy; vibrant true-to-life colour, natural handheld motion, shallow depth of field. No on-screen text, subtitles, captions, logos or watermarks; no distorted or extra faces/limbs; documentary realism, not cartoonish or AI-looking.","on-screen text, subtitles, captions, watermarks, logos, brand names, distorted faces, extra limbs, cartoonish, CGI sheen, oversaturated, low quality",https://pub-d8970c901de34c218926ebf4be1ed09a.r2.dev/destinations/ahmedabad.jpg,https://www.nakshiq.com/en/festivals/international-kite-festival-uttarayan
83e11a89-c30e-4839-a157-c237c2405bb1,navratri-garba,Navratri Garba,Vadodara,gujarat,10,October,October (9 nights),durga-navratri,yes,db-description,"Gujarat is the global capital of Navratri Garba. Vadodara hosts the biggest events with 50,000+ dancers. United Way Garba is legendary.","Cinematic documentary-style video, 16:9, 6–8 seconds, authentic real-footage look, of the Navratri Garba as celebrated in Vadodara, Gujarat. Celebration: Gujarat is the global capital of Navratri Garba. Vadodara hosts the biggest events with 50,000+ dancers. United Way Garba is legendary.. Key visuals: elaborately lit pandals and Durga idols, dhunuchi incense dance, garba/dandiya circles in colourful chaniya-choli. golden autumn light; show real people, actual rituals, decorations and crowds with genuine festive energy; vibrant true-to-life colour, natural handheld motion, shallow depth of field. No on-screen text, subtitles, captions, logos or watermarks; no distorted or extra faces/limbs; documentary realism, not cartoonish or AI-looking.","on-screen text, subtitles, captions, watermarks, logos, brand names, distorted faces, extra limbs, cartoonish, CGI sheen, oversaturated, low quality",https://pub-d8970c901de34c218926ebf4be1ed09a.r2.dev/destinations/vadodara.jpg,https://www.nakshiq.com/en/festivals/navratri-garba
9cb674be-0d20-42b5-9575-54109464d5b2,shatrunjaya-mahotsav,Shatrunjaya Mahotsav,Palitana,gujarat,11,November,November,obscure,no,db-description,Jain pilgrimage festival at Shatrunjaya Hill (863 temples). Mass pilgrimage with special ceremonies.,"Cinematic documentary-style video, 16:9, 6–8 seconds, authentic real-footage look, of the Shatrunjaya Mahotsav as celebrated in Palitana, Gujarat. Celebration: Jain pilgrimage festival at Shatrunjaya Hill (863 temples). Mass pilgrimage with special ceremonies.. cool early-winter light; show real people, actual rituals, decorations and crowds with genuine festive energy; vibrant true-to-life colour, natural handheld motion, shallow depth of field. No on-screen text, subtitles, captions, logos or watermarks; no distorted or extra faces/limbs; documentary realism, not cartoonish or AI-looking.","on-screen text, subtitles, captions, watermarks, logos, brand names, distorted faces, extra limbs, cartoonish, CGI sheen, oversaturated, low quality",https://pub-d8970c901de34c218926ebf4be1ed09a.r2.dev/destinations/palitana.jpg,https://www.nakshiq.com/en/festivals/shatrunjaya-mahotsav
e38f9c0a-fe60-4677-9d29-5d838d304107,gir-jungle-trail-festival,Gir Jungle Trail Festival,Gir National Park,gujarat,12,December,December,obscure,no,db-description,"Wildlife festival at Gir celebrating the Asiatic lion. Nature walks, photography workshops, conservation education.","Cinematic documentary-style video, 16:9, 6–8 seconds, authentic real-footage look, of the Gir Jungle Trail Festival as celebrated in Gir National Park, Gujarat. Celebration: Wildlife festival at Gir celebrating the Asiatic lion. Nature walks, photography workshops, conservation education.. cold winter light, long shadows; show real people, actual rituals, decorations and crowds with genuine festive energy; vibrant true-to-life colour, natural handheld motion, shallow depth of field. No on-screen text, subtitles, captions, logos or watermarks; no distorted or extra faces/limbs; documentary realism, not cartoonish or AI-looking.","on-screen text, subtitles, captions, watermarks, logos, brand names, distorted faces, extra limbs, cartoonish, CGI sheen, oversaturated, low quality",https://pub-d8970c901de34c218926ebf4be1ed09a.r2.dev/destinations/gir-national-park.jpg,https://www.nakshiq.com/en/festivals/gir-jungle-trail-festival
0dd7ee23-2d88-4c94-a87d-5235765b9aac,full-moon-rann-walk,Full Moon Rann Walk,Rann of Kutch,gujarat,12,December,"Monthly (full moon nights, Nov-Feb)",obscure,no,db-description,Guided moonlit walks on the white salt desert. The Great Rann glows white under moonlight — surreal experience.,"Cinematic documentary-style video, 16:9, 6–8 seconds, authentic real-footage look, of the Full Moon Rann Walk festival as celebrated in Rann of Kutch, Gujarat. Celebration: Guided moonlit walks on the white salt desert. The Great Rann glows white under moonlight — surreal experience.. cold winter light, long shadows; show real people, actual rituals, decorations and crowds with genuine festive energy; vibrant true-to-life colour, natural handheld motion, shallow depth of field. No on-screen text, subtitles, captions, logos or watermarks; no distorted or extra faces/limbs; documentary realism, not cartoonish or AI-looking.","on-screen text, subtitles, captions, watermarks, logos, brand names, distorted faces, extra limbs, cartoonish, CGI sheen, oversaturated, low quality",https://pub-d8970c901de34c218926ebf4be1ed09a.r2.dev/destinations/rann-of-kutch.jpg,https://www.nakshiq.com/en/festivals/full-moon-rann-walk
6a6c2ff8-aeee-4e17-a27f-8ad9090c5592,champaner-heritage-festival,Champaner Heritage Festival,Champaner-Pavagadh,gujarat,2,February,February,obscure,no,db-description,"Cultural celebration at the UNESCO site. Classical music, heritage walks, archaeological exhibitions.","Cinematic documentary-style video, 16:9, 6–8 seconds, authentic real-footage look, of the Champaner Heritage Festival as celebrated in Champaner-Pavagadh, Gujarat. Celebration: Cultural celebration at the UNESCO site. Classical music, heritage walks, archaeological exhibitions.. clear late-winter light; show real people, actual rituals, decorations and crowds with genuine festive energy; vibrant true-to-life colour, natural handheld motion, shallow depth of field. No on-screen text, subtitles, captions, logos or watermarks; no distorted or extra faces/limbs; documentary realism, not cartoonish or AI-looking.","on-screen text, subtitles, captions, watermarks, logos, brand names, distorted faces, extra limbs, cartoonish, CGI sheen, oversaturated, low quality",https://pub-d8970c901de34c218926ebf4be1ed09a.r2.dev/destinations/champaner-pavagadh.jpg,https://www.nakshiq.com/en/festivals/champaner-heritage-festival
2e83fb1c-f5b9-47b8-bc90-4b6849dc4542,ekta-diwas-unity-day,Ekta Diwas (Unity Day),Statue of Unity,gujarat,10,October,October 31,obscure,no,db-description,"Sardar Patel birthday celebrated at the world's tallest statue (182m). Light shows, cultural programs.","Cinematic documentary-style video, 16:9, 6–8 seconds, authentic real-footage look, of the Ekta Diwas (Unity Day) festival as celebrated in Statue of Unity, Gujarat. Celebration: Sardar Patel birthday celebrated at the world's tallest statue (182m). Light shows, cultural programs.. golden autumn light; show real people, actual rituals, decorations and crowds with genuine festive energy; vibrant true-to-life colour, natural handheld motion, shallow depth of field. No on-screen text, subtitles, captions, logos or watermarks; no distorted or extra faces/limbs; documentary realism, not cartoonish or AI-looking.","on-screen text, subtitles, captions, watermarks, logos, brand names, distorted faces, extra limbs, cartoonish, CGI sheen, oversaturated, low quality",https://pub-d8970c901de34c218926ebf4be1ed09a.r2.dev/destinations/statue-of-unity.jpg,https://www.nakshiq.com/en/festivals/ekta-diwas-unity-day
69981ec3-be83-45d5-86f3-702f824e454c,buddha-purnima-bodh-gaya,Buddha Purnima,Bodh Gaya,bihar,5,May,May (Vaishakha Purnima),obscure,no,db-description,"The holiest day in Buddhism — celebrating Buddha birth, enlightenment, and death. Thousands gather at Mahabodhi Temple.","Cinematic documentary-style video, 16:9, 6–8 seconds, authentic real-footage look, of the Buddha Purnima as celebrated in Bodh Gaya, Bihar. Celebration: The holiest day in Buddhism — celebrating Buddha birth, enlightenment, and death. Thousands gather at Mahabodhi Temple.. bright summer light; show real people, actual rituals, decorations and crowds with genuine festive energy; vibrant true-to-life colour, natural handheld motion, shallow depth of field. No on-screen text, subtitles, captions, logos or watermarks; no distorted or extra faces/limbs; documentary realism, not cartoonish or AI-looking.","on-screen text, subtitles, captions, watermarks, logos, brand names, distorted faces, extra limbs, cartoonish, CGI sheen, oversaturated, low quality",https://pub-d8970c901de34c218926ebf4be1ed09a.r2.dev/destinations/bodh-gaya.jpg,https://www.nakshiq.com/en/festivals/buddha-purnima-bodh-gaya
05e99e0b-9563-49c8-b1b2-1360851f90e4,meditation-retreat-season,Meditation Retreat Season,Bodh Gaya,bihar,12,December,October-March,obscure,no,db-description,"International meditation retreats at monasteries around Mahabodhi Temple. Zen, Vipassana, Tibetan traditions all represented.","Cinematic documentary-style video, 16:9, 6–8 seconds, authentic real-footage look, of the Meditation Retreat Season festival as celebrated in Bodh Gaya, Bihar. Celebration: International meditation retreats at monasteries around Mahabodhi Temple. Zen, Vipassana, Tibetan traditions all represented.. cold winter light, long shadows; show real people, actual rituals, decorations and crowds with genuine festive energy; vibrant true-to-life colour, natural handheld motion, shallow depth of field. No on-screen text, subtitles, captions, logos or watermarks; no distorted or extra faces/limbs; documentary realism, not cartoonish or AI-looking.","on-screen text, subtitles, captions, watermarks, logos, brand names, distorted faces, extra limbs, cartoonish, CGI sheen, oversaturated, low quality",https://pub-d8970c901de34c218926ebf4be1ed09a.r2.dev/destinations/bodh-gaya.jpg,https://www.nakshiq.com/en/festivals/meditation-retreat-season
dc6444ce-6cf8-4fc1-9a9b-917ecade8a7a,chhath-puja,Chhath Puja,Patna,bihar,11,November,November (Kartik Shukla),chhath,no,db-description,Bihar biggest festival — 4-day sun worship on Ganga ghats. Standing in water at dawn offering arghya to rising sun. Massive and ancient.,"Cinematic documentary-style video, 16:9, 6–8 seconds, authentic real-footage look, of the Chhath Puja as celebrated in Patna, Bihar. Celebration: Bihar biggest festival — 4-day sun worship on Ganga ghats. Standing in water at dawn offering arghya to rising sun. Massive and ancient.. Key visuals: devotees standing waist-deep in the river at sunrise offering to the sun, bamboo soop baskets of fruit, earthen lamps on the ghats. cool early-winter light; show real people, actual rituals, decorations and crowds with genuine festive energy; vibrant true-to-life colour, natural handheld motion, shallow depth of field. No on-screen text, subtitles, captions, logos or watermarks; no distorted or extra faces/limbs; documentary realism, not cartoonish or AI-looking.","on-screen text, subtitles, captions, watermarks, logos, brand names, distorted faces, extra limbs, cartoonish, CGI sheen, oversaturated, low quality",https://pub-d8970c901de34c218926ebf4be1ed09a.r2.dev/destinations/patna.jpg,https://www.nakshiq.com/en/festivals/chhath-puja
f5c864c4-1567-4b2a-8942-22e82872063e,rajgir-dance-festival,Rajgir Dance Festival,Rajgir,bihar,10,October,October (3 days),obscure,no,db-description,Classical dance festival at Rajgir's natural amphitheater surrounded by 5 hills. Performers from across India.,"Cinematic documentary-style video, 16:9, 6–8 seconds, authentic real-footage look, of the Rajgir Dance Festival as celebrated in Rajgir, Bihar. Celebration: Classical dance festival at Rajgir's natural amphitheater surrounded by 5 hills. Performers from across India.. golden autumn light; show real people, actual rituals, decorations and crowds with genuine festive energy; vibrant true-to-life colour, natural handheld motion, shallow depth of field. No on-screen text, subtitles, captions, logos or watermarks; no distorted or extra faces/limbs; documentary realism, not cartoonish or AI-looking.","on-screen text, subtitles, captions, watermarks, logos, brand names, distorted faces, extra limbs, cartoonish, CGI sheen, oversaturated, low quality",https://pub-d8970c901de34c218926ebf4be1ed09a.r2.dev/destinations/rajgir.jpg,https://www.nakshiq.com/en/festivals/rajgir-dance-festival
8aaa2aa6-f36c-454b-bde0-973d2973c7e4,shravani-mela,Shravani Mela,Deoghar,jharkhand,7,July,July/August (Shravan),obscure,no,db-description,One of India largest Shiva pilgrimages. Millions of Kanwariyas carry Ganga water from Sultanganj to Deoghar Baidyanath.,"Cinematic documentary-style video, 16:9, 6–8 seconds, authentic real-footage look, of the Shravani Mela as celebrated in Deoghar, Jharkhand. Celebration: One of India largest Shiva pilgrimages. Millions of Kanwariyas carry Ganga water from Sultanganj to Deoghar Baidyanath.. monsoon light, wet sheen; show real people, actual rituals, decorations and crowds with genuine festive energy; vibrant true-to-life colour, natural handheld motion, shallow depth of field. No on-screen text, subtitles, captions, logos or watermarks; no distorted or extra faces/limbs; documentary realism, not cartoonish or AI-looking.","on-screen text, subtitles, captions, watermarks, logos, brand names, distorted faces, extra limbs, cartoonish, CGI sheen, oversaturated, low quality",https://pub-d8970c901de34c218926ebf4be1ed09a.r2.dev/destinations/deoghar.jpg,https://www.nakshiq.com/en/festivals/shravani-mela
894d3f49-4690-4130-946c-245c98bd19d6,chhath-puja-at-netarhat,Chhath Puja at Netarhat,Netarhat,jharkhand,11,November,November,chhath,no,db-description,Tribal Chhath celebrations at Jharkhand hill station. Combines Bihar tradition with Jharkhand tribal elements.,"Cinematic documentary-style video, 16:9, 6–8 seconds, authentic real-footage look, of the Chhath Puja at Netarhat as celebrated in Netarhat, Jharkhand. Celebration: Tribal Chhath celebrations at Jharkhand hill station. Combines Bihar tradition with Jharkhand tribal elements.. Key visuals: devotees standing waist-deep in the river at sunrise offering to the sun, bamboo soop baskets of fruit, earthen lamps on the ghats. cool early-winter light; show real people, actual rituals, decorations and crowds with genuine festive energy; vibrant true-to-life colour, natural handheld motion, shallow depth of field. No on-screen text, subtitles, captions, logos or watermarks; no distorted or extra faces/limbs; documentary realism, not cartoonish or AI-looking.","on-screen text, subtitles, captions, watermarks, logos, brand names, distorted faces, extra limbs, cartoonish, CGI sheen, oversaturated, low quality",https://pub-d8970c901de34c218926ebf4be1ed09a.r2.dev/destinations/netarhat.jpg,https://www.nakshiq.com/en/festivals/chhath-puja-at-netarhat
a01e8613-495c-4f57-90a1-2aa81325c015,bastar-dussehra,Bastar Dussehra,Jagdalpur,chhattisgarh,10,October,October (75 days!),dussehra-tribal-bastar,no,db-description,India longest Dussehra — 75 days of tribal celebrations. Danteshwari Devi pulled in chariot by tribal communities.,"Cinematic documentary-style video, 16:9, 6–8 seconds, authentic real-footage look, of the Bastar Dussehra as celebrated in Jagdalpur, Chhattisgarh. Celebration: India longest Dussehra — 75 days of tribal celebrations. Danteshwari Devi pulled in chariot by tribal communities.. Key visuals: tribal communities hauling a great wooden chariot of Danteshwari Devi, drums, tribal attire, forest-town streets. golden autumn light; show real people, actual rituals, decorations and crowds with genuine festive energy; vibrant true-to-life colour, natural handheld motion, shallow depth of field. No on-screen text, subtitles, captions, logos or watermarks; no distorted or extra faces/limbs; documentary realism, not cartoonish or AI-looking.","on-screen text, subtitles, captions, watermarks, logos, brand names, distorted faces, extra limbs, cartoonish, CGI sheen, oversaturated, low quality",https://pub-d8970c901de34c218926ebf4be1ed09a.r2.dev/destinations/jagdalpur.jpg,https://www.nakshiq.com/en/festivals/bastar-dussehra
049bfcaa-f54c-4527-a4e9-7553c269a106,bastar-tribal-haat,Bastar Tribal Haat,Jagdalpur,chhattisgarh,1,January,"Weekly (every week, year-round)",obscure,no,db-description,"Weekly tribal markets where Gond, Muria, and Maria tribals trade forest produce, handicrafts, iron tools.","Cinematic documentary-style video, 16:9, 6–8 seconds, authentic real-footage look, of the Bastar Tribal Haat festival as celebrated in Jagdalpur, Chhattisgarh. Celebration: Weekly tribal markets where Gond, Muria, and Maria tribals trade forest produce, handicrafts, iron tools.. crisp winter daylight; show real people, actual rituals, decorations and crowds with genuine festive energy; vibrant true-to-life colour, natural handheld motion, shallow depth of field. No on-screen text, subtitles, captions, logos or watermarks; no distorted or extra faces/limbs; documentary realism, not cartoonish or AI-looking.","on-screen text, subtitles, captions, watermarks, logos, brand names, distorted faces, extra limbs, cartoonish, CGI sheen, oversaturated, low quality",https://pub-d8970c901de34c218926ebf4be1ed09a.r2.dev/destinations/jagdalpur.jpg,https://www.nakshiq.com/en/festivals/bastar-tribal-haat
e20210de-5223-4f41-addc-0b7b3293a02b,kharchi-puja,Kharchi Puja,Agartala,tripura,7,July,July (7 days),obscure,no,db-description,Tripura biggest festival — 7-day worship of 14 deities. Royal temple rituals. Tribal and Hindu traditions merge.,"Cinematic documentary-style video, 16:9, 6–8 seconds, authentic real-footage look, of the Kharchi Puja as celebrated in Agartala, Tripura. Celebration: Tripura biggest festival — 7-day worship of 14 deities. Royal temple rituals. Tribal and Hindu traditions merge.. monsoon light, wet sheen; show real people, actual rituals, decorations and crowds with genuine festive energy; vibrant true-to-life colour, natural handheld motion, shallow depth of field. No on-screen text, subtitles, captions, logos or watermarks; no distorted or extra faces/limbs; documentary realism, not cartoonish or AI-looking.","on-screen text, subtitles, captions, watermarks, logos, brand names, distorted faces, extra limbs, cartoonish, CGI sheen, oversaturated, low quality",https://pub-d8970c901de34c218926ebf4be1ed09a.r2.dev/destinations/agartala.jpg,https://www.nakshiq.com/en/festivals/kharchi-puja
1de184e6-27d6-4d3a-b9ee-8d72875a63e0,island-tourism-festival,Island Tourism Festival,Port Blair (Sri Vijaya Puram),andaman nicobar,1,January,January 6-16,obscure,no,db-description,"10-day celebration featuring cultural performances from all island communities, water sports competitions, food stalls, and craft exhibitions at Netaji Stadium.","Cinematic documentary-style video, 16:9, 6–8 seconds, authentic real-footage look, of the Island Tourism Festival as celebrated in Port Blair (Sri Vijaya Puram), Andaman Nicobar. Celebration: 10-day celebration featuring cultural performances from all island communities, water sports competitions, food stalls, and craft exhibitions at Netaji Stadium.. crisp winter daylight; show real people, actual rituals, decorations and crowds with genuine festive energy; vibrant true-to-life colour, natural handheld motion, shallow depth of field. No on-screen text, subtitles, captions, logos or watermarks; no distorted or extra faces/limbs; documentary realism, not cartoonish or AI-looking.","on-screen text, subtitles, captions, watermarks, logos, brand names, distorted faces, extra limbs, cartoonish, CGI sheen, oversaturated, low quality",https://pub-d8970c901de34c218926ebf4be1ed09a.r2.dev/destinations/port-blair.jpg,https://www.nakshiq.com/en/festivals/island-tourism-festival
dd5fa87b-93fe-4c6d-8b70-b21ab097c3c1,subhash-mela,Subhash Mela,Port Blair (Sri Vijaya Puram),andaman nicobar,1,January,January 23,obscure,no,db-description,"Commemorating Netaji Subhas Chandra Bose. Flag hoisting at Cellular Jail, patriotic events, cultural programs.","Cinematic documentary-style video, 16:9, 6–8 seconds, authentic real-footage look, of the Subhash Mela as celebrated in Port Blair (Sri Vijaya Puram), Andaman Nicobar. Celebration: Commemorating Netaji Subhas Chandra Bose. Flag hoisting at Cellular Jail, patriotic events, cultural programs.. crisp winter daylight; show real people, actual rituals, decorations and crowds with genuine festive energy; vibrant true-to-life colour, natural handheld motion, shallow depth of field. No on-screen text, subtitles, captions, logos or watermarks; no distorted or extra faces/limbs; documentary realism, not cartoonish or AI-looking.","on-screen text, subtitles, captions, watermarks, logos, brand names, distorted faces, extra limbs, cartoonish, CGI sheen, oversaturated, low quality",https://pub-d8970c901de34c218926ebf4be1ed09a.r2.dev/destinations/port-blair.jpg,https://www.nakshiq.com/en/festivals/subhash-mela
dee21997-0f54-40cf-9246-a5c3eef43aa7,beach-festival,Beach Festival,Havelock Island (Swaraj Dweep),andaman nicobar,2,February,February (dates vary),obscure,no,db-description,"Water sports competitions, beach volleyball, sandcastle building, local seafood festival.","Cinematic documentary-style video, 16:9, 6–8 seconds, authentic real-footage look, of the Beach Festival as celebrated in Havelock Island (Swaraj Dweep), Andaman Nicobar. Celebration: Water sports competitions, beach volleyball, sandcastle building, local seafood festival.. clear late-winter light; show real people, actual rituals, decorations and crowds with genuine festive energy; vibrant true-to-life colour, natural handheld motion, shallow depth of field. No on-screen text, subtitles, captions, logos or watermarks; no distorted or extra faces/limbs; documentary realism, not cartoonish or AI-looking.","on-screen text, subtitles, captions, watermarks, logos, brand names, distorted faces, extra limbs, cartoonish, CGI sheen, oversaturated, low quality",https://pub-d8970c901de34c218926ebf4be1ed09a.r2.dev/destinations/havelock-island.jpg,https://www.nakshiq.com/en/festivals/beach-festival
d4e256d2-25f4-4818-8fb3-92ebeba6d302,independence-day-at-cellular-jail,Independence Day at Cellular Jail,Port Blair (Sri Vijaya Puram),andaman nicobar,8,August,August 15,obscure,no,db-description,Flag hoisting at the historic Cellular Jail. Special light and sound show.,"Cinematic documentary-style video, 16:9, 6–8 seconds, authentic real-footage look, of the Independence Day at Cellular Jail festival as celebrated in Port Blair (Sri Vijaya Puram), Andaman Nicobar. Celebration: Flag hoisting at the historic Cellular Jail. Special light and sound show.. monsoon light, lush greens; show real people, actual rituals, decorations and crowds with genuine festive energy; vibrant true-to-life colour, natural handheld motion, shallow depth of field. No on-screen text, subtitles, captions, logos or watermarks; no distorted or extra faces/limbs; documentary realism, not cartoonish or AI-looking.","on-screen text, subtitles, captions, watermarks, logos, brand names, distorted faces, extra limbs, cartoonish, CGI sheen, oversaturated, low quality",https://pub-d8970c901de34c218926ebf4be1ed09a.r2.dev/destinations/port-blair.jpg,https://www.nakshiq.com/en/festivals/independence-day-at-cellular-jail
13126ee5-bb90-432d-a0c6-c3945b0d50bd,monsoon-festival-port-blair,Monsoon Festival,Port Blair (Sri Vijaya Puram),andaman nicobar,8,August,August (dates vary),obscure,no,db-description,"Local cultural event celebrating monsoon with rain dances, traditional music, monsoon-special food.","Cinematic documentary-style video, 16:9, 6–8 seconds, authentic real-footage look, of the Monsoon Festival as celebrated in Port Blair (Sri Vijaya Puram), Andaman Nicobar. Celebration: Local cultural event celebrating monsoon with rain dances, traditional music, monsoon-special food.. monsoon light, lush greens; show real people, actual rituals, decorations and crowds with genuine festive energy; vibrant true-to-life colour, natural handheld motion, shallow depth of field. No on-screen text, subtitles, captions, logos or watermarks; no distorted or extra faces/limbs; documentary realism, not cartoonish or AI-looking.","on-screen text, subtitles, captions, watermarks, logos, brand names, distorted faces, extra limbs, cartoonish, CGI sheen, oversaturated, low quality",https://pub-d8970c901de34c218926ebf4be1ed09a.r2.dev/destinations/port-blair.jpg,https://www.nakshiq.com/en/festivals/monsoon-festival-port-blair
13d7cd92-df71-4c7e-97a4-a36e968ef9e5,diwali-beach-celebration,Diwali Beach Celebration,Havelock Island (Swaraj Dweep),andaman nicobar,10,October,October/November (lunar calendar),diwali,yes,db-description,"Beachside Diwali with community bonfire, local sweets, eco-friendly celebrations.","Cinematic documentary-style video, 16:9, 6–8 seconds, authentic real-footage look, of the Diwali Beach Celebration festival as celebrated in Havelock Island (Swaraj Dweep), Andaman Nicobar. Celebration: Beachside Diwali with community bonfire, local sweets, eco-friendly celebrations.. Key visuals: rows of lit clay oil-diyas and lantern light, colourful rangoli, families lighting lamps, fireworks over rooftops at night. golden autumn light; show real people, actual rituals, decorations and crowds with genuine festive energy; vibrant true-to-life colour, natural handheld motion, shallow depth of field. No on-screen text, subtitles, captions, logos or watermarks; no distorted or extra faces/limbs; documentary realism, not cartoonish or AI-looking.","on-screen text, subtitles, captions, watermarks, logos, brand names, distorted faces, extra limbs, cartoonish, CGI sheen, oversaturated, low quality",https://pub-d8970c901de34c218926ebf4be1ed09a.r2.dev/destinations/havelock-island.jpg,https://www.nakshiq.com/en/festivals/diwali-beach-celebration
d3b8b342-1f7b-4aed-8397-279bdd3e74cc,gandhi-jayanti-heritage-walk,Gandhi Jayanti Heritage Walk,Ross Island (Netaji Subhas Chandra Bose Dweep),andaman nicobar,10,October,October 2,obscure,no,db-description,Special heritage walks through British ruins on the renamed island.,"Cinematic documentary-style video, 16:9, 6–8 seconds, authentic real-footage look, of the Gandhi Jayanti Heritage Walk as celebrated in Ross Island (Netaji Subhas Chandra Bose Dweep), Andaman Nicobar. Celebration: Special heritage walks through British ruins on the renamed island.. golden autumn light; show real people, actual rituals, decorations and crowds with genuine festive energy; vibrant true-to-life colour, natural handheld motion, shallow depth of field. No on-screen text, subtitles, captions, logos or watermarks; no distorted or extra faces/limbs; documentary realism, not cartoonish or AI-looking.","on-screen text, subtitles, captions, watermarks, logos, brand names, distorted faces, extra limbs, cartoonish, CGI sheen, oversaturated, low quality",https://pub-d8970c901de34c218926ebf4be1ed09a.r2.dev/destinations/ross-island.jpg,https://www.nakshiq.com/en/festivals/gandhi-jayanti-heritage-walk
4434f784-b7ce-4a0d-b874-290f9c904a57,christmas-carnival,Christmas Carnival,Port Blair (Sri Vijaya Puram),andaman nicobar,12,December,December 25-31,colonial-christian,no,db-description,"Multi-faith Christmas. Church services, Marina Park carnival, community feasts, cultural shows.","Cinematic documentary-style video, 16:9, 6–8 seconds, authentic real-footage look, of the Christmas Carnival as celebrated in Port Blair (Sri Vijaya Puram), Andaman Nicobar. Celebration: Multi-faith Christmas. Church services, Marina Park carnival, community feasts, cultural shows.. Key visuals: decorated church and street lights, carols and parades, midnight-mass crowds, festive lights and stars. cold winter light, long shadows; show real people, actual rituals, decorations and crowds with genuine festive energy; vibrant true-to-life colour, natural handheld motion, shallow depth of field. No on-screen text, subtitles, captions, logos or watermarks; no distorted or extra faces/limbs; documentary realism, not cartoonish or AI-looking.","on-screen text, subtitles, captions, watermarks, logos, brand names, distorted faces, extra limbs, cartoonish, CGI sheen, oversaturated, low quality",https://pub-d8970c901de34c218926ebf4be1ed09a.r2.dev/destinations/port-blair.jpg,https://www.nakshiq.com/en/festivals/christmas-carnival
7386b539-6343-4a72-8174-1f440026ebeb,eid-ul-fitr-celebration,Eid-ul-Fitr Celebration,Kavaratti,lakshadweep,4,April,April/May (lunar),islamic,no,db-description,"Island-wide festivities with special prayers, community feasts, boat races, and traditional music.","Cinematic documentary-style video, 16:9, 6–8 seconds, authentic real-footage look, of the Eid-ul-Fitr Celebration as celebrated in Kavaratti, Lakshadweep. Celebration: Island-wide festivities with special prayers, community feasts, boat races, and traditional music.. Key visuals: crowds gathered for prayer and feasting at a mosque or dargah courtyard, qawwali, festive markets and lights (no close-ups of worship). warm pre-summer light; show real people, actual rituals, decorations and crowds with genuine festive energy; vibrant true-to-life colour, natural handheld motion, shallow depth of field. No on-screen text, subtitles, captions, logos or watermarks; no distorted or extra faces/limbs; documentary realism, not cartoonish or AI-looking.","on-screen text, subtitles, captions, watermarks, logos, brand names, distorted faces, extra limbs, cartoonish, CGI sheen, oversaturated, low quality",https://pub-d8970c901de34c218926ebf4be1ed09a.r2.dev/destinations/kavaratti.jpg,https://www.nakshiq.com/en/festivals/eid-ul-fitr-celebration
83fe8303-133e-4558-b4a3-6431753ff37c,lava-dance-festival,Lava Dance Festival,Minicoy Island,lakshadweep,1,January,January (during festivals),obscure,no,db-description,Traditional Lava dance performed by men in colorful costumes. Unique to Minicoy.,"Cinematic documentary-style video, 16:9, 6–8 seconds, authentic real-footage look, of the Lava Dance Festival as celebrated in Minicoy Island, Lakshadweep. Celebration: Traditional Lava dance performed by men in colorful costumes. Unique to Minicoy.. crisp winter daylight; show real people, actual rituals, decorations and crowds with genuine festive energy; vibrant true-to-life colour, natural handheld motion, shallow depth of field. No on-screen text, subtitles, captions, logos or watermarks; no distorted or extra faces/limbs; documentary realism, not cartoonish or AI-looking.","on-screen text, subtitles, captions, watermarks, logos, brand names, distorted faces, extra limbs, cartoonish, CGI sheen, oversaturated, low quality",https://pub-d8970c901de34c218926ebf4be1ed09a.r2.dev/destinations/minicoy.jpg,https://www.nakshiq.com/en/festivals/lava-dance-festival
7e685918-48ee-4b0c-86da-880dd5320836,marine-heritage-festival,Marine Heritage Festival,Kavaratti,lakshadweep,12,December,December (dates vary),obscure,no,db-description,"Water sports competitions, traditional boat races, marine conservation events.","Cinematic documentary-style video, 16:9, 6–8 seconds, authentic real-footage look, of the Marine Heritage Festival as celebrated in Kavaratti, Lakshadweep. Celebration: Water sports competitions, traditional boat races, marine conservation events.. cold winter light, long shadows; show real people, actual rituals, decorations and crowds with genuine festive energy; vibrant true-to-life colour, natural handheld motion, shallow depth of field. No on-screen text, subtitles, captions, logos or watermarks; no distorted or extra faces/limbs; documentary realism, not cartoonish or AI-looking.","on-screen text, subtitles, captions, watermarks, logos, brand names, distorted faces, extra limbs, cartoonish, CGI sheen, oversaturated, low quality",https://pub-d8970c901de34c218926ebf4be1ed09a.r2.dev/destinations/kavaratti.jpg,https://www.nakshiq.com/en/festivals/marine-heritage-festival
4a48c9f1-4536-43fb-8d38-1800bd0616a3,pongal-puducherry,Pongal,Puducherry (Pondicherry),puducherry,1,January,January 14-17,harvest-sankranti,no,db-description,"Tamil harvest festival. Kolam, sweet pongal cooking, cultural events in French Quarter.","Cinematic documentary-style video, 16:9, 6–8 seconds, authentic real-footage look, of the Pongal festival as celebrated in Puducherry (Pondicherry), Puducherry. Celebration: Tamil harvest festival. Kolam, sweet pongal cooking, cultural events in French Quarter.. Key visuals: kite-filled skies and bonfires, harvest dances, boiling pongal pots, decorated cattle, fresh-cut fields. crisp winter daylight; show real people, actual rituals, decorations and crowds with genuine festive energy; vibrant true-to-life colour, natural handheld motion, shallow depth of field. No on-screen text, subtitles, captions, logos or watermarks; no distorted or extra faces/limbs; documentary realism, not cartoonish or AI-looking.","on-screen text, subtitles, captions, watermarks, logos, brand names, distorted faces, extra limbs, cartoonish, CGI sheen, oversaturated, low quality",https://pub-d8970c901de34c218926ebf4be1ed09a.r2.dev/destinations/puducherry.jpg,https://www.nakshiq.com/en/festivals/pongal-puducherry
b2cd599e-dcc7-42d1-a188-0d2876ce82a7,bastille-day,Bastille Day,Puducherry (Pondicherry),puducherry,7,July,July 14,colonial-christian,no,db-description,"French flag ceremony, parades on Promenade, French-Tamil cultural events.","Cinematic documentary-style video, 16:9, 6–8 seconds, authentic real-footage look, of the Bastille Day festival as celebrated in Puducherry (Pondicherry), Puducherry. Celebration: French flag ceremony, parades on Promenade, French-Tamil cultural events.. Key visuals: decorated church and street lights, carols and parades, midnight-mass crowds, festive lights and stars. monsoon light, wet sheen; show real people, actual rituals, decorations and crowds with genuine festive energy; vibrant true-to-life colour, natural handheld motion, shallow depth of field. No on-screen text, subtitles, captions, logos or watermarks; no distorted or extra faces/limbs; documentary realism, not cartoonish or AI-looking.","on-screen text, subtitles, captions, watermarks, logos, brand names, distorted faces, extra limbs, cartoonish, CGI sheen, oversaturated, low quality",https://pub-d8970c901de34c218926ebf4be1ed09a.r2.dev/destinations/puducherry.jpg,https://www.nakshiq.com/en/festivals/bastille-day
b1c4572c-41e5-4d70-858d-82892156432d,warli-art-festival,Warli Art Festival,Silvassa,daman diu,1,January,January (dates vary),obscure,no,db-description,Exhibition and workshops of Warli tribal art. Local artisans demonstrate techniques.,"Cinematic documentary-style video, 16:9, 6–8 seconds, authentic real-footage look, of the Warli Art Festival as celebrated in Silvassa, Daman Diu. Celebration: Exhibition and workshops of Warli tribal art. Local artisans demonstrate techniques.. crisp winter daylight; show real people, actual rituals, decorations and crowds with genuine festive energy; vibrant true-to-life colour, natural handheld motion, shallow depth of field. No on-screen text, subtitles, captions, logos or watermarks; no distorted or extra faces/limbs; documentary realism, not cartoonish or AI-looking.","on-screen text, subtitles, captions, watermarks, logos, brand names, distorted faces, extra limbs, cartoonish, CGI sheen, oversaturated, low quality",https://pub-d8970c901de34c218926ebf4be1ed09a.r2.dev/destinations/silvassa.jpg,https://www.nakshiq.com/en/festivals/warli-art-festival
77d1b2ad-0cf2-4181-8e2f-d001b8ec01f1,ladarcha-fair-kaza,Ladarcha Fair,Kaza,himachal pradesh,8,August,Mid-August (dates announced annually),obscure,no,db-description,"Historic trade fair that once drew traders from Tibet, Ladakh and Kinnaur. Now a 3-day cultural festival at Kaza with archery, chaam mask dances, and a wool-barter market.","Cinematic documentary-style video, 16:9, 6–8 seconds, authentic real-footage look, of the Ladarcha Fair as celebrated in Kaza, Himachal Pradesh. Celebration: Historic trade fair that once drew traders from Tibet, Ladakh and Kinnaur. Now a 3-day cultural festival at Kaza with archery, chaam mask dances, and a wool-barter market.. monsoon light, lush greens; show real people, actual rituals, decorations and crowds with genuine festive energy; vibrant true-to-life colour, natural handheld motion, shallow depth of field. No on-screen text, subtitles, captions, logos or watermarks; no distorted or extra faces/limbs; documentary realism, not cartoonish or AI-looking.","on-screen text, subtitles, captions, watermarks, logos, brand names, distorted faces, extra limbs, cartoonish, CGI sheen, oversaturated, low quality",https://pub-d8970c901de34c218926ebf4be1ed09a.r2.dev/destinations/kaza.jpg,https://www.nakshiq.com/en/festivals/ladarcha-fair-kaza
55b680d1-43e5-4981-b368-a5a940e2bc40,tsheshu-chaam-festival,Tsheshu Chaam Festival,Kaza,himachal pradesh,7,July,June-July (Buddhist calendar),obscure,no,db-description,Monks at Key Monastery (near Kaza) perform chaam — sacred masked dances — over 2 days. The masks represent Guru Padmasambhava's eight manifestations. Visitors welcome; silence during performances.,"Cinematic documentary-style video, 16:9, 6–8 seconds, authentic real-footage look, of the Tsheshu Chaam Festival as celebrated in Kaza, Himachal Pradesh. Celebration: Monks at Key Monastery (near Kaza) perform chaam — sacred masked dances — over 2 days. The masks represent Guru Padmasambhava's eight manifestations. Visitors welcome; silence during performances.. monsoon light, wet sheen; show real people, actual rituals, decorations and crowds with genuine festive energy; vibrant true-to-life colour, natural handheld motion, shallow depth of field. No on-screen text, subtitles, captions, logos or watermarks; no distorted or extra faces/limbs; documentary realism, not cartoonish or AI-looking.","on-screen text, subtitles, captions, watermarks, logos, brand names, distorted faces, extra limbs, cartoonish, CGI sheen, oversaturated, low quality",https://pub-d8970c901de34c218926ebf4be1ed09a.r2.dev/destinations/kaza.jpg,https://www.nakshiq.com/en/festivals/tsheshu-chaam-festival
6b063adc-f716-4192-87a5-c3e15b941377,hemkund-sahib-prakash-utsav,Hemkund Sahib Prakash Utsav,Hemkund Sahib,uttarakhand,6,June,End-May to Early-June (opening),obscure,no,db-description,The Gurdwara opens each year around the last week of May after the snow clears. First-day nishan sahib (flag) hoisting is a major Sikh gathering — thousands of pilgrims trek up together. 2026 opening: May 25.,"Cinematic documentary-style video, 16:9, 6–8 seconds, authentic real-footage look, of the Hemkund Sahib Prakash Utsav as celebrated in Hemkund Sahib, Uttarakhand. Celebration: The Gurdwara opens each year around the last week of May after the snow clears. First-day nishan sahib (flag) hoisting is a major Sikh gathering — thousands of pilgrims trek up together. 2026 opening: May 25.. early-monsoon overcast, fresh greens; show real people, actual rituals, decorations and crowds with genuine festive energy; vibrant true-to-life colour, natural handheld motion, shallow depth of field. No on-screen text, subtitles, captions, logos or watermarks; no distorted or extra faces/limbs; documentary realism, not cartoonish or AI-looking.","on-screen text, subtitles, captions, watermarks, logos, brand names, distorted faces, extra limbs, cartoonish, CGI sheen, oversaturated, low quality",https://pub-d8970c901de34c218926ebf4be1ed09a.r2.dev/destinations/hemkund-sahib.jpg,https://www.nakshiq.com/en/festivals/hemkund-sahib-prakash-utsav
d9f12085-0a22-431c-a00f-d0ee0043e7b8,orange-festival-of-adventure-music-ofam,Orange Festival of Adventure & Music (OFAM),Dambuk,arunachal pradesh,12,December,"Mid-December (4 days, dates vary)",obscure,no,db-description,"India's first adventure-and-music festival, held annually in Dambuk since 2015. ATV rides, river-rafting, zip-lining by day; rock, indie and DJ sets by night. Camp-style accommodation on festival grounds.","Cinematic documentary-style video, 16:9, 6–8 seconds, authentic real-footage look, of the Orange Festival of Adventure & Music (OFAM) as celebrated in Dambuk, Arunachal Pradesh. Celebration: India's first adventure-and-music festival, held annually in Dambuk since 2015. ATV rides, river-rafting, zip-lining by day; rock, indie and DJ sets by night. Camp-style accommodation on festival grounds.. cold winter light, long shadows; show real people, actual rituals, decorations and crowds with genuine festive energy; vibrant true-to-life colour, natural handheld motion, shallow depth of field. No on-screen text, subtitles, captions, logos or watermarks; no distorted or extra faces/limbs; documentary realism, not cartoonish or AI-looking.","on-screen text, subtitles, captions, watermarks, logos, brand names, distorted faces, extra limbs, cartoonish, CGI sheen, oversaturated, low quality",https://pub-d8970c901de34c218926ebf4be1ed09a.r2.dev/destinations/dambuk.jpg,https://www.nakshiq.com/en/festivals/orange-festival-of-adventure-music-ofam
2f03fe5a-7e8c-40d3-8c21-287dc52a3143,mopin-festival,Mopin Festival,Aalo,arunachal pradesh,4,April,April 1-5 (fixed dates),obscure,no,db-description,"Harvest festival of the Galo tribe, held every year for the first 5 days of April since 1966 in Aalo. Celebrants smear each other with rice flour (a sign of goodwill), perform the Popir dance, and feast on communal rice beer.","Cinematic documentary-style video, 16:9, 6–8 seconds, authentic real-footage look, of the Mopin Festival as celebrated in Aalo, Arunachal Pradesh. Celebration: Harvest festival of the Galo tribe, held every year for the first 5 days of April since 1966 in Aalo. Celebrants smear each other with rice flour (a sign of goodwill), perform the Popir dance, and feast on communal rice beer.. warm pre-summer light; show real people, actual rituals, decorations and crowds with genuine festive energy; vibrant true-to-life colour, natural handheld motion, shallow depth of field. No on-screen text, subtitles, captions, logos or watermarks; no distorted or extra faces/limbs; documentary realism, not cartoonish or AI-looking.","on-screen text, subtitles, captions, watermarks, logos, brand names, distorted faces, extra limbs, cartoonish, CGI sheen, oversaturated, low quality",https://pub-d8970c901de34c218926ebf4be1ed09a.r2.dev/destinations/aalo.jpg,https://www.nakshiq.com/en/festivals/mopin-festival
24c53acb-ed98-4a2c-a3f9-e25ebc664dbd,solung-festival-aalo,Solung Festival,Aalo,arunachal pradesh,9,September,First week of September,obscure,no,db-description,"Post-harvest festival of the Adi and Galo tribes — buffalo sacrifice, ritual dances, traditional rice beer (apong). 3-5 days of community celebration centred around agricultural gratitude.","Cinematic documentary-style video, 16:9, 6–8 seconds, authentic real-footage look, of the Solung Festival as celebrated in Aalo, Arunachal Pradesh. Celebration: Post-harvest festival of the Adi and Galo tribes — buffalo sacrifice, ritual dances, traditional rice beer (apong). 3-5 days of community celebration centred around agricultural gratitude.. clear post-monsoon light; show real people, actual rituals, decorations and crowds with genuine festive energy; vibrant true-to-life colour, natural handheld motion, shallow depth of field. No on-screen text, subtitles, captions, logos or watermarks; no distorted or extra faces/limbs; documentary realism, not cartoonish or AI-looking.","on-screen text, subtitles, captions, watermarks, logos, brand names, distorted faces, extra limbs, cartoonish, CGI sheen, oversaturated, low quality",https://pub-d8970c901de34c218926ebf4be1ed09a.r2.dev/destinations/aalo.jpg,https://www.nakshiq.com/en/festivals/solung-festival-aalo
f4fdf593-378f-4255-b899-560d66d146f7,narasimha-jayanthi,Narasimha Jayanthi,Ahobilam,andhra pradesh,4,April,April 30 (Vaishakha Chaturdashi),obscure,no,db-description,"Festival celebrating the birth of Lord Narasimha at the nine-shrine Ahobilam temple complex in Nandyal, where mythology places the site of the deity's emergence from a pillar. Attracts thousands of devotees to this sacred Kshetra dedicated to the fierce lion-man avatar.","Cinematic documentary-style video, 16:9, 6–8 seconds, authentic real-footage look, of the Narasimha Jayanthi festival as celebrated in Ahobilam, Andhra Pradesh. Celebration: Festival celebrating the birth of Lord Narasimha at the nine-shrine Ahobilam temple complex in Nandyal, where mythology places the site of the deity's emergence from a pillar. Attracts thousands of devotees to this sacred Kshetra dedicated to the fierce lion-man avatar.. warm pre-summer light; show real people, actual rituals, decorations and crowds with genuine festive energy; vibrant true-to-life colour, natural handheld motion, shallow depth of field. No on-screen text, subtitles, captions, logos or watermarks; no distorted or extra faces/limbs; documentary realism, not cartoonish or AI-looking.","on-screen text, subtitles, captions, watermarks, logos, brand names, distorted faces, extra limbs, cartoonish, CGI sheen, oversaturated, low quality",https://pub-d8970c901de34c218926ebf4be1ed09a.r2.dev/destinations/ahobilam.jpg,https://www.nakshiq.com/en/festivals/narasimha-jayanthi
8e44d423-dea9-455d-9a1e-857eb92d9804,maha-shivaratri-amaravati,Maha Shivaratri,Amaravati,andhra pradesh,2,February,February (Maha Shivaratri),shivaratri,yes,db-description,"One of the major festivals at Amareswara Temple, dedicated to Lord Shiva, drawing thousands of pilgrims to this Pancharama Kshetra on the Krishna River. Commemorates the cosmic dance and meditation of Lord Shiva.","Cinematic documentary-style video, 16:9, 6–8 seconds, authentic real-footage look, of the Maha Shivaratri festival as celebrated in Amaravati, Andhra Pradesh. Celebration: One of the major festivals at Amareswara Temple, dedicated to Lord Shiva, drawing thousands of pilgrims to this Pancharama Kshetra on the Krishna River. Commemorates the cosmic dance and meditation of Lord Shiva.. Key visuals: night-long temple vigil — oil lamps and aarti flames before a Shiva shrine, bel leaves and milk offerings, chanting crowds, processions. clear late-winter light; show real people, actual rituals, decorations and crowds with genuine festive energy; vibrant true-to-life colour, natural handheld motion, shallow depth of field. No on-screen text, subtitles, captions, logos or watermarks; no distorted or extra faces/limbs; documentary realism, not cartoonish or AI-looking.","on-screen text, subtitles, captions, watermarks, logos, brand names, distorted faces, extra limbs, cartoonish, CGI sheen, oversaturated, low quality",https://pub-d8970c901de34c218926ebf4be1ed09a.r2.dev/destinations/amaravati.jpg,https://www.nakshiq.com/en/festivals/maha-shivaratri-amaravati
f918342b-6e41-4cda-bcd8-8449e455defd,belum-caves-festival,Belum Caves Festival,Belum Caves,andhra pradesh,1,January,January,obscure,no,db-description,"Kandanavolu Sambaralu—a two-day festival hosted by the Andhra Pradesh Government at India's second-longest open cave system. Features competitions (bullock-cart races, rangoli, cooking), traditional tribal dances, and cultural exhibitions celebrating the historic Buddhist/Jain cave heritage.","Cinematic documentary-style video, 16:9, 6–8 seconds, authentic real-footage look, of the Belum Caves Festival as celebrated in Belum Caves, Andhra Pradesh. Celebration: Kandanavolu Sambaralu—a two-day festival hosted by the Andhra Pradesh Government at India's second-longest open cave system. Features competitions (bullock-cart races, rangoli, cooking), traditional tribal dances, and cultural exhibitions celebrating the historic Buddhist/Jain cave heritage.. crisp winter daylight; show real people, actual rituals, decorations and crowds with genuine festive energy; vibrant true-to-life colour, natural handheld motion, shallow depth of field. No on-screen text, subtitles, captions, logos or watermarks; no distorted or extra faces/limbs; documentary realism, not cartoonish or AI-looking.","on-screen text, subtitles, captions, watermarks, logos, brand names, distorted faces, extra limbs, cartoonish, CGI sheen, oversaturated, low quality",https://pub-d8970c901de34c218926ebf4be1ed09a.r2.dev/destinations/belum-caves.jpg,https://www.nakshiq.com/en/festivals/belum-caves-festival
cdda3a76-297c-451a-a4f3-b276506bb712,gandikota-festival,Gandikota Festival,Gandikota,andhra pradesh,1,January,January (3 days),obscure,no,db-description,"Annual celebration at the 1000-year-old Gandikota Fort showcasing the 300-foot Pennar Gorge. Features historical dramas, folk performances, magic shows, paragliding, helicopter rides (360° aerial views), boating, and local craft/food stalls celebrating Kandanavolu heritage.","Cinematic documentary-style video, 16:9, 6–8 seconds, authentic real-footage look, of the Gandikota Festival as celebrated in Gandikota, Andhra Pradesh. Celebration: Annual celebration at the 1000-year-old Gandikota Fort showcasing the 300-foot Pennar Gorge. Features historical dramas, folk performances, magic shows, paragliding, helicopter rides (360° aerial views), boating, and local craft/food stalls celebrating Kandanavolu heritage.. crisp winter daylight; show real people, actual rituals, decorations and crowds with genuine festive energy; vibrant true-to-life colour, natural handheld motion, shallow depth of field. No on-screen text, subtitles, captions, logos or watermarks; no distorted or extra faces/limbs; documentary realism, not cartoonish or AI-looking.","on-screen text, subtitles, captions, watermarks, logos, brand names, distorted faces, extra limbs, cartoonish, CGI sheen, oversaturated, low quality",https://pub-d8970c901de34c218926ebf4be1ed09a.r2.dev/destinations/gandikota.jpg,https://www.nakshiq.com/en/festivals/gandikota-festival
b2476dde-b8a9-4ba5-b6f0-9e624f7ab5da,lepakshi-brahmotsavam-maha-shivaratri,Lepakshi Brahmotsavam (Maha Shivaratri),Lepakshi,andhra pradesh,2,February,"February–March (Maha Shivaratri, Feb 15–16 typically)",shivaratri,yes,db-description,"10-day annual Masi Brahmotsavam at the 16th-century Veerabhadra temple, climaxing with the spectacular car festival (Rathotsavam) where the deity's chariot is drawn through Lepakshi streets. Attracts thousands to this Vijayanagara architectural masterpiece.","Cinematic documentary-style video, 16:9, 6–8 seconds, authentic real-footage look, of the Lepakshi Brahmotsavam (Maha Shivaratri) festival as celebrated in Lepakshi, Andhra Pradesh. Celebration: 10-day annual Masi Brahmotsavam at the 16th-century Veerabhadra temple, climaxing with the spectacular car festival (Rathotsavam) where the deity's chariot is drawn through Lepakshi streets. Attracts thousands to this Vijayanagara architectural masterpiece.. Key visuals: night-long temple vigil — oil lamps and aarti flames before a Shiva shrine, bel leaves and milk offerings, chanting crowds, processions. clear late-winter light; show real people, actual rituals, decorations and crowds with genuine festive energy; vibrant true-to-life colour, natural handheld motion, shallow depth of field. No on-screen text, subtitles, captions, logos or watermarks; no distorted or extra faces/limbs; documentary realism, not cartoonish or AI-looking.","on-screen text, subtitles, captions, watermarks, logos, brand names, distorted faces, extra limbs, cartoonish, CGI sheen, oversaturated, low quality",https://pub-d8970c901de34c218926ebf4be1ed09a.r2.dev/destinations/lepakshi.jpg,https://www.nakshiq.com/en/festivals/lepakshi-brahmotsavam-maha-shivaratri
2ea5e3e0-65c4-466a-9be2-ff3fde5b815b,shivratri-tribal-dance-mela,Shivratri Tribal Dance Mela,Maredumilli,andhra pradesh,2,February,February (Maha Shivaratri),shivaratri,yes,db-description,Annual tribal dance festival organized at this Eastern Ghats eco-tourism site where indigenous communities of the Maredumilli forest region celebrate with traditional Mela performances. Showcases tribal biodiversity and cultural heritage alongside forest conservation efforts.,"Cinematic documentary-style video, 16:9, 6–8 seconds, authentic real-footage look, of the Shivratri Tribal Dance Mela as celebrated in Maredumilli, Andhra Pradesh. Celebration: Annual tribal dance festival organized at this Eastern Ghats eco-tourism site where indigenous communities of the Maredumilli forest region celebrate with traditional Mela performances. Showcases tribal biodiversity and cultural heritage alongside forest conservation efforts.. Key visuals: night-long temple vigil — oil lamps and aarti flames before a Shiva shrine, bel leaves and milk offerings, chanting crowds, processions. clear late-winter light; show real people, actual rituals, decorations and crowds with genuine festive energy; vibrant true-to-life colour, natural handheld motion, shallow depth of field. No on-screen text, subtitles, captions, logos or watermarks; no distorted or extra faces/limbs; documentary realism, not cartoonish or AI-looking.","on-screen text, subtitles, captions, watermarks, logos, brand names, distorted faces, extra limbs, cartoonish, CGI sheen, oversaturated, low quality",https://pub-d8970c901de34c218926ebf4be1ed09a.r2.dev/destinations/maredumilli.jpg,https://www.nakshiq.com/en/festivals/shivratri-tribal-dance-mela
cc33dc2d-0afe-4966-a577-b6d9627f40f9,lumbini-festival,Lumbini Festival,Nagarjuna Sagar,andhra pradesh,12,December,"December (3 days, second Friday–Sunday)",obscure,no,db-description,"Three-day Buddhist cultural festival held at Nagarjuna Sagar Dam commemorating the significance of Buddhism in Andhra Pradesh (the state's dominant religion 2000 years ago). Features exhibitions of Buddhist art, local crafts, cultural shows, and spiritual activities celebrating the birthplace theme of Lord Buddha (Lumbini).","Cinematic documentary-style video, 16:9, 6–8 seconds, authentic real-footage look, of the Lumbini Festival as celebrated in Nagarjuna Sagar, Andhra Pradesh. Celebration: Three-day Buddhist cultural festival held at Nagarjuna Sagar Dam commemorating the significance of Buddhism in Andhra Pradesh (the state's dominant religion 2000 years ago). Features exhibitions of Buddhist art, local crafts, cultural shows, and spiritual activities celebrating the birthplace theme of Lord Buddha (Lumbini).. cold winter light, long shadows; show real people, actual rituals, decorations and crowds with genuine festive energy; vibrant true-to-life colour, natural handheld motion, shallow depth of field. No on-screen text, subtitles, captions, logos or watermarks; no distorted or extra faces/limbs; documentary realism, not cartoonish or AI-looking.","on-screen text, subtitles, captions, watermarks, logos, brand names, distorted faces, extra limbs, cartoonish, CGI sheen, oversaturated, low quality",https://pub-d8970c901de34c218926ebf4be1ed09a.r2.dev/destinations/nagarjuna-sagar.jpg,https://www.nakshiq.com/en/festivals/lumbini-festival
aa0ecf8e-10c2-49fe-8cf1-8a8b43d448fe,srivari-brahmotsavam-tirumala,Srivari Brahmotsavam,Tirumala,andhra pradesh,9,September,"September–October (9 days, Aasveeyujamu month; 2024: Oct 3–12)",obscure,no,db-description,"The largest and most significant annual festival at Lord Venkateswara Temple in Tirumala-Tirupati. Nine-day celebration featuring daily processional vahanas (chariots) with the deity and consorts Sridevi/Bhudevi, culminating in spectacular chariot processions through temple streets. Attracts pilgrims globally.","Cinematic documentary-style video, 16:9, 6–8 seconds, authentic real-footage look, of the Srivari Brahmotsavam festival as celebrated in Tirumala, Andhra Pradesh. Celebration: The largest and most significant annual festival at Lord Venkateswara Temple in Tirumala-Tirupati. Nine-day celebration featuring daily processional vahanas (chariots) with the deity and consorts Sridevi/Bhudevi, culminating in spectacular chariot processions through temple streets. Attracts pilgrims globally.. clear post-monsoon light; show real people, actual rituals, decorations and crowds with genuine festive energy; vibrant true-to-life colour, natural handheld motion, shallow depth of field. No on-screen text, subtitles, captions, logos or watermarks; no distorted or extra faces/limbs; documentary realism, not cartoonish or AI-looking.","on-screen text, subtitles, captions, watermarks, logos, brand names, distorted faces, extra limbs, cartoonish, CGI sheen, oversaturated, low quality",https://pub-d8970c901de34c218926ebf4be1ed09a.r2.dev/destinations/tirumala.jpg,https://www.nakshiq.com/en/festivals/srivari-brahmotsavam-tirumala
e0f028c3-d353-4b04-9254-db410fa4b09a,reh-festival,Reh Festival,Anini,arunachal pradesh,2,February,February 1–3,obscure,no,db-description,"The Reh Festival is the most significant cultural celebration of the Idu Mishmi community, marking ritual propitiation of deities and thanksgiving for harmony, health, and prosperity. The festival features traditional dances, elaborate handwoven attire adorned with bright patterns, and ancient ceremonial practices rooted in the tribe's spiritual connection with ancestral beliefs.","Cinematic documentary-style video, 16:9, 6–8 seconds, authentic real-footage look, of the Reh Festival as celebrated in Anini, Arunachal Pradesh. Celebration: The Reh Festival is the most significant cultural celebration of the Idu Mishmi community, marking ritual propitiation of deities and thanksgiving for harmony, health, and prosperity. The festival features traditional dances, elaborate handwoven attire adorned with bright patterns, and ancient ceremonial practices rooted in the tribe's spiritual connection with ancestral beliefs.. clear late-winter light; show real people, actual rituals, decorations and crowds with genuine festive energy; vibrant true-to-life colour, natural handheld motion, shallow depth of field. No on-screen text, subtitles, captions, logos or watermarks; no distorted or extra faces/limbs; documentary realism, not cartoonish or AI-looking.","on-screen text, subtitles, captions, watermarks, logos, brand names, distorted faces, extra limbs, cartoonish, CGI sheen, oversaturated, low quality",https://pub-d8970c901de34c218926ebf4be1ed09a.r2.dev/destinations/anini.jpg,https://www.nakshiq.com/en/festivals/reh-festival
f6362748-49ea-4857-875e-d7a8fbdbe2f4,podi-barbi-festival,Podi-Barbi Festival,Mechuka,arunachal pradesh,12,December,December 5,obscure,no,db-description,"Podi-Barbi is a harvest festival celebrated by the Ramo, Pai-Libo, and Bokar communities (Adi subtribes) of Mechuka, serving as thanksgiving to Mother Nature for agricultural abundance. The festival features traditional competitions (archery, wrestling, tug-of-war), the Yapung ceremony where rice beer is exchanged as a symbol of friendship and goodwill, and community feasting that strengthens social bonds.","Cinematic documentary-style video, 16:9, 6–8 seconds, authentic real-footage look, of the Podi-Barbi Festival as celebrated in Mechuka, Arunachal Pradesh. Celebration: Podi-Barbi is a harvest festival celebrated by the Ramo, Pai-Libo, and Bokar communities (Adi subtribes) of Mechuka, serving as thanksgiving to Mother Nature for agricultural abundance. The festival features traditional competitions (archery, wrestling, tug-of-war), the Yapung ceremony where rice beer is exchanged as a symbol of friendship and goodwill, and community feasting that strengthens social bonds.. cold winter light, long shadows; show real people, actual rituals, decorations and crowds with genuine festive energy; vibrant true-to-life colour, natural handheld motion, shallow depth of field. No on-screen text, subtitles, captions, logos or watermarks; no distorted or extra faces/limbs; documentary realism, not cartoonish or AI-looking.","on-screen text, subtitles, captions, watermarks, logos, brand names, distorted faces, extra limbs, cartoonish, CGI sheen, oversaturated, low quality",https://pub-d8970c901de34c218926ebf4be1ed09a.r2.dev/destinations/mechuka.jpg,https://www.nakshiq.com/en/festivals/podi-barbi-festival
a3646667-5343-4798-b786-437a9a99e7a1,solung-festival-pasighat,Solung Festival,Pasighat,arunachal pradesh,9,September,September 1–3,obscure,no,db-description,"Solung is the most significant socio-religious festival for the Adi community in Pasighat, marking the completion of crop sowing and transplanting. The five-day celebration features the Ponung dance performed by women of all ages, animal sacrifices to appease agricultural deities, traditional weapon crafting, narrative songs honouring ancestral stories, and community feasts with locally brewed rice beer shared as a gesture of unity.","Cinematic documentary-style video, 16:9, 6–8 seconds, authentic real-footage look, of the Solung Festival as celebrated in Pasighat, Arunachal Pradesh. Celebration: Solung is the most significant socio-religious festival for the Adi community in Pasighat, marking the completion of crop sowing and transplanting. The five-day celebration features the Ponung dance performed by women of all ages, animal sacrifices to appease agricultural deities, traditional weapon crafting, narrative songs honouring ancestral stories, and community feasts with locally brewed rice beer shared as a gesture of unity.. clear post-monsoon light; show real people, actual rituals, decorations and crowds with genuine festive energy; vibrant true-to-life colour, natural handheld motion, shallow depth of field. No on-screen text, subtitles, captions, logos or watermarks; no distorted or extra faces/limbs; documentary realism, not cartoonish or AI-looking.","on-screen text, subtitles, captions, watermarks, logos, brand names, distorted faces, extra limbs, cartoonish, CGI sheen, oversaturated, low quality",https://pub-d8970c901de34c218926ebf4be1ed09a.r2.dev/destinations/pasighat.jpg,https://www.nakshiq.com/en/festivals/solung-festival-pasighat
98411b37-d13a-4219-ac1d-3ecb65ce9468,raas-mahotsav,Raas Mahotsav,Majuli,assam,11,November,November (Kartik Purnima),obscure,no,db-description,"A grand theatrical celebration held across 65+ satras of Majuli, showcasing Raas Leela performances that depict Lord Krishna's divine life through Bhaonas (religious plays). Dancers, musicians, and actors from the satras perform with traditional instruments, masks, and artistic costumes, attracting hundreds of thousands of devotees and visitors who are hosted by local families during the 4-5 day festival.","Cinematic documentary-style video, 16:9, 6–8 seconds, authentic real-footage look, of the Raas Mahotsav as celebrated in Majuli, Assam. Celebration: A grand theatrical celebration held across 65+ satras of Majuli, showcasing Raas Leela performances that depict Lord Krishna's divine life through Bhaonas (religious plays). Dancers, musicians, and actors from the satras perform with traditional instruments, masks, and artistic costumes, attracting hundreds of thousands of devotees and visitors who are hosted by local families during the 4-5 day festival.. cool early-winter light; show real people, actual rituals, decorations and crowds with genuine festive energy; vibrant true-to-life colour, natural handheld motion, shallow depth of field. No on-screen text, subtitles, captions, logos or watermarks; no distorted or extra faces/limbs; documentary realism, not cartoonish or AI-looking.","on-screen text, subtitles, captions, watermarks, logos, brand names, distorted faces, extra limbs, cartoonish, CGI sheen, oversaturated, low quality",https://pub-d8970c901de34c218926ebf4be1ed09a.r2.dev/destinations/majuli.jpg,https://www.nakshiq.com/en/festivals/raas-mahotsav
8a539893-0764-43d2-b6ac-75c01b9a5a52,kaziranga-elephant-festival,Kaziranga Elephant Festival,Kaziranga,assam,2,February,February 11-17,obscure,no,db-description,"A celebration of wildlife conservation and cultural heritage held at Kaziranga National Park, featuring hundreds of decorated Asiatic elephants in parades, races, football matches, and dance performances. Jointly organized by Assam's Forest and Tourism Departments to highlight elephant conservation efforts and address human-wildlife conflict mitigation.","Cinematic documentary-style video, 16:9, 6–8 seconds, authentic real-footage look, of the Kaziranga Elephant Festival as celebrated in Kaziranga, Assam. Celebration: A celebration of wildlife conservation and cultural heritage held at Kaziranga National Park, featuring hundreds of decorated Asiatic elephants in parades, races, football matches, and dance performances. Jointly organized by Assam's Forest and Tourism Departments to highlight elephant conservation efforts and address human-wildlife conflict mitigation.. clear late-winter light; show real people, actual rituals, decorations and crowds with genuine festive energy; vibrant true-to-life colour, natural handheld motion, shallow depth of field. No on-screen text, subtitles, captions, logos or watermarks; no distorted or extra faces/limbs; documentary realism, not cartoonish or AI-looking.","on-screen text, subtitles, captions, watermarks, logos, brand names, distorted faces, extra limbs, cartoonish, CGI sheen, oversaturated, low quality",https://pub-d8970c901de34c218926ebf4be1ed09a.r2.dev/destinations/kaziranga.jpg,https://www.nakshiq.com/en/festivals/kaziranga-elephant-festival
d9c3ade3-f0b6-41ea-a579-961de13158b9,nirvana-mahotsav,Nirvana Mahotsav,Pawapuri,bihar,11,November,"October-November (Kartik Amavasya, Diwali)",obscure,no,db-description,"An annual Jain pilgrimage celebration commemorating Lord Mahavira's attainment of Nirvana at Pawapuri on the night of Diwali. Devotees gather to participate in religious ceremonies and rituals at the Jal Mandir (water temple), including the offering of a 151-kilogram blessed laddu to Lord Mahavira and its distribution among thousands of pilgrims.","Cinematic documentary-style video, 16:9, 6–8 seconds, authentic real-footage look, of the Nirvana Mahotsav as celebrated in Pawapuri, Bihar. Celebration: An annual Jain pilgrimage celebration commemorating Lord Mahavira's attainment of Nirvana at Pawapuri on the night of Diwali. Devotees gather to participate in religious ceremonies and rituals at the Jal Mandir (water temple), including the offering of a 151-kilogram blessed laddu to Lord Mahavira and its distribution among thousands of pilgrims.. cool early-winter light; show real people, actual rituals, decorations and crowds with genuine festive energy; vibrant true-to-life colour, natural handheld motion, shallow depth of field. No on-screen text, subtitles, captions, logos or watermarks; no distorted or extra faces/limbs; documentary realism, not cartoonish or AI-looking.","on-screen text, subtitles, captions, watermarks, logos, brand names, distorted faces, extra limbs, cartoonish, CGI sheen, oversaturated, low quality",https://pub-d8970c901de34c218926ebf4be1ed09a.r2.dev/destinations/pawapuri.jpg,https://www.nakshiq.com/en/festivals/nirvana-mahotsav
2c14c0ae-199f-4723-8bdf-c300ea642eb1,vaishali-mahotsav,Vaishali Mahotsav,Vaishali,bihar,3,March,"March-April (Chaithra Purnima, Mahavir Jayanti)",obscure,no,db-description,"A significant Jain festival celebrated at Vaishali, the birthplace of Lord Mahavira, featuring grand chariot processions with Mahavir images, religious ceremonies in temples, fasting, charitable donations, and devotional scripture readings. Both Digambara and Shwetambara Jain communities participate in this major pilgrimage festival.","Cinematic documentary-style video, 16:9, 6–8 seconds, authentic real-footage look, of the Vaishali Mahotsav as celebrated in Vaishali, Bihar. Celebration: A significant Jain festival celebrated at Vaishali, the birthplace of Lord Mahavira, featuring grand chariot processions with Mahavir images, religious ceremonies in temples, fasting, charitable donations, and devotional scripture readings. Both Digambara and Shwetambara Jain communities participate in this major pilgrimage festival.. warm spring light; show real people, actual rituals, decorations and crowds with genuine festive energy; vibrant true-to-life colour, natural handheld motion, shallow depth of field. No on-screen text, subtitles, captions, logos or watermarks; no distorted or extra faces/limbs; documentary realism, not cartoonish or AI-looking.","on-screen text, subtitles, captions, watermarks, logos, brand names, distorted faces, extra limbs, cartoonish, CGI sheen, oversaturated, low quality",https://pub-d8970c901de34c218926ebf4be1ed09a.r2.dev/destinations/vaishali.jpg,https://www.nakshiq.com/en/festivals/vaishali-mahotsav
2e1c79e5-aa47-46f2-9aef-f8137ba928ec,bhoramdeo-mahotsav,Bhoramdeo Mahotsav,Bhoramdeo,chhattisgarh,3,March,Krishna Paksha Teras of Chaitra (March),obscure,no,db-description,"Annual festival dedicated to Lord Shiva at Bhoramdeo Temple. Features traditional folk dances, music, theatrical presentations, and tribal crafts. Local tribes and artisans participate, showcasing handwoven textiles, pottery, and tribal jewelry.","Cinematic documentary-style video, 16:9, 6–8 seconds, authentic real-footage look, of the Bhoramdeo Mahotsav as celebrated in Bhoramdeo, Chhattisgarh. Celebration: Annual festival dedicated to Lord Shiva at Bhoramdeo Temple. Features traditional folk dances, music, theatrical presentations, and tribal crafts. Local tribes and artisans participate, showcasing handwoven textiles, pottery, and tribal jewelry.. warm spring light; show real people, actual rituals, decorations and crowds with genuine festive energy; vibrant true-to-life colour, natural handheld motion, shallow depth of field. No on-screen text, subtitles, captions, logos or watermarks; no distorted or extra faces/limbs; documentary realism, not cartoonish or AI-looking.","on-screen text, subtitles, captions, watermarks, logos, brand names, distorted faces, extra limbs, cartoonish, CGI sheen, oversaturated, low quality",https://pub-d8970c901de34c218926ebf4be1ed09a.r2.dev/destinations/bhoramdeo.jpg,https://www.nakshiq.com/en/festivals/bhoramdeo-mahotsav
0cdb3d2a-9644-4394-b62b-44a363409ab7,sirpur-mahotsav-national-dance-and-music-festival,Sirpur Mahotsav (National Dance and Music Festival),Sirpur,chhattisgarh,2,February,February 1–3 (aligns with Maghi Purnima),obscure,no,db-description,"Annual national-level festival held at the backdrop of 7th-century Lakshmana Temple and Mahanadi River banks. Features classical, folk, and tribal dance performances from across India, including Panthi, Danda, and Bastariya dances, alongside music by national and international artists.","Cinematic documentary-style video, 16:9, 6–8 seconds, authentic real-footage look, of the Sirpur Mahotsav (National Dance and Music Festival) as celebrated in Sirpur, Chhattisgarh. Celebration: Annual national-level festival held at the backdrop of 7th-century Lakshmana Temple and Mahanadi River banks. Features classical, folk, and tribal dance performances from across India, including Panthi, Danda, and Bastariya dances, alongside music by national and international artists.. clear late-winter light; show real people, actual rituals, decorations and crowds with genuine festive energy; vibrant true-to-life colour, natural handheld motion, shallow depth of field. No on-screen text, subtitles, captions, logos or watermarks; no distorted or extra faces/limbs; documentary realism, not cartoonish or AI-looking.","on-screen text, subtitles, captions, watermarks, logos, brand names, distorted faces, extra limbs, cartoonish, CGI sheen, oversaturated, low quality",https://pub-d8970c901de34c218926ebf4be1ed09a.r2.dev/destinations/sirpur.jpg,https://www.nakshiq.com/en/festivals/sirpur-mahotsav-national-dance-and-music-festival
304c25a5-b2c8-48da-9399-3e687bc565f1,sarhul,Sarhul,Ranchi,jharkhand,3,March,"March–April (Chaitra Shukla Paksha, 3rd day to Purnima)",obscure,no,db-description,"Spring festival marking the tribal new year, celebrated primarily by Oraon, Munda, and Ho tribes. Involves worship of the Sal tree (abode of Sarna Maa) with offerings of flowers, fruits, vermilion, and rooster. Processions organized in Ranchi since 1961; features traditional dances with Sal flowers.","Cinematic documentary-style video, 16:9, 6–8 seconds, authentic real-footage look, of the Sarhul festival as celebrated in Ranchi, Jharkhand. Celebration: Spring festival marking the tribal new year, celebrated primarily by Oraon, Munda, and Ho tribes. Involves worship of the Sal tree (abode of Sarna Maa) with offerings of flowers, fruits, vermilion, and rooster. Processions organized in Ranchi since 1961; features traditional dances with Sal flowers.. warm spring light; show real people, actual rituals, decorations and crowds with genuine festive energy; vibrant true-to-life colour, natural handheld motion, shallow depth of field. No on-screen text, subtitles, captions, logos or watermarks; no distorted or extra faces/limbs; documentary realism, not cartoonish or AI-looking.","on-screen text, subtitles, captions, watermarks, logos, brand names, distorted faces, extra limbs, cartoonish, CGI sheen, oversaturated, low quality",https://pub-d8970c901de34c218926ebf4be1ed09a.r2.dev/destinations/ranchi.jpg,https://www.nakshiq.com/en/festivals/sarhul
4cf8b522-e8f0-4836-a0cc-b3b7f39a8de3,mahavir-jayanti-shikharji,Mahavir Jayanti,Shikharji,jharkhand,3,March,"March 31, 2026 (lunar calendar, Chaitra Shukla 13)",obscure,no,db-description,"Birth anniversary of Lord Mahavir, the 24th Tirthankara. At Shikharji, devotees participate in processions, scripture recitations, and charitable meals. Pilgrimage to Shikharji is particularly significant during this festival.","Cinematic documentary-style video, 16:9, 6–8 seconds, authentic real-footage look, of the Mahavir Jayanti as celebrated in Shikharji, Jharkhand. Celebration: Birth anniversary of Lord Mahavir, the 24th Tirthankara. At Shikharji, devotees participate in processions, scripture recitations, and charitable meals. Pilgrimage to Shikharji is particularly significant during this festival.. warm spring light; show real people, actual rituals, decorations and crowds with genuine festive energy; vibrant true-to-life colour, natural handheld motion, shallow depth of field. No on-screen text, subtitles, captions, logos or watermarks; no distorted or extra faces/limbs; documentary realism, not cartoonish or AI-looking.","on-screen text, subtitles, captions, watermarks, logos, brand names, distorted faces, extra limbs, cartoonish, CGI sheen, oversaturated, low quality",https://pub-d8970c901de34c218926ebf4be1ed09a.r2.dev/destinations/shikharji.jpg,https://www.nakshiq.com/en/festivals/mahavir-jayanti-shikharji
e1aea79c-8b89-4fc1-950d-adbcde2dc3d8,goa-carnival-margao,Goa Carnival,Margao,goa,2,February,February 13-17 (February 15 in Margao),goa-carnival,no,db-description,"Goa's largest carnival parade, with Margao hosting vibrant celebrations on February 15. The parade moves from Holy Spirit Church to Margao Municipal Council Square, featuring elaborate floats, dance groups, drummers, and live music in South Goa's main city.","Cinematic documentary-style video, 16:9, 6–8 seconds, authentic real-footage look, of the Goa Carnival as celebrated in Margao, Goa. Celebration: Goa's largest carnival parade, with Margao hosting vibrant celebrations on February 15. The parade moves from Holy Spirit Church to Margao Municipal Council Square, featuring elaborate floats, dance groups, drummers, and live music in South Goa's main city.. Key visuals: flamboyant float parade led by King Momo, costumed dancers, brass bands, confetti through Panaji's streets. clear late-winter light; show real people, actual rituals, decorations and crowds with genuine festive energy; vibrant true-to-life colour, natural handheld motion, shallow depth of field. No on-screen text, subtitles, captions, logos or watermarks; no distorted or extra faces/limbs; documentary realism, not cartoonish or AI-looking.","on-screen text, subtitles, captions, watermarks, logos, brand names, distorted faces, extra limbs, cartoonish, CGI sheen, oversaturated, low quality",https://pub-d8970c901de34c218926ebf4be1ed09a.r2.dev/destinations/margao.jpg,https://www.nakshiq.com/en/festivals/goa-carnival-margao
f6672773-2aed-4410-836e-721cb6d57647,shigmo-shigmotsav-margao,Shigmo (Shigmotsav),Margao,goa,3,March,March 5-18 (March 14 in Margao),holi,yes,db-description,Goa's major spring harvest festival with large parade in Margao on March 14. Hundreds of folk artists perform traditional dances like Ghode Mhodni and Romtamel while massive Chitrarath floats depicting scenes from Hindu epics roll through the city centre.,"Cinematic documentary-style video, 16:9, 6–8 seconds, authentic real-footage look, of the Shigmo (Shigmotsav) festival as celebrated in Margao, Goa. Celebration: Goa's major spring harvest festival with large parade in Margao on March 14. Hundreds of folk artists perform traditional dances like Ghode Mhodni and Romtamel while massive Chitrarath floats depicting scenes from Hindu epics roll through the city centre.. Key visuals: crowds drenched in bright dry-colour powder, throwing fistfuls of gulal, clouds of pink/green/yellow in the air, dancing to dhol drums. warm spring light; show real people, actual rituals, decorations and crowds with genuine festive energy; vibrant true-to-life colour, natural handheld motion, shallow depth of field. No on-screen text, subtitles, captions, logos or watermarks; no distorted or extra faces/limbs; documentary realism, not cartoonish or AI-looking.","on-screen text, subtitles, captions, watermarks, logos, brand names, distorted faces, extra limbs, cartoonish, CGI sheen, oversaturated, low quality",https://pub-d8970c901de34c218926ebf4be1ed09a.r2.dev/destinations/margao.jpg,https://www.nakshiq.com/en/festivals/shigmo-shigmotsav-margao
415a70de-e1c5-463f-bc60-89d368575fd3,feast-of-the-three-kings-reis-magos,Feast of the Three Kings (Reis Magos),Reis Magos Fort,goa,1,January,January 6 (Epiphany),obscure,no,db-description,"The Chapel of Nossa Senhora dos Remédios (Our Lady of Cures), also known as the Three Kings Chapel, atop the Cuelim hillock near Reis Magos, hosts the most famous celebration. Three young boys enact the role of the Three Kings, traveling on horseback through different paths and converging near the chapel.","Cinematic documentary-style video, 16:9, 6–8 seconds, authentic real-footage look, of the Feast of the Three Kings (Reis Magos) festival as celebrated in Reis Magos Fort, Goa. Celebration: The Chapel of Nossa Senhora dos Remédios (Our Lady of Cures), also known as the Three Kings Chapel, atop the Cuelim hillock near Reis Magos, hosts the most famous celebration. Three young boys enact the role of the Three Kings, traveling on horseback through different paths and converging near the chapel.. crisp winter daylight; show real people, actual rituals, decorations and crowds with genuine festive energy; vibrant true-to-life colour, natural handheld motion, shallow depth of field. No on-screen text, subtitles, captions, logos or watermarks; no distorted or extra faces/limbs; documentary realism, not cartoonish or AI-looking.","on-screen text, subtitles, captions, watermarks, logos, brand names, distorted faces, extra limbs, cartoonish, CGI sheen, oversaturated, low quality",https://pub-d8970c901de34c218926ebf4be1ed09a.r2.dev/destinations/reis-magos.jpg,https://www.nakshiq.com/en/festivals/feast-of-the-three-kings-reis-magos
f58b6bb8-63cf-473d-ac3c-71cae8bbd7f3,sao-joao-festival-so-joo-siolim,Sao Joao Festival (São João),Siolim,goa,6,June,June 23-24 (June 24 in Siolim),obscure,no,db-description,"Siolim hosts a distinctive 175-year-old boat festival tradition where revellers from surrounding villages (Chapora, Zhor, Badem, Assagao) arrive in beautifully decorated boats to pay homage at the Chapel of São João in Pereira Vaddo. Boats are decorated with flowers, leaves, and designs of guitars, birds, fruit baskets, sea creatures, and mythical creatures. Festival begins at 3:30 PM with boats arriving between 4 PM and 5:30 PM.","Cinematic documentary-style video, 16:9, 6–8 seconds, authentic real-footage look, of the Sao Joao Festival (São João) as celebrated in Siolim, Goa. Celebration: Siolim hosts a distinctive 175-year-old boat festival tradition where revellers from surrounding villages (Chapora, Zhor, Badem, Assagao) arrive in beautifully decorated boats to pay homage at the Chapel of São João in Pereira Vaddo. Boats are decorated with flowers, leaves, and designs of guitars, birds, fruit baskets, sea creatures, and mythical creatures. Festival begins at 3:30 PM with boats arriving between 4 PM and 5:30 PM.. early-monsoon overcast, fresh greens; show real people, actual rituals, decorations and crowds with genuine festive energy; vibrant true-to-life colour, natural handheld motion, shallow depth of field. No on-screen text, subtitles, captions, logos or watermarks; no distorted or extra faces/limbs; documentary realism, not cartoonish or AI-looking.","on-screen text, subtitles, captions, watermarks, logos, brand names, distorted faces, extra limbs, cartoonish, CGI sheen, oversaturated, low quality",https://pub-d8970c901de34c218926ebf4be1ed09a.r2.dev/destinations/siolim.jpg,https://www.nakshiq.com/en/festivals/sao-joao-festival-so-joo-siolim
0b899e2d-bb7f-407e-ad5e-6fc9449dfeba,sao-joao-festival-so-joo-assagao,Sao Joao Festival (São João),Assagao,goa,6,June,June 23-24,obscure,no,db-description,"Sao Joao is celebrated across North Goa, with significant traditions in Assagao. Revellers from Badem in Assagao join other villages in the famous boat procession to Siolim's Chapel of São João, connecting Assagao's Catholic heritage with this major monsoon celebration.","Cinematic documentary-style video, 16:9, 6–8 seconds, authentic real-footage look, of the Sao Joao Festival (São João) as celebrated in Assagao, Goa. Celebration: Sao Joao is celebrated across North Goa, with significant traditions in Assagao. Revellers from Badem in Assagao join other villages in the famous boat procession to Siolim's Chapel of São João, connecting Assagao's Catholic heritage with this major monsoon celebration.. early-monsoon overcast, fresh greens; show real people, actual rituals, decorations and crowds with genuine festive energy; vibrant true-to-life colour, natural handheld motion, shallow depth of field. No on-screen text, subtitles, captions, logos or watermarks; no distorted or extra faces/limbs; documentary realism, not cartoonish or AI-looking.","on-screen text, subtitles, captions, watermarks, logos, brand names, distorted faces, extra limbs, cartoonish, CGI sheen, oversaturated, low quality",https://pub-d8970c901de34c218926ebf4be1ed09a.r2.dev/destinations/assagao.jpg,https://www.nakshiq.com/en/festivals/sao-joao-festival-so-joo-assagao
d1566c74-57d6-4158-aa01-1fe95ccb2646,sammed-shikhar-festival,Sammed Shikhar Festival,Shikharji,jharkhand,,,"October–November (lunar, varies)",obscure,no,db-description,"Annual fair at Shikharji (Sammed Shikhar, Parasnath Hill) drawing large numbers of Jain devotees. Pilgrims ascend the sacred hill to visit 20+ temples and shrines commemorating the 20 Tirthankaras who attained nirvana here.","Cinematic documentary-style video, 16:9, 6–8 seconds, authentic real-footage look, of the Sammed Shikhar Festival as celebrated in Shikharji, Jharkhand. Celebration: Annual fair at Shikharji (Sammed Shikhar, Parasnath Hill) drawing large numbers of Jain devotees. Pilgrims ascend the sacred hill to visit 20+ temples and shrines commemorating the 20 Tirthankaras who attained nirvana here.. natural daylight; show real people, actual rituals, decorations and crowds with genuine festive energy; vibrant true-to-life colour, natural handheld motion, shallow depth of field. No on-screen text, subtitles, captions, logos or watermarks; no distorted or extra faces/limbs; documentary realism, not cartoonish or AI-looking.","on-screen text, subtitles, captions, watermarks, logos, brand names, distorted faces, extra limbs, cartoonish, CGI sheen, oversaturated, low quality",https://pub-d8970c901de34c218926ebf4be1ed09a.r2.dev/destinations/shikharji.jpg,https://www.nakshiq.com/en/festivals/sammed-shikhar-festival
2cd12e18-4da0-47c0-b75a-b3cbb5181760,shigmo-shigmotsav-ponda-spice,Shigmo (Shigmotsav),Spice Plantations (Ponda),goa,3,March,March 5-18 (March 5 in Ponda),holi,yes,db-description,"Ponda marks the official start of Shigmotsav on March 5, 2026. Local Hindu temples including Shantadurga Temple, Mangeshi Temple (in nearby Priol), and Mahalsa Temple (in Mardol) host celebrations with folk artists performing traditional dances and farmers gathering for rituals, folk songs, and community feasts.","Cinematic documentary-style video, 16:9, 6–8 seconds, authentic real-footage look, of the Shigmo (Shigmotsav) festival as celebrated in Spice Plantations (Ponda), Goa. Celebration: Ponda marks the official start of Shigmotsav on March 5, 2026. Local Hindu temples including Shantadurga Temple, Mangeshi Temple (in nearby Priol), and Mahalsa Temple (in Mardol) host celebrations with folk artists performing traditional dances and farmers gathering for rituals, folk songs, and community feasts.. Key visuals: crowds drenched in bright dry-colour powder, throwing fistfuls of gulal, clouds of pink/green/yellow in the air, dancing to dhol drums. warm spring light; show real people, actual rituals, decorations and crowds with genuine festive energy; vibrant true-to-life colour, natural handheld motion, shallow depth of field. No on-screen text, subtitles, captions, logos or watermarks; no distorted or extra faces/limbs; documentary realism, not cartoonish or AI-looking.","on-screen text, subtitles, captions, watermarks, logos, brand names, distorted faces, extra limbs, cartoonish, CGI sheen, oversaturated, low quality",https://pub-d8970c901de34c218926ebf4be1ed09a.r2.dev/destinations/ponda-spice.jpg,https://www.nakshiq.com/en/festivals/shigmo-shigmotsav-ponda-spice
e79c3127-01cc-4699-85f2-b711a3150995,shantadurga-temple-annual-fair,Shantadurga Temple Annual Fair,Spice Plantations (Ponda),goa,12,December,December-January (annual fair),durga-navratri,yes,db-description,"The Shri Shantadurga Temple in Ponda, an 18th-century sanctuary dedicated to Goddess Durga, hosts an annual fair during December-January. The temple exhibits Indo-Portuguese architectural styles and is a major spiritual landmark in central Goa's Hindu heartland.","Cinematic documentary-style video, 16:9, 6–8 seconds, authentic real-footage look, of the Shantadurga Temple Annual Fair as celebrated in Spice Plantations (Ponda), Goa. Celebration: The Shri Shantadurga Temple in Ponda, an 18th-century sanctuary dedicated to Goddess Durga, hosts an annual fair during December-January. The temple exhibits Indo-Portuguese architectural styles and is a major spiritual landmark in central Goa's Hindu heartland.. Key visuals: elaborately lit pandals and Durga idols, dhunuchi incense dance, garba/dandiya circles in colourful chaniya-choli. cold winter light, long shadows; show real people, actual rituals, decorations and crowds with genuine festive energy; vibrant true-to-life colour, natural handheld motion, shallow depth of field. No on-screen text, subtitles, captions, logos or watermarks; no distorted or extra faces/limbs; documentary realism, not cartoonish or AI-looking.","on-screen text, subtitles, captions, watermarks, logos, brand names, distorted faces, extra limbs, cartoonish, CGI sheen, oversaturated, low quality",https://pub-d8970c901de34c218926ebf4be1ed09a.r2.dev/destinations/ponda-spice.jpg,https://www.nakshiq.com/en/festivals/shantadurga-temple-annual-fair
cf1f9e42-809f-4cb4-bdea-dfd8aef2fc68,mahalsa-temple-annual-jatra,Mahalsa Temple Annual Jatra,Spice Plantations (Ponda),goa,,,Annual celebration (date variable),obscure,no,db-description,"The Shri Mahalsa Narayani Temple in Mardol, near Ponda, hosts an annual Jatra (festival) dedicated to Goddess Mahalasa (an incarnation of Lord Vishnu). The celebration features elaborate rituals, cultural programs, and processions that draw crowds from various parts of Goa.","Cinematic documentary-style video, 16:9, 6–8 seconds, authentic real-footage look, of the Mahalsa Temple Annual Jatra as celebrated in Spice Plantations (Ponda), Goa. Celebration: The Shri Mahalsa Narayani Temple in Mardol, near Ponda, hosts an annual Jatra (festival) dedicated to Goddess Mahalasa (an incarnation of Lord Vishnu). The celebration features elaborate rituals, cultural programs, and processions that draw crowds from various parts of Goa.. natural daylight; show real people, actual rituals, decorations and crowds with genuine festive energy; vibrant true-to-life colour, natural handheld motion, shallow depth of field. No on-screen text, subtitles, captions, logos or watermarks; no distorted or extra faces/limbs; documentary realism, not cartoonish or AI-looking.","on-screen text, subtitles, captions, watermarks, logos, brand names, distorted faces, extra limbs, cartoonish, CGI sheen, oversaturated, low quality",https://pub-d8970c901de34c218926ebf4be1ed09a.r2.dev/destinations/ponda-spice.jpg,https://www.nakshiq.com/en/festivals/mahalsa-temple-annual-jatra
d4cb6524-e26c-4559-9271-5fa93832563f,bhadarvi-poonam-mela,Bhadarvi Poonam Mela,Ambaji,gujarat,9,September,"September (Bhadarvi Poonam full moon, typically early September)",obscure,no,db-description,"A major pilgrimage fair at Ambaji temple, one of the 51 Shakti Peethas, attracting hundreds of thousands of devotees during the full moon of Bhadrapad month. The fair features devotional rituals, folk music, Garba performances, and in recent years, grand drone light shows.","Cinematic documentary-style video, 16:9, 6–8 seconds, authentic real-footage look, of the Bhadarvi Poonam Mela as celebrated in Ambaji, Gujarat. Celebration: A major pilgrimage fair at Ambaji temple, one of the 51 Shakti Peethas, attracting hundreds of thousands of devotees during the full moon of Bhadrapad month. The fair features devotional rituals, folk music, Garba performances, and in recent years, grand drone light shows.. clear post-monsoon light; show real people, actual rituals, decorations and crowds with genuine festive energy; vibrant true-to-life colour, natural handheld motion, shallow depth of field. No on-screen text, subtitles, captions, logos or watermarks; no distorted or extra faces/limbs; documentary realism, not cartoonish or AI-looking.","on-screen text, subtitles, captions, watermarks, logos, brand names, distorted faces, extra limbs, cartoonish, CGI sheen, oversaturated, low quality",https://pub-d8970c901de34c218926ebf4be1ed09a.r2.dev/destinations/ambaji.jpg,https://www.nakshiq.com/en/festivals/bhadarvi-poonam-mela
b7e99ff5-1850-4ebb-8f62-4609dfec37b9,janmashtami-festival,Janmashtami Festival,Dakor,gujarat,8,August,"August (Krishna's birth month, lunar calendar)",obscure,no,db-description,"Ranchhodrai temple in Dakor celebrates Lord Krishna's birthday with elaborate rituals, special prayers, colorful decorations, and traditional dances depicting scenes from Krishna's life. Thousands of devotees gather for special darshan.","Cinematic documentary-style video, 16:9, 6–8 seconds, authentic real-footage look, of the Janmashtami Festival as celebrated in Dakor, Gujarat. Celebration: Ranchhodrai temple in Dakor celebrates Lord Krishna's birthday with elaborate rituals, special prayers, colorful decorations, and traditional dances depicting scenes from Krishna's life. Thousands of devotees gather for special darshan.. monsoon light, lush greens; show real people, actual rituals, decorations and crowds with genuine festive energy; vibrant true-to-life colour, natural handheld motion, shallow depth of field. No on-screen text, subtitles, captions, logos or watermarks; no distorted or extra faces/limbs; documentary realism, not cartoonish or AI-looking.","on-screen text, subtitles, captions, watermarks, logos, brand names, distorted faces, extra limbs, cartoonish, CGI sheen, oversaturated, low quality",https://pub-d8970c901de34c218926ebf4be1ed09a.r2.dev/destinations/dakor.jpg,https://www.nakshiq.com/en/festivals/janmashtami-festival
ad5ffefd-02c9-45e3-b0ea-8606da063457,sharad-purnima-festival,Sharad Purnima Festival,Dakor,gujarat,10,October,"October (Sharad Purnima full moon, typically mid-October)",obscure,no,db-description,"Celebrated as the day when Lord Krishna appears as Ranchodrai at Dakor temple. Elaborate processions with temple idols, cultural performances, and rituals commemorate the divine love of Radha and Krishna. Thousands of pilgrims gather for special celebrations.","Cinematic documentary-style video, 16:9, 6–8 seconds, authentic real-footage look, of the Sharad Purnima Festival as celebrated in Dakor, Gujarat. Celebration: Celebrated as the day when Lord Krishna appears as Ranchodrai at Dakor temple. Elaborate processions with temple idols, cultural performances, and rituals commemorate the divine love of Radha and Krishna. Thousands of pilgrims gather for special celebrations.. golden autumn light; show real people, actual rituals, decorations and crowds with genuine festive energy; vibrant true-to-life colour, natural handheld motion, shallow depth of field. No on-screen text, subtitles, captions, logos or watermarks; no distorted or extra faces/limbs; documentary realism, not cartoonish or AI-looking.","on-screen text, subtitles, captions, watermarks, logos, brand names, distorted faces, extra limbs, cartoonish, CGI sheen, oversaturated, low quality",https://pub-d8970c901de34c218926ebf4be1ed09a.r2.dev/destinations/dakor.jpg,https://www.nakshiq.com/en/festivals/sharad-purnima-festival
bb40f4dc-b861-4ec3-aeaa-02e3ada459e4,bhavnath-mela-girnar-mahashivratri-mela,Bhavnath Mela (Girnar Mahashivratri Mela),Junagadh,gujarat,2,February,"February-March (Maha Shivratri, typically February/early March)",shivaratri,yes,db-description,"A five-day sacred fair at the Bhavnath Mahadev temple at the foothills of Girnar mountain, honoring Lord Shiva. The fair is renowned for processions of naga sadhus, ritual bathing in holy Mrugi Kund, devotional singing through the night, and traditional bhavai folk dances. Attracts thousands of pilgrims and ascetics.","Cinematic documentary-style video, 16:9, 6–8 seconds, authentic real-footage look, of the Bhavnath Mela (Girnar Mahashivratri Mela) as celebrated in Junagadh, Gujarat. Celebration: A five-day sacred fair at the Bhavnath Mahadev temple at the foothills of Girnar mountain, honoring Lord Shiva. The fair is renowned for processions of naga sadhus, ritual bathing in holy Mrugi Kund, devotional singing through the night, and traditional bhavai folk dances. Attracts thousands of pilgrims and ascetics.. Key visuals: night-long temple vigil — oil lamps and aarti flames before a Shiva shrine, bel leaves and milk offerings, chanting crowds, processions. clear late-winter light; show real people, actual rituals, decorations and crowds with genuine festive energy; vibrant true-to-life colour, natural handheld motion, shallow depth of field. No on-screen text, subtitles, captions, logos or watermarks; no distorted or extra faces/limbs; documentary realism, not cartoonish or AI-looking.","on-screen text, subtitles, captions, watermarks, logos, brand names, distorted faces, extra limbs, cartoonish, CGI sheen, oversaturated, low quality",https://pub-d8970c901de34c218926ebf4be1ed09a.r2.dev/destinations/junagadh.jpg,https://www.nakshiq.com/en/festivals/bhavnath-mela-girnar-mahashivratri-mela
97e2b2b2-ea72-4f87-846d-b60762440088,uttarardh-mahotsav-modhera-dance-festival,Uttarardh Mahotsav (Modhera Dance Festival),Modhera Sun Temple,gujarat,1,January,"January (3rd week, typically Jan 17-19)",obscure,no,db-description,"A two-day classical dance festival celebrating the winter solstice at the ancient Sun Temple. The festival showcases diverse Indian classical dance forms including Odissi, Bharatanatyam, Kathak, Manipuri, Kuchipudi, Kathakali, and Sattriya. Named after the astronomical halfway point of the sun's northward journey, honoring the sun god.","Cinematic documentary-style video, 16:9, 6–8 seconds, authentic real-footage look, of the Uttarardh Mahotsav (Modhera Dance Festival) as celebrated in Modhera Sun Temple, Gujarat. Celebration: A two-day classical dance festival celebrating the winter solstice at the ancient Sun Temple. The festival showcases diverse Indian classical dance forms including Odissi, Bharatanatyam, Kathak, Manipuri, Kuchipudi, Kathakali, and Sattriya. Named after the astronomical halfway point of the sun's northward journey, honoring the sun god.. crisp winter daylight; show real people, actual rituals, decorations and crowds with genuine festive energy; vibrant true-to-life colour, natural handheld motion, shallow depth of field. No on-screen text, subtitles, captions, logos or watermarks; no distorted or extra faces/limbs; documentary realism, not cartoonish or AI-looking.","on-screen text, subtitles, captions, watermarks, logos, brand names, distorted faces, extra limbs, cartoonish, CGI sheen, oversaturated, low quality",https://pub-d8970c901de34c218926ebf4be1ed09a.r2.dev/destinations/modhera.jpg,https://www.nakshiq.com/en/festivals/uttarardh-mahotsav-modhera-dance-festival
1e921e0b-1fc6-4529-848d-88bd936b7711,mandvi-beach-festival,Mandvi Beach Festival,Mandvi,gujarat,12,December,December (21st-31st),obscure,no,db-description,"A ten-day coastal cultural festival at Mandvi Beach with free entry, featuring nightly cultural musical performances with renowned artists on weekends. The festival includes adventure activities, beach sports, sand art, bonfire arrangements, live music, stargazing sessions, laser light shows, and traditional craft and food stalls against the Arabian Sea backdrop.","Cinematic documentary-style video, 16:9, 6–8 seconds, authentic real-footage look, of the Mandvi Beach Festival as celebrated in Mandvi, Gujarat. Celebration: A ten-day coastal cultural festival at Mandvi Beach with free entry, featuring nightly cultural musical performances with renowned artists on weekends. The festival includes adventure activities, beach sports, sand art, bonfire arrangements, live music, stargazing sessions, laser light shows, and traditional craft and food stalls against the Arabian Sea backdrop.. cold winter light, long shadows; show real people, actual rituals, decorations and crowds with genuine festive energy; vibrant true-to-life colour, natural handheld motion, shallow depth of field. No on-screen text, subtitles, captions, logos or watermarks; no distorted or extra faces/limbs; documentary realism, not cartoonish or AI-looking.","on-screen text, subtitles, captions, watermarks, logos, brand names, distorted faces, extra limbs, cartoonish, CGI sheen, oversaturated, low quality",https://pub-d8970c901de34c218926ebf4be1ed09a.r2.dev/destinations/mandvi.jpg,https://www.nakshiq.com/en/festivals/mandvi-beach-festival
eec9e888-d2e4-4533-9f0d-5659cce925df,dholavira-festival,Dholavira Festival,Dholavira,gujarat,,,"Varies (cultural heritage festival, dates to be announced)",obscure,no,db-description,"A heritage festival blending archaeology with contemporary performance at India's oldest urban site. Features interactive heritage walks through the Harappan city layout, traditional crafts demonstrations including block printing and bead making, and performances by folk and classical musicians. Free entry for all visitors, promoting heritage-based tourism and archaeological education.","Cinematic documentary-style video, 16:9, 6–8 seconds, authentic real-footage look, of the Dholavira Festival as celebrated in Dholavira, Gujarat. Celebration: A heritage festival blending archaeology with contemporary performance at India's oldest urban site. Features interactive heritage walks through the Harappan city layout, traditional crafts demonstrations including block printing and bead making, and performances by folk and classical musicians. Free entry for all visitors, promoting heritage-based tourism and archaeological education.. natural daylight; show real people, actual rituals, decorations and crowds with genuine festive energy; vibrant true-to-life colour, natural handheld motion, shallow depth of field. No on-screen text, subtitles, captions, logos or watermarks; no distorted or extra faces/limbs; documentary realism, not cartoonish or AI-looking.","on-screen text, subtitles, captions, watermarks, logos, brand names, distorted faces, extra limbs, cartoonish, CGI sheen, oversaturated, low quality",https://pub-d8970c901de34c218926ebf4be1ed09a.r2.dev/destinations/dholavira.jpg,https://www.nakshiq.com/en/festivals/dholavira-festival
411a47ee-db61-43ff-a16a-33ac6b560137,lili-parikrama-green-circumambulation-of-mount-girnar,Lili Parikrama (Green Circumambulation of Mount Girnar),Mount Girnar,gujarat,11,November,Kartik Sud Agyaras to Kartik Sud Poonam,obscure,no,db-description,"A sacred pilgrimage circumambulating Mount Girnar during the Hindu month of Kartik. The green parikrama (pradakshina) is approximately 36 km through dense forest, starting from Bhavnath temple. Around 1 lakh pilgrims participate, walking over 4 days, honoring Girnar as a sacred peak for both Hindu and Jain faiths.","Cinematic documentary-style video, 16:9, 6–8 seconds, authentic real-footage look, of the Lili Parikrama (Green Circumambulation of Mount Girnar) festival as celebrated in Mount Girnar, Gujarat. Celebration: A sacred pilgrimage circumambulating Mount Girnar during the Hindu month of Kartik. The green parikrama (pradakshina) is approximately 36 km through dense forest, starting from Bhavnath temple. Around 1 lakh pilgrims participate, walking over 4 days, honoring Girnar as a sacred peak for both Hindu and Jain faiths.. cool early-winter light; show real people, actual rituals, decorations and crowds with genuine festive energy; vibrant true-to-life colour, natural handheld motion, shallow depth of field. No on-screen text, subtitles, captions, logos or watermarks; no distorted or extra faces/limbs; documentary realism, not cartoonish or AI-looking.","on-screen text, subtitles, captions, watermarks, logos, brand names, distorted faces, extra limbs, cartoonish, CGI sheen, oversaturated, low quality",https://pub-d8970c901de34c218926ebf4be1ed09a.r2.dev/destinations/girnar.jpg,https://www.nakshiq.com/en/festivals/lili-parikrama-green-circumambulation-of-mount-girnar
0b663838-37c4-4238-ad75-409d625f9ca8,bhavnath-maha-shivaratri-mela,Bhavnath Maha Shivaratri Mela,Mount Girnar,gujarat,,,Maha Shivaratri,shivaratri,yes,db-description,"A 5-day fair held at the Bhavnath Mahadev Temple at the foothills of Mount Girnar near Junagadh. The festival culminates on the auspicious night of Maha Shivaratri when devotees believe Lord Shiva himself visits the temple. Naga Sadhus arrive in grand processions on elephants, blowing conch shells and chanting hymns. Grand puja of Lord Shiva is conducted at midnight.","Cinematic documentary-style video, 16:9, 6–8 seconds, authentic real-footage look, of the Bhavnath Maha Shivaratri Mela as celebrated in Mount Girnar, Gujarat. Celebration: A 5-day fair held at the Bhavnath Mahadev Temple at the foothills of Mount Girnar near Junagadh. The festival culminates on the auspicious night of Maha Shivaratri when devotees believe Lord Shiva himself visits the temple. Naga Sadhus arrive in grand processions on elephants, blowing conch shells and chanting hymns. Grand puja of Lord Shiva is conducted at midnight.. Key visuals: night-long temple vigil — oil lamps and aarti flames before a Shiva shrine, bel leaves and milk offerings, chanting crowds, processions. natural daylight; show real people, actual rituals, decorations and crowds with genuine festive energy; vibrant true-to-life colour, natural handheld motion, shallow depth of field. No on-screen text, subtitles, captions, logos or watermarks; no distorted or extra faces/limbs; documentary realism, not cartoonish or AI-looking.","on-screen text, subtitles, captions, watermarks, logos, brand names, distorted faces, extra limbs, cartoonish, CGI sheen, oversaturated, low quality",https://pub-d8970c901de34c218926ebf4be1ed09a.r2.dev/destinations/girnar.jpg,https://www.nakshiq.com/en/festivals/bhavnath-maha-shivaratri-mela
fd9dc04a-1ba0-41ff-b3d4-652615e704f4,gandhi-jayanti-celebrations-at-kirti-mandir,Gandhi Jayanti Celebrations at Kirti Mandir,Porbandar,gujarat,10,October,October 2,obscure,no,db-description,"Annual celebration of Mahatma Gandhi's birth anniversary at Kirti Mandir, his ancestral home and birthplace in Porbandar. Official ceremonies include wreaths, speeches honoring Gandhi as the Father of the Nation, and cultural exhibitions of rare photographs, manuscripts, and memorabilia related to his life and work.","Cinematic documentary-style video, 16:9, 6–8 seconds, authentic real-footage look, of the Gandhi Jayanti Celebrations at Kirti Mandir as celebrated in Porbandar, Gujarat. Celebration: Annual celebration of Mahatma Gandhi's birth anniversary at Kirti Mandir, his ancestral home and birthplace in Porbandar. Official ceremonies include wreaths, speeches honoring Gandhi as the Father of the Nation, and cultural exhibitions of rare photographs, manuscripts, and memorabilia related to his life and work.. golden autumn light; show real people, actual rituals, decorations and crowds with genuine festive energy; vibrant true-to-life colour, natural handheld motion, shallow depth of field. No on-screen text, subtitles, captions, logos or watermarks; no distorted or extra faces/limbs; documentary realism, not cartoonish or AI-looking.","on-screen text, subtitles, captions, watermarks, logos, brand names, distorted faces, extra limbs, cartoonish, CGI sheen, oversaturated, low quality",https://pub-d8970c901de34c218926ebf4be1ed09a.r2.dev/destinations/porbandar.jpg,https://www.nakshiq.com/en/festivals/gandhi-jayanti-celebrations-at-kirti-mandir
603ebd3c-61d4-4ed8-bb0e-10228e9eb3c9,water-festival-rani-ki-vav,Water Festival - Rani ki Vav,Rani ki Vav (Patan),gujarat,12,December,December,obscure,no,db-description,"Annual cultural festival organized by the Government of Gujarat to celebrate the grandeur of the UNESCO World Heritage Site Rani ki Vav stepwell in Patan. Features classical and folk dance performances including Garba, Raas, and Bharatanatyam. The stepwell is beautifully illuminated at night. Includes handicraft exhibitions highlighting Patan's famous Patola sarees, heritage walks, and traditional Gujarati food stalls.","Cinematic documentary-style video, 16:9, 6–8 seconds, authentic real-footage look, of the Water Festival - Rani ki Vav as celebrated in Rani ki Vav (Patan), Gujarat. Celebration: Annual cultural festival organized by the Government of Gujarat to celebrate the grandeur of the UNESCO World Heritage Site Rani ki Vav stepwell in Patan. Features classical and folk dance performances including Garba, Raas, and Bharatanatyam. The stepwell is beautifully illuminated at night. Includes handicraft exhibitions highlighting Patan's famous Patola sarees, heritage walks, and traditional Gujarati food stalls.. cold winter light, long shadows; show real people, actual rituals, decorations and crowds with genuine festive energy; vibrant true-to-life colour, natural handheld motion, shallow depth of field. No on-screen text, subtitles, captions, logos or watermarks; no distorted or extra faces/limbs; documentary realism, not cartoonish or AI-looking.","on-screen text, subtitles, captions, watermarks, logos, brand names, distorted faces, extra limbs, cartoonish, CGI sheen, oversaturated, low quality",https://pub-d8970c901de34c218926ebf4be1ed09a.r2.dev/destinations/rani-ki-vav.jpg,https://www.nakshiq.com/en/festivals/water-festival-rani-ki-vav
46d166d5-12d0-44cc-8b6f-51e247f0a1ce,saputara-monsoon-festival,Saputara Monsoon Festival,Saputara,gujarat,7,July,July-August,obscure,no,db-description,"Annual festival organized by the Gujarat Tourism Department to celebrate tribal culture and the natural beauty of the Saputara region in the Dang District. Features tribal food festival, tattoo workshop, art & craft stalls, tribal costume photoshoot, folk fusion concerts, Warli painting workshop, and performances by over 350 folk artists. First week themed 'Tribal Heritage Week' showcasing tribal arts, crafts, traditional cuisines, and exhibitions of tribal skills.","Cinematic documentary-style video, 16:9, 6–8 seconds, authentic real-footage look, of the Saputara Monsoon Festival as celebrated in Saputara, Gujarat. Celebration: Annual festival organized by the Gujarat Tourism Department to celebrate tribal culture and the natural beauty of the Saputara region in the Dang District. Features tribal food festival, tattoo workshop, art & craft stalls, tribal costume photoshoot, folk fusion concerts, Warli painting workshop, and performances by over 350 folk artists. First week themed 'Tribal Heritage Week' showcasing tribal arts, crafts, traditional cuisines, and exhibitions of tribal skills.. monsoon light, wet sheen; show real people, actual rituals, decorations and crowds with genuine festive energy; vibrant true-to-life colour, natural handheld motion, shallow depth of field. No on-screen text, subtitles, captions, logos or watermarks; no distorted or extra faces/limbs; documentary realism, not cartoonish or AI-looking.","on-screen text, subtitles, captions, watermarks, logos, brand names, distorted faces, extra limbs, cartoonish, CGI sheen, oversaturated, low quality",https://pub-d8970c901de34c218926ebf4be1ed09a.r2.dev/destinations/saputara.jpg,https://www.nakshiq.com/en/festivals/saputara-monsoon-festival
2ab2133f-23c8-4e61-95be-4f624a8e69de,dang-darbar-festival,Dang Darbar Festival,Saputara,gujarat,2,February,February-March (historically before Holi; 2026 dates: Feb 26 - Mar 3),obscure,no,db-description,"One of Gujarat's most significant tribal festivals held in Ahwa, Dang District, in the Saputara Hills. Gatherings of diverse tribal communities including Bhils, Kunbis, Warlis, and Gamits in traditional attire. Spectacular tribal dances performed in concentric circles with traditional percussion and wind instruments (Kahalia, Tadpur). The festival's name was changed to 'Jamabandi Durbar' with the District Collector officiating.","Cinematic documentary-style video, 16:9, 6–8 seconds, authentic real-footage look, of the Dang Darbar Festival as celebrated in Saputara, Gujarat. Celebration: One of Gujarat's most significant tribal festivals held in Ahwa, Dang District, in the Saputara Hills. Gatherings of diverse tribal communities including Bhils, Kunbis, Warlis, and Gamits in traditional attire. Spectacular tribal dances performed in concentric circles with traditional percussion and wind instruments (Kahalia, Tadpur). The festival's name was changed to 'Jamabandi Durbar' with the District Collector officiating.. clear late-winter light; show real people, actual rituals, decorations and crowds with genuine festive energy; vibrant true-to-life colour, natural handheld motion, shallow depth of field. No on-screen text, subtitles, captions, logos or watermarks; no distorted or extra faces/limbs; documentary realism, not cartoonish or AI-looking.","on-screen text, subtitles, captions, watermarks, logos, brand names, distorted faces, extra limbs, cartoonish, CGI sheen, oversaturated, low quality",https://pub-d8970c901de34c218926ebf4be1ed09a.r2.dev/destinations/saputara.jpg,https://www.nakshiq.com/en/festivals/dang-darbar-festival
504d43e2-bc9e-400d-ab8e-5ac9bc887494,losar-tibetan-new-year-mcleodganj,Losar (Tibetan New Year),McLeod Ganj,himachal pradesh,2,February,February 18-20,monastery-cham,yes,db-description,"Three-day Tibetan New Year celebration marking the Fire Horse Year (2026). Families prepare khapse (traditional Tibetan sweets), monasteries conduct prayers, and thousands gather at Tsuglagkhang temple. Dalai Lama participates in celebrations.","Cinematic documentary-style video, 16:9, 6–8 seconds, authentic real-footage look, of the Losar (Tibetan New Year) festival as celebrated in McLeod Ganj, Himachal Pradesh. Celebration: Three-day Tibetan New Year celebration marking the Fire Horse Year (2026). Families prepare khapse (traditional Tibetan sweets), monasteries conduct prayers, and thousands gather at Tsuglagkhang temple. Dalai Lama participates in celebrations.. Key visuals: masked Buddhist monks in brocade robes performing the whirling Cham dance in a monastery courtyard, long dungchen horns, drums, prayer flags, seated crowds. clear late-winter light; show real people, actual rituals, decorations and crowds with genuine festive energy; vibrant true-to-life colour, natural handheld motion, shallow depth of field. No on-screen text, subtitles, captions, logos or watermarks; no distorted or extra faces/limbs; documentary realism, not cartoonish or AI-looking.","on-screen text, subtitles, captions, watermarks, logos, brand names, distorted faces, extra limbs, cartoonish, CGI sheen, oversaturated, low quality",https://pub-d8970c901de34c218926ebf4be1ed09a.r2.dev/destinations/mcleodganj.jpg,https://www.nakshiq.com/en/festivals/losar-tibetan-new-year-mcleodganj
54ee20c1-47d9-4739-9f87-518121750a2a,dalai-lamas-birthday,Dalai Lama's Birthday,McLeod Ganj,himachal pradesh,7,July,July 6,obscure,no,db-description,"Celebration of His Holiness the Dalai Lama's birthday, featuring prayers and cultural events at Tsuglagkhang temple and surrounding areas. Monastics from all traditions, dignitaries, and Buddhist practitioners gather for ceremonies.","Cinematic documentary-style video, 16:9, 6–8 seconds, authentic real-footage look, of the Dalai Lama's Birthday festival as celebrated in McLeod Ganj, Himachal Pradesh. Celebration: Celebration of His Holiness the Dalai Lama's birthday, featuring prayers and cultural events at Tsuglagkhang temple and surrounding areas. Monastics from all traditions, dignitaries, and Buddhist practitioners gather for ceremonies.. monsoon light, wet sheen; show real people, actual rituals, decorations and crowds with genuine festive energy; vibrant true-to-life colour, natural handheld motion, shallow depth of field. No on-screen text, subtitles, captions, logos or watermarks; no distorted or extra faces/limbs; documentary realism, not cartoonish or AI-looking.","on-screen text, subtitles, captions, watermarks, logos, brand names, distorted faces, extra limbs, cartoonish, CGI sheen, oversaturated, low quality",https://pub-d8970c901de34c218926ebf4be1ed09a.r2.dev/destinations/mcleodganj.jpg,https://www.nakshiq.com/en/festivals/dalai-lamas-birthday
b680c355-8c65-4437-a67c-2a0e56a996b5,manimahesh-yatra,Manimahesh Yatra,Manimahesh Kailash,himachal pradesh,8,August,"August 16 - September 19 (Janmashtami to Radha Ashtami, lunar calendar)",obscure,no,db-description,"Sacred pilgrimage to Manimahesh Lake (4,080m) at the foot of Mount Kailash in Bharmour region, coinciding with Krishna Janmashtami. Thousands of devotees trek to the holy lake. Bharmour hosts a fair with local customs and rituals.","Cinematic documentary-style video, 16:9, 6–8 seconds, authentic real-footage look, of the Manimahesh Yatra as celebrated in Manimahesh Kailash, Himachal Pradesh. Celebration: Sacred pilgrimage to Manimahesh Lake (4,080m) at the foot of Mount Kailash in Bharmour region, coinciding with Krishna Janmashtami. Thousands of devotees trek to the holy lake. Bharmour hosts a fair with local customs and rituals.. monsoon light, lush greens; show real people, actual rituals, decorations and crowds with genuine festive energy; vibrant true-to-life colour, natural handheld motion, shallow depth of field. No on-screen text, subtitles, captions, logos or watermarks; no distorted or extra faces/limbs; documentary realism, not cartoonish or AI-looking.","on-screen text, subtitles, captions, watermarks, logos, brand names, distorted faces, extra limbs, cartoonish, CGI sheen, oversaturated, low quality",https://pub-d8970c901de34c218926ebf4be1ed09a.r2.dev/destinations/manimahesh-kailash.jpg,https://www.nakshiq.com/en/festivals/manimahesh-yatra
b25ffd2c-f9b2-455c-b60c-eb9c8059621b,shrikhand-mahadev-yatra,Shrikhand Mahadev Yatra,Shrikhand Mahadev,himachal pradesh,7,July,July 11 - August (15-20 day window),obscure,no,db-description,"Sacred pilgrimage to Shrikhand Mahadev peak (18,570m) featuring a naturally formed 75-foot Shivling. One of the most challenging treks in India, organized by Kullu District Administration during the Shravan month (auspicious for Shiva worship). Base camps with facilities at five locations.","Cinematic documentary-style video, 16:9, 6–8 seconds, authentic real-footage look, of the Shrikhand Mahadev Yatra as celebrated in Shrikhand Mahadev, Himachal Pradesh. Celebration: Sacred pilgrimage to Shrikhand Mahadev peak (18,570m) featuring a naturally formed 75-foot Shivling. One of the most challenging treks in India, organized by Kullu District Administration during the Shravan month (auspicious for Shiva worship). Base camps with facilities at five locations.. monsoon light, wet sheen; show real people, actual rituals, decorations and crowds with genuine festive energy; vibrant true-to-life colour, natural handheld motion, shallow depth of field. No on-screen text, subtitles, captions, logos or watermarks; no distorted or extra faces/limbs; documentary realism, not cartoonish or AI-looking.","on-screen text, subtitles, captions, watermarks, logos, brand names, distorted faces, extra limbs, cartoonish, CGI sheen, oversaturated, low quality",https://pub-d8970c901de34c218926ebf4be1ed09a.r2.dev/destinations/shrikhand-mahadev.jpg,https://www.nakshiq.com/en/festivals/shrikhand-mahadev-yatra
ea32a67c-5959-4f6f-b79b-fca22e340f84,kinner-kailash-parikrama,Kinner Kailash Parikrama,Kinner Kailash,himachal pradesh,7,July,July 15 - August 30 (45-day circuit),obscure,no,db-description,"60 km sacred pilgrimage circuit around Kinner Kailash peak in Kinnaur, with a naturally formed 79-foot Shivling at 4,400m. Trek starts from Charang village and ends at Chitkul in Baspa Valley. Believed to grant spiritual liberation through karmic purification.","Cinematic documentary-style video, 16:9, 6–8 seconds, authentic real-footage look, of the Kinner Kailash Parikrama festival as celebrated in Kinner Kailash, Himachal Pradesh. Celebration: 60 km sacred pilgrimage circuit around Kinner Kailash peak in Kinnaur, with a naturally formed 79-foot Shivling at 4,400m. Trek starts from Charang village and ends at Chitkul in Baspa Valley. Believed to grant spiritual liberation through karmic purification.. monsoon light, wet sheen; show real people, actual rituals, decorations and crowds with genuine festive energy; vibrant true-to-life colour, natural handheld motion, shallow depth of field. No on-screen text, subtitles, captions, logos or watermarks; no distorted or extra faces/limbs; documentary realism, not cartoonish or AI-looking.","on-screen text, subtitles, captions, watermarks, logos, brand names, distorted faces, extra limbs, cartoonish, CGI sheen, oversaturated, low quality",https://pub-d8970c901de34c218926ebf4be1ed09a.r2.dev/destinations/kinner-kailash.jpg,https://www.nakshiq.com/en/festivals/kinner-kailash-parikrama
9310f85c-9f0a-48f7-b563-8ae829b71cde,phulaich-festival-of-flowers,Phulaich (Festival of Flowers),Sangla Valley,himachal pradesh,9,September,September 15-25 (16th Bhadrapada in lunar calendar),obscure,no,db-description,"Festival celebrating wildflower blooms in upper Kinnaur, featuring processions of local deities, traditional folk dances, and reenactments of ancient war scenes in traditional attire. Three-day 'Ukhyang' celebration at Sangla Valley organized by Kinnaur administration.","Cinematic documentary-style video, 16:9, 6–8 seconds, authentic real-footage look, of the Phulaich (Festival of Flowers) as celebrated in Sangla Valley, Himachal Pradesh. Celebration: Festival celebrating wildflower blooms in upper Kinnaur, featuring processions of local deities, traditional folk dances, and reenactments of ancient war scenes in traditional attire. Three-day 'Ukhyang' celebration at Sangla Valley organized by Kinnaur administration.. clear post-monsoon light; show real people, actual rituals, decorations and crowds with genuine festive energy; vibrant true-to-life colour, natural handheld motion, shallow depth of field. No on-screen text, subtitles, captions, logos or watermarks; no distorted or extra faces/limbs; documentary realism, not cartoonish or AI-looking.","on-screen text, subtitles, captions, watermarks, logos, brand names, distorted faces, extra limbs, cartoonish, CGI sheen, oversaturated, low quality",https://pub-d8970c901de34c218926ebf4be1ed09a.r2.dev/destinations/sangla.jpg,https://www.nakshiq.com/en/festivals/phulaich-festival-of-flowers
18cf93ea-6fea-4dde-a03d-343946addeaf,prashar-mela-parashar-fair,Prashar Mela (Parashar Fair),Prashar Lake,himachal pradesh,6,June,June 13-15,obscure,no,db-description,"Annual fair at the 13th-century Parashar Rishi Temple on the shores of Prashar Lake (2,730m) in Mandi district. Devta processions where idols of regional deities are carried in traditional sedans by foot. Includes folk music and local cuisine.","Cinematic documentary-style video, 16:9, 6–8 seconds, authentic real-footage look, of the Prashar Mela (Parashar Fair) as celebrated in Prashar Lake, Himachal Pradesh. Celebration: Annual fair at the 13th-century Parashar Rishi Temple on the shores of Prashar Lake (2,730m) in Mandi district. Devta processions where idols of regional deities are carried in traditional sedans by foot. Includes folk music and local cuisine.. early-monsoon overcast, fresh greens; show real people, actual rituals, decorations and crowds with genuine festive energy; vibrant true-to-life colour, natural handheld motion, shallow depth of field. No on-screen text, subtitles, captions, logos or watermarks; no distorted or extra faces/limbs; documentary realism, not cartoonish or AI-looking.","on-screen text, subtitles, captions, watermarks, logos, brand names, distorted faces, extra limbs, cartoonish, CGI sheen, oversaturated, low quality",https://pub-d8970c901de34c218926ebf4be1ed09a.r2.dev/destinations/prashar-lake.jpg,https://www.nakshiq.com/en/festivals/prashar-mela-parashar-fair
53a6b524-7f6c-47ad-b99f-61de7bc3dc97,losar-tibetan-new-year-halda,Losar (Tibetan New Year / Halda),Lahaul Valley,himachal pradesh,2,February,February (lunar calendar),monastery-cham,yes,db-description,"Buddhist new year celebration in Lahaul known locally as 'Halda', marking the end of harvest season. Monasteries perform ritual 'Cham dances' (masked devil dances) in colorful costumes depicting triumph of good over evil. Includes traditional Tibetan Buddhist ceremonies.","Cinematic documentary-style video, 16:9, 6–8 seconds, authentic real-footage look, of the Losar (Tibetan New Year / Halda) festival as celebrated in Lahaul Valley, Himachal Pradesh. Celebration: Buddhist new year celebration in Lahaul known locally as 'Halda', marking the end of harvest season. Monasteries perform ritual 'Cham dances' (masked devil dances) in colorful costumes depicting triumph of good over evil. Includes traditional Tibetan Buddhist ceremonies.. Key visuals: masked Buddhist monks in brocade robes performing the whirling Cham dance in a monastery courtyard, long dungchen horns, drums, prayer flags, seated crowds. clear late-winter light; show real people, actual rituals, decorations and crowds with genuine festive energy; vibrant true-to-life colour, natural handheld motion, shallow depth of field. No on-screen text, subtitles, captions, logos or watermarks; no distorted or extra faces/limbs; documentary realism, not cartoonish or AI-looking.","on-screen text, subtitles, captions, watermarks, logos, brand names, distorted faces, extra limbs, cartoonish, CGI sheen, oversaturated, low quality",https://pub-d8970c901de34c218926ebf4be1ed09a.r2.dev/destinations/lahaul-valley.jpg,https://www.nakshiq.com/en/festivals/losar-tibetan-new-year-halda
9d084fe9-fef1-48a2-be46-d0ca9b2db42a,fagli-festival-kinnaur,Fagli Festival,Kinnaur,himachal pradesh,3,March,"March (Amavasya/moonless night, aligned with Basant Panchami)",obscure,no,db-description,Traditional tribal festival in Yangpa village and Tirthan Valley marking the end of winter and victory of good over evil. Men in traditional masks dance in circles while locals gather. Arrow shooting at Ravana portraits occurs in some villages during Basant Panchami.,"Cinematic documentary-style video, 16:9, 6–8 seconds, authentic real-footage look, of the Fagli Festival as celebrated in Kinnaur, Himachal Pradesh. Celebration: Traditional tribal festival in Yangpa village and Tirthan Valley marking the end of winter and victory of good over evil. Men in traditional masks dance in circles while locals gather. Arrow shooting at Ravana portraits occurs in some villages during Basant Panchami.. warm spring light; show real people, actual rituals, decorations and crowds with genuine festive energy; vibrant true-to-life colour, natural handheld motion, shallow depth of field. No on-screen text, subtitles, captions, logos or watermarks; no distorted or extra faces/limbs; documentary realism, not cartoonish or AI-looking.","on-screen text, subtitles, captions, watermarks, logos, brand names, distorted faces, extra limbs, cartoonish, CGI sheen, oversaturated, low quality",https://pub-d8970c901de34c218926ebf4be1ed09a.r2.dev/destinations/kinnaur.jpg,https://www.nakshiq.com/en/festivals/fagli-festival-kinnaur
7bc855ef-7126-4539-af62-70256c0fa46c,lolab-winter-festival,Lolab Winter Festival,Lolab Valley,jammu kashmir,2,February,February (winter season),obscure,no,db-description,"A two-day celebration of Kashmiri culture held at Kariwan in Devar Lolab. Features traditional folk music, snow volleyball, skiing, dance performances, local handicraft displays, and culinary delights. Attracts thousands of visitors for music performances, heritage walks, and nature experiences.","Cinematic documentary-style video, 16:9, 6–8 seconds, authentic real-footage look, of the Lolab Winter Festival as celebrated in Lolab Valley, Jammu Kashmir. Celebration: A two-day celebration of Kashmiri culture held at Kariwan in Devar Lolab. Features traditional folk music, snow volleyball, skiing, dance performances, local handicraft displays, and culinary delights. Attracts thousands of visitors for music performances, heritage walks, and nature experiences.. clear late-winter light; show real people, actual rituals, decorations and crowds with genuine festive energy; vibrant true-to-life colour, natural handheld motion, shallow depth of field. No on-screen text, subtitles, captions, logos or watermarks; no distorted or extra faces/limbs; documentary realism, not cartoonish or AI-looking.","on-screen text, subtitles, captions, watermarks, logos, brand names, distorted faces, extra limbs, cartoonish, CGI sheen, oversaturated, low quality",https://pub-d8970c901de34c218926ebf4be1ed09a.r2.dev/destinations/lolab-valley.jpg,https://www.nakshiq.com/en/festivals/lolab-winter-festival
9a8d1427-6e47-4268-83bf-e7d363575ad0,likir-dosmochey-stromochey-festival,Likir Dosmochey (Stromochey) Festival,Likir,ladakh,2,February,27th-29th day of 12th Tibetan month (mid-February),monastery-cham,yes,db-description,One of the most important monastic festivals in Ladakh held at Likir Monastery. Features vibrant masked dances (Cham) performed by monks in elaborate costumes depicting the triumph of good over evil. Sacred rituals and votive offerings (Dosmochey) are performed to ward off evil spirits.,"Cinematic documentary-style video, 16:9, 6–8 seconds, authentic real-footage look, of the Likir Dosmochey (Stromochey) Festival as celebrated in Likir, Ladakh. Celebration: One of the most important monastic festivals in Ladakh held at Likir Monastery. Features vibrant masked dances (Cham) performed by monks in elaborate costumes depicting the triumph of good over evil. Sacred rituals and votive offerings (Dosmochey) are performed to ward off evil spirits.. Key visuals: masked Buddhist monks in brocade robes performing the whirling Cham dance in a monastery courtyard, long dungchen horns, drums, prayer flags, seated crowds. clear late-winter light; show real people, actual rituals, decorations and crowds with genuine festive energy; vibrant true-to-life colour, natural handheld motion, shallow depth of field. No on-screen text, subtitles, captions, logos or watermarks; no distorted or extra faces/limbs; documentary realism, not cartoonish or AI-looking.","on-screen text, subtitles, captions, watermarks, logos, brand names, distorted faces, extra limbs, cartoonish, CGI sheen, oversaturated, low quality",https://pub-d8970c901de34c218926ebf4be1ed09a.r2.dev/destinations/likir.jpg,https://www.nakshiq.com/en/festivals/likir-dosmochey-stromochey-festival
e3fd0805-8ffa-4788-aa51-e7d3289b7439,nowruz-balti-new-year,Nowruz (Balti New Year),Turtuk,ladakh,3,March,March (Spring equinox),obscure,no,db-description,"Balti New Year celebration marked by special dishes, egg painting, egg fights, singing, dancing around fires, and traditional music. Believed that the winner of the egg fight will have good luck during the year.","Cinematic documentary-style video, 16:9, 6–8 seconds, authentic real-footage look, of the Nowruz (Balti New Year) festival as celebrated in Turtuk, Ladakh. Celebration: Balti New Year celebration marked by special dishes, egg painting, egg fights, singing, dancing around fires, and traditional music. Believed that the winner of the egg fight will have good luck during the year.. warm spring light; show real people, actual rituals, decorations and crowds with genuine festive energy; vibrant true-to-life colour, natural handheld motion, shallow depth of field. No on-screen text, subtitles, captions, logos or watermarks; no distorted or extra faces/limbs; documentary realism, not cartoonish or AI-looking.","on-screen text, subtitles, captions, watermarks, logos, brand names, distorted faces, extra limbs, cartoonish, CGI sheen, oversaturated, low quality",https://pub-d8970c901de34c218926ebf4be1ed09a.r2.dev/destinations/turtuk.jpg,https://www.nakshiq.com/en/festivals/nowruz-balti-new-year
321d58ac-e1d6-4c44-88f0-caa1a3d3aaed,champa-shashti-shasti,Champa Shashti (Shasti),Kukke Subramanya,karnataka,12,December,December (Shasti tithi in Margashirsha month),obscure,no,db-description,"Major festival at Kukke Subramanya temple dedicated to Lord Subramanya (serpent deity). Champa Shashti celebrates the temple's primary festival observance, honoring both the deity and the serpent mythology central to this sacred site.","Cinematic documentary-style video, 16:9, 6–8 seconds, authentic real-footage look, of the Champa Shashti (Shasti) festival as celebrated in Kukke Subramanya, Karnataka. Celebration: Major festival at Kukke Subramanya temple dedicated to Lord Subramanya (serpent deity). Champa Shashti celebrates the temple's primary festival observance, honoring both the deity and the serpent mythology central to this sacred site.. cold winter light, long shadows; show real people, actual rituals, decorations and crowds with genuine festive energy; vibrant true-to-life colour, natural handheld motion, shallow depth of field. No on-screen text, subtitles, captions, logos or watermarks; no distorted or extra faces/limbs; documentary realism, not cartoonish or AI-looking.","on-screen text, subtitles, captions, watermarks, logos, brand names, distorted faces, extra limbs, cartoonish, CGI sheen, oversaturated, low quality",https://pub-d8970c901de34c218926ebf4be1ed09a.r2.dev/destinations/kukke-subramanya.jpg,https://www.nakshiq.com/en/festivals/champa-shashti-shasti
37247876-dbc6-4119-89d2-ee1ceedebc4c,ashlesha-bali-puja,Ashlesha Bali Puja,Kukke Subramanya,karnataka,,,Celebrated on specific lunar dates (Ashlesha Nakshatra),obscure,no,db-description,"One of the two most popular puja rituals conducted at Kukke Subramanya temple, specifically seeking protection from snakes and removal of snake-related curses through devotional ritual.","Cinematic documentary-style video, 16:9, 6–8 seconds, authentic real-footage look, of the Ashlesha Bali Puja as celebrated in Kukke Subramanya, Karnataka. Celebration: One of the two most popular puja rituals conducted at Kukke Subramanya temple, specifically seeking protection from snakes and removal of snake-related curses through devotional ritual.. natural daylight; show real people, actual rituals, decorations and crowds with genuine festive energy; vibrant true-to-life colour, natural handheld motion, shallow depth of field. No on-screen text, subtitles, captions, logos or watermarks; no distorted or extra faces/limbs; documentary realism, not cartoonish or AI-looking.","on-screen text, subtitles, captions, watermarks, logos, brand names, distorted faces, extra limbs, cartoonish, CGI sheen, oversaturated, low quality",https://pub-d8970c901de34c218926ebf4be1ed09a.r2.dev/destinations/kukke-subramanya.jpg,https://www.nakshiq.com/en/festivals/ashlesha-bali-puja
fdc72162-c5f7-4503-9d4b-b909e4651750,khwaja-bande-nawaz-urs,Khwaja Bande Nawaz Urs,Gulbarga (Kalaburagi),karnataka,,,"15-17 Dhu al-Qadah (Islamic lunar calendar, varies: typically August-September)",islamic,no,db-description,Death anniversary celebration (urs) of the revered Sufi saint Khwaja Bande Nawaz (1321-1422) at his mausoleum in Gulbarga (Kalaburagi). Thousands of devotees and pilgrims from various faiths gather over three days to seek spiritual blessings and participate in devotional observances.,"Cinematic documentary-style video, 16:9, 6–8 seconds, authentic real-footage look, of the Khwaja Bande Nawaz Urs festival as celebrated in Gulbarga (Kalaburagi), Karnataka. Celebration: Death anniversary celebration (urs) of the revered Sufi saint Khwaja Bande Nawaz (1321-1422) at his mausoleum in Gulbarga (Kalaburagi). Thousands of devotees and pilgrims from various faiths gather over three days to seek spiritual blessings and participate in devotional observances.. Key visuals: crowds gathered for prayer and feasting at a mosque or dargah courtyard, qawwali, festive markets and lights (no close-ups of worship). natural daylight; show real people, actual rituals, decorations and crowds with genuine festive energy; vibrant true-to-life colour, natural handheld motion, shallow depth of field. No on-screen text, subtitles, captions, logos or watermarks; no distorted or extra faces/limbs; documentary realism, not cartoonish or AI-looking.","on-screen text, subtitles, captions, watermarks, logos, brand names, distorted faces, extra limbs, cartoonish, CGI sheen, oversaturated, low quality",https://pub-d8970c901de34c218926ebf4be1ed09a.r2.dev/destinations/gulbarga.jpg,https://www.nakshiq.com/en/festivals/khwaja-bande-nawaz-urs
08f0aad9-6fa2-4209-bc1a-9905120dff82,karavali-utsav,Karavali Utsav,Karwar,karnataka,12,December,December 22-28,obscure,no,db-description,"Annual multi-day coastal cultural festival held at Rabindranath Tagore Beach in Karwar, celebrating the rich dance, music, culture, and natural heritage of the Karavali (coastal) region. Features performances by renowned artists, morning cultural programs, kite festivals, and various coastal celebrations.","Cinematic documentary-style video, 16:9, 6–8 seconds, authentic real-footage look, of the Karavali Utsav as celebrated in Karwar, Karnataka. Celebration: Annual multi-day coastal cultural festival held at Rabindranath Tagore Beach in Karwar, celebrating the rich dance, music, culture, and natural heritage of the Karavali (coastal) region. Features performances by renowned artists, morning cultural programs, kite festivals, and various coastal celebrations.. cold winter light, long shadows; show real people, actual rituals, decorations and crowds with genuine festive energy; vibrant true-to-life colour, natural handheld motion, shallow depth of field. No on-screen text, subtitles, captions, logos or watermarks; no distorted or extra faces/limbs; documentary realism, not cartoonish or AI-looking.","on-screen text, subtitles, captions, watermarks, logos, brand names, distorted faces, extra limbs, cartoonish, CGI sheen, oversaturated, low quality",https://pub-d8970c901de34c218926ebf4be1ed09a.r2.dev/destinations/karwar.jpg,https://www.nakshiq.com/en/festivals/karavali-utsav
ad988178-71f9-4105-acbe-729ba7295c24,mandala-makaravilakku-pilgrimage-season,Mandala-Makaravilakku Pilgrimage Season,Sabarimala,kerala,11,November,November–January; Makaravilakku (Makarajyothi lighting) ~January 14,obscure,no,db-description,"The major 41-day pilgrimage season at Sabarimala Ayyappa Temple begins in early November (Vrishchikam Malayalam month) and culminates in mid-January (Makarasankranthi). The Mandala Pooja marks the midpoint, while Makaravilakku (lighting of the sacred lamp at nearby Ponnambalamedu) signals the season's end. Hundreds of thousands of devotees undertake this sacred pilgrimage.","Cinematic documentary-style video, 16:9, 6–8 seconds, authentic real-footage look, of the Mandala-Makaravilakku Pilgrimage Season festival as celebrated in Sabarimala, Kerala. Celebration: The major 41-day pilgrimage season at Sabarimala Ayyappa Temple begins in early November (Vrishchikam Malayalam month) and culminates in mid-January (Makarasankranthi). The Mandala Pooja marks the midpoint, while Makaravilakku (lighting of the sacred lamp at nearby Ponnambalamedu) signals the season's end. Hundreds of thousands of devotees undertake this sacred pilgrimage.. cool early-winter light; show real people, actual rituals, decorations and crowds with genuine festive energy; vibrant true-to-life colour, natural handheld motion, shallow depth of field. No on-screen text, subtitles, captions, logos or watermarks; no distorted or extra faces/limbs; documentary realism, not cartoonish or AI-looking.","on-screen text, subtitles, captions, watermarks, logos, brand names, distorted faces, extra limbs, cartoonish, CGI sheen, oversaturated, low quality",https://pub-d8970c901de34c218926ebf4be1ed09a.r2.dev/destinations/sabarimala.jpg,https://www.nakshiq.com/en/festivals/mandala-makaravilakku-pilgrimage-season
bd21f3d3-898f-4fc3-b962-160f44dd38ee,cherai-pooram-gowreeswara-temple-festival,Cherai Pooram (Gowreeswara Temple Festival),Cherai Beach,kerala,1,January,Late January to early February; Pooram Nakshatra day (Makaram month),thrissur-pooram,no,db-description,"Annual festival at the 1912-built Gowreeswara Temple (also called South Pazhani) featuring Kavadi Utsavam honoring Lord Subramanian and the spectacular Pooram procession. The festival showcases 20–30 caparisoned elephants with gold-plated caparisons, decorated with bells and necklaces. Traditional offering: Ilaneer abhishekam (tender coconut ablution). Concludes with Arattu (ritual bathing of the deity).","Cinematic documentary-style video, 16:9, 6–8 seconds, authentic real-footage look, of the Cherai Pooram (Gowreeswara Temple Festival) as celebrated in Cherai Beach, Kerala. Celebration: Annual festival at the 1912-built Gowreeswara Temple (also called South Pazhani) featuring Kavadi Utsavam honoring Lord Subramanian and the spectacular Pooram procession. The festival showcases 20–30 caparisoned elephants with gold-plated caparisons, decorated with bells and necklaces. Traditional offering: Ilaneer abhishekam (tender coconut ablution). Concludes with Arattu (ritual bathing of the deity).. Key visuals: a grand line of caparisoned elephants with golden caparisons and ceremonial parasols, panchavadyam percussion, huge temple crowd. crisp winter daylight; show real people, actual rituals, decorations and crowds with genuine festive energy; vibrant true-to-life colour, natural handheld motion, shallow depth of field. No on-screen text, subtitles, captions, logos or watermarks; no distorted or extra faces/limbs; documentary realism, not cartoonish or AI-looking.","on-screen text, subtitles, captions, watermarks, logos, brand names, distorted faces, extra limbs, cartoonish, CGI sheen, oversaturated, low quality",https://pub-d8970c901de34c218926ebf4be1ed09a.r2.dev/destinations/cherai.jpg,https://www.nakshiq.com/en/festivals/cherai-pooram-gowreeswara-temple-festival
a94281ac-3ecb-40bd-853f-ded96e6ca8ec,marari-mahadeva-arattu-temple-festival,Marari Mahadeva Arattu (Temple Festival),Marari Beach,kerala,2,February,Kumbham month (February–March); Arattu on new moon day (10-day festival period ending),obscure,no,db-description,"Annual 10-day festival at the 700-year-old Mararikulam Sree Mahadeva Temple (one of India's oldest, uniquely depicting Mahadevan and Parvathi face-to-face). Festival commences with flag hoisting 10 days before Arattu. Features traditional Kerala performing arts (Kathakali, Chakyar Koothu, Nangyar Kooth), melam music, fireworks, and caparisoned elephants. Concludes with Arattu—ritual bathing of the deity in the sea.","Cinematic documentary-style video, 16:9, 6–8 seconds, authentic real-footage look, of the Marari Mahadeva Arattu (Temple Festival) as celebrated in Marari Beach, Kerala. Celebration: Annual 10-day festival at the 700-year-old Mararikulam Sree Mahadeva Temple (one of India's oldest, uniquely depicting Mahadevan and Parvathi face-to-face). Festival commences with flag hoisting 10 days before Arattu. Features traditional Kerala performing arts (Kathakali, Chakyar Koothu, Nangyar Kooth), melam music, fireworks, and caparisoned elephants. Concludes with Arattu—ritual bathing of the deity in the sea.. clear late-winter light; show real people, actual rituals, decorations and crowds with genuine festive energy; vibrant true-to-life colour, natural handheld motion, shallow depth of field. No on-screen text, subtitles, captions, logos or watermarks; no distorted or extra faces/limbs; documentary realism, not cartoonish or AI-looking.","on-screen text, subtitles, captions, watermarks, logos, brand names, distorted faces, extra limbs, cartoonish, CGI sheen, oversaturated, low quality",https://pub-d8970c901de34c218926ebf4be1ed09a.r2.dev/destinations/marari.jpg,https://www.nakshiq.com/en/festivals/marari-mahadeva-arattu-temple-festival
2cf3d0e4-3336-4c31-9ef7-05e452038ecb,thangal-para-uroos-sufi-pilgrimage-festival,Thangal Para Uroos (Sufi Pilgrimage Festival),Vagamon,kerala,4,April,Late April,obscure,no,db-description,"Annual Urs (pilgrimage) festival at Thangal Para, a Muslim pilgrimage centre 5 km from Vagamon at 2,500m elevation. Honors Sheikh Fariduddin, a revered 13th-century Sufi saint from Afghanistan. Thousands of devotees gather on this sacred day to offer prayers. Traditional sweet dish Ganjusakkar is made and distributed to all attendees.","Cinematic documentary-style video, 16:9, 6–8 seconds, authentic real-footage look, of the Thangal Para Uroos (Sufi Pilgrimage Festival) as celebrated in Vagamon, Kerala. Celebration: Annual Urs (pilgrimage) festival at Thangal Para, a Muslim pilgrimage centre 5 km from Vagamon at 2,500m elevation. Honors Sheikh Fariduddin, a revered 13th-century Sufi saint from Afghanistan. Thousands of devotees gather on this sacred day to offer prayers. Traditional sweet dish Ganjusakkar is made and distributed to all attendees.. warm pre-summer light; show real people, actual rituals, decorations and crowds with genuine festive energy; vibrant true-to-life colour, natural handheld motion, shallow depth of field. No on-screen text, subtitles, captions, logos or watermarks; no distorted or extra faces/limbs; documentary realism, not cartoonish or AI-looking.","on-screen text, subtitles, captions, watermarks, logos, brand names, distorted faces, extra limbs, cartoonish, CGI sheen, oversaturated, low quality",https://pub-d8970c901de34c218926ebf4be1ed09a.r2.dev/destinations/vagamon.jpg,https://www.nakshiq.com/en/festivals/thangal-para-uroos-sufi-pilgrimage-festival
ed7f1710-5fa6-4289-ba14-ce2e334f7271,kartik-purnima-bhimashankar,Kartik Purnima,Bhimashankar,maharashtra,11,November,November (full moon day in Kartik month),obscure,no,db-description,"A significant Shiva festival celebrated at the Bhimashankar Jyotirlinga temple, commemorating the slaying of the demon Tripurasura by Lord Shiva. Celebrated on the full moon of the Kartik month with special rituals, prayers, and illuminations.","Cinematic documentary-style video, 16:9, 6–8 seconds, authentic real-footage look, of the Kartik Purnima as celebrated in Bhimashankar, Maharashtra. Celebration: A significant Shiva festival celebrated at the Bhimashankar Jyotirlinga temple, commemorating the slaying of the demon Tripurasura by Lord Shiva. Celebrated on the full moon of the Kartik month with special rituals, prayers, and illuminations.. cool early-winter light; show real people, actual rituals, decorations and crowds with genuine festive energy; vibrant true-to-life colour, natural handheld motion, shallow depth of field. No on-screen text, subtitles, captions, logos or watermarks; no distorted or extra faces/limbs; documentary realism, not cartoonish or AI-looking.","on-screen text, subtitles, captions, watermarks, logos, brand names, distorted faces, extra limbs, cartoonish, CGI sheen, oversaturated, low quality",https://pub-d8970c901de34c218926ebf4be1ed09a.r2.dev/destinations/bhimashankar.jpg,https://www.nakshiq.com/en/festivals/kartik-purnima-bhimashankar
b4083d20-d392-421d-8868-2091e7c759fa,ganesh-chaturthi-astavinayak-circuit,Ganesh Chaturthi,Astavinayak Circuit,maharashtra,9,September,August–September (Shukla Chaturthi; 10-day festival ending on Anant Chaturdashi),ganesh,yes,db-description,"The Astavinayak Circuit's signature festival, celebrating the birth of Lord Ganesha across eight sacred temples (Ojhar, Morgaon, Theur, Ranjangaon, Siddhatek, Lenyadri, Mahad, Pali). This ancient 8-temple pilgrimage is most crowded during this 10-day festival when devotees visit all temples for darshan and special pujas.","Cinematic documentary-style video, 16:9, 6–8 seconds, authentic real-footage look, of the Ganesh Chaturthi festival as celebrated in Astavinayak Circuit, Maharashtra. Celebration: The Astavinayak Circuit's signature festival, celebrating the birth of Lord Ganesha across eight sacred temples (Ojhar, Morgaon, Theur, Ranjangaon, Siddhatek, Lenyadri, Mahad, Pali). This ancient 8-temple pilgrimage is most crowded during this 10-day festival when devotees visit all temples for darshan and special pujas.. Key visuals: vividly decorated Ganesha idols carried through streets, dancing crowds with drums and colour, immersion (visarjan) at the water's edge. clear post-monsoon light; show real people, actual rituals, decorations and crowds with genuine festive energy; vibrant true-to-life colour, natural handheld motion, shallow depth of field. No on-screen text, subtitles, captions, logos or watermarks; no distorted or extra faces/limbs; documentary realism, not cartoonish or AI-looking.","on-screen text, subtitles, captions, watermarks, logos, brand names, distorted faces, extra limbs, cartoonish, CGI sheen, oversaturated, low quality",https://pub-d8970c901de34c218926ebf4be1ed09a.r2.dev/destinations/astavinayak-circuit.jpg,https://www.nakshiq.com/en/festivals/ganesh-chaturthi-astavinayak-circuit
060a2c7d-8ecc-4fcb-b880-14749ae82d35,ganesh-chaturthi-ganpatipule,Ganesh Chaturthi,Ganpatipule,maharashtra,9,September,August–September (Shukla Chaturthi; 10-day festival),ganesh,yes,db-description,"The grand celebration at the 400-year-old Swayambhu Ganapati Temple, one of Maharashtra's most sacred Ganpati shrines. Devotees perform pujas on the golden sands with the Arabian Sea as backdrop, attend aartis, and participate in the traditional Ganpati visarjan procession around the coastal town.","Cinematic documentary-style video, 16:9, 6–8 seconds, authentic real-footage look, of the Ganesh Chaturthi festival as celebrated in Ganpatipule, Maharashtra. Celebration: The grand celebration at the 400-year-old Swayambhu Ganapati Temple, one of Maharashtra's most sacred Ganpati shrines. Devotees perform pujas on the golden sands with the Arabian Sea as backdrop, attend aartis, and participate in the traditional Ganpati visarjan procession around the coastal town.. Key visuals: vividly decorated Ganesha idols carried through streets, dancing crowds with drums and colour, immersion (visarjan) at the water's edge. clear post-monsoon light; show real people, actual rituals, decorations and crowds with genuine festive energy; vibrant true-to-life colour, natural handheld motion, shallow depth of field. No on-screen text, subtitles, captions, logos or watermarks; no distorted or extra faces/limbs; documentary realism, not cartoonish or AI-looking.","on-screen text, subtitles, captions, watermarks, logos, brand names, distorted faces, extra limbs, cartoonish, CGI sheen, oversaturated, low quality",https://pub-d8970c901de34c218926ebf4be1ed09a.r2.dev/destinations/ganpatipule.jpg,https://www.nakshiq.com/en/festivals/ganesh-chaturthi-ganpatipule
3715e610-2077-48ad-8aa9-bf6631c44062,maha-shivaratri-harihareshwar,Maha Shivaratri,Harihareshwar,maharashtra,2,February,February–March (14th lunar day of Phalgun month),shivaratri,yes,db-description,"A major festival at the Harihareshwar Temple (also called Dakshin Kashi), where Lord Shiva is worshipped with elaborate aarti ceremonies, processions, and sacred hymns. Attracts large crowds of devotees to this ancestral Peshwa temple on the Konkan coast.","Cinematic documentary-style video, 16:9, 6–8 seconds, authentic real-footage look, of the Maha Shivaratri festival as celebrated in Harihareshwar, Maharashtra. Celebration: A major festival at the Harihareshwar Temple (also called Dakshin Kashi), where Lord Shiva is worshipped with elaborate aarti ceremonies, processions, and sacred hymns. Attracts large crowds of devotees to this ancestral Peshwa temple on the Konkan coast.. Key visuals: night-long temple vigil — oil lamps and aarti flames before a Shiva shrine, bel leaves and milk offerings, chanting crowds, processions. clear late-winter light; show real people, actual rituals, decorations and crowds with genuine festive energy; vibrant true-to-life colour, natural handheld motion, shallow depth of field. No on-screen text, subtitles, captions, logos or watermarks; no distorted or extra faces/limbs; documentary realism, not cartoonish or AI-looking.","on-screen text, subtitles, captions, watermarks, logos, brand names, distorted faces, extra limbs, cartoonish, CGI sheen, oversaturated, low quality",https://pub-d8970c901de34c218926ebf4be1ed09a.r2.dev/destinations/harihareshwar.jpg,https://www.nakshiq.com/en/festivals/maha-shivaratri-harihareshwar
74d7e75f-f204-4672-9bd2-c29317b87e81,ellora-ajanta-festival,Ellora-Ajanta Festival,Ellora Caves,maharashtra,1,January,January–February,obscure,no,db-description,"An annual cultural festival at the UNESCO World Heritage Ellora Caves site celebrating Indian classical art, music, and dance. Features Bharatanatyam, Kathak, Odissi, and Kuchipudi performances, along with Hindustani and Carnatic music concerts against the backdrop of the ancient rock-cut monuments.","Cinematic documentary-style video, 16:9, 6–8 seconds, authentic real-footage look, of the Ellora-Ajanta Festival as celebrated in Ellora Caves, Maharashtra. Celebration: An annual cultural festival at the UNESCO World Heritage Ellora Caves site celebrating Indian classical art, music, and dance. Features Bharatanatyam, Kathak, Odissi, and Kuchipudi performances, along with Hindustani and Carnatic music concerts against the backdrop of the ancient rock-cut monuments.. crisp winter daylight; show real people, actual rituals, decorations and crowds with genuine festive energy; vibrant true-to-life colour, natural handheld motion, shallow depth of field. No on-screen text, subtitles, captions, logos or watermarks; no distorted or extra faces/limbs; documentary realism, not cartoonish or AI-looking.","on-screen text, subtitles, captions, watermarks, logos, brand names, distorted faces, extra limbs, cartoonish, CGI sheen, oversaturated, low quality",https://pub-d8970c901de34c218926ebf4be1ed09a.r2.dev/destinations/ellora-caves.jpg,https://www.nakshiq.com/en/festivals/ellora-ajanta-festival
fe7331bb-3732-430f-9d2e-a92683aec508,monsoon-festival-amboli,Monsoon Festival,Amboli,maharashtra,7,July,July–August (monsoon season),obscure,no,db-description,"A festival celebrating Amboli's lush monsoon landscape in the Western Ghats. Features guided nature tours, butterfly watching, birding expeditions, amphibian and reptile exploration, and nature camps showcasing the region's rich biodiversity during peak rainfall season.","Cinematic documentary-style video, 16:9, 6–8 seconds, authentic real-footage look, of the Monsoon Festival as celebrated in Amboli, Maharashtra. Celebration: A festival celebrating Amboli's lush monsoon landscape in the Western Ghats. Features guided nature tours, butterfly watching, birding expeditions, amphibian and reptile exploration, and nature camps showcasing the region's rich biodiversity during peak rainfall season.. monsoon light, wet sheen; show real people, actual rituals, decorations and crowds with genuine festive energy; vibrant true-to-life colour, natural handheld motion, shallow depth of field. No on-screen text, subtitles, captions, logos or watermarks; no distorted or extra faces/limbs; documentary realism, not cartoonish or AI-looking.","on-screen text, subtitles, captions, watermarks, logos, brand names, distorted faces, extra limbs, cartoonish, CGI sheen, oversaturated, low quality",https://pub-d8970c901de34c218926ebf4be1ed09a.r2.dev/destinations/amboli.jpg,https://www.nakshiq.com/en/festivals/monsoon-festival-amboli
e1fd9577-4eeb-469d-92c0-e9c0195e1574,ganesh-chaturthi-lenyadri,Ganesh Chaturthi,Lenyadri,maharashtra,9,September,August–September (Shukla Chaturthi; 10-day festival),ganesh,yes,db-description,"The primary festival at the Girijatmaj Ashtavinayak temple, celebrating Lord Ganesha's birth. Girijatmaj means 'son of Parvati' — legend holds the goddess meditated 12 years in Lenyadri for Ganesha's birth, and he grew there for 15 years. The temple, carved into the mountain cave, hosts elaborate pujas, abhishek (ritual bath), and aartis attracting pilgrims from across Maharashtra to this sacred Ashtavinayak shrine.","Cinematic documentary-style video, 16:9, 6–8 seconds, authentic real-footage look, of the Ganesh Chaturthi festival as celebrated in Lenyadri, Maharashtra. Celebration: The primary festival at the Girijatmaj Ashtavinayak temple, celebrating Lord Ganesha's birth. Girijatmaj means 'son of Parvati' — legend holds the goddess meditated 12 years in Lenyadri for Ganesha's birth, and he grew there for 15 years. The temple, carved into the mountain cave, hosts elaborate pujas, abhishek (ritual bath), and aartis attracting pilgrims from across Maharashtra to this sacred Ashtavinayak shrine.. Key visuals: vividly decorated Ganesha idols carried through streets, dancing crowds with drums and colour, immersion (visarjan) at the water's edge. clear post-monsoon light; show real people, actual rituals, decorations and crowds with genuine festive energy; vibrant true-to-life colour, natural handheld motion, shallow depth of field. No on-screen text, subtitles, captions, logos or watermarks; no distorted or extra faces/limbs; documentary realism, not cartoonish or AI-looking.","on-screen text, subtitles, captions, watermarks, logos, brand names, distorted faces, extra limbs, cartoonish, CGI sheen, oversaturated, low quality",https://pub-d8970c901de34c218926ebf4be1ed09a.r2.dev/destinations/lenyadri.jpg,https://www.nakshiq.com/en/festivals/ganesh-chaturthi-lenyadri
cf7e2fbc-8743-4047-9750-c9fd2ef18399,maghi-ganesh-jayanti-lenyadri,Maghi Ganesh Jayanti,Lenyadri,maharashtra,1,January,"January–February (Magh month, full moon day)",ganesh,yes,db-description,"A secondary but significant festival celebrating the rebirth/reappearance of Lord Ganesha in the Magh month. Marks another sacred occasion for the Ashtavinayak circuit, with special pujas and temple rituals.","Cinematic documentary-style video, 16:9, 6–8 seconds, authentic real-footage look, of the Maghi Ganesh Jayanti as celebrated in Lenyadri, Maharashtra. Celebration: A secondary but significant festival celebrating the rebirth/reappearance of Lord Ganesha in the Magh month. Marks another sacred occasion for the Ashtavinayak circuit, with special pujas and temple rituals.. Key visuals: vividly decorated Ganesha idols carried through streets, dancing crowds with drums and colour, immersion (visarjan) at the water's edge. crisp winter daylight; show real people, actual rituals, decorations and crowds with genuine festive energy; vibrant true-to-life colour, natural handheld motion, shallow depth of field. No on-screen text, subtitles, captions, logos or watermarks; no distorted or extra faces/limbs; documentary realism, not cartoonish or AI-looking.","on-screen text, subtitles, captions, watermarks, logos, brand names, distorted faces, extra limbs, cartoonish, CGI sheen, oversaturated, low quality",https://pub-d8970c901de34c218926ebf4be1ed09a.r2.dev/destinations/lenyadri.jpg,https://www.nakshiq.com/en/festivals/maghi-ganesh-jayanti-lenyadri
c4476852-28d4-46a0-b4ac-7af07436bb3e,ganesh-chaturthi-morgaon,Ganesh Chaturthi,Morgaon,maharashtra,9,September,August–September (Shukla Chaturthi; 10-day festival),ganesh,yes,db-description,"The signature festival at Morgaon's Mayureshwar (Moreshwar) temple, the first of the eight Ashtavinayak shrines. The festival features elaborate rituals, abhishek (ritual bathing of the idol), maha-aarti ceremonies, bhajans, and kirtans. Thousands of devotees throng the temple seeking Ganesha's blessings, and the atmosphere is filled with devotion and celebration. Morgaon village's name itself means 'village of peacocks,' reflecting its sacred status.","Cinematic documentary-style video, 16:9, 6–8 seconds, authentic real-footage look, of the Ganesh Chaturthi festival as celebrated in Morgaon, Maharashtra. Celebration: The signature festival at Morgaon's Mayureshwar (Moreshwar) temple, the first of the eight Ashtavinayak shrines. The festival features elaborate rituals, abhishek (ritual bathing of the idol), maha-aarti ceremonies, bhajans, and kirtans. Thousands of devotees throng the temple seeking Ganesha's blessings, and the atmosphere is filled with devotion and celebration. Morgaon village's name itself means 'village of peacocks,' reflecting its sacred status.. Key visuals: vividly decorated Ganesha idols carried through streets, dancing crowds with drums and colour, immersion (visarjan) at the water's edge. clear post-monsoon light; show real people, actual rituals, decorations and crowds with genuine festive energy; vibrant true-to-life colour, natural handheld motion, shallow depth of field. No on-screen text, subtitles, captions, logos or watermarks; no distorted or extra faces/limbs; documentary realism, not cartoonish or AI-looking.","on-screen text, subtitles, captions, watermarks, logos, brand names, distorted faces, extra limbs, cartoonish, CGI sheen, oversaturated, low quality",https://pub-d8970c901de34c218926ebf4be1ed09a.r2.dev/destinations/morgaon.jpg,https://www.nakshiq.com/en/festivals/ganesh-chaturthi-morgaon
eef0e141-82d4-4b18-8a34-7d72e3e43e3a,maghi-ganesh-jayanti-morgaon,Maghi Ganesh Jayanti,Morgaon,maharashtra,1,January,"January–February (Magh month, full moon day)",ganesh,yes,db-description,"Celebrates the birth/reappearance of Lord Ganesha in the Magh month. The festival includes special pujas, recitation of Ganesh Stotras (hymns), and deepdan (lighting of sacred lamps) at the Mayureshwar temple, drawing devotees across the Ashtavinayak circuit.","Cinematic documentary-style video, 16:9, 6–8 seconds, authentic real-footage look, of the Maghi Ganesh Jayanti as celebrated in Morgaon, Maharashtra. Celebration: Celebrates the birth/reappearance of Lord Ganesha in the Magh month. The festival includes special pujas, recitation of Ganesh Stotras (hymns), and deepdan (lighting of sacred lamps) at the Mayureshwar temple, drawing devotees across the Ashtavinayak circuit.. Key visuals: vividly decorated Ganesha idols carried through streets, dancing crowds with drums and colour, immersion (visarjan) at the water's edge. crisp winter daylight; show real people, actual rituals, decorations and crowds with genuine festive energy; vibrant true-to-life colour, natural handheld motion, shallow depth of field. No on-screen text, subtitles, captions, logos or watermarks; no distorted or extra faces/limbs; documentary realism, not cartoonish or AI-looking.","on-screen text, subtitles, captions, watermarks, logos, brand names, distorted faces, extra limbs, cartoonish, CGI sheen, oversaturated, low quality",https://pub-d8970c901de34c218926ebf4be1ed09a.r2.dev/destinations/morgaon.jpg,https://www.nakshiq.com/en/festivals/maghi-ganesh-jayanti-morgaon
51abff54-ced4-4ea5-8604-d319baeea4da,ganesh-chaturthi-mahad-raigad,Ganesh Chaturthi,Mahad (Raigad — Ashtavinayak),maharashtra,9,September,August–September (Shukla Chaturthi; 10-day festival),ganesh,yes,db-description,"The major festival at the Varadvinayak Ashtavinayak temple in Mahad, celebrating Lord Ganesha's birth. The temple features elaborate ceremonies including pranpratistha (idol consecration), abhishek (ritual bathing), and special pujas. The temple's swayambhu (self-manifested) idol is said to have been discovered in an adjacent lake in 1690, and an oil lamp in the shrine has been burning continuously since 1892. Thousands of devotees visit during the 10-day festival.","Cinematic documentary-style video, 16:9, 6–8 seconds, authentic real-footage look, of the Ganesh Chaturthi festival as celebrated in Mahad (Raigad — Ashtavinayak), Maharashtra. Celebration: The major festival at the Varadvinayak Ashtavinayak temple in Mahad, celebrating Lord Ganesha's birth. The temple features elaborate ceremonies including pranpratistha (idol consecration), abhishek (ritual bathing), and special pujas. The temple's swayambhu (self-manifested) idol is said to have been discovered in an adjacent lake in 1690, and an oil lamp in the shrine has been burning continuously since 1892. Thousands of devotees visit during the 10-day festival.. Key visuals: vividly decorated Ganesha idols carried through streets, dancing crowds with drums and colour, immersion (visarjan) at the water's edge. clear post-monsoon light; show real people, actual rituals, decorations and crowds with genuine festive energy; vibrant true-to-life colour, natural handheld motion, shallow depth of field. No on-screen text, subtitles, captions, logos or watermarks; no distorted or extra faces/limbs; documentary realism, not cartoonish or AI-looking.","on-screen text, subtitles, captions, watermarks, logos, brand names, distorted faces, extra limbs, cartoonish, CGI sheen, oversaturated, low quality",https://pub-d8970c901de34c218926ebf4be1ed09a.r2.dev/destinations/mahad-raigad.jpg,https://www.nakshiq.com/en/festivals/ganesh-chaturthi-mahad-raigad
db745544-38a1-4d68-ae22-a9979a2e8bcf,maghi-ganesh-jayanti-mahad-raigad,Maghi Ganesh Jayanti,Mahad (Raigad — Ashtavinayak),maharashtra,1,January,"January–February (Magh month, full moon day)",ganesh,yes,db-description,"Honors the birth/reappearance of Ganesha in the Magh month with special pujas, havans (fire rituals), recitation of sacred hymns, and a grand maha-aarti at the Varadvinayak temple.","Cinematic documentary-style video, 16:9, 6–8 seconds, authentic real-footage look, of the Maghi Ganesh Jayanti as celebrated in Mahad (Raigad — Ashtavinayak), Maharashtra. Celebration: Honors the birth/reappearance of Ganesha in the Magh month with special pujas, havans (fire rituals), recitation of sacred hymns, and a grand maha-aarti at the Varadvinayak temple.. Key visuals: vividly decorated Ganesha idols carried through streets, dancing crowds with drums and colour, immersion (visarjan) at the water's edge. crisp winter daylight; show real people, actual rituals, decorations and crowds with genuine festive energy; vibrant true-to-life colour, natural handheld motion, shallow depth of field. No on-screen text, subtitles, captions, logos or watermarks; no distorted or extra faces/limbs; documentary realism, not cartoonish or AI-looking.","on-screen text, subtitles, captions, watermarks, logos, brand names, distorted faces, extra limbs, cartoonish, CGI sheen, oversaturated, low quality",https://pub-d8970c901de34c218926ebf4be1ed09a.r2.dev/destinations/mahad-raigad.jpg,https://www.nakshiq.com/en/festivals/maghi-ganesh-jayanti-mahad-raigad
16ca1273-1b6d-47d5-aef1-2f2a9e6f49f7,navratri,Navratri,Karla & Bhaja Caves,maharashtra,10,October,"September–October (Shukla Paksha, Pratipada to Dashami; 9–10 days)",durga-navratri,yes,db-description,"The major festival at the Ekvira Aai Devi temple at Karla Caves, celebrating the Goddess Durga. The Ekvira is the Kuladevi (clan deity) of the Koli fishing community and is also worshipped by the Chandraseniya Kayastha Prabhu community. The festival features chaturdashi baths (ritual bathing), folk songs, processions, and grand celebrations. Every year, Kolis pay respect to Ekvira and celebrate the festival with traditional rituals.","Cinematic documentary-style video, 16:9, 6–8 seconds, authentic real-footage look, of the Navratri as celebrated in Karla & Bhaja Caves, Maharashtra. Celebration: The major festival at the Ekvira Aai Devi temple at Karla Caves, celebrating the Goddess Durga. The Ekvira is the Kuladevi (clan deity) of the Koli fishing community and is also worshipped by the Chandraseniya Kayastha Prabhu community. The festival features chaturdashi baths (ritual bathing), folk songs, processions, and grand celebrations. Every year, Kolis pay respect to Ekvira and celebrate the festival with traditional rituals.. Key visuals: elaborately lit pandals and Durga idols, dhunuchi incense dance, garba/dandiya circles in colourful chaniya-choli. golden autumn light; show real people, actual rituals, decorations and crowds with genuine festive energy; vibrant true-to-life colour, natural handheld motion, shallow depth of field. No on-screen text, subtitles, captions, logos or watermarks; no distorted or extra faces/limbs; documentary realism, not cartoonish or AI-looking.","on-screen text, subtitles, captions, watermarks, logos, brand names, distorted faces, extra limbs, cartoonish, CGI sheen, oversaturated, low quality",https://pub-d8970c901de34c218926ebf4be1ed09a.r2.dev/destinations/karla-bhaja-caves.jpg,https://www.nakshiq.com/en/festivals/navratri
a717118d-885e-4190-8d65-624e46f14a33,dussehra-seemollanghan-at-shami-tree,Dussehra (Seemollanghan at Shami Tree),Karla & Bhaja Caves,maharashtra,10,October,"September–October (Vijayadashami, 10th day of Shukla Paksha)",obscure,no,db-description,"The Ekvira Devi temple at Karla is unique—it is the only temple in India with a shrine dedicated to the sacred Shami tree, attracting thousands of devotees for Seemollanghan (leaf-exchange ritual) on Dussehra. This ancient tradition involves exchanging Shami leaves as a symbol of victory and prosperity.","Cinematic documentary-style video, 16:9, 6–8 seconds, authentic real-footage look, of the Dussehra (Seemollanghan at Shami Tree) as celebrated in Karla & Bhaja Caves, Maharashtra. Celebration: The Ekvira Devi temple at Karla is unique—it is the only temple in India with a shrine dedicated to the sacred Shami tree, attracting thousands of devotees for Seemollanghan (leaf-exchange ritual) on Dussehra. This ancient tradition involves exchanging Shami leaves as a symbol of victory and prosperity.. golden autumn light; show real people, actual rituals, decorations and crowds with genuine festive energy; vibrant true-to-life colour, natural handheld motion, shallow depth of field. No on-screen text, subtitles, captions, logos or watermarks; no distorted or extra faces/limbs; documentary realism, not cartoonish or AI-looking.","on-screen text, subtitles, captions, watermarks, logos, brand names, distorted faces, extra limbs, cartoonish, CGI sheen, oversaturated, low quality",https://pub-d8970c901de34c218926ebf4be1ed09a.r2.dev/destinations/karla-bhaja-caves.jpg,https://www.nakshiq.com/en/festivals/dussehra-seemollanghan-at-shami-tree
43929848-9290-45ac-a166-8e62e2a5915f,kamala-devi-festival,Kamala Devi Festival,Lonar Crater,maharashtra,,,"Variable (seasonal, tied to local traditions)",obscure,no,db-description,"A pilgrimage festival centered on the Kamalja (Kamala) Devi Temple near Lonar Crater Lake. The crater's sacred temples, dating back to the 6th century, draw devotees throughout the year. Large numbers of pilgrims visit during the festival, believing the lake to be sacred and that Lord Vishnu created it to preserve the universe. The Daitya Sudan Temple (built in Hemadpanti style) and Gomukh Temple (with a perennial stream flowing from a cow-shaped rock carving) are also active pilgrimage sites.","Cinematic documentary-style video, 16:9, 6–8 seconds, authentic real-footage look, of the Kamala Devi Festival as celebrated in Lonar Crater, Maharashtra. Celebration: A pilgrimage festival centered on the Kamalja (Kamala) Devi Temple near Lonar Crater Lake. The crater's sacred temples, dating back to the 6th century, draw devotees throughout the year. Large numbers of pilgrims visit during the festival, believing the lake to be sacred and that Lord Vishnu created it to preserve the universe. The Daitya Sudan Temple (built in Hemadpanti style) and Gomukh Temple (with a perennial stream flowing from a cow-shaped rock carving) are also active pilgrimage sites.. natural daylight; show real people, actual rituals, decorations and crowds with genuine festive energy; vibrant true-to-life colour, natural handheld motion, shallow depth of field. No on-screen text, subtitles, captions, logos or watermarks; no distorted or extra faces/limbs; documentary realism, not cartoonish or AI-looking.","on-screen text, subtitles, captions, watermarks, logos, brand names, distorted faces, extra limbs, cartoonish, CGI sheen, oversaturated, low quality",https://pub-d8970c901de34c218926ebf4be1ed09a.r2.dev/destinations/lonar-crater.jpg,https://www.nakshiq.com/en/festivals/kamala-devi-festival
44f2a3b6-d881-4c42-b5bd-a72b75d2aa83,krishnabai-annual-utsav,Krishnabai Annual Utsav,Mahabaleshwar,maharashtra,3,March,"March–April (Phalguna month, Purnima/full moon)",obscure,no,db-description,"The major festival at the Krishnabai Temple (also called Krishna Devi Temple) in Old Mahabaleshwar, celebrating the birthplace of the perennial Krishna River. The temple is the source of the sacred river, and the Utsav marks the spiritual bond between the goddess and the river's origin. The festival begins on Purnima Tithi (full moon) and attracts pilgrims from across the region.","Cinematic documentary-style video, 16:9, 6–8 seconds, authentic real-footage look, of the Krishnabai Annual Utsav as celebrated in Mahabaleshwar, Maharashtra. Celebration: The major festival at the Krishnabai Temple (also called Krishna Devi Temple) in Old Mahabaleshwar, celebrating the birthplace of the perennial Krishna River. The temple is the source of the sacred river, and the Utsav marks the spiritual bond between the goddess and the river's origin. The festival begins on Purnima Tithi (full moon) and attracts pilgrims from across the region.. warm spring light; show real people, actual rituals, decorations and crowds with genuine festive energy; vibrant true-to-life colour, natural handheld motion, shallow depth of field. No on-screen text, subtitles, captions, logos or watermarks; no distorted or extra faces/limbs; documentary realism, not cartoonish or AI-looking.","on-screen text, subtitles, captions, watermarks, logos, brand names, distorted faces, extra limbs, cartoonish, CGI sheen, oversaturated, low quality",https://pub-d8970c901de34c218926ebf4be1ed09a.r2.dev/destinations/mahabaleshwar.jpg,https://www.nakshiq.com/en/festivals/krishnabai-annual-utsav
200257bf-1edf-4790-bdbe-33bb134b0bce,dhammachakra-pravartan-din,Dhammachakra Pravartan Din,Nagpur,maharashtra,10,October,,obscure,no,db-description,"Annual observance commemorating the historic mass conversion to Buddhism led by B. R. Ambedkar on October 14-15, 1956 at Deekshabhoomi in Nagpur, when approximately 600,000 Dalits renounced Hinduism and embraced Buddhism. Celebrations feature processions with Ambedkar's blue flag and Buddha statues, conversion ceremonies, cultural programs, bhajans, and seminars.","Cinematic documentary-style video, 16:9, 6–8 seconds, authentic real-footage look, of the Dhammachakra Pravartan Din festival as celebrated in Nagpur, Maharashtra. Celebration: Annual observance commemorating the historic mass conversion to Buddhism led by B. R. Ambedkar on October 14-15, 1956 at Deekshabhoomi in Nagpur, when approximately 600,000 Dalits renounced Hinduism and embraced Buddhism. Celebrations feature processions with Ambedkar's blue flag and Buddha statues, conversion ceremonies, cultural programs, bhajans, and seminars.. golden autumn light; show real people, actual rituals, decorations and crowds with genuine festive energy; vibrant true-to-life colour, natural handheld motion, shallow depth of field. No on-screen text, subtitles, captions, logos or watermarks; no distorted or extra faces/limbs; documentary realism, not cartoonish or AI-looking.","on-screen text, subtitles, captions, watermarks, logos, brand names, distorted faces, extra limbs, cartoonish, CGI sheen, oversaturated, low quality",https://pub-d8970c901de34c218926ebf4be1ed09a.r2.dev/destinations/nagpur.jpg,https://www.nakshiq.com/en/festivals/dhammachakra-pravartan-din
92e4fcd8-ad02-4fba-bd18-760fea34c838,ganesh-chaturthi-ozar,Ganesh Chaturthi,Ozar,maharashtra,8,August,,ganesh,yes,db-description,"Celebrated at Vighnahar Ganapati Temple, one of the eight Ashtavinayak temples. Birth anniversary of Lord Ganesha with temple decorations, processions, and devotional rituals.","Cinematic documentary-style video, 16:9, 6–8 seconds, authentic real-footage look, of the Ganesh Chaturthi festival as celebrated in Ozar, Maharashtra. Celebration: Celebrated at Vighnahar Ganapati Temple, one of the eight Ashtavinayak temples. Birth anniversary of Lord Ganesha with temple decorations, processions, and devotional rituals.. Key visuals: vividly decorated Ganesha idols carried through streets, dancing crowds with drums and colour, immersion (visarjan) at the water's edge. monsoon light, lush greens; show real people, actual rituals, decorations and crowds with genuine festive energy; vibrant true-to-life colour, natural handheld motion, shallow depth of field. No on-screen text, subtitles, captions, logos or watermarks; no distorted or extra faces/limbs; documentary realism, not cartoonish or AI-looking.","on-screen text, subtitles, captions, watermarks, logos, brand names, distorted faces, extra limbs, cartoonish, CGI sheen, oversaturated, low quality",https://pub-d8970c901de34c218926ebf4be1ed09a.r2.dev/destinations/ozar.jpg,https://www.nakshiq.com/en/festivals/ganesh-chaturthi-ozar
3be45df2-e59f-44ff-ac21-a977921dbd5c,maghi-ganesh-maghi-chaturthi,Maghi Ganesh (Maghi Chaturthi),Ozar,maharashtra,1,January,,ganesh,yes,db-description,Festival celebrating Lord Ganesha in the month of Magh (January-February) at Vighnahar Ganapati Temple.,"Cinematic documentary-style video, 16:9, 6–8 seconds, authentic real-footage look, of the Maghi Ganesh (Maghi Chaturthi) festival as celebrated in Ozar, Maharashtra. Celebration: Festival celebrating Lord Ganesha in the month of Magh (January-February) at Vighnahar Ganapati Temple.. Key visuals: vividly decorated Ganesha idols carried through streets, dancing crowds with drums and colour, immersion (visarjan) at the water's edge. crisp winter daylight; show real people, actual rituals, decorations and crowds with genuine festive energy; vibrant true-to-life colour, natural handheld motion, shallow depth of field. No on-screen text, subtitles, captions, logos or watermarks; no distorted or extra faces/limbs; documentary realism, not cartoonish or AI-looking.","on-screen text, subtitles, captions, watermarks, logos, brand names, distorted faces, extra limbs, cartoonish, CGI sheen, oversaturated, low quality",https://pub-d8970c901de34c218926ebf4be1ed09a.r2.dev/destinations/ozar.jpg,https://www.nakshiq.com/en/festivals/maghi-ganesh-maghi-chaturthi
98a1bbc0-5ef3-4c33-bbd8-ca3ccfebb2a9,ganesh-chaturthi-pali-raigad,Ganesh Chaturthi,Pali (Raigad),maharashtra,8,August,,ganesh,yes,db-description,"Grand celebration at Ballaleshwar Ganpati Temple, one of the eight Ashtavinayak temples.","Cinematic documentary-style video, 16:9, 6–8 seconds, authentic real-footage look, of the Ganesh Chaturthi festival as celebrated in Pali (Raigad), Maharashtra. Celebration: Grand celebration at Ballaleshwar Ganpati Temple, one of the eight Ashtavinayak temples.. Key visuals: vividly decorated Ganesha idols carried through streets, dancing crowds with drums and colour, immersion (visarjan) at the water's edge. monsoon light, lush greens; show real people, actual rituals, decorations and crowds with genuine festive energy; vibrant true-to-life colour, natural handheld motion, shallow depth of field. No on-screen text, subtitles, captions, logos or watermarks; no distorted or extra faces/limbs; documentary realism, not cartoonish or AI-looking.","on-screen text, subtitles, captions, watermarks, logos, brand names, distorted faces, extra limbs, cartoonish, CGI sheen, oversaturated, low quality",https://pub-d8970c901de34c218926ebf4be1ed09a.r2.dev/destinations/pali-raigad.jpg,https://www.nakshiq.com/en/festivals/ganesh-chaturthi-pali-raigad
9d3949b3-64a4-417e-b52d-5708f999bab6,maghi-utsav-magha-chaturthi,Maghi Utsav (Magha Chaturthi),Pali (Raigad),maharashtra,1,January,,harvest-sankranti,no,db-description,"Celebrated January-February at Ballaleshwar temple with rituals, devotional singing, bhajans, and kirtans.","Cinematic documentary-style video, 16:9, 6–8 seconds, authentic real-footage look, of the Maghi Utsav (Magha Chaturthi) as celebrated in Pali (Raigad), Maharashtra. Celebration: Celebrated January-February at Ballaleshwar temple with rituals, devotional singing, bhajans, and kirtans.. Key visuals: kite-filled skies and bonfires, harvest dances, boiling pongal pots, decorated cattle, fresh-cut fields. crisp winter daylight; show real people, actual rituals, decorations and crowds with genuine festive energy; vibrant true-to-life colour, natural handheld motion, shallow depth of field. No on-screen text, subtitles, captions, logos or watermarks; no distorted or extra faces/limbs; documentary realism, not cartoonish or AI-looking.","on-screen text, subtitles, captions, watermarks, logos, brand names, distorted faces, extra limbs, cartoonish, CGI sheen, oversaturated, low quality",https://pub-d8970c901de34c218926ebf4be1ed09a.r2.dev/destinations/pali-raigad.jpg,https://www.nakshiq.com/en/festivals/maghi-utsav-magha-chaturthi
c8db1299-92da-4473-9eb1-63a40a037dec,ganesh-chaturthi-ranjangaon,Ganesh Chaturthi,Ranjangaon,maharashtra,8,August,,ganesh,yes,db-description,"Grand celebration at Mahaganapati Temple, one of the eight Ashtavinayak temples believed to house the most powerful form of Ganesha.","Cinematic documentary-style video, 16:9, 6–8 seconds, authentic real-footage look, of the Ganesh Chaturthi festival as celebrated in Ranjangaon, Maharashtra. Celebration: Grand celebration at Mahaganapati Temple, one of the eight Ashtavinayak temples believed to house the most powerful form of Ganesha.. Key visuals: vividly decorated Ganesha idols carried through streets, dancing crowds with drums and colour, immersion (visarjan) at the water's edge. monsoon light, lush greens; show real people, actual rituals, decorations and crowds with genuine festive energy; vibrant true-to-life colour, natural handheld motion, shallow depth of field. No on-screen text, subtitles, captions, logos or watermarks; no distorted or extra faces/limbs; documentary realism, not cartoonish or AI-looking.","on-screen text, subtitles, captions, watermarks, logos, brand names, distorted faces, extra limbs, cartoonish, CGI sheen, oversaturated, low quality",https://pub-d8970c901de34c218926ebf4be1ed09a.r2.dev/destinations/ranjangaon.jpg,https://www.nakshiq.com/en/festivals/ganesh-chaturthi-ranjangaon
089ecc03-c84f-4ce7-9770-e22276d24711,ganesh-jayanti-maghi,Ganesh Jayanti (Maghi),Ranjangaon,maharashtra,1,January,,ganesh,yes,db-description,"Festival celebrating rebirth of Lord Ganesha in Magha (January-February) with aartis, bhajans, and processions.","Cinematic documentary-style video, 16:9, 6–8 seconds, authentic real-footage look, of the Ganesh Jayanti (Maghi) as celebrated in Ranjangaon, Maharashtra. Celebration: Festival celebrating rebirth of Lord Ganesha in Magha (January-February) with aartis, bhajans, and processions.. Key visuals: vividly decorated Ganesha idols carried through streets, dancing crowds with drums and colour, immersion (visarjan) at the water's edge. crisp winter daylight; show real people, actual rituals, decorations and crowds with genuine festive energy; vibrant true-to-life colour, natural handheld motion, shallow depth of field. No on-screen text, subtitles, captions, logos or watermarks; no distorted or extra faces/limbs; documentary realism, not cartoonish or AI-looking.","on-screen text, subtitles, captions, watermarks, logos, brand names, distorted faces, extra limbs, cartoonish, CGI sheen, oversaturated, low quality",https://pub-d8970c901de34c218926ebf4be1ed09a.r2.dev/destinations/ranjangaon.jpg,https://www.nakshiq.com/en/festivals/ganesh-jayanti-maghi
7c383f8c-9f78-4e43-9fc9-4204fd830c8a,ram-navami,Ram Navami,Shirdi,maharashtra,3,March,,obscure,no,db-description,"Celebrated as Lord Rama's birth. Sai Baba encouraged its celebration in 1911, uniting Hindu and Muslim communities. Processions, puja, music, and public parayana.","Cinematic documentary-style video, 16:9, 6–8 seconds, authentic real-footage look, of the Ram Navami festival as celebrated in Shirdi, Maharashtra. Celebration: Celebrated as Lord Rama's birth. Sai Baba encouraged its celebration in 1911, uniting Hindu and Muslim communities. Processions, puja, music, and public parayana.. warm spring light; show real people, actual rituals, decorations and crowds with genuine festive energy; vibrant true-to-life colour, natural handheld motion, shallow depth of field. No on-screen text, subtitles, captions, logos or watermarks; no distorted or extra faces/limbs; documentary realism, not cartoonish or AI-looking.","on-screen text, subtitles, captions, watermarks, logos, brand names, distorted faces, extra limbs, cartoonish, CGI sheen, oversaturated, low quality",https://pub-d8970c901de34c218926ebf4be1ed09a.r2.dev/destinations/shirdi.jpg,https://www.nakshiq.com/en/festivals/ram-navami
cef72a89-e2d4-4946-aad7-e86f655d6a31,guru-purnima,Guru Purnima,Shirdi,maharashtra,7,July,,obscure,no,db-description,"The only festival Sai Baba explicitly asked his devotees to celebrate. Honors spiritual gurus with puja, bhajan, parayana, and processions.","Cinematic documentary-style video, 16:9, 6–8 seconds, authentic real-footage look, of the Guru Purnima as celebrated in Shirdi, Maharashtra. Celebration: The only festival Sai Baba explicitly asked his devotees to celebrate. Honors spiritual gurus with puja, bhajan, parayana, and processions.. monsoon light, wet sheen; show real people, actual rituals, decorations and crowds with genuine festive energy; vibrant true-to-life colour, natural handheld motion, shallow depth of field. No on-screen text, subtitles, captions, logos or watermarks; no distorted or extra faces/limbs; documentary realism, not cartoonish or AI-looking.","on-screen text, subtitles, captions, watermarks, logos, brand names, distorted faces, extra limbs, cartoonish, CGI sheen, oversaturated, low quality",https://pub-d8970c901de34c218926ebf4be1ed09a.r2.dev/destinations/shirdi.jpg,https://www.nakshiq.com/en/festivals/guru-purnima
e912178d-75be-4d8f-ac20-4e8627537cbc,vijayadashami-sai-baba-punyatithi,Vijayadashami (Sai Baba Punyatithi),Shirdi,maharashtra,10,October,,obscure,no,db-description,"Marks Sai Baba's Mahasamadhi (death) on October 15, 1918. Observed with puja, bhajan, parayana, and exuberant processions.","Cinematic documentary-style video, 16:9, 6–8 seconds, authentic real-footage look, of the Vijayadashami (Sai Baba Punyatithi) festival as celebrated in Shirdi, Maharashtra. Celebration: Marks Sai Baba's Mahasamadhi (death) on October 15, 1918. Observed with puja, bhajan, parayana, and exuberant processions.. golden autumn light; show real people, actual rituals, decorations and crowds with genuine festive energy; vibrant true-to-life colour, natural handheld motion, shallow depth of field. No on-screen text, subtitles, captions, logos or watermarks; no distorted or extra faces/limbs; documentary realism, not cartoonish or AI-looking.","on-screen text, subtitles, captions, watermarks, logos, brand names, distorted faces, extra limbs, cartoonish, CGI sheen, oversaturated, low quality",https://pub-d8970c901de34c218926ebf4be1ed09a.r2.dev/destinations/shirdi.jpg,https://www.nakshiq.com/en/festivals/vijayadashami-sai-baba-punyatithi
6e748325-62f3-4ec7-aa74-b410857be3a6,ganesh-jayanti-maghi-ganesh,Ganesh Jayanti (Maghi Ganesh),Siddhatek,maharashtra,1,January,,ganesh,yes,db-description,"Celebrated in Magha (January-February) at Siddhivinayak Temple, marking Ganesha's rebirth. Three-day palkhi (palanquin) procession with devotional singing.","Cinematic documentary-style video, 16:9, 6–8 seconds, authentic real-footage look, of the Ganesh Jayanti (Maghi Ganesh) as celebrated in Siddhatek, Maharashtra. Celebration: Celebrated in Magha (January-February) at Siddhivinayak Temple, marking Ganesha's rebirth. Three-day palkhi (palanquin) procession with devotional singing.. Key visuals: vividly decorated Ganesha idols carried through streets, dancing crowds with drums and colour, immersion (visarjan) at the water's edge. crisp winter daylight; show real people, actual rituals, decorations and crowds with genuine festive energy; vibrant true-to-life colour, natural handheld motion, shallow depth of field. No on-screen text, subtitles, captions, logos or watermarks; no distorted or extra faces/limbs; documentary realism, not cartoonish or AI-looking.","on-screen text, subtitles, captions, watermarks, logos, brand names, distorted faces, extra limbs, cartoonish, CGI sheen, oversaturated, low quality",https://pub-d8970c901de34c218926ebf4be1ed09a.r2.dev/destinations/siddhatek.jpg,https://www.nakshiq.com/en/festivals/ganesh-jayanti-maghi-ganesh
80d7adb0-da0e-4a40-b9ca-bb3715aacb45,ganesh-chaturthi-siddhatek,Ganesh Chaturthi,Siddhatek,maharashtra,8,August,,ganesh,yes,db-description,Grand celebration August-September at Siddhivinayak Temple for five days with elaborate rituals and ceremonies.,"Cinematic documentary-style video, 16:9, 6–8 seconds, authentic real-footage look, of the Ganesh Chaturthi festival as celebrated in Siddhatek, Maharashtra. Celebration: Grand celebration August-September at Siddhivinayak Temple for five days with elaborate rituals and ceremonies.. Key visuals: vividly decorated Ganesha idols carried through streets, dancing crowds with drums and colour, immersion (visarjan) at the water's edge. monsoon light, lush greens; show real people, actual rituals, decorations and crowds with genuine festive energy; vibrant true-to-life colour, natural handheld motion, shallow depth of field. No on-screen text, subtitles, captions, logos or watermarks; no distorted or extra faces/limbs; documentary realism, not cartoonish or AI-looking.","on-screen text, subtitles, captions, watermarks, logos, brand names, distorted faces, extra limbs, cartoonish, CGI sheen, oversaturated, low quality",https://pub-d8970c901de34c218926ebf4be1ed09a.r2.dev/destinations/siddhatek.jpg,https://www.nakshiq.com/en/festivals/ganesh-chaturthi-siddhatek
43888533-48a1-46f0-9c62-c78c94eb1e6e,anganewadi-jatra-bharadi-devi-yatra,Anganewadi Jatra (Bharadi Devi Yatra),Tarkarli,maharashtra,2,February,,obscure,no,db-description,"Major annual fair at Bharadi Devi Temple in Anganewadi village (Masure, ~10-12 km from Malvan). Goddess Bharadi (Earth Goddess) renowned for wish-fulfilling power. Festival February or March with no fixed date (decided by consensus). Rituals 4am to 10pm with mass cooking and 'Taate Lawane' (prasad serving). Devotees from Maharashtra, Goa, Karnataka participate.","Cinematic documentary-style video, 16:9, 6–8 seconds, authentic real-footage look, of the Anganewadi Jatra (Bharadi Devi Yatra) as celebrated in Tarkarli, Maharashtra. Celebration: Major annual fair at Bharadi Devi Temple in Anganewadi village (Masure, ~10-12 km from Malvan). Goddess Bharadi (Earth Goddess) renowned for wish-fulfilling power. Festival February or March with no fixed date (decided by consensus). Rituals 4am to 10pm with mass cooking and 'Taate Lawane' (prasad serving). Devotees from Maharashtra, Goa, Karnataka participate.. clear late-winter light; show real people, actual rituals, decorations and crowds with genuine festive energy; vibrant true-to-life colour, natural handheld motion, shallow depth of field. No on-screen text, subtitles, captions, logos or watermarks; no distorted or extra faces/limbs; documentary realism, not cartoonish or AI-looking.","on-screen text, subtitles, captions, watermarks, logos, brand names, distorted faces, extra limbs, cartoonish, CGI sheen, oversaturated, low quality",https://pub-d8970c901de34c218926ebf4be1ed09a.r2.dev/destinations/tarkarli.jpg,https://www.nakshiq.com/en/festivals/anganewadi-jatra-bharadi-devi-yatra
4580f026-6b69-4ebd-8bd6-4c6c0518cced,ganesh-chaturthi-theur,Ganesh Chaturthi,Theur,maharashtra,8,August,,ganesh,yes,db-description,Celebrated August-September at Chintamani Temple for 10 days with temple ceremonies and processions honoring Chintamani Vinayaka.,"Cinematic documentary-style video, 16:9, 6–8 seconds, authentic real-footage look, of the Ganesh Chaturthi festival as celebrated in Theur, Maharashtra. Celebration: Celebrated August-September at Chintamani Temple for 10 days with temple ceremonies and processions honoring Chintamani Vinayaka.. Key visuals: vividly decorated Ganesha idols carried through streets, dancing crowds with drums and colour, immersion (visarjan) at the water's edge. monsoon light, lush greens; show real people, actual rituals, decorations and crowds with genuine festive energy; vibrant true-to-life colour, natural handheld motion, shallow depth of field. No on-screen text, subtitles, captions, logos or watermarks; no distorted or extra faces/limbs; documentary realism, not cartoonish or AI-looking.","on-screen text, subtitles, captions, watermarks, logos, brand names, distorted faces, extra limbs, cartoonish, CGI sheen, oversaturated, low quality",https://pub-d8970c901de34c218926ebf4be1ed09a.r2.dev/destinations/theur.jpg,https://www.nakshiq.com/en/festivals/ganesh-chaturthi-theur
31917a49-bdba-4c50-b741-bdae0fdab20c,maghi-chaturthi,Maghi Chaturthi,Theur,maharashtra,1,January,,harvest-sankranti,no,db-description,Festival January-February at Chintamani Temple from Chaturthi to Ashtami with temple rituals and celebrations.,"Cinematic documentary-style video, 16:9, 6–8 seconds, authentic real-footage look, of the Maghi Chaturthi festival as celebrated in Theur, Maharashtra. Celebration: Festival January-February at Chintamani Temple from Chaturthi to Ashtami with temple rituals and celebrations.. Key visuals: kite-filled skies and bonfires, harvest dances, boiling pongal pots, decorated cattle, fresh-cut fields. crisp winter daylight; show real people, actual rituals, decorations and crowds with genuine festive energy; vibrant true-to-life colour, natural handheld motion, shallow depth of field. No on-screen text, subtitles, captions, logos or watermarks; no distorted or extra faces/limbs; documentary realism, not cartoonish or AI-looking.","on-screen text, subtitles, captions, watermarks, logos, brand names, distorted faces, extra limbs, cartoonish, CGI sheen, oversaturated, low quality",https://pub-d8970c901de34c218926ebf4be1ed09a.r2.dev/destinations/theur.jpg,https://www.nakshiq.com/en/festivals/maghi-chaturthi
933fca0c-1480-4166-a4e9-279d6091f901,maha-shivaratri-trimbakeshwar,Maha Shivaratri,Trimbakeshwar,maharashtra,2,February,,shivaratri,yes,db-description,Most important festival for Shiva devotees at Trimbakeshwar Jyotirlinga Temple. Midnight Nishita Kaal puja draws massive crowds.,"Cinematic documentary-style video, 16:9, 6–8 seconds, authentic real-footage look, of the Maha Shivaratri festival as celebrated in Trimbakeshwar, Maharashtra. Celebration: Most important festival for Shiva devotees at Trimbakeshwar Jyotirlinga Temple. Midnight Nishita Kaal puja draws massive crowds.. Key visuals: night-long temple vigil — oil lamps and aarti flames before a Shiva shrine, bel leaves and milk offerings, chanting crowds, processions. clear late-winter light; show real people, actual rituals, decorations and crowds with genuine festive energy; vibrant true-to-life colour, natural handheld motion, shallow depth of field. No on-screen text, subtitles, captions, logos or watermarks; no distorted or extra faces/limbs; documentary realism, not cartoonish or AI-looking.","on-screen text, subtitles, captions, watermarks, logos, brand names, distorted faces, extra limbs, cartoonish, CGI sheen, oversaturated, low quality",https://pub-d8970c901de34c218926ebf4be1ed09a.r2.dev/destinations/trimbakeshwar.jpg,https://www.nakshiq.com/en/festivals/maha-shivaratri-trimbakeshwar
9067f420-410f-4f03-b768-0970b069e578,nashik-trimbakeshwar-simhastha-kumbh-mela,Nashik-Trimbakeshwar Simhastha Kumbh Mela,Trimbakeshwar,maharashtra,,,,kumbh-snan,yes,db-description,"Held every 12 years when Jupiter is in Leo. One of four traditional Kumbha Melas. Dual centers: Ramkund (Panchavati, Vaishnava) and Kushavarta (Trimbakeshwar, Shaiva). Single dip during Shahi Snan (royal bath) believed to grant Moksha.","Cinematic documentary-style video, 16:9, 6–8 seconds, authentic real-footage look, of the Nashik-Trimbakeshwar Simhastha Kumbh Mela as celebrated in Trimbakeshwar, Maharashtra. Celebration: Held every 12 years when Jupiter is in Leo. One of four traditional Kumbha Melas. Dual centers: Ramkund (Panchavati, Vaishnava) and Kushavarta (Trimbakeshwar, Shaiva). Single dip during Shahi Snan (royal bath) believed to grant Moksha.. Key visuals: vast sea of pilgrims and ash-smeared sadhus bathing at the river confluence at dawn, marigold offerings, saffron flags, mass devotion. natural daylight; show real people, actual rituals, decorations and crowds with genuine festive energy; vibrant true-to-life colour, natural handheld motion, shallow depth of field. No on-screen text, subtitles, captions, logos or watermarks; no distorted or extra faces/limbs; documentary realism, not cartoonish or AI-looking.","on-screen text, subtitles, captions, watermarks, logos, brand names, distorted faces, extra limbs, cartoonish, CGI sheen, oversaturated, low quality",https://pub-d8970c901de34c218926ebf4be1ed09a.r2.dev/destinations/trimbakeshwar.jpg,https://www.nakshiq.com/en/festivals/nashik-trimbakeshwar-simhastha-kumbh-mela
dcd4e560-b251-408a-aaf9-00521c9a41d5,maha-shivaratri-ujjain,Maha Shivaratri,Ujjain,madhya pradesh,2,February,February/March (Phalgun Krishna Chaturdashi),shivaratri,yes,db-description,"Night-long festival celebrating Lord Shiva at Mahakaleshwar Jyotirlinga. Marked by elaborate abhishek (ritual bathing), chanting of Vedic hymns, grand processions, and massive influx of pilgrims offering bilva leaves and holy water to the lingam. Bhasma Aarti slots sell out months in advance.","Cinematic documentary-style video, 16:9, 6–8 seconds, authentic real-footage look, of the Maha Shivaratri festival as celebrated in Ujjain, Madhya Pradesh. Celebration: Night-long festival celebrating Lord Shiva at Mahakaleshwar Jyotirlinga. Marked by elaborate abhishek (ritual bathing), chanting of Vedic hymns, grand processions, and massive influx of pilgrims offering bilva leaves and holy water to the lingam. Bhasma Aarti slots sell out months in advance.. Key visuals: night-long temple vigil — oil lamps and aarti flames before a Shiva shrine, bel leaves and milk offerings, chanting crowds, processions. clear late-winter light; show real people, actual rituals, decorations and crowds with genuine festive energy; vibrant true-to-life colour, natural handheld motion, shallow depth of field. No on-screen text, subtitles, captions, logos or watermarks; no distorted or extra faces/limbs; documentary realism, not cartoonish or AI-looking.","on-screen text, subtitles, captions, watermarks, logos, brand names, distorted faces, extra limbs, cartoonish, CGI sheen, oversaturated, low quality",https://pub-d8970c901de34c218926ebf4be1ed09a.r2.dev/destinations/ujjain.jpg,https://www.nakshiq.com/en/festivals/maha-shivaratri-ujjain
26e11693-c49e-444f-bd6f-83a1f1b1c645,simhastha-kumbh-mela,Simhastha Kumbh Mela,Ujjain,madhya pradesh,4,April,April-May (every 12 years; next in 2028: 27 March–27 May),kumbh-snan,yes,db-description,"One of four major Kumbh Melas in India, held in Ujjain when Jupiter enters Leo (Simha Rashi). Spans two months with three main Shahi Snan (sacred bathing) dates where hundreds of thousands of sadhus and pilgrims participate in grand processions and holy dips in the Shipra River, believed to cleanse the soul and lead to moksha.","Cinematic documentary-style video, 16:9, 6–8 seconds, authentic real-footage look, of the Simhastha Kumbh Mela as celebrated in Ujjain, Madhya Pradesh. Celebration: One of four major Kumbh Melas in India, held in Ujjain when Jupiter enters Leo (Simha Rashi). Spans two months with three main Shahi Snan (sacred bathing) dates where hundreds of thousands of sadhus and pilgrims participate in grand processions and holy dips in the Shipra River, believed to cleanse the soul and lead to moksha.. Key visuals: vast sea of pilgrims and ash-smeared sadhus bathing at the river confluence at dawn, marigold offerings, saffron flags, mass devotion. warm pre-summer light; show real people, actual rituals, decorations and crowds with genuine festive energy; vibrant true-to-life colour, natural handheld motion, shallow depth of field. No on-screen text, subtitles, captions, logos or watermarks; no distorted or extra faces/limbs; documentary realism, not cartoonish or AI-looking.","on-screen text, subtitles, captions, watermarks, logos, brand names, distorted faces, extra limbs, cartoonish, CGI sheen, oversaturated, low quality",https://pub-d8970c901de34c218926ebf4be1ed09a.r2.dev/destinations/ujjain.jpg,https://www.nakshiq.com/en/festivals/simhastha-kumbh-mela
b725bc3e-8ab3-4556-9751-3af5166bb3b5,maha-shivaratri-omkareshwar,Maha Shivaratri,Omkareshwar,madhya pradesh,2,February,February/March (Phalgun Krishna Chaturdashi),shivaratri,yes,db-description,"Festival at Omkareshwar Jyotirlinga on the Om-shaped island in the Narmada River. Marked by night-long abhishek, Vedic chanting, grand processions, and pilgrims offering prayers to Lord Shiva at this sacred Jyotirlinga.","Cinematic documentary-style video, 16:9, 6–8 seconds, authentic real-footage look, of the Maha Shivaratri festival as celebrated in Omkareshwar, Madhya Pradesh. Celebration: Festival at Omkareshwar Jyotirlinga on the Om-shaped island in the Narmada River. Marked by night-long abhishek, Vedic chanting, grand processions, and pilgrims offering prayers to Lord Shiva at this sacred Jyotirlinga.. Key visuals: night-long temple vigil — oil lamps and aarti flames before a Shiva shrine, bel leaves and milk offerings, chanting crowds, processions. clear late-winter light; show real people, actual rituals, decorations and crowds with genuine festive energy; vibrant true-to-life colour, natural handheld motion, shallow depth of field. No on-screen text, subtitles, captions, logos or watermarks; no distorted or extra faces/limbs; documentary realism, not cartoonish or AI-looking.","on-screen text, subtitles, captions, watermarks, logos, brand names, distorted faces, extra limbs, cartoonish, CGI sheen, oversaturated, low quality",https://pub-d8970c901de34c218926ebf4be1ed09a.r2.dev/destinations/omkareshwar.jpg,https://www.nakshiq.com/en/festivals/maha-shivaratri-omkareshwar
b10d2344-528d-4a4a-85d9-c8d335d31242,kartik-purnima-omkareshwar,Kartik Purnima,Omkareshwar,madhya pradesh,11,November,November (full moon in Kartik month),obscure,no,db-description,"Ten-day festival at Omkareshwar Jyotirlinga celebrated at the end of Chaturmas. A major fair is organized where devotees take holy dips in the Narmada River and offer prayers to Lord Shiva, making it a spiritually enriching experience for thousands of pilgrims.","Cinematic documentary-style video, 16:9, 6–8 seconds, authentic real-footage look, of the Kartik Purnima as celebrated in Omkareshwar, Madhya Pradesh. Celebration: Ten-day festival at Omkareshwar Jyotirlinga celebrated at the end of Chaturmas. A major fair is organized where devotees take holy dips in the Narmada River and offer prayers to Lord Shiva, making it a spiritually enriching experience for thousands of pilgrims.. cool early-winter light; show real people, actual rituals, decorations and crowds with genuine festive energy; vibrant true-to-life colour, natural handheld motion, shallow depth of field. No on-screen text, subtitles, captions, logos or watermarks; no distorted or extra faces/limbs; documentary realism, not cartoonish or AI-looking.","on-screen text, subtitles, captions, watermarks, logos, brand names, distorted faces, extra limbs, cartoonish, CGI sheen, oversaturated, low quality",https://pub-d8970c901de34c218926ebf4be1ed09a.r2.dev/destinations/omkareshwar.jpg,https://www.nakshiq.com/en/festivals/kartik-purnima-omkareshwar
aaa3705d-6c4b-4a9b-ba83-d473e67e6efc,tansen-samaroh,Tansen Samaroh,Gwalior,madhya pradesh,12,December,"December (typically mid-December, 4-day event)",obscure,no,db-description,"Annual music festival held near the tomb of Tansen in Behat village, Gwalior, honoring the legendary musician Sangeet Shiromani Tansen. Features performances by world-class vocal and instrumental artists, awards ceremony with National Tansen Samman and Raja Mansingh Tomar Samman presentations on the opening day. Celebrates classical Indian music legacy.","Cinematic documentary-style video, 16:9, 6–8 seconds, authentic real-footage look, of the Tansen Samaroh festival as celebrated in Gwalior, Madhya Pradesh. Celebration: Annual music festival held near the tomb of Tansen in Behat village, Gwalior, honoring the legendary musician Sangeet Shiromani Tansen. Features performances by world-class vocal and instrumental artists, awards ceremony with National Tansen Samman and Raja Mansingh Tomar Samman presentations on the opening day. Celebrates classical Indian music legacy.. cold winter light, long shadows; show real people, actual rituals, decorations and crowds with genuine festive energy; vibrant true-to-life colour, natural handheld motion, shallow depth of field. No on-screen text, subtitles, captions, logos or watermarks; no distorted or extra faces/limbs; documentary realism, not cartoonish or AI-looking.","on-screen text, subtitles, captions, watermarks, logos, brand names, distorted faces, extra limbs, cartoonish, CGI sheen, oversaturated, low quality",https://pub-d8970c901de34c218926ebf4be1ed09a.r2.dev/destinations/gwalior.jpg,https://www.nakshiq.com/en/festivals/tansen-samaroh
7559ec61-3a8b-4a5c-8c3b-30a6c40f53c7,mandu-festival,Mandu Festival,Mandu,madhya pradesh,1,January,January (typically early-to-mid January),obscure,no,db-description,"Five-day cultural and heritage festival showcasing Mandu's Afghan-era architecture and local traditions. Features adventure sports, cycling expeditions, live music concerts, local art and craft exhibitions, food stalls, poetry readings, nature trails, and architecture-themed activities celebrating the region's rich cultural heritage.","Cinematic documentary-style video, 16:9, 6–8 seconds, authentic real-footage look, of the Mandu Festival as celebrated in Mandu, Madhya Pradesh. Celebration: Five-day cultural and heritage festival showcasing Mandu's Afghan-era architecture and local traditions. Features adventure sports, cycling expeditions, live music concerts, local art and craft exhibitions, food stalls, poetry readings, nature trails, and architecture-themed activities celebrating the region's rich cultural heritage.. crisp winter daylight; show real people, actual rituals, decorations and crowds with genuine festive energy; vibrant true-to-life colour, natural handheld motion, shallow depth of field. No on-screen text, subtitles, captions, logos or watermarks; no distorted or extra faces/limbs; documentary realism, not cartoonish or AI-looking.","on-screen text, subtitles, captions, watermarks, logos, brand names, distorted faces, extra limbs, cartoonish, CGI sheen, oversaturated, low quality",https://pub-d8970c901de34c218926ebf4be1ed09a.r2.dev/destinations/mandu.jpg,https://www.nakshiq.com/en/festivals/mandu-festival
0ae42c3b-d794-4501-998d-fdc18d8c42f3,nagdwari-mela,Nagdwari Mela,Pachmarhi,madhya pradesh,11,November,November,obscure,no,db-description,"Festival celebrated in Pachmarhi dedicated to the worship of Nag Devata (serpent deity). Attracts thousands of tourists from Nagpur and Maharashtra who visit the fair to worship the serpent deity. Historically held during Nag Panchami (July-August), the festival timing has shifted to November in recent years.","Cinematic documentary-style video, 16:9, 6–8 seconds, authentic real-footage look, of the Nagdwari Mela as celebrated in Pachmarhi, Madhya Pradesh. Celebration: Festival celebrated in Pachmarhi dedicated to the worship of Nag Devata (serpent deity). Attracts thousands of tourists from Nagpur and Maharashtra who visit the fair to worship the serpent deity. Historically held during Nag Panchami (July-August), the festival timing has shifted to November in recent years.. cool early-winter light; show real people, actual rituals, decorations and crowds with genuine festive energy; vibrant true-to-life colour, natural handheld motion, shallow depth of field. No on-screen text, subtitles, captions, logos or watermarks; no distorted or extra faces/limbs; documentary realism, not cartoonish or AI-looking.","on-screen text, subtitles, captions, watermarks, logos, brand names, distorted faces, extra limbs, cartoonish, CGI sheen, oversaturated, low quality",https://pub-d8970c901de34c218926ebf4be1ed09a.r2.dev/destinations/pachmarhi.jpg,https://www.nakshiq.com/en/festivals/nagdwari-mela
1b4d5e9f-a718-42d7-9aed-cb9c6724ba17,buddha-purnima-sanchi,Buddha Purnima,Sanchi,madhya pradesh,5,May,May (full moon in Vaishakh month),obscure,no,db-description,"Festival at Sanchi Buddhist stupa celebrating Buddha's birth, enlightenment, and passing on the full moon day of Vaishakh month. Attracts monks and followers from Bhutan, China, Japan, Cambodia, and Sri Lanka who gather at this UNESCO World Heritage Site. District administration ensures comprehensive arrangements including security, cleanliness, water, and health facilities.","Cinematic documentary-style video, 16:9, 6–8 seconds, authentic real-footage look, of the Buddha Purnima as celebrated in Sanchi, Madhya Pradesh. Celebration: Festival at Sanchi Buddhist stupa celebrating Buddha's birth, enlightenment, and passing on the full moon day of Vaishakh month. Attracts monks and followers from Bhutan, China, Japan, Cambodia, and Sri Lanka who gather at this UNESCO World Heritage Site. District administration ensures comprehensive arrangements including security, cleanliness, water, and health facilities.. bright summer light; show real people, actual rituals, decorations and crowds with genuine festive energy; vibrant true-to-life colour, natural handheld motion, shallow depth of field. No on-screen text, subtitles, captions, logos or watermarks; no distorted or extra faces/limbs; documentary realism, not cartoonish or AI-looking.","on-screen text, subtitles, captions, watermarks, logos, brand names, distorted faces, extra limbs, cartoonish, CGI sheen, oversaturated, low quality",https://pub-d8970c901de34c218926ebf4be1ed09a.r2.dev/destinations/sanchi.jpg,https://www.nakshiq.com/en/festivals/buddha-purnima-sanchi
93d5b38b-dd98-4577-83dd-130639a38229,lokrang-festival,Lokrang Festival,Bhopal,madhya pradesh,1,January,January 26–30 (Republic Day week),obscure,no,db-description,"One of India's most anticipated cultural celebrations honoring tribal and folk traditions through music, dance, art, storytelling, and local cuisine. Held at Ravindra Bhavan Complex with performances, exhibitions, and cultural experiences reflecting rural and indigenous Indian heritage. Free admission. Running for over two decades.","Cinematic documentary-style video, 16:9, 6–8 seconds, authentic real-footage look, of the Lokrang Festival as celebrated in Bhopal, Madhya Pradesh. Celebration: One of India's most anticipated cultural celebrations honoring tribal and folk traditions through music, dance, art, storytelling, and local cuisine. Held at Ravindra Bhavan Complex with performances, exhibitions, and cultural experiences reflecting rural and indigenous Indian heritage. Free admission. Running for over two decades.. crisp winter daylight; show real people, actual rituals, decorations and crowds with genuine festive energy; vibrant true-to-life colour, natural handheld motion, shallow depth of field. No on-screen text, subtitles, captions, logos or watermarks; no distorted or extra faces/limbs; documentary realism, not cartoonish or AI-looking.","on-screen text, subtitles, captions, watermarks, logos, brand names, distorted faces, extra limbs, cartoonish, CGI sheen, oversaturated, low quality",https://pub-d8970c901de34c218926ebf4be1ed09a.r2.dev/destinations/bhopal.jpg,https://www.nakshiq.com/en/festivals/lokrang-festival
773f879e-6de2-430a-886f-bfa1012df6ef,vel-vel-festival,Vel Vel Festival,Moreh,manipur,,,"Annual, month varies",obscure,no,db-description,"Also known as the Fire Walking Festival, this unique celebration showcases the syncretic traditions of the Moreh border town, drawing participation from Tamils, Meiteis, Burmese, and other communities. The festival traditionally features a fire-walking ceremony (barefoot walking over burning coal) as its defining ritual, though this was suspended after 2024 due to ethnic tensions.","Cinematic documentary-style video, 16:9, 6–8 seconds, authentic real-footage look, of the Vel Vel Festival as celebrated in Moreh, Manipur. Celebration: Also known as the Fire Walking Festival, this unique celebration showcases the syncretic traditions of the Moreh border town, drawing participation from Tamils, Meiteis, Burmese, and other communities. The festival traditionally features a fire-walking ceremony (barefoot walking over burning coal) as its defining ritual, though this was suspended after 2024 due to ethnic tensions.. natural daylight; show real people, actual rituals, decorations and crowds with genuine festive energy; vibrant true-to-life colour, natural handheld motion, shallow depth of field. No on-screen text, subtitles, captions, logos or watermarks; no distorted or extra faces/limbs; documentary realism, not cartoonish or AI-looking.","on-screen text, subtitles, captions, watermarks, logos, brand names, distorted faces, extra limbs, cartoonish, CGI sheen, oversaturated, low quality",https://pub-d8970c901de34c218926ebf4be1ed09a.r2.dev/destinations/moreh.jpg,https://www.nakshiq.com/en/festivals/vel-vel-festival
3db45403-b4d5-4999-9dc0-e0652b6f7a6f,gaan-ngai,Gaan-Ngai,Tamenglong,manipur,2,February,February 15 (Lui-Ngai-Ni universal date for Zeliangrong),obscure,no,db-description,"The New Year and post-harvest festival of the Zeliangrong people (Zeme, Rongmei, Liangmai, Inpui tribes). Gaan-Ngai lasts five days and marks the closing of the old year and arrival of the new one. The festival carries hopes for peace and prosperity.","Cinematic documentary-style video, 16:9, 6–8 seconds, authentic real-footage look, of the Gaan-Ngai festival as celebrated in Tamenglong, Manipur. Celebration: The New Year and post-harvest festival of the Zeliangrong people (Zeme, Rongmei, Liangmai, Inpui tribes). Gaan-Ngai lasts five days and marks the closing of the old year and arrival of the new one. The festival carries hopes for peace and prosperity.. clear late-winter light; show real people, actual rituals, decorations and crowds with genuine festive energy; vibrant true-to-life colour, natural handheld motion, shallow depth of field. No on-screen text, subtitles, captions, logos or watermarks; no distorted or extra faces/limbs; documentary realism, not cartoonish or AI-looking.","on-screen text, subtitles, captions, watermarks, logos, brand names, distorted faces, extra limbs, cartoonish, CGI sheen, oversaturated, low quality",https://pub-d8970c901de34c218926ebf4be1ed09a.r2.dev/destinations/tamenglong.jpg,https://www.nakshiq.com/en/festivals/gaan-ngai
be8da774-2772-4fe9-9375-5352ef22a7b6,orange-festival,Orange Festival,Tamenglong,manipur,12,December,December (around mid-month),obscure,no,db-description,"Annual state-level festival celebrating Tamenglong's position as Manipur's largest orange producer. The festival features over 300 orange growers and exhibitors competing for prizes, with the winning orange receiving Rs 2,00,000. Cultural activities include traditional dances, tug-of-war, indigenous wrestling, traditional fire-making show, and folk song presentations.","Cinematic documentary-style video, 16:9, 6–8 seconds, authentic real-footage look, of the Orange Festival as celebrated in Tamenglong, Manipur. Celebration: Annual state-level festival celebrating Tamenglong's position as Manipur's largest orange producer. The festival features over 300 orange growers and exhibitors competing for prizes, with the winning orange receiving Rs 2,00,000. Cultural activities include traditional dances, tug-of-war, indigenous wrestling, traditional fire-making show, and folk song presentations.. cold winter light, long shadows; show real people, actual rituals, decorations and crowds with genuine festive energy; vibrant true-to-life colour, natural handheld motion, shallow depth of field. No on-screen text, subtitles, captions, logos or watermarks; no distorted or extra faces/limbs; documentary realism, not cartoonish or AI-looking.","on-screen text, subtitles, captions, watermarks, logos, brand names, distorted faces, extra limbs, cartoonish, CGI sheen, oversaturated, low quality",https://pub-d8970c901de34c218926ebf4be1ed09a.r2.dev/destinations/tamenglong.jpg,https://www.nakshiq.com/en/festivals/orange-festival
28fa1aa1-8812-47f9-adeb-8a4e2de7d46a,shirui-lily-festival,Shirui Lily Festival,Ukhrul,manipur,5,May,Last week of May through second week of June,obscure,no,db-description,"Five-day cultural and ecological festival celebrating the delicate and endangered Lilium Mackliniae, which blooms only in the Shirui Hills of Ukhrul. The festival honors Manipur's state flower (declared in 1989) and showcases Tangkhul Naga culture. Activities include a Shirui Lily Literature Festival, trash collection marathon, traditional weaving exhibitions, SheChef cooking competition, drone light shows, and the Miss Shirui Lily pageant.","Cinematic documentary-style video, 16:9, 6–8 seconds, authentic real-footage look, of the Shirui Lily Festival as celebrated in Ukhrul, Manipur. Celebration: Five-day cultural and ecological festival celebrating the delicate and endangered Lilium Mackliniae, which blooms only in the Shirui Hills of Ukhrul. The festival honors Manipur's state flower (declared in 1989) and showcases Tangkhul Naga culture. Activities include a Shirui Lily Literature Festival, trash collection marathon, traditional weaving exhibitions, SheChef cooking competition, drone light shows, and the Miss Shirui Lily pageant.. bright summer light; show real people, actual rituals, decorations and crowds with genuine festive energy; vibrant true-to-life colour, natural handheld motion, shallow depth of field. No on-screen text, subtitles, captions, logos or watermarks; no distorted or extra faces/limbs; documentary realism, not cartoonish or AI-looking.","on-screen text, subtitles, captions, watermarks, logos, brand names, distorted faces, extra limbs, cartoonish, CGI sheen, oversaturated, low quality",https://pub-d8970c901de34c218926ebf4be1ed09a.r2.dev/destinations/ukhrul.jpg,https://www.nakshiq.com/en/festivals/shirui-lily-festival
08ff2640-b9e3-409c-89a0-825d9d6e4407,luira-phanit,Luira Phanit,Ukhrul,manipur,2,February,"February 15 (Lui-Ngai-Ni, the universal Naga date), also celebrated Jan-Mar depending on village traditions",obscure,no,db-description,"The New Year and seed-sowing festival of the Tangkhul Naga tribe, marking the onset of the agricultural season. Luira Phanit (from 'Lui' = field, 'ra' = dig, 'phanit' = festival) invokes the Almighty's blessings for crops and prosperity. The festival features indigenous games, music, dance, folk performances, and the significant Luithui Khami ritual where the Awunga (chief) and Awungva (chief queen) perform the first seed-sowing, after which villagers are permitted to sow their own seeds.","Cinematic documentary-style video, 16:9, 6–8 seconds, authentic real-footage look, of the Luira Phanit festival as celebrated in Ukhrul, Manipur. Celebration: The New Year and seed-sowing festival of the Tangkhul Naga tribe, marking the onset of the agricultural season. Luira Phanit (from 'Lui' = field, 'ra' = dig, 'phanit' = festival) invokes the Almighty's blessings for crops and prosperity. The festival features indigenous games, music, dance, folk performances, and the significant Luithui Khami ritual where the Awunga (chief) and Awungva (chief queen) perform the first seed-sowing, after which villagers are permitted to sow their own seeds.. clear late-winter light; show real people, actual rituals, decorations and crowds with genuine festive energy; vibrant true-to-life colour, natural handheld motion, shallow depth of field. No on-screen text, subtitles, captions, logos or watermarks; no distorted or extra faces/limbs; documentary realism, not cartoonish or AI-looking.","on-screen text, subtitles, captions, watermarks, logos, brand names, distorted faces, extra limbs, cartoonish, CGI sheen, oversaturated, low quality",https://pub-d8970c901de34c218926ebf4be1ed09a.r2.dev/destinations/ukhrul.jpg,https://www.nakshiq.com/en/festivals/luira-phanit
e7157127-2e52-414d-801f-b7e17305e13c,monolith-festival,Monolith Festival,Mawphlang,meghalaya,,,Variable (October and March observed; timing differs by year),obscure,no,db-description,"Three-day festival held at Mawphlang Sacred Groves celebrating Khasi heritage, culture, and the ancient stone monoliths ('mawbynnas') that mark spiritual points in the forest. The festival features soulful and mesmerizing music, traditional Khasi rituals, and cultural performances. The Mawphlang Sacred Forest itself dates back over 800 years and is the oldest and largest sacred forest for the Khasi tribes.","Cinematic documentary-style video, 16:9, 6–8 seconds, authentic real-footage look, of the Monolith Festival as celebrated in Mawphlang, Meghalaya. Celebration: Three-day festival held at Mawphlang Sacred Groves celebrating Khasi heritage, culture, and the ancient stone monoliths ('mawbynnas') that mark spiritual points in the forest. The festival features soulful and mesmerizing music, traditional Khasi rituals, and cultural performances. The Mawphlang Sacred Forest itself dates back over 800 years and is the oldest and largest sacred forest for the Khasi tribes.. natural daylight; show real people, actual rituals, decorations and crowds with genuine festive energy; vibrant true-to-life colour, natural handheld motion, shallow depth of field. No on-screen text, subtitles, captions, logos or watermarks; no distorted or extra faces/limbs; documentary realism, not cartoonish or AI-looking.","on-screen text, subtitles, captions, watermarks, logos, brand names, distorted faces, extra limbs, cartoonish, CGI sheen, oversaturated, low quality",https://pub-d8970c901de34c218926ebf4be1ed09a.r2.dev/destinations/mawphlang.jpg,https://www.nakshiq.com/en/festivals/monolith-festival
b799ee68-5843-4d87-8384-f64c820c06db,hnahsin-kut-cosmos-festival,Hnahsin Kut (Cosmos Festival),Champhai,mizoram,10,October,October,obscure,no,db-description,"An eco-tourism festival celebrating the blooming of the native cosmos flower (hnahsin) in Champhai. The festival transforms the region into a sea of pinks, purples, and whites, featuring flower exhibitions, paragliding, cultural performances, artisan markets, and traditional food stalls showcasing Mizo culture and handicrafts.","Cinematic documentary-style video, 16:9, 6–8 seconds, authentic real-footage look, of the Hnahsin Kut (Cosmos Festival) as celebrated in Champhai, Mizoram. Celebration: An eco-tourism festival celebrating the blooming of the native cosmos flower (hnahsin) in Champhai. The festival transforms the region into a sea of pinks, purples, and whites, featuring flower exhibitions, paragliding, cultural performances, artisan markets, and traditional food stalls showcasing Mizo culture and handicrafts.. golden autumn light; show real people, actual rituals, decorations and crowds with genuine festive energy; vibrant true-to-life colour, natural handheld motion, shallow depth of field. No on-screen text, subtitles, captions, logos or watermarks; no distorted or extra faces/limbs; documentary realism, not cartoonish or AI-looking.","on-screen text, subtitles, captions, watermarks, logos, brand names, distorted faces, extra limbs, cartoonish, CGI sheen, oversaturated, low quality",https://pub-d8970c901de34c218926ebf4be1ed09a.r2.dev/destinations/champhai.jpg,https://www.nakshiq.com/en/festivals/hnahsin-kut-cosmos-festival
b22ffbf5-396b-45a4-bf42-c19e46f15ef3,leitlangpui-music-festival,Leitlangpui Music Festival,Lunglei,mizoram,11,November,November 13-15,obscure,no,db-description,"A three-day music and cultural festival held in Lunglei celebrating Mizo art, culture, and music. Features the Leitlangpui Band Contest, Hathkargha Mela State Handloom Expo, traditional musical and cultural performances, and opportunities to experience local entrepreneurship and tourism promotion.","Cinematic documentary-style video, 16:9, 6–8 seconds, authentic real-footage look, of the Leitlangpui Music Festival as celebrated in Lunglei, Mizoram. Celebration: A three-day music and cultural festival held in Lunglei celebrating Mizo art, culture, and music. Features the Leitlangpui Band Contest, Hathkargha Mela State Handloom Expo, traditional musical and cultural performances, and opportunities to experience local entrepreneurship and tourism promotion.. cool early-winter light; show real people, actual rituals, decorations and crowds with genuine festive energy; vibrant true-to-life colour, natural handheld motion, shallow depth of field. No on-screen text, subtitles, captions, logos or watermarks; no distorted or extra faces/limbs; documentary realism, not cartoonish or AI-looking.","on-screen text, subtitles, captions, watermarks, logos, brand names, distorted faces, extra limbs, cartoonish, CGI sheen, oversaturated, low quality",https://pub-d8970c901de34c218926ebf4be1ed09a.r2.dev/destinations/lunglei.jpg,https://www.nakshiq.com/en/festivals/leitlangpui-music-festival
b55a33e0-97aa-4941-86f0-74aa7729fce1,sekrenyi-khonoma,Sekrenyi,Khonoma,nagaland,2,February,February 25,obscure,no,db-description,"A ten-day purification festival of the Angami Naga people held in Khonoma and surrounding Angami villages. The festival involves ceremonial cleansing of the body and soul to wash away past sins, renewal rituals, initiation of young people to adulthood, and community unification. Represents an identity marker of the Angami people with deep spiritual and social significance.","Cinematic documentary-style video, 16:9, 6–8 seconds, authentic real-footage look, of the Sekrenyi festival as celebrated in Khonoma, Nagaland. Celebration: A ten-day purification festival of the Angami Naga people held in Khonoma and surrounding Angami villages. The festival involves ceremonial cleansing of the body and soul to wash away past sins, renewal rituals, initiation of young people to adulthood, and community unification. Represents an identity marker of the Angami people with deep spiritual and social significance.. clear late-winter light; show real people, actual rituals, decorations and crowds with genuine festive energy; vibrant true-to-life colour, natural handheld motion, shallow depth of field. No on-screen text, subtitles, captions, logos or watermarks; no distorted or extra faces/limbs; documentary realism, not cartoonish or AI-looking.","on-screen text, subtitles, captions, watermarks, logos, brand names, distorted faces, extra limbs, cartoonish, CGI sheen, oversaturated, low quality",https://pub-d8970c901de34c218926ebf4be1ed09a.r2.dev/destinations/khonoma.jpg,https://www.nakshiq.com/en/festivals/sekrenyi-khonoma
c8597c3e-0f7b-4f50-b369-4712a999378d,mongmong-festival,Mongmong Festival,Kiphire,nagaland,9,September,September 1-6,obscure,no,db-description,"A six-day harvest festival celebrated by the Sangtam Naga tribe in Kiphire. Mongmong means 'Togetherness Forever' and involves various rituals, traditional dances, feasts, and thanksgiving ceremonies to honor the gods for a bountiful harvest of crops.","Cinematic documentary-style video, 16:9, 6–8 seconds, authentic real-footage look, of the Mongmong Festival as celebrated in Kiphire, Nagaland. Celebration: A six-day harvest festival celebrated by the Sangtam Naga tribe in Kiphire. Mongmong means 'Togetherness Forever' and involves various rituals, traditional dances, feasts, and thanksgiving ceremonies to honor the gods for a bountiful harvest of crops.. clear post-monsoon light; show real people, actual rituals, decorations and crowds with genuine festive energy; vibrant true-to-life colour, natural handheld motion, shallow depth of field. No on-screen text, subtitles, captions, logos or watermarks; no distorted or extra faces/limbs; documentary realism, not cartoonish or AI-looking.","on-screen text, subtitles, captions, watermarks, logos, brand names, distorted faces, extra limbs, cartoonish, CGI sheen, oversaturated, low quality",https://pub-d8970c901de34c218926ebf4be1ed09a.r2.dev/destinations/kiphire.jpg,https://www.nakshiq.com/en/festivals/mongmong-festival
4f7879d4-1703-45a9-912a-059496dd0fbf,metemneo-festival,Metemneo Festival,Kiphire,nagaland,8,August,August (second week),obscure,no,db-description,"A five-day harvest festival celebrated by the Yimchunger Naga tribe in Kiphire after the millet crop harvest. Features traditional rituals praying for the souls of the departed, traditional dances, and young people engagement ceremonies, reflecting the community's spiritual and social bonds.","Cinematic documentary-style video, 16:9, 6–8 seconds, authentic real-footage look, of the Metemneo Festival as celebrated in Kiphire, Nagaland. Celebration: A five-day harvest festival celebrated by the Yimchunger Naga tribe in Kiphire after the millet crop harvest. Features traditional rituals praying for the souls of the departed, traditional dances, and young people engagement ceremonies, reflecting the community's spiritual and social bonds.. monsoon light, lush greens; show real people, actual rituals, decorations and crowds with genuine festive energy; vibrant true-to-life colour, natural handheld motion, shallow depth of field. No on-screen text, subtitles, captions, logos or watermarks; no distorted or extra faces/limbs; documentary realism, not cartoonish or AI-looking.","on-screen text, subtitles, captions, watermarks, logos, brand names, distorted faces, extra limbs, cartoonish, CGI sheen, oversaturated, low quality",https://pub-d8970c901de34c218926ebf4be1ed09a.r2.dev/destinations/kiphire.jpg,https://www.nakshiq.com/en/festivals/metemneo-festival
7a5ee5ec-b5b5-4bfc-bb93-3024084f0db0,orange-and-tourism-festival,Orange and Tourism Festival,Jampui Hills,tripura,11,November,November,obscure,no,db-description,"An annual celebration held at Jampui Hills to honor the successful orange harvest. Features orange picking, cultural performances by local communities, traditional food stalls, grand fair with handicraft exhibitions (Tibetan crafts, handlooms), tea and coffee sales, and arrangement of oranges in sculptural patterns depicting wildlife and Indian monuments. Also offers adventure sports including paragliding, trekking, cycling, and zip-lining.","Cinematic documentary-style video, 16:9, 6–8 seconds, authentic real-footage look, of the Orange and Tourism Festival as celebrated in Jampui Hills, Tripura. Celebration: An annual celebration held at Jampui Hills to honor the successful orange harvest. Features orange picking, cultural performances by local communities, traditional food stalls, grand fair with handicraft exhibitions (Tibetan crafts, handlooms), tea and coffee sales, and arrangement of oranges in sculptural patterns depicting wildlife and Indian monuments. Also offers adventure sports including paragliding, trekking, cycling, and zip-lining.. cool early-winter light; show real people, actual rituals, decorations and crowds with genuine festive energy; vibrant true-to-life colour, natural handheld motion, shallow depth of field. No on-screen text, subtitles, captions, logos or watermarks; no distorted or extra faces/limbs; documentary realism, not cartoonish or AI-looking.","on-screen text, subtitles, captions, watermarks, logos, brand names, distorted faces, extra limbs, cartoonish, CGI sheen, oversaturated, low quality",https://pub-d8970c901de34c218926ebf4be1ed09a.r2.dev/destinations/jampui-hills.jpg,https://www.nakshiq.com/en/festivals/orange-and-tourism-festival
75dbbca6-ce12-472b-8c8c-8ec2e10035c5,neermahal-water-festival-boat-race,Neermahal Water Festival - Boat Race,Neermahal,tripura,8,August,August,onam-boatrace,yes,db-description,"An annual water festival held on Rudrasagar Lake featuring thrilling boat races with vibrantly decorated traditional boats. Teams row in unison in competitive races, with approximately 10 boats competing simultaneously. The festival also includes swimming competitions and cultural performances, drawing crowds to celebrate the region's aquatic heritage against the backdrop of the Neermahal water palace.","Cinematic documentary-style video, 16:9, 6–8 seconds, authentic real-footage look, of the Neermahal Water Festival - Boat Race as celebrated in Neermahal, Tripura. Celebration: An annual water festival held on Rudrasagar Lake featuring thrilling boat races with vibrantly decorated traditional boats. Teams row in unison in competitive races, with approximately 10 boats competing simultaneously. The festival also includes swimming competitions and cultural performances, drawing crowds to celebrate the region's aquatic heritage against the backdrop of the Neermahal water palace.. Key visuals: long snake-boats with dozens of rowers paddling in perfect sync, helmsman urging them on, cheering crowds along the backwater; pookalam flower carpets. monsoon light, lush greens; show real people, actual rituals, decorations and crowds with genuine festive energy; vibrant true-to-life colour, natural handheld motion, shallow depth of field. No on-screen text, subtitles, captions, logos or watermarks; no distorted or extra faces/limbs; documentary realism, not cartoonish or AI-looking.","on-screen text, subtitles, captions, watermarks, logos, brand names, distorted faces, extra limbs, cartoonish, CGI sheen, oversaturated, low quality",https://pub-d8970c901de34c218926ebf4be1ed09a.r2.dev/destinations/neermahal.jpg,https://www.nakshiq.com/en/festivals/neermahal-water-festival-boat-race
ad9b425c-7dd3-469e-a0db-5698fb4460b3,ashokastami-mela,Ashokastami Mela,Unakoti,tripura,4,April,April,obscure,no,db-description,"An annual pilgrimage fair held at the rock-cut Shaiva shrine of Unakoti attracting tens of thousands of devotees. The primary ritual centers on taking a holy dip at Ashtamikunda, considered highly auspicious for good fortune. The festival features music performances, traditional folk dance, cultural celebrations, and local food stalls. Devotees from various religions and castes congregate to honor the sacred site and its ancient rock-cut sculptures.","Cinematic documentary-style video, 16:9, 6–8 seconds, authentic real-footage look, of the Ashokastami Mela as celebrated in Unakoti, Tripura. Celebration: An annual pilgrimage fair held at the rock-cut Shaiva shrine of Unakoti attracting tens of thousands of devotees. The primary ritual centers on taking a holy dip at Ashtamikunda, considered highly auspicious for good fortune. The festival features music performances, traditional folk dance, cultural celebrations, and local food stalls. Devotees from various religions and castes congregate to honor the sacred site and its ancient rock-cut sculptures.. warm pre-summer light; show real people, actual rituals, decorations and crowds with genuine festive energy; vibrant true-to-life colour, natural handheld motion, shallow depth of field. No on-screen text, subtitles, captions, logos or watermarks; no distorted or extra faces/limbs; documentary realism, not cartoonish or AI-looking.","on-screen text, subtitles, captions, watermarks, logos, brand names, distorted faces, extra limbs, cartoonish, CGI sheen, oversaturated, low quality",https://pub-d8970c901de34c218926ebf4be1ed09a.r2.dev/destinations/unakoti.jpg,https://www.nakshiq.com/en/festivals/ashokastami-mela
a8fce5df-b847-4480-a76f-cb06d0650dc0,dhauli-kalinga-mahotsav,Dhauli Kalinga Mahotsav,Dhauli,odisha,2,February,2-5 Feb,obscure,no,db-description,"Classical, folk, and martial dance festival held at the Peace Pagoda (Shanti Stupa) on Dhauli Hill. Features performances from classical dance forms and the distinctive Odissi and martial traditions, organized jointly by Odisha Culture & Tourism and Odisha Dance Academy.","Cinematic documentary-style video, 16:9, 6–8 seconds, authentic real-footage look, of the Dhauli Kalinga Mahotsav as celebrated in Dhauli, Odisha. Celebration: Classical, folk, and martial dance festival held at the Peace Pagoda (Shanti Stupa) on Dhauli Hill. Features performances from classical dance forms and the distinctive Odissi and martial traditions, organized jointly by Odisha Culture & Tourism and Odisha Dance Academy.. clear late-winter light; show real people, actual rituals, decorations and crowds with genuine festive energy; vibrant true-to-life colour, natural handheld motion, shallow depth of field. No on-screen text, subtitles, captions, logos or watermarks; no distorted or extra faces/limbs; documentary realism, not cartoonish or AI-looking.","on-screen text, subtitles, captions, watermarks, logos, brand names, distorted faces, extra limbs, cartoonish, CGI sheen, oversaturated, low quality",https://pub-d8970c901de34c218926ebf4be1ed09a.r2.dev/destinations/dhauli.jpg,https://www.nakshiq.com/en/festivals/dhauli-kalinga-mahotsav
bb6e25e7-e00c-4e26-b53d-fb731ef4de43,buddha-purnima-dhauli,Buddha Purnima,Dhauli,odisha,5,May,First full moon of Vaisakha (May),obscure,no,db-description,"Major Buddhist pilgrimage at Dhauli Shanti Stupa marking the birth, enlightenment, and death of Gautama Buddha. Buddhists from across India and the world gather to pay respects at this sacred location.","Cinematic documentary-style video, 16:9, 6–8 seconds, authentic real-footage look, of the Buddha Purnima as celebrated in Dhauli, Odisha. Celebration: Major Buddhist pilgrimage at Dhauli Shanti Stupa marking the birth, enlightenment, and death of Gautama Buddha. Buddhists from across India and the world gather to pay respects at this sacred location.. bright summer light; show real people, actual rituals, decorations and crowds with genuine festive energy; vibrant true-to-life colour, natural handheld motion, shallow depth of field. No on-screen text, subtitles, captions, logos or watermarks; no distorted or extra faces/limbs; documentary realism, not cartoonish or AI-looking.","on-screen text, subtitles, captions, watermarks, logos, brand names, distorted faces, extra limbs, cartoonish, CGI sheen, oversaturated, low quality",https://pub-d8970c901de34c218926ebf4be1ed09a.r2.dev/destinations/dhauli.jpg,https://www.nakshiq.com/en/festivals/buddha-purnima-dhauli
6c4f4dd5-be82-4008-bab2-2eb0640c4137,nrusingha-chaturdasi-baisakh-mela,Nrusingha Chaturdasi (Baisakh Mela),Nrusinghanath & Harishankar,odisha,5,May,14th day of Vaisakha (May),obscure,no,db-description,"Annual fair and pilgrimage event at Nrusinghanath Temple on the Gandhamardan hills, celebrating the divine incarnation of Lord Nrusimhanath. Attracts thousands of pilgrims from across Odisha and neighboring states. Pilgrims trek the 16 km connection between the twin temples (Nrusinghanath in Bargarh and Harishankar in Balangir).","Cinematic documentary-style video, 16:9, 6–8 seconds, authentic real-footage look, of the Nrusingha Chaturdasi (Baisakh Mela) as celebrated in Nrusinghanath & Harishankar, Odisha. Celebration: Annual fair and pilgrimage event at Nrusinghanath Temple on the Gandhamardan hills, celebrating the divine incarnation of Lord Nrusimhanath. Attracts thousands of pilgrims from across Odisha and neighboring states. Pilgrims trek the 16 km connection between the twin temples (Nrusinghanath in Bargarh and Harishankar in Balangir).. bright summer light; show real people, actual rituals, decorations and crowds with genuine festive energy; vibrant true-to-life colour, natural handheld motion, shallow depth of field. No on-screen text, subtitles, captions, logos or watermarks; no distorted or extra faces/limbs; documentary realism, not cartoonish or AI-looking.","on-screen text, subtitles, captions, watermarks, logos, brand names, distorted faces, extra limbs, cartoonish, CGI sheen, oversaturated, low quality",https://pub-d8970c901de34c218926ebf4be1ed09a.r2.dev/destinations/nrusinghanath-harishankar.jpg,https://www.nakshiq.com/en/festivals/nrusingha-chaturdasi-baisakh-mela
4110afe3-d0a8-47e3-9570-1230e5ea7eae,chandipur-beach-festival,Chandipur Beach Festival,Chandipur,odisha,1,January,7-10 Jan,obscure,no,db-description,"Four-day Golden Beach Festival celebrating Odisha's coastal culture through traditional music, classical and folk dance (Chhau, Kathak, Bharatnatyam, Odissi), handicraft exhibitions, and local sports. Features performances by local and national artists.","Cinematic documentary-style video, 16:9, 6–8 seconds, authentic real-footage look, of the Chandipur Beach Festival as celebrated in Chandipur, Odisha. Celebration: Four-day Golden Beach Festival celebrating Odisha's coastal culture through traditional music, classical and folk dance (Chhau, Kathak, Bharatnatyam, Odissi), handicraft exhibitions, and local sports. Features performances by local and national artists.. crisp winter daylight; show real people, actual rituals, decorations and crowds with genuine festive energy; vibrant true-to-life colour, natural handheld motion, shallow depth of field. No on-screen text, subtitles, captions, logos or watermarks; no distorted or extra faces/limbs; documentary realism, not cartoonish or AI-looking.","on-screen text, subtitles, captions, watermarks, logos, brand names, distorted faces, extra limbs, cartoonish, CGI sheen, oversaturated, low quality",https://pub-d8970c901de34c218926ebf4be1ed09a.r2.dev/destinations/chandipur.jpg,https://www.nakshiq.com/en/festivals/chandipur-beach-festival
43323251-1334-4a5a-aeda-443fe1ea8d92,gopalpur-beach-festival,Gopalpur Beach Festival,Gopalpur-on-Sea,odisha,1,January,27-30 Jan,obscure,no,db-description,"Four-day coastal celebration blending tradition, culture, and modernity at this historic beach in Ganjam district. Features the first-ever Sea Aarti ceremony performed by Varanasi saints, torch processions from local temples, Star Nights with Bollywood and Odissi performances, traditional dances (Sambalpuri, Kuchipudi, Ghumura), and Pallishree Mela with 250+ handicraft and food stalls.","Cinematic documentary-style video, 16:9, 6–8 seconds, authentic real-footage look, of the Gopalpur Beach Festival as celebrated in Gopalpur-on-Sea, Odisha. Celebration: Four-day coastal celebration blending tradition, culture, and modernity at this historic beach in Ganjam district. Features the first-ever Sea Aarti ceremony performed by Varanasi saints, torch processions from local temples, Star Nights with Bollywood and Odissi performances, traditional dances (Sambalpuri, Kuchipudi, Ghumura), and Pallishree Mela with 250+ handicraft and food stalls.. crisp winter daylight; show real people, actual rituals, decorations and crowds with genuine festive energy; vibrant true-to-life colour, natural handheld motion, shallow depth of field. No on-screen text, subtitles, captions, logos or watermarks; no distorted or extra faces/limbs; documentary realism, not cartoonish or AI-looking.","on-screen text, subtitles, captions, watermarks, logos, brand names, distorted faces, extra limbs, cartoonish, CGI sheen, oversaturated, low quality",https://pub-d8970c901de34c218926ebf4be1ed09a.r2.dev/destinations/gopalpur-on-sea.jpg,https://www.nakshiq.com/en/festivals/gopalpur-beach-festival
a5c1aa34-0e18-4a50-b0a2-25675ad326a8,chaitra-mela,Chaitra Mela,Talasari,odisha,4,April,13 days in Chaitra (April),obscure,no,db-description,Annual pilgrimage festival held in the nearby village of Chandaneswar featuring worship at the ancient Shiva temple during the Hindu month of Chaitra. Thousands of devotees gather for ritual worship and fair celebrations.,"Cinematic documentary-style video, 16:9, 6–8 seconds, authentic real-footage look, of the Chaitra Mela as celebrated in Talasari, Odisha. Celebration: Annual pilgrimage festival held in the nearby village of Chandaneswar featuring worship at the ancient Shiva temple during the Hindu month of Chaitra. Thousands of devotees gather for ritual worship and fair celebrations.. warm pre-summer light; show real people, actual rituals, decorations and crowds with genuine festive energy; vibrant true-to-life colour, natural handheld motion, shallow depth of field. No on-screen text, subtitles, captions, logos or watermarks; no distorted or extra faces/limbs; documentary realism, not cartoonish or AI-looking.","on-screen text, subtitles, captions, watermarks, logos, brand names, distorted faces, extra limbs, cartoonish, CGI sheen, oversaturated, low quality",https://pub-d8970c901de34c218926ebf4be1ed09a.r2.dev/destinations/talasari.jpg,https://www.nakshiq.com/en/festivals/chaitra-mela
4ea97881-4216-44c5-b71f-a08329b55b7d,dubdi-monastery-festival,Dubdi Monastery Festival,Yuksom,sikkim,2,February,February (15th day of 1st Tibetan lunar month),monastery-cham,yes,db-description,"Annual festival at Dubdi Monastery, the oldest monastery in Sikkim (established 1701), located above Yuksom. Features Buddhist rituals and celebrations marking the Buddhist calendar with prayers performed by monks.","Cinematic documentary-style video, 16:9, 6–8 seconds, authentic real-footage look, of the Dubdi Monastery Festival as celebrated in Yuksom, Sikkim. Celebration: Annual festival at Dubdi Monastery, the oldest monastery in Sikkim (established 1701), located above Yuksom. Features Buddhist rituals and celebrations marking the Buddhist calendar with prayers performed by monks.. Key visuals: masked Buddhist monks in brocade robes performing the whirling Cham dance in a monastery courtyard, long dungchen horns, drums, prayer flags, seated crowds. clear late-winter light; show real people, actual rituals, decorations and crowds with genuine festive energy; vibrant true-to-life colour, natural handheld motion, shallow depth of field. No on-screen text, subtitles, captions, logos or watermarks; no distorted or extra faces/limbs; documentary realism, not cartoonish or AI-looking.","on-screen text, subtitles, captions, watermarks, logos, brand names, distorted faces, extra limbs, cartoonish, CGI sheen, oversaturated, low quality",https://pub-d8970c901de34c218926ebf4be1ed09a.r2.dev/destinations/yuksom.jpg,https://www.nakshiq.com/en/festivals/dubdi-monastery-festival
16020a04-7dd4-445b-b622-e62964c44fb3,pang-lhabsol-namchi,Pang Lhabsol,Namchi,sikkim,9,September,Late August / Early September (15th day of 7th Tibetan lunar month),obscure,no,db-description,"Festival honoring Mount Khangchendzonga, the guardian deity of Sikkim. Celebrated at Samdruptse Monastery in Namchi with masked Cham dances, religious ceremonies, and fireworks. Commemorates the consecration of Khangchendzonga and the Treaty of brotherhood among Lepchas and Bhutias.","Cinematic documentary-style video, 16:9, 6–8 seconds, authentic real-footage look, of the Pang Lhabsol festival as celebrated in Namchi, Sikkim. Celebration: Festival honoring Mount Khangchendzonga, the guardian deity of Sikkim. Celebrated at Samdruptse Monastery in Namchi with masked Cham dances, religious ceremonies, and fireworks. Commemorates the consecration of Khangchendzonga and the Treaty of brotherhood among Lepchas and Bhutias.. clear post-monsoon light; show real people, actual rituals, decorations and crowds with genuine festive energy; vibrant true-to-life colour, natural handheld motion, shallow depth of field. No on-screen text, subtitles, captions, logos or watermarks; no distorted or extra faces/limbs; documentary realism, not cartoonish or AI-looking.","on-screen text, subtitles, captions, watermarks, logos, brand names, distorted faces, extra limbs, cartoonish, CGI sheen, oversaturated, low quality",https://pub-d8970c901de34c218926ebf4be1ed09a.r2.dev/destinations/namchi.jpg,https://www.nakshiq.com/en/festivals/pang-lhabsol-namchi
bced3128-c055-41f4-9f5c-d42bf8c04308,tendong-lho-rum-faat,Tendong Lho Rum Faat,Namchi,sikkim,8,August,August (3rd month of Tibetan lunar calendar; typically early August),obscure,no,db-description,"Lepcha festival commemorating Mount Tendong's protection of ancestors during 40 days of continuous rain. Grand celebrations held in Namchi with a trek from Ravangla/Damthang up Tendong Hill, cultural performances, and local cuisine.","Cinematic documentary-style video, 16:9, 6–8 seconds, authentic real-footage look, of the Tendong Lho Rum Faat festival as celebrated in Namchi, Sikkim. Celebration: Lepcha festival commemorating Mount Tendong's protection of ancestors during 40 days of continuous rain. Grand celebrations held in Namchi with a trek from Ravangla/Damthang up Tendong Hill, cultural performances, and local cuisine.. monsoon light, lush greens; show real people, actual rituals, decorations and crowds with genuine festive energy; vibrant true-to-life colour, natural handheld motion, shallow depth of field. No on-screen text, subtitles, captions, logos or watermarks; no distorted or extra faces/limbs; documentary realism, not cartoonish or AI-looking.","on-screen text, subtitles, captions, watermarks, logos, brand names, distorted faces, extra limbs, cartoonish, CGI sheen, oversaturated, low quality",https://pub-d8970c901de34c218926ebf4be1ed09a.r2.dev/destinations/namchi.jpg,https://www.nakshiq.com/en/festivals/tendong-lho-rum-faat
1580db86-a5fa-4d19-b210-76e1d341b4f9,mahakala-dance-ralang-monastery,Mahakala Dance (Ralang Monastery),Ravangla,sikkim,11,November,November,monastery-cham,yes,db-description,Annual masked dance performance at nearby Ralang Monastery celebrating the deity Mahakala. Part of Tibetan Buddhist festival traditions.,"Cinematic documentary-style video, 16:9, 6–8 seconds, authentic real-footage look, of the Mahakala Dance (Ralang Monastery) festival as celebrated in Ravangla, Sikkim. Celebration: Annual masked dance performance at nearby Ralang Monastery celebrating the deity Mahakala. Part of Tibetan Buddhist festival traditions.. Key visuals: masked Buddhist monks in brocade robes performing the whirling Cham dance in a monastery courtyard, long dungchen horns, drums, prayer flags, seated crowds. cool early-winter light; show real people, actual rituals, decorations and crowds with genuine festive energy; vibrant true-to-life colour, natural handheld motion, shallow depth of field. No on-screen text, subtitles, captions, logos or watermarks; no distorted or extra faces/limbs; documentary realism, not cartoonish or AI-looking.","on-screen text, subtitles, captions, watermarks, logos, brand names, distorted faces, extra limbs, cartoonish, CGI sheen, oversaturated, low quality",https://pub-d8970c901de34c218926ebf4be1ed09a.r2.dev/destinations/ravangla.jpg,https://www.nakshiq.com/en/festivals/mahakala-dance-ralang-monastery
83b7100e-cb89-4d73-bd24-fb9376a6157b,sani-peyarchi-saturn-transit-festival,Sani Peyarchi (Saturn Transit Festival),Karaikal,puducherry,,,Every 2.5 years (variable; 2026 = March 6),obscure,no,db-description,"Major festival at Tirunallar Saniswaran Temple honoring Saturn (Shani). Features special abhishekams (ritual ablutions), homams (fire sacrifices), and poojas dedicated to Lord Saneeswaran. Thousands of devotees arrive to observe Saturn's transit.","Cinematic documentary-style video, 16:9, 6–8 seconds, authentic real-footage look, of the Sani Peyarchi (Saturn Transit Festival) as celebrated in Karaikal, Puducherry. Celebration: Major festival at Tirunallar Saniswaran Temple honoring Saturn (Shani). Features special abhishekams (ritual ablutions), homams (fire sacrifices), and poojas dedicated to Lord Saneeswaran. Thousands of devotees arrive to observe Saturn's transit.. natural daylight; show real people, actual rituals, decorations and crowds with genuine festive energy; vibrant true-to-life colour, natural handheld motion, shallow depth of field. No on-screen text, subtitles, captions, logos or watermarks; no distorted or extra faces/limbs; documentary realism, not cartoonish or AI-looking.","on-screen text, subtitles, captions, watermarks, logos, brand names, distorted faces, extra limbs, cartoonish, CGI sheen, oversaturated, low quality",https://pub-d8970c901de34c218926ebf4be1ed09a.r2.dev/destinations/karaikal.jpg,https://www.nakshiq.com/en/festivals/sani-peyarchi-saturn-transit-festival
fb3c125d-1f00-415d-8bcb-03ddf7badc53,baisakhi-damdama-sahib,Baisakhi,Takht Sri Damdama Sahib,punjab,4,April,April 13,newyear-harvest,no,db-description,"Grand annual fair at Takht Sri Damdama Sahib (Talwandi Sabo) celebrating Baisakhi—the Sikh new year and harvest festival. Commemorates the foundation day of the Khalsa Panth (1699). Features colorful decorations, devotee gatherings, stalls selling traditional prashaad, sweets, and trinkets. Major pilgrimage site where Guru Gobind Singh compiled the Adi Granth.","Cinematic documentary-style video, 16:9, 6–8 seconds, authentic real-footage look, of the Baisakhi festival as celebrated in Takht Sri Damdama Sahib, Punjab. Celebration: Grand annual fair at Takht Sri Damdama Sahib (Talwandi Sabo) celebrating Baisakhi—the Sikh new year and harvest festival. Commemorates the foundation day of the Khalsa Panth (1699). Features colorful decorations, devotee gatherings, stalls selling traditional prashaad, sweets, and trinkets. Major pilgrimage site where Guru Gobind Singh compiled the Adi Granth.. Key visuals: regional new-year celebration — festive attire, ceremonial first-fruits, folk dance, decorated thresholds. warm pre-summer light; show real people, actual rituals, decorations and crowds with genuine festive energy; vibrant true-to-life colour, natural handheld motion, shallow depth of field. No on-screen text, subtitles, captions, logos or watermarks; no distorted or extra faces/limbs; documentary realism, not cartoonish or AI-looking.","on-screen text, subtitles, captions, watermarks, logos, brand names, distorted faces, extra limbs, cartoonish, CGI sheen, oversaturated, low quality",https://pub-d8970c901de34c218926ebf4be1ed09a.r2.dev/destinations/damdama-sahib.jpg,https://www.nakshiq.com/en/festivals/baisakhi-damdama-sahib
e1166c4f-03ca-45c9-b5f0-39dfbd4560c6,karthika-pournami-jatara,Karthika Pournami Jatara,Ananthagiri Hills,telangana,11,November,November–December (lunar calendar),obscure,no,db-description,Annual fair held for 11 days including Karthika Pournami (full moon in Karthika month). Marks sacred observance at Anantha Padmanabha Swamy temple with rituals and pilgrim gatherings.,"Cinematic documentary-style video, 16:9, 6–8 seconds, authentic real-footage look, of the Karthika Pournami Jatara as celebrated in Ananthagiri Hills, Telangana. Celebration: Annual fair held for 11 days including Karthika Pournami (full moon in Karthika month). Marks sacred observance at Anantha Padmanabha Swamy temple with rituals and pilgrim gatherings.. cool early-winter light; show real people, actual rituals, decorations and crowds with genuine festive energy; vibrant true-to-life colour, natural handheld motion, shallow depth of field. No on-screen text, subtitles, captions, logos or watermarks; no distorted or extra faces/limbs; documentary realism, not cartoonish or AI-looking.","on-screen text, subtitles, captions, watermarks, logos, brand names, distorted faces, extra limbs, cartoonish, CGI sheen, oversaturated, low quality",https://pub-d8970c901de34c218926ebf4be1ed09a.r2.dev/destinations/ananthagiri-hills.jpg,https://www.nakshiq.com/en/festivals/karthika-pournami-jatara
66e4d9ad-7131-4411-9777-dcd8a419382d,ashada-jatara,Ashada Jatara,Ananthagiri Hills,telangana,6,June,June–July (lunar calendar),obscure,no,db-description,Five-day fair held at Anantha Padmanabha Swamy temple during Ashada month. Second annual jatara with pilgrim participation and ritual observances.,"Cinematic documentary-style video, 16:9, 6–8 seconds, authentic real-footage look, of the Ashada Jatara as celebrated in Ananthagiri Hills, Telangana. Celebration: Five-day fair held at Anantha Padmanabha Swamy temple during Ashada month. Second annual jatara with pilgrim participation and ritual observances.. early-monsoon overcast, fresh greens; show real people, actual rituals, decorations and crowds with genuine festive energy; vibrant true-to-life colour, natural handheld motion, shallow depth of field. No on-screen text, subtitles, captions, logos or watermarks; no distorted or extra faces/limbs; documentary realism, not cartoonish or AI-looking.","on-screen text, subtitles, captions, watermarks, logos, brand names, distorted faces, extra limbs, cartoonish, CGI sheen, oversaturated, low quality",https://pub-d8970c901de34c218926ebf4be1ed09a.r2.dev/destinations/ananthagiri-hills.jpg,https://www.nakshiq.com/en/festivals/ashada-jatara
fc7f0526-7518-45aa-bceb-5cd529a50e6c,braj-holi-festival,Braj Holi Festival,Deeg,rajasthan,2,February,"February–March (lunar calendar, Phalgun Shukla Paksha)",holi,yes,db-description,"Two-day festival celebrated at Deeg Palace with great pomp, honoring Lord Krishna and Braj region heritage. Features colorful fountain displays (900 fountains operational), Rajasthani folk performances, kabaddi, rope pulling, Mehendi art, and rangoli competitions.","Cinematic documentary-style video, 16:9, 6–8 seconds, authentic real-footage look, of the Braj Holi Festival as celebrated in Deeg, Rajasthan. Celebration: Two-day festival celebrated at Deeg Palace with great pomp, honoring Lord Krishna and Braj region heritage. Features colorful fountain displays (900 fountains operational), Rajasthani folk performances, kabaddi, rope pulling, Mehendi art, and rangoli competitions.. Key visuals: crowds drenched in bright dry-colour powder, throwing fistfuls of gulal, clouds of pink/green/yellow in the air, dancing to dhol drums. clear late-winter light; show real people, actual rituals, decorations and crowds with genuine festive energy; vibrant true-to-life colour, natural handheld motion, shallow depth of field. No on-screen text, subtitles, captions, logos or watermarks; no distorted or extra faces/limbs; documentary realism, not cartoonish or AI-looking.","on-screen text, subtitles, captions, watermarks, logos, brand names, distorted faces, extra limbs, cartoonish, CGI sheen, oversaturated, low quality",https://pub-d8970c901de34c218926ebf4be1ed09a.r2.dev/destinations/deeg.jpg,https://www.nakshiq.com/en/festivals/braj-holi-festival
3830d81d-52b8-47ca-ac25-592a7bc96db9,mitthe-shah-dargah-urs-fair,Mitthe Shah Dargah Urs Fair,Gagron Fort,rajasthan,9,September,"September–October (Muharram, lunar calendar)",islamic,no,db-description,"Annual colorful fair held at the mausoleum of Sufi Saint Mitthe Shah, located just outside Gagron Fort. Features music, rituals, and traditional communal gatherings celebrating the intersection of regional faith, folklore, and harmony.","Cinematic documentary-style video, 16:9, 6–8 seconds, authentic real-footage look, of the Mitthe Shah Dargah Urs Fair as celebrated in Gagron Fort, Rajasthan. Celebration: Annual colorful fair held at the mausoleum of Sufi Saint Mitthe Shah, located just outside Gagron Fort. Features music, rituals, and traditional communal gatherings celebrating the intersection of regional faith, folklore, and harmony.. Key visuals: crowds gathered for prayer and feasting at a mosque or dargah courtyard, qawwali, festive markets and lights (no close-ups of worship). clear post-monsoon light; show real people, actual rituals, decorations and crowds with genuine festive energy; vibrant true-to-life colour, natural handheld motion, shallow depth of field. No on-screen text, subtitles, captions, logos or watermarks; no distorted or extra faces/limbs; documentary realism, not cartoonish or AI-looking.","on-screen text, subtitles, captions, watermarks, logos, brand names, distorted faces, extra limbs, cartoonish, CGI sheen, oversaturated, low quality",https://pub-d8970c901de34c218926ebf4be1ed09a.r2.dev/destinations/gagron-fort.jpg,https://www.nakshiq.com/en/festivals/mitthe-shah-dargah-urs-fair
0a3d62ec-22c8-46b3-917f-2838a1d58fe3,kumbhalgarh-festival,Kumbhalgarh Festival,Kumbhalgarh,rajasthan,12,December,December 1–3,obscure,no,db-description,"Three-day cultural festival held at Kumbhalgarh Fort organized by Rajasthan Tourism Department. Features folk music and dance (Sufi, Kalbelia, Bhavai, Chari, Ghoomar), sound-and-light show narrating fort history, traditional Rajasthani handicrafts markets (haats), and celebrations of Maharana Kumbha's legacy.","Cinematic documentary-style video, 16:9, 6–8 seconds, authentic real-footage look, of the Kumbhalgarh Festival as celebrated in Kumbhalgarh, Rajasthan. Celebration: Three-day cultural festival held at Kumbhalgarh Fort organized by Rajasthan Tourism Department. Features folk music and dance (Sufi, Kalbelia, Bhavai, Chari, Ghoomar), sound-and-light show narrating fort history, traditional Rajasthani handicrafts markets (haats), and celebrations of Maharana Kumbha's legacy.. cold winter light, long shadows; show real people, actual rituals, decorations and crowds with genuine festive energy; vibrant true-to-life colour, natural handheld motion, shallow depth of field. No on-screen text, subtitles, captions, logos or watermarks; no distorted or extra faces/limbs; documentary realism, not cartoonish or AI-looking.","on-screen text, subtitles, captions, watermarks, logos, brand names, distorted faces, extra limbs, cartoonish, CGI sheen, oversaturated, low quality",https://pub-d8970c901de34c218926ebf4be1ed09a.r2.dev/destinations/kumbhalgarh.jpg,https://www.nakshiq.com/en/festivals/kumbhalgarh-festival
f2a26fc8-36eb-4bac-93b5-8b39c2be1924,mahavir-jayanti-ranakpur,Mahavir Jayanti,Ranakpur Jain Temple,rajasthan,3,March,March–April (lunar calendar),obscure,no,db-description,"Celebrates the birthday of Mahavir, founder of Jainism. Major festival at 15th-century Ranakpur Jain Temple with 1,000+ daily visitors (15,000 during festival). Temple idol adorned with silver crowns; 1,000 kilos of rice offered annually.","Cinematic documentary-style video, 16:9, 6–8 seconds, authentic real-footage look, of the Mahavir Jayanti as celebrated in Ranakpur Jain Temple, Rajasthan. Celebration: Celebrates the birthday of Mahavir, founder of Jainism. Major festival at 15th-century Ranakpur Jain Temple with 1,000+ daily visitors (15,000 during festival). Temple idol adorned with silver crowns; 1,000 kilos of rice offered annually.. warm spring light; show real people, actual rituals, decorations and crowds with genuine festive energy; vibrant true-to-life colour, natural handheld motion, shallow depth of field. No on-screen text, subtitles, captions, logos or watermarks; no distorted or extra faces/limbs; documentary realism, not cartoonish or AI-looking.","on-screen text, subtitles, captions, watermarks, logos, brand names, distorted faces, extra limbs, cartoonish, CGI sheen, oversaturated, low quality",https://pub-d8970c901de34c218926ebf4be1ed09a.r2.dev/destinations/ranakpur.jpg,https://www.nakshiq.com/en/festivals/mahavir-jayanti-ranakpur
980d3347-e7dd-47b1-ae3b-fa8c6f8ff31c,vaikasi-brahmotsavam-garuda-sevai,Vaikasi Brahmotsavam (Garuda Sevai),Kanchipuram,tamil nadu,5,May,"May (Vaikasi month, typically mid-to-late May)",obscure,no,db-description,"Annual 10-day Brahmotsavam festival at Varadaraja Perumal Temple, with the spectacular Garuda Sevai procession on the third day where the deity is carried on the golden Garuda vahanam. The seventh day features the chariot (ther) festival through the streets of Kanchipuram.","Cinematic documentary-style video, 16:9, 6–8 seconds, authentic real-footage look, of the Vaikasi Brahmotsavam (Garuda Sevai) festival as celebrated in Kanchipuram, Tamil Nadu. Celebration: Annual 10-day Brahmotsavam festival at Varadaraja Perumal Temple, with the spectacular Garuda Sevai procession on the third day where the deity is carried on the golden Garuda vahanam. The seventh day features the chariot (ther) festival through the streets of Kanchipuram.. bright summer light; show real people, actual rituals, decorations and crowds with genuine festive energy; vibrant true-to-life colour, natural handheld motion, shallow depth of field. No on-screen text, subtitles, captions, logos or watermarks; no distorted or extra faces/limbs; documentary realism, not cartoonish or AI-looking.","on-screen text, subtitles, captions, watermarks, logos, brand names, distorted faces, extra limbs, cartoonish, CGI sheen, oversaturated, low quality",https://pub-d8970c901de34c218926ebf4be1ed09a.r2.dev/destinations/kanchipuram.jpg,https://www.nakshiq.com/en/festivals/vaikasi-brahmotsavam-garuda-sevai
98fa843d-3ba9-480e-9d3d-8b8b67a53341,thaipusam-palani,Thaipusam,Palani,tamil nadu,1,January,January/February (Tamil month Thai),obscure,no,db-description,"Major 10-day festival at Arulmigu Dandayudhapani Murugan Temple on the hill. Thaipusam attracts approximately 300,000 devotees who undertake pilgrimages to the hilltop temple and undergo religious rituals and offerings.","Cinematic documentary-style video, 16:9, 6–8 seconds, authentic real-footage look, of the Thaipusam festival as celebrated in Palani, Tamil Nadu. Celebration: Major 10-day festival at Arulmigu Dandayudhapani Murugan Temple on the hill. Thaipusam attracts approximately 300,000 devotees who undertake pilgrimages to the hilltop temple and undergo religious rituals and offerings.. crisp winter daylight; show real people, actual rituals, decorations and crowds with genuine festive energy; vibrant true-to-life colour, natural handheld motion, shallow depth of field. No on-screen text, subtitles, captions, logos or watermarks; no distorted or extra faces/limbs; documentary realism, not cartoonish or AI-looking.","on-screen text, subtitles, captions, watermarks, logos, brand names, distorted faces, extra limbs, cartoonish, CGI sheen, oversaturated, low quality",https://pub-d8970c901de34c218926ebf4be1ed09a.r2.dev/destinations/palani.jpg,https://www.nakshiq.com/en/festivals/thaipusam-palani
b63cc233-3316-4bf3-a3f6-aa810036b40c,panguni-uthiram-palani,Panguni Uthiram,Palani,tamil nadu,3,March,"March/April (Panguni month, full moon/Purnami)",obscure,no,db-description,"Ten-day major festival at Palani Murugan Temple marking the celestial marriage of Lord Muruga with Devasena. Estimated 500,000+ devotees ascend the hill for darshan and religious celebrations at one of the six sacred Murugan abodes.","Cinematic documentary-style video, 16:9, 6–8 seconds, authentic real-footage look, of the Panguni Uthiram festival as celebrated in Palani, Tamil Nadu. Celebration: Ten-day major festival at Palani Murugan Temple marking the celestial marriage of Lord Muruga with Devasena. Estimated 500,000+ devotees ascend the hill for darshan and religious celebrations at one of the six sacred Murugan abodes.. warm spring light; show real people, actual rituals, decorations and crowds with genuine festive energy; vibrant true-to-life colour, natural handheld motion, shallow depth of field. No on-screen text, subtitles, captions, logos or watermarks; no distorted or extra faces/limbs; documentary realism, not cartoonish or AI-looking.","on-screen text, subtitles, captions, watermarks, logos, brand names, distorted faces, extra limbs, cartoonish, CGI sheen, oversaturated, low quality",https://pub-d8970c901de34c218926ebf4be1ed09a.r2.dev/destinations/palani.jpg,https://www.nakshiq.com/en/festivals/panguni-uthiram-palani
a3e52be0-1478-4440-9c77-ee0e2200570a,kodai-vizha-summer-festival-and-flower-show,Kodai Vizha (Summer Festival and Flower Show),Kodaikanal,tamil nadu,5,May,May (mid-to-late May; annual 10-day festival),flower-bloom,no,db-description,"Major annual summer festival hosted by Tamil Nadu Tourism Department at Kodaikanal hill station. Features elaborate flower structures planted with over 2.5 lakh seedlings, vegetable carvings, boat races on Kodai Lake, dog shows, and cultural folk dances at Bryant Park.","Cinematic documentary-style video, 16:9, 6–8 seconds, authentic real-footage look, of the Kodai Vizha (Summer Festival and Flower Show) as celebrated in Kodaikanal, Tamil Nadu. Celebration: Major annual summer festival hosted by Tamil Nadu Tourism Department at Kodaikanal hill station. Features elaborate flower structures planted with over 2.5 lakh seedlings, vegetable carvings, boat races on Kodai Lake, dog shows, and cultural folk dances at Bryant Park.. Key visuals: vast geometric beds of blooming flowers, visitors strolling the gardens, colour as far as the eye can see. bright summer light; show real people, actual rituals, decorations and crowds with genuine festive energy; vibrant true-to-life colour, natural handheld motion, shallow depth of field. No on-screen text, subtitles, captions, logos or watermarks; no distorted or extra faces/limbs; documentary realism, not cartoonish or AI-looking.","on-screen text, subtitles, captions, watermarks, logos, brand names, distorted faces, extra limbs, cartoonish, CGI sheen, oversaturated, low quality",https://pub-d8970c901de34c218926ebf4be1ed09a.r2.dev/destinations/kodaikanal.jpg,https://www.nakshiq.com/en/festivals/kodai-vizha-summer-festival-and-flower-show
ca25006d-2f53-4831-b028-33355b656e64,coonoor-fruit-show-nilgiris-summer-festival,Coonoor Fruit Show (Nilgiris Summer Festival),Coonoor,tamil nadu,5,May,May (typically May 24-26; as part of Nilgiris Summer Festival),obscure,no,db-description,"Annual fruit exhibition at Sim's Park, Coonoor featuring colourful display of fruits sourced from across India, artistically arranged. Part of the broader Nilgiris Summer Festival celebrated across Ooty, Coonoor, Kotagiri, and Gudalur in May.","Cinematic documentary-style video, 16:9, 6–8 seconds, authentic real-footage look, of the Coonoor Fruit Show (Nilgiris Summer Festival) as celebrated in Coonoor, Tamil Nadu. Celebration: Annual fruit exhibition at Sim's Park, Coonoor featuring colourful display of fruits sourced from across India, artistically arranged. Part of the broader Nilgiris Summer Festival celebrated across Ooty, Coonoor, Kotagiri, and Gudalur in May.. bright summer light; show real people, actual rituals, decorations and crowds with genuine festive energy; vibrant true-to-life colour, natural handheld motion, shallow depth of field. No on-screen text, subtitles, captions, logos or watermarks; no distorted or extra faces/limbs; documentary realism, not cartoonish or AI-looking.","on-screen text, subtitles, captions, watermarks, logos, brand names, distorted faces, extra limbs, cartoonish, CGI sheen, oversaturated, low quality",https://pub-d8970c901de34c218926ebf4be1ed09a.r2.dev/destinations/coonoor.jpg,https://www.nakshiq.com/en/festivals/coonoor-fruit-show-nilgiris-summer-festival
0c8bb226-0694-4fea-a770-c9d58caa22e2,arudra-darshan-margazhi-tiruvadhirai,Arudra Darshan (Margazhi Tiruvadhirai),Coimbatore,tamil nadu,12,December,December/January (Margazhi month),obscure,no,db-description,"Main annual festival at Perur Patteeswarar Temple (Shiva temple in Coimbatore). The temple is known as 'Melai Chidambaram' or Chidambaram of the West, and this festival celebrates an important aspect of Lord Shiva.","Cinematic documentary-style video, 16:9, 6–8 seconds, authentic real-footage look, of the Arudra Darshan (Margazhi Tiruvadhirai) festival as celebrated in Coimbatore, Tamil Nadu. Celebration: Main annual festival at Perur Patteeswarar Temple (Shiva temple in Coimbatore). The temple is known as 'Melai Chidambaram' or Chidambaram of the West, and this festival celebrates an important aspect of Lord Shiva.. cold winter light, long shadows; show real people, actual rituals, decorations and crowds with genuine festive energy; vibrant true-to-life colour, natural handheld motion, shallow depth of field. No on-screen text, subtitles, captions, logos or watermarks; no distorted or extra faces/limbs; documentary realism, not cartoonish or AI-looking.","on-screen text, subtitles, captions, watermarks, logos, brand names, distorted faces, extra limbs, cartoonish, CGI sheen, oversaturated, low quality",https://pub-d8970c901de34c218926ebf4be1ed09a.r2.dev/destinations/coimbatore.jpg,https://www.nakshiq.com/en/festivals/arudra-darshan-margazhi-tiruvadhirai
aa052762-60bc-4111-868b-c46cb8db2914,panguni-brahmotsavam,Panguni Brahmotsavam,Coimbatore,tamil nadu,3,March,March/April (Panguni month),obscure,no,db-description,"Annual festival at Perur Patteeswarar Temple featuring temple chariot procession through the surrounding neighbourhood, with traditional religious ceremonies and rituals.","Cinematic documentary-style video, 16:9, 6–8 seconds, authentic real-footage look, of the Panguni Brahmotsavam festival as celebrated in Coimbatore, Tamil Nadu. Celebration: Annual festival at Perur Patteeswarar Temple featuring temple chariot procession through the surrounding neighbourhood, with traditional religious ceremonies and rituals.. warm spring light; show real people, actual rituals, decorations and crowds with genuine festive energy; vibrant true-to-life colour, natural handheld motion, shallow depth of field. No on-screen text, subtitles, captions, logos or watermarks; no distorted or extra faces/limbs; documentary realism, not cartoonish or AI-looking.","on-screen text, subtitles, captions, watermarks, logos, brand names, distorted faces, extra limbs, cartoonish, CGI sheen, oversaturated, low quality",https://pub-d8970c901de34c218926ebf4be1ed09a.r2.dev/destinations/coimbatore.jpg,https://www.nakshiq.com/en/festivals/panguni-brahmotsavam
c60374b7-615c-4d6d-ab9c-7675b07ba518,skanda-sashti-pazhamudircholai,Skanda Sashti,Pazhamudircholai,tamil nadu,10,October,October/November (6-day festival),obscure,no,db-description,"Six-day festival at Arulmigu Solaimalai (Pazhamudircholai) Murugan Temple, one of the six sacred abodes of Lord Muruga. Celebrates Muruga's victory over evil forces with traditional religious observances.","Cinematic documentary-style video, 16:9, 6–8 seconds, authentic real-footage look, of the Skanda Sashti festival as celebrated in Pazhamudircholai, Tamil Nadu. Celebration: Six-day festival at Arulmigu Solaimalai (Pazhamudircholai) Murugan Temple, one of the six sacred abodes of Lord Muruga. Celebrates Muruga's victory over evil forces with traditional religious observances.. golden autumn light; show real people, actual rituals, decorations and crowds with genuine festive energy; vibrant true-to-life colour, natural handheld motion, shallow depth of field. No on-screen text, subtitles, captions, logos or watermarks; no distorted or extra faces/limbs; documentary realism, not cartoonish or AI-looking.","on-screen text, subtitles, captions, watermarks, logos, brand names, distorted faces, extra limbs, cartoonish, CGI sheen, oversaturated, low quality",https://pub-d8970c901de34c218926ebf4be1ed09a.r2.dev/destinations/pazhamudircholai.jpg,https://www.nakshiq.com/en/festivals/skanda-sashti-pazhamudircholai
3169e69a-bce8-4593-8a13-ce2f86b84a22,panguni-uthiram-pazhamudircholai,Panguni Uthiram,Pazhamudircholai,tamil nadu,3,March,March (Panguni month),obscure,no,db-description,Festival at Pazhamudircholai Murugan Temple (one of six sacred Murugan abodes) celebrating the celestial marriage of Lord Muruga. Major pilgrimage occasion at this temple.,"Cinematic documentary-style video, 16:9, 6–8 seconds, authentic real-footage look, of the Panguni Uthiram festival as celebrated in Pazhamudircholai, Tamil Nadu. Celebration: Festival at Pazhamudircholai Murugan Temple (one of six sacred Murugan abodes) celebrating the celestial marriage of Lord Muruga. Major pilgrimage occasion at this temple.. warm spring light; show real people, actual rituals, decorations and crowds with genuine festive energy; vibrant true-to-life colour, natural handheld motion, shallow depth of field. No on-screen text, subtitles, captions, logos or watermarks; no distorted or extra faces/limbs; documentary realism, not cartoonish or AI-looking.","on-screen text, subtitles, captions, watermarks, logos, brand names, distorted faces, extra limbs, cartoonish, CGI sheen, oversaturated, low quality",https://pub-d8970c901de34c218926ebf4be1ed09a.r2.dev/destinations/pazhamudircholai.jpg,https://www.nakshiq.com/en/festivals/panguni-uthiram-pazhamudircholai
6dfa3580-e996-4288-826a-530a21bf392d,karthigai-deepam,Karthigai Deepam,Tiruvannamalai,tamil nadu,11,November,November-December (10-day Brahmotsavam; Maha Deepam on final day),obscure,no,db-description,"The Festival of Lamps at Arunachaleswarar Temple. The ten-day Karthigai Brahmotsavam culminates with the Bharani Deepam (sacred lamp) lit at the temple, followed by the Mahadeepam (Great Lamp) ignited atop Annamalai Hill. Lakhs of devotees gather for the final night, witnessing the giant beacon signifying Shiva's manifestation as the element of fire.","Cinematic documentary-style video, 16:9, 6–8 seconds, authentic real-footage look, of the Karthigai Deepam festival as celebrated in Tiruvannamalai, Tamil Nadu. Celebration: The Festival of Lamps at Arunachaleswarar Temple. The ten-day Karthigai Brahmotsavam culminates with the Bharani Deepam (sacred lamp) lit at the temple, followed by the Mahadeepam (Great Lamp) ignited atop Annamalai Hill. Lakhs of devotees gather for the final night, witnessing the giant beacon signifying Shiva's manifestation as the element of fire.. cool early-winter light; show real people, actual rituals, decorations and crowds with genuine festive energy; vibrant true-to-life colour, natural handheld motion, shallow depth of field. No on-screen text, subtitles, captions, logos or watermarks; no distorted or extra faces/limbs; documentary realism, not cartoonish or AI-looking.","on-screen text, subtitles, captions, watermarks, logos, brand names, distorted faces, extra limbs, cartoonish, CGI sheen, oversaturated, low quality",https://pub-d8970c901de34c218926ebf4be1ed09a.r2.dev/destinations/tiruvannamalai.jpg,https://www.nakshiq.com/en/festivals/karthigai-deepam
3bc42ac5-8087-4c34-b4a7-bb968e052915,skanda-sashti-tiruchendur,Skanda Sashti,Tiruchendur,tamil nadu,10,October,"October-November (6-day festival, Tamil month Aippasi)",obscure,no,db-description,"Celebrated over six days at the seashore Murugan temple. Commemorates Lord Murugan's victory over the demon Surapadma. The climax on the sixth day (Sashti) features the Soorasamharam—a dramatic re-enactment of the celestial battle on the seashore, with Murugan's defeat of Surapadman's various manifestations. Tiruchendur is the canonical venue for this festival across Tamil Nadu, drawing hundreds of thousands on the final day.","Cinematic documentary-style video, 16:9, 6–8 seconds, authentic real-footage look, of the Skanda Sashti festival as celebrated in Tiruchendur, Tamil Nadu. Celebration: Celebrated over six days at the seashore Murugan temple. Commemorates Lord Murugan's victory over the demon Surapadma. The climax on the sixth day (Sashti) features the Soorasamharam—a dramatic re-enactment of the celestial battle on the seashore, with Murugan's defeat of Surapadman's various manifestations. Tiruchendur is the canonical venue for this festival across Tamil Nadu, drawing hundreds of thousands on the final day.. golden autumn light; show real people, actual rituals, decorations and crowds with genuine festive energy; vibrant true-to-life colour, natural handheld motion, shallow depth of field. No on-screen text, subtitles, captions, logos or watermarks; no distorted or extra faces/limbs; documentary realism, not cartoonish or AI-looking.","on-screen text, subtitles, captions, watermarks, logos, brand names, distorted faces, extra limbs, cartoonish, CGI sheen, oversaturated, low quality",https://pub-d8970c901de34c218926ebf4be1ed09a.r2.dev/destinations/tiruchendur.jpg,https://www.nakshiq.com/en/festivals/skanda-sashti-tiruchendur
89975049-be79-4072-aa72-ad5c8747a62c,thaipusam-swamimalai,Thaipusam,Swamimalai,tamil nadu,1,January,January (Tamil month Thai),obscure,no,db-description,Celebrates Lord Murugan's birthday and the day he received the divine spear (Vel) from Goddess Parvati. Devotees participate in elaborate rituals including ceremonial bathing of the deity and carrying kavadis (wooden frameworks) as offerings. Marked by processions and devoted worship.,"Cinematic documentary-style video, 16:9, 6–8 seconds, authentic real-footage look, of the Thaipusam festival as celebrated in Swamimalai, Tamil Nadu. Celebration: Celebrates Lord Murugan's birthday and the day he received the divine spear (Vel) from Goddess Parvati. Devotees participate in elaborate rituals including ceremonial bathing of the deity and carrying kavadis (wooden frameworks) as offerings. Marked by processions and devoted worship.. crisp winter daylight; show real people, actual rituals, decorations and crowds with genuine festive energy; vibrant true-to-life colour, natural handheld motion, shallow depth of field. No on-screen text, subtitles, captions, logos or watermarks; no distorted or extra faces/limbs; documentary realism, not cartoonish or AI-looking.","on-screen text, subtitles, captions, watermarks, logos, brand names, distorted faces, extra limbs, cartoonish, CGI sheen, oversaturated, low quality",https://pub-d8970c901de34c218926ebf4be1ed09a.r2.dev/destinations/swamimalai.jpg,https://www.nakshiq.com/en/festivals/thaipusam-swamimalai
49c8ab73-62fd-454b-b308-0b755ba26023,skanda-sashti-swamimalai,Skanda Sashti,Swamimalai,tamil nadu,10,October,"October-November (6-day festival, Tamil month Aippasi)",obscure,no,db-description,"Six-day festival commemorating Lord Murugan's victory over evil forces. Celebrated with grand rituals, Soorasamharam re-enactments, devotional music, fasting, and processions. The festival demonstrates Murugan's supreme power and his role as destroyer of evil.","Cinematic documentary-style video, 16:9, 6–8 seconds, authentic real-footage look, of the Skanda Sashti festival as celebrated in Swamimalai, Tamil Nadu. Celebration: Six-day festival commemorating Lord Murugan's victory over evil forces. Celebrated with grand rituals, Soorasamharam re-enactments, devotional music, fasting, and processions. The festival demonstrates Murugan's supreme power and his role as destroyer of evil.. golden autumn light; show real people, actual rituals, decorations and crowds with genuine festive energy; vibrant true-to-life colour, natural handheld motion, shallow depth of field. No on-screen text, subtitles, captions, logos or watermarks; no distorted or extra faces/limbs; documentary realism, not cartoonish or AI-looking.","on-screen text, subtitles, captions, watermarks, logos, brand names, distorted faces, extra limbs, cartoonish, CGI sheen, oversaturated, low quality",https://pub-d8970c901de34c218926ebf4be1ed09a.r2.dev/destinations/swamimalai.jpg,https://www.nakshiq.com/en/festivals/skanda-sashti-swamimalai
a348b14c-c09e-46c6-b1be-344b81eaa519,vaikasi-vishakham-brahmotsavam,Vaikasi Vishakham / Brahmotsavam,Tiruparankundram,tamil nadu,5,May,"May-June (14-day festival, Tamil month Vaikasi)",obscure,no,db-description,"Fourteen-day Brahmotsavam celebrated during Vaikasi Vishakham, commemorating Lord Murugan's birth star (Vishakha nakshatra). The festival culminates in the Car Festival, a grand procession displaying the deity on elaborate mounts. Murugan is celebrated as the presiding power during this period.","Cinematic documentary-style video, 16:9, 6–8 seconds, authentic real-footage look, of the Vaikasi Vishakham / Brahmotsavam festival as celebrated in Tiruparankundram, Tamil Nadu. Celebration: Fourteen-day Brahmotsavam celebrated during Vaikasi Vishakham, commemorating Lord Murugan's birth star (Vishakha nakshatra). The festival culminates in the Car Festival, a grand procession displaying the deity on elaborate mounts. Murugan is celebrated as the presiding power during this period.. bright summer light; show real people, actual rituals, decorations and crowds with genuine festive energy; vibrant true-to-life colour, natural handheld motion, shallow depth of field. No on-screen text, subtitles, captions, logos or watermarks; no distorted or extra faces/limbs; documentary realism, not cartoonish or AI-looking.","on-screen text, subtitles, captions, watermarks, logos, brand names, distorted faces, extra limbs, cartoonish, CGI sheen, oversaturated, low quality",https://pub-d8970c901de34c218926ebf4be1ed09a.r2.dev/destinations/tiruparankundram.jpg,https://www.nakshiq.com/en/festivals/vaikasi-vishakham-brahmotsavam
d4ee791a-4c13-4afb-948c-159cdc7e06e1,panguni-uthiram-tiruparankundram,Panguni Uthiram,Tiruparankundram,tamil nadu,3,March,March-April (Tamil month Panguni),obscure,no,db-description,Major festival celebrated with great pomp. Brahmotsavam conducted in the month of Panguni features processions where deities are carried through the temple. This festival celebrates the divine marriage and is observed with elaborate rituals and public participation.,"Cinematic documentary-style video, 16:9, 6–8 seconds, authentic real-footage look, of the Panguni Uthiram festival as celebrated in Tiruparankundram, Tamil Nadu. Celebration: Major festival celebrated with great pomp. Brahmotsavam conducted in the month of Panguni features processions where deities are carried through the temple. This festival celebrates the divine marriage and is observed with elaborate rituals and public participation.. warm spring light; show real people, actual rituals, decorations and crowds with genuine festive energy; vibrant true-to-life colour, natural handheld motion, shallow depth of field. No on-screen text, subtitles, captions, logos or watermarks; no distorted or extra faces/limbs; documentary realism, not cartoonish or AI-looking.","on-screen text, subtitles, captions, watermarks, logos, brand names, distorted faces, extra limbs, cartoonish, CGI sheen, oversaturated, low quality",https://pub-d8970c901de34c218926ebf4be1ed09a.r2.dev/destinations/tiruparankundram.jpg,https://www.nakshiq.com/en/festivals/panguni-uthiram-tiruparankundram
230c6e61-2ff8-4193-9f5a-2b82441b63c2,thaipusam-tiruttani,Thaipusam,Tiruttani,tamil nadu,1,January,January (Tamil month Thai),obscure,no,db-description,"Commemorates Lord Murugan receiving the divine spear (Vel) from his mother, Goddess Parvati. Celebrated at the hilltop Arupadai Veedu with beautiful temple decorations, grand processions, rituals, and masses of devotees undertaking the pilgrimage.","Cinematic documentary-style video, 16:9, 6–8 seconds, authentic real-footage look, of the Thaipusam festival as celebrated in Tiruttani, Tamil Nadu. Celebration: Commemorates Lord Murugan receiving the divine spear (Vel) from his mother, Goddess Parvati. Celebrated at the hilltop Arupadai Veedu with beautiful temple decorations, grand processions, rituals, and masses of devotees undertaking the pilgrimage.. crisp winter daylight; show real people, actual rituals, decorations and crowds with genuine festive energy; vibrant true-to-life colour, natural handheld motion, shallow depth of field. No on-screen text, subtitles, captions, logos or watermarks; no distorted or extra faces/limbs; documentary realism, not cartoonish or AI-looking.","on-screen text, subtitles, captions, watermarks, logos, brand names, distorted faces, extra limbs, cartoonish, CGI sheen, oversaturated, low quality",https://pub-d8970c901de34c218926ebf4be1ed09a.r2.dev/destinations/tiruttani.jpg,https://www.nakshiq.com/en/festivals/thaipusam-tiruttani
b882963d-9fd1-4fa2-b06c-f9e6ba04751d,skanda-sashti-tiruttani,Skanda Sashti,Tiruttani,tamil nadu,10,October,"October-November (6-day festival, Tamil month Aippasi)",obscure,no,db-description,"Six-day festival celebrating Lord Murugan's victory over demon Surapadman. Observed with great fervor at Thiruthani with elaborate temple decorations, grand processions, rituals, and fasting. Draws large crowds throughout the six-day period.","Cinematic documentary-style video, 16:9, 6–8 seconds, authentic real-footage look, of the Skanda Sashti festival as celebrated in Tiruttani, Tamil Nadu. Celebration: Six-day festival celebrating Lord Murugan's victory over demon Surapadman. Observed with great fervor at Thiruthani with elaborate temple decorations, grand processions, rituals, and fasting. Draws large crowds throughout the six-day period.. golden autumn light; show real people, actual rituals, decorations and crowds with genuine festive energy; vibrant true-to-life colour, natural handheld motion, shallow depth of field. No on-screen text, subtitles, captions, logos or watermarks; no distorted or extra faces/limbs; documentary realism, not cartoonish or AI-looking.","on-screen text, subtitles, captions, watermarks, logos, brand names, distorted faces, extra limbs, cartoonish, CGI sheen, oversaturated, low quality",https://pub-d8970c901de34c218926ebf4be1ed09a.r2.dev/destinations/tiruttani.jpg,https://www.nakshiq.com/en/festivals/skanda-sashti-tiruttani
0cb5e9c0-a04e-4bbb-9784-2762a1e993e6,vaikunta-ekadasi,Vaikunta Ekadasi,Trichy (Tiruchirappalli),tamil nadu,12,December,December-January (21-day festival),obscure,no,db-description,"Grand 21-day festival at Sri Ranganathaswamy Temple in Srirangam. The festival is divided into two parts: Pagal Pathu (10 days before Ekadashi) and Ira Pathu (10 days after). On the main Ekadashi day, elaborate rituals commence at 3 AM. The deity is adorned with bejewelled armor and proceeds to the Swarga Vaasal (Gate to Vaikuntha), where the temple doors are ceremonially opened, followed by a procession to the 1000-Pillared Mandapam.","Cinematic documentary-style video, 16:9, 6–8 seconds, authentic real-footage look, of the Vaikunta Ekadasi festival as celebrated in Trichy (Tiruchirappalli), Tamil Nadu. Celebration: Grand 21-day festival at Sri Ranganathaswamy Temple in Srirangam. The festival is divided into two parts: Pagal Pathu (10 days before Ekadashi) and Ira Pathu (10 days after). On the main Ekadashi day, elaborate rituals commence at 3 AM. The deity is adorned with bejewelled armor and proceeds to the Swarga Vaasal (Gate to Vaikuntha), where the temple doors are ceremonially opened, followed by a procession to the 1000-Pillared Mandapam.. cold winter light, long shadows; show real people, actual rituals, decorations and crowds with genuine festive energy; vibrant true-to-life colour, natural handheld motion, shallow depth of field. No on-screen text, subtitles, captions, logos or watermarks; no distorted or extra faces/limbs; documentary realism, not cartoonish or AI-looking.","on-screen text, subtitles, captions, watermarks, logos, brand names, distorted faces, extra limbs, cartoonish, CGI sheen, oversaturated, low quality",https://pub-d8970c901de34c218926ebf4be1ed09a.r2.dev/destinations/trichy.jpg,https://www.nakshiq.com/en/festivals/vaikunta-ekadasi
0e7c38c2-7b09-4560-927a-770a91b7c72e,samayapuram-mariamman-brahmotsavam,Samayapuram Mariamman Brahmotsavam,Trichy (Tiruchirappalli),tamil nadu,5,May,May-June (Tamil month Vaikasi),obscure,no,db-description,"Annual Brahmotsavam celebrated at Samayapuram Mariamman Temple, located 17 km from Trichy. Thousands of devotees from various castes and communities gather to worship Goddess Mariamman during this major festival celebrating her divine power and blessings.","Cinematic documentary-style video, 16:9, 6–8 seconds, authentic real-footage look, of the Samayapuram Mariamman Brahmotsavam festival as celebrated in Trichy (Tiruchirappalli), Tamil Nadu. Celebration: Annual Brahmotsavam celebrated at Samayapuram Mariamman Temple, located 17 km from Trichy. Thousands of devotees from various castes and communities gather to worship Goddess Mariamman during this major festival celebrating her divine power and blessings.. bright summer light; show real people, actual rituals, decorations and crowds with genuine festive energy; vibrant true-to-life colour, natural handheld motion, shallow depth of field. No on-screen text, subtitles, captions, logos or watermarks; no distorted or extra faces/limbs; documentary realism, not cartoonish or AI-looking.","on-screen text, subtitles, captions, watermarks, logos, brand names, distorted faces, extra limbs, cartoonish, CGI sheen, oversaturated, low quality",https://pub-d8970c901de34c218926ebf4be1ed09a.r2.dev/destinations/trichy.jpg,https://www.nakshiq.com/en/festivals/samayapuram-mariamman-brahmotsavam
8def307f-715e-40dd-bd64-7e04c729c1ef,summer-festival-yercaud,Summer Festival,Yercaud,tamil nadu,5,May,May (7-day festival),obscure,no,db-description,"Annual celebration held during mid-May coinciding with the festival of Lord Servarayan (Shevaroy), the presiding deity of the Shevaroy Hills. Features a 7-day exhibition including spectacular Flower Shows with thousands of potted flowering plants, dog shows, boating races, and village fairs. Traditional performances include Karakattam (an ancient Tamil folk dance) and Naiyandi Melam (percussion performances).","Cinematic documentary-style video, 16:9, 6–8 seconds, authentic real-footage look, of the Summer Festival as celebrated in Yercaud, Tamil Nadu. Celebration: Annual celebration held during mid-May coinciding with the festival of Lord Servarayan (Shevaroy), the presiding deity of the Shevaroy Hills. Features a 7-day exhibition including spectacular Flower Shows with thousands of potted flowering plants, dog shows, boating races, and village fairs. Traditional performances include Karakattam (an ancient Tamil folk dance) and Naiyandi Melam (percussion performances).. bright summer light; show real people, actual rituals, decorations and crowds with genuine festive energy; vibrant true-to-life colour, natural handheld motion, shallow depth of field. No on-screen text, subtitles, captions, logos or watermarks; no distorted or extra faces/limbs; documentary realism, not cartoonish or AI-looking.","on-screen text, subtitles, captions, watermarks, logos, brand names, distorted faces, extra limbs, cartoonish, CGI sheen, oversaturated, low quality",https://pub-d8970c901de34c218926ebf4be1ed09a.r2.dev/destinations/yercaud.jpg,https://www.nakshiq.com/en/festivals/summer-festival-yercaud
007c70fe-a1c1-4335-b274-fd1fc99bcc4e,holi-festival-of-colours,Holi (Festival of Colours),Mathura,uttar pradesh,3,March,Early March (lunar calendar; 2026: March 4-5),holi,yes,db-description,"Holi celebrates the love between Krishna and Radha, central to Mathura and Braj region culture. The festival lasts a week, with Lathmar Holi at Barsana and Nandgaon featuring women playfully hitting men with sticks (symbolising Krishna's village pranks). Mathura's celebrations include colour throwing, bonfires (Holika Dahan), Dahi Handi (breaking pots of curd/butter), and Ras Leela dances depicting Krishna and Radha's love story.","Cinematic documentary-style video, 16:9, 6–8 seconds, authentic real-footage look, of the Holi (Festival of Colours) as celebrated in Mathura, Uttar Pradesh. Celebration: Holi celebrates the love between Krishna and Radha, central to Mathura and Braj region culture. The festival lasts a week, with Lathmar Holi at Barsana and Nandgaon featuring women playfully hitting men with sticks (symbolising Krishna's village pranks). Mathura's celebrations include colour throwing, bonfires (Holika Dahan), Dahi Handi (breaking pots of curd/butter), and Ras Leela dances depicting Krishna and Radha's love story.. Key visuals: crowds drenched in bright dry-colour powder, throwing fistfuls of gulal, clouds of pink/green/yellow in the air, dancing to dhol drums. warm spring light; show real people, actual rituals, decorations and crowds with genuine festive energy; vibrant true-to-life colour, natural handheld motion, shallow depth of field. No on-screen text, subtitles, captions, logos or watermarks; no distorted or extra faces/limbs; documentary realism, not cartoonish or AI-looking.","on-screen text, subtitles, captions, watermarks, logos, brand names, distorted faces, extra limbs, cartoonish, CGI sheen, oversaturated, low quality",https://pub-d8970c901de34c218926ebf4be1ed09a.r2.dev/destinations/mathura.jpg,https://www.nakshiq.com/en/festivals/holi-festival-of-colours
6397025a-2816-4070-9773-a8cde7d81987,krishna-janmashtami-birth-of-krishna,Krishna Janmashtami (Birth of Krishna),Mathura,uttar pradesh,8,August,August-September (lunar calendar; 2026: September 4-5),obscure,no,db-description,"Janmashtami celebrates Lord Krishna's birth in Mathura at midnight. Over 800,000 devotees gather annually for prayers, fasting, and Dahi Handi competitions where youth form human pyramids to break pots of curd and butter. Ras Leela performances, temple decorations, midnight aarti (worship ceremonies), and distribution of sweets mark the festival. Vrindavan celebrations extend for 16 days.","Cinematic documentary-style video, 16:9, 6–8 seconds, authentic real-footage look, of the Krishna Janmashtami (Birth of Krishna) festival as celebrated in Mathura, Uttar Pradesh. Celebration: Janmashtami celebrates Lord Krishna's birth in Mathura at midnight. Over 800,000 devotees gather annually for prayers, fasting, and Dahi Handi competitions where youth form human pyramids to break pots of curd and butter. Ras Leela performances, temple decorations, midnight aarti (worship ceremonies), and distribution of sweets mark the festival. Vrindavan celebrations extend for 16 days.. monsoon light, lush greens; show real people, actual rituals, decorations and crowds with genuine festive energy; vibrant true-to-life colour, natural handheld motion, shallow depth of field. No on-screen text, subtitles, captions, logos or watermarks; no distorted or extra faces/limbs; documentary realism, not cartoonish or AI-looking.","on-screen text, subtitles, captions, watermarks, logos, brand names, distorted faces, extra limbs, cartoonish, CGI sheen, oversaturated, low quality",https://pub-d8970c901de34c218926ebf4be1ed09a.r2.dev/destinations/mathura.jpg,https://www.nakshiq.com/en/festivals/krishna-janmashtami-birth-of-krishna
2466179d-c573-493f-ab42-92de8b1657d6,durga-puja,Durga Puja,Kolkata,west bengal,10,October,September-October (lunar calendar; 2026: late September / early October),durga-navratri,yes,db-description,"UNESCO-inscribed Intangible Cultural Heritage festival celebrating the victory of Goddess Durga over evil. Kolkata hosts thousands of elaborate pandals (temporary structures), cultural performances, Dhunuchi Naach (incense stick dances), food stalls, and processions. The festival lasts 10 days, with the final five (Shashti to Vijaya Dashami) being most prominent. In 2022, the collective economy was ₹50,000 crores, employing three lakh people.","Cinematic documentary-style video, 16:9, 6–8 seconds, authentic real-footage look, of the Durga Puja as celebrated in Kolkata, West Bengal. Celebration: UNESCO-inscribed Intangible Cultural Heritage festival celebrating the victory of Goddess Durga over evil. Kolkata hosts thousands of elaborate pandals (temporary structures), cultural performances, Dhunuchi Naach (incense stick dances), food stalls, and processions. The festival lasts 10 days, with the final five (Shashti to Vijaya Dashami) being most prominent. In 2022, the collective economy was ₹50,000 crores, employing three lakh people.. Key visuals: elaborately lit pandals and Durga idols, dhunuchi incense dance, garba/dandiya circles in colourful chaniya-choli. golden autumn light; show real people, actual rituals, decorations and crowds with genuine festive energy; vibrant true-to-life colour, natural handheld motion, shallow depth of field. No on-screen text, subtitles, captions, logos or watermarks; no distorted or extra faces/limbs; documentary realism, not cartoonish or AI-looking.","on-screen text, subtitles, captions, watermarks, logos, brand names, distorted faces, extra limbs, cartoonish, CGI sheen, oversaturated, low quality",https://pub-d8970c901de34c218926ebf4be1ed09a.r2.dev/destinations/kolkata.jpg,https://www.nakshiq.com/en/festivals/durga-puja
5f3aa364-c290-4f72-a023-7e45fcd00afa,kali-puja,Kali Puja,Kolkata,west bengal,11,November,November (new moon day of Kartika month; 2026: November 8),obscure,no,db-description,"Festival dedicated to the fierce goddess Kali, celebrated especially in Kolkata's cremation grounds where she is believed to dwell. The Kalighat Temple and Dakshineswar Kali Temple (associated with Sri Ramakrishna) are major centres of worship. Rituals at midnight, hymn singing, and offerings mark the celebration. Kali Puja coincides with Diwali night in Hindu tradition.","Cinematic documentary-style video, 16:9, 6–8 seconds, authentic real-footage look, of the Kali Puja as celebrated in Kolkata, West Bengal. Celebration: Festival dedicated to the fierce goddess Kali, celebrated especially in Kolkata's cremation grounds where she is believed to dwell. The Kalighat Temple and Dakshineswar Kali Temple (associated with Sri Ramakrishna) are major centres of worship. Rituals at midnight, hymn singing, and offerings mark the celebration. Kali Puja coincides with Diwali night in Hindu tradition.. cool early-winter light; show real people, actual rituals, decorations and crowds with genuine festive energy; vibrant true-to-life colour, natural handheld motion, shallow depth of field. No on-screen text, subtitles, captions, logos or watermarks; no distorted or extra faces/limbs; documentary realism, not cartoonish or AI-looking.","on-screen text, subtitles, captions, watermarks, logos, brand names, distorted faces, extra limbs, cartoonish, CGI sheen, oversaturated, low quality",https://pub-d8970c901de34c218926ebf4be1ed09a.r2.dev/destinations/kolkata.jpg,https://www.nakshiq.com/en/festivals/kali-puja
4c9abda2-1fef-4f17-b2af-d72547df8ebf,poila-boishakh-bengali-new-year,Poila Boishakh (Bengali New Year),Kolkata,west bengal,4,April,April 14-15,newyear-harvest,no,db-description,"Bengali New Year marking the first day of the Bengali calendar (Poila = first, Boishakh = first month). Celebrated across West Bengal with processions, fairs, traditional attire (women in saris, men in kurtas), family gatherings, and cultural performances. UNESCO recognised this festival as Intangible Cultural Heritage of Humanity (2016).","Cinematic documentary-style video, 16:9, 6–8 seconds, authentic real-footage look, of the Poila Boishakh (Bengali New Year) festival as celebrated in Kolkata, West Bengal. Celebration: Bengali New Year marking the first day of the Bengali calendar (Poila = first, Boishakh = first month). Celebrated across West Bengal with processions, fairs, traditional attire (women in saris, men in kurtas), family gatherings, and cultural performances. UNESCO recognised this festival as Intangible Cultural Heritage of Humanity (2016).. Key visuals: regional new-year celebration — festive attire, ceremonial first-fruits, folk dance, decorated thresholds. warm pre-summer light; show real people, actual rituals, decorations and crowds with genuine festive energy; vibrant true-to-life colour, natural handheld motion, shallow depth of field. No on-screen text, subtitles, captions, logos or watermarks; no distorted or extra faces/limbs; documentary realism, not cartoonish or AI-looking.","on-screen text, subtitles, captions, watermarks, logos, brand names, distorted faces, extra limbs, cartoonish, CGI sheen, oversaturated, low quality",https://pub-d8970c901de34c218926ebf4be1ed09a.r2.dev/destinations/kolkata.jpg,https://www.nakshiq.com/en/festivals/poila-boishakh-bengali-new-year
02eb960d-c40b-4d27-baf1-acac70748ee1,poush-mela,Poush Mela,Shantiniketan,west bengal,12,December,December (7th day of Poush month; typically Dec 21-24),obscure,no,db-description,"Three-day fair (extended to six days from 2017 onwards) at Tagore's Visva-Bharati University, founded in 1894 to celebrate the establishment anniversary of Brahma Mandir temple. Features approximately 1,500 vendor stalls, live Bengali folk music (baul, kirtan, kobigan), local handicrafts, printed fabrics, and performances. Attracts ~10,000 tourists annually.","Cinematic documentary-style video, 16:9, 6–8 seconds, authentic real-footage look, of the Poush Mela as celebrated in Shantiniketan, West Bengal. Celebration: Three-day fair (extended to six days from 2017 onwards) at Tagore's Visva-Bharati University, founded in 1894 to celebrate the establishment anniversary of Brahma Mandir temple. Features approximately 1,500 vendor stalls, live Bengali folk music (baul, kirtan, kobigan), local handicrafts, printed fabrics, and performances. Attracts ~10,000 tourists annually.. cold winter light, long shadows; show real people, actual rituals, decorations and crowds with genuine festive energy; vibrant true-to-life colour, natural handheld motion, shallow depth of field. No on-screen text, subtitles, captions, logos or watermarks; no distorted or extra faces/limbs; documentary realism, not cartoonish or AI-looking.","on-screen text, subtitles, captions, watermarks, logos, brand names, distorted faces, extra limbs, cartoonish, CGI sheen, oversaturated, low quality",https://pub-d8970c901de34c218926ebf4be1ed09a.r2.dev/destinations/shantiniketan.jpg,https://www.nakshiq.com/en/festivals/poush-mela
9ca12f97-10a6-4574-b094-ab875de6df2e,basanta-utsav-spring-festival,Basanta Utsav (Spring Festival),Shantiniketan,west bengal,3,March,March (first day of Bengali month Falgun; typically mid-March),obscure,no,db-description,"Spring festival celebrating the arrival of spring (Basanta = spring, Utsav = festival), established in 1923 at Visva-Bharati. Shantiniketan hosts the largest celebration, featuring Rabindra Sangeet (Tagore's compositions), group singing and dancing, coloured powder play (abir), traditional attire, and community processions. The festival blends Holi traditions with Bengali cultural elements.","Cinematic documentary-style video, 16:9, 6–8 seconds, authentic real-footage look, of the Basanta Utsav (Spring Festival) as celebrated in Shantiniketan, West Bengal. Celebration: Spring festival celebrating the arrival of spring (Basanta = spring, Utsav = festival), established in 1923 at Visva-Bharati. Shantiniketan hosts the largest celebration, featuring Rabindra Sangeet (Tagore's compositions), group singing and dancing, coloured powder play (abir), traditional attire, and community processions. The festival blends Holi traditions with Bengali cultural elements.. warm spring light; show real people, actual rituals, decorations and crowds with genuine festive energy; vibrant true-to-life colour, natural handheld motion, shallow depth of field. No on-screen text, subtitles, captions, logos or watermarks; no distorted or extra faces/limbs; documentary realism, not cartoonish or AI-looking.","on-screen text, subtitles, captions, watermarks, logos, brand names, distorted faces, extra limbs, cartoonish, CGI sheen, oversaturated, low quality",https://pub-d8970c901de34c218926ebf4be1ed09a.r2.dev/destinations/shantiniketan.jpg,https://www.nakshiq.com/en/festivals/basanta-utsav-spring-festival
3aec0187-1907-46c8-b4d6-7489d0aafdb6,harela-mela-monsoon-festival,Harela Mela (Monsoon Festival),Bhimtal,uttarakhand,7,July,July 16-21,obscure,no,db-description,"Traditional Kumaoni harvest festival marking the onset of monsoon and the sowing season. Held at Ramleela Ground in Bhimtal, participants plant barley seeds in small pots (symbolising prosperity and good harvest). The festival celebrates agricultural cycles and spiritual renewal rooted in Himalayan traditions.","Cinematic documentary-style video, 16:9, 6–8 seconds, authentic real-footage look, of the Harela Mela (Monsoon Festival) as celebrated in Bhimtal, Uttarakhand. Celebration: Traditional Kumaoni harvest festival marking the onset of monsoon and the sowing season. Held at Ramleela Ground in Bhimtal, participants plant barley seeds in small pots (symbolising prosperity and good harvest). The festival celebrates agricultural cycles and spiritual renewal rooted in Himalayan traditions.. monsoon light, wet sheen; show real people, actual rituals, decorations and crowds with genuine festive energy; vibrant true-to-life colour, natural handheld motion, shallow depth of field. No on-screen text, subtitles, captions, logos or watermarks; no distorted or extra faces/limbs; documentary realism, not cartoonish or AI-looking.","on-screen text, subtitles, captions, watermarks, logos, brand names, distorted faces, extra limbs, cartoonish, CGI sheen, oversaturated, low quality",https://pub-d8970c901de34c218926ebf4be1ed09a.r2.dev/destinations/bhimtal.jpg,https://www.nakshiq.com/en/festivals/harela-mela-monsoon-festival
760c5aad-129f-4e0f-bfa7-a984a924991c,losar-tibetan-new-year-kalimpong,Losar (Tibetan New Year),Kalimpong,west bengal,2,February,February,monastery-cham,yes,db-description,"Tibetan New Year celebration marked by vibrant processions, masked dances, and cultural performances. Celebrated by the significant Tibetan Buddhist community in Kalimpong, featuring monastery prayers, traditional dress, and community gatherings.","Cinematic documentary-style video, 16:9, 6–8 seconds, authentic real-footage look, of the Losar (Tibetan New Year) festival as celebrated in Kalimpong, West Bengal. Celebration: Tibetan New Year celebration marked by vibrant processions, masked dances, and cultural performances. Celebrated by the significant Tibetan Buddhist community in Kalimpong, featuring monastery prayers, traditional dress, and community gatherings.. Key visuals: masked Buddhist monks in brocade robes performing the whirling Cham dance in a monastery courtyard, long dungchen horns, drums, prayer flags, seated crowds. clear late-winter light; show real people, actual rituals, decorations and crowds with genuine festive energy; vibrant true-to-life colour, natural handheld motion, shallow depth of field. No on-screen text, subtitles, captions, logos or watermarks; no distorted or extra faces/limbs; documentary realism, not cartoonish or AI-looking.","on-screen text, subtitles, captions, watermarks, logos, brand names, distorted faces, extra limbs, cartoonish, CGI sheen, oversaturated, low quality",https://pub-d8970c901de34c218926ebf4be1ed09a.r2.dev/destinations/kalimpong.jpg,https://www.nakshiq.com/en/festivals/losar-tibetan-new-year-kalimpong
ec13a937-069b-4147-800f-271107548307,navratri-pilgrimage-at-vaishno-devi,Navratri Pilgrimage at Vaishno Devi,Katra,jammu kashmir,10,October,"Sharad Navratri (Sep-Oct, Ashvin month)",durga-navratri,yes,db-description,Massive pilgrimage surge at Mata Vaishno Devi shrine during the nine-day Navratri festival. The shrine area is decorated with vibrant floral arrangements and colorful lights. Special Maha Yagya ceremonies with Vedic hymns are performed. Attracts hundreds of thousands of devotees during both Chaitra Navratri (Mar-Apr) and Sharad Navratri (Sep-Oct).,"Cinematic documentary-style video, 16:9, 6–8 seconds, authentic real-footage look, of the Navratri Pilgrimage at Vaishno Devi as celebrated in Katra, Jammu Kashmir. Celebration: Massive pilgrimage surge at Mata Vaishno Devi shrine during the nine-day Navratri festival. The shrine area is decorated with vibrant floral arrangements and colorful lights. Special Maha Yagya ceremonies with Vedic hymns are performed. Attracts hundreds of thousands of devotees during both Chaitra Navratri (Mar-Apr) and Sharad Navratri (Sep-Oct).. Key visuals: elaborately lit pandals and Durga idols, dhunuchi incense dance, garba/dandiya circles in colourful chaniya-choli. golden autumn light; show real people, actual rituals, decorations and crowds with genuine festive energy; vibrant true-to-life colour, natural handheld motion, shallow depth of field. No on-screen text, subtitles, captions, logos or watermarks; no distorted or extra faces/limbs; documentary realism, not cartoonish or AI-looking.","on-screen text, subtitles, captions, watermarks, logos, brand names, distorted faces, extra limbs, cartoonish, CGI sheen, oversaturated, low quality",https://pub-d8970c901de34c218926ebf4be1ed09a.r2.dev/destinations/katra.jpg,https://www.nakshiq.com/en/festivals/navratri-pilgrimage-at-vaishno-devi
476c0c81-9718-4ba8-9b62-9f9b35bafff9,sharan-navaratri-at-jogulamba-temple,Sharan Navaratri at Jogulamba Temple,Alampur,telangana,10,October,September–October (lunar calendar),durga-navratri,yes,db-description,"Nine-day festival honoring Goddess Jogulamba with special pujas, rituals, and cultural programs. Features Kalyanotsavam (temple marriage ceremony), Chariot Festival (Ratha Yatra), Nadi Aarti, and Teppotsavam (boat ritual). One of the only Shakti Peeth temples in Telangana.","Cinematic documentary-style video, 16:9, 6–8 seconds, authentic real-footage look, of the Sharan Navaratri at Jogulamba Temple as celebrated in Alampur, Telangana. Celebration: Nine-day festival honoring Goddess Jogulamba with special pujas, rituals, and cultural programs. Features Kalyanotsavam (temple marriage ceremony), Chariot Festival (Ratha Yatra), Nadi Aarti, and Teppotsavam (boat ritual). One of the only Shakti Peeth temples in Telangana.. Key visuals: elaborately lit pandals and Durga idols, dhunuchi incense dance, garba/dandiya circles in colourful chaniya-choli. golden autumn light; show real people, actual rituals, decorations and crowds with genuine festive energy; vibrant true-to-life colour, natural handheld motion, shallow depth of field. No on-screen text, subtitles, captions, logos or watermarks; no distorted or extra faces/limbs; documentary realism, not cartoonish or AI-looking.","on-screen text, subtitles, captions, watermarks, logos, brand names, distorted faces, extra limbs, cartoonish, CGI sheen, oversaturated, low quality",https://pub-d8970c901de34c218926ebf4be1ed09a.r2.dev/destinations/alampur.jpg,https://www.nakshiq.com/en/festivals/sharan-navaratri-at-jogulamba-temple
69a7a62b-9d99-4ee0-aaed-0c556320e64c,nagara-panchami,Nagara Panchami,Kukke Subramanya,karnataka,8,August,"July-August (Shravana month, Panchami tithi)",obscure,no,db-description,"Festival celebrating serpent worship at Kukke Subramanya temple. Devotees perform rituals and pujas honoring snakes and seeking protection from snake-related dangers, central to this temple's spiritual significance.","Cinematic documentary-style video, 16:9, 6–8 seconds, authentic real-footage look, of the Nagara Panchami festival as celebrated in Kukke Subramanya, Karnataka. Celebration: Festival celebrating serpent worship at Kukke Subramanya temple. Devotees perform rituals and pujas honoring snakes and seeking protection from snake-related dangers, central to this temple's spiritual significance.. monsoon light, lush greens; show real people, actual rituals, decorations and crowds with genuine festive energy; vibrant true-to-life colour, natural handheld motion, shallow depth of field. No on-screen text, subtitles, captions, logos or watermarks; no distorted or extra faces/limbs; documentary realism, not cartoonish or AI-looking.","on-screen text, subtitles, captions, watermarks, logos, brand names, distorted faces, extra limbs, cartoonish, CGI sheen, oversaturated, low quality",https://pub-d8970c901de34c218926ebf4be1ed09a.r2.dev/destinations/kukke-subramanya.jpg,https://www.nakshiq.com/en/festivals/nagara-panchami
75a81934-c705-43b1-94fd-923f50c7381e,bonbibi-mela-forest-goddess-festival,Bonbibi Mela (Forest Goddess Festival),Sundarbans,west bengal,1,January,April (Baisakhi month),obscure,no,db-description,"Annual festival honouring Bonbibi, the divine protector goddess of the Sundarbans mangrove forest. Celebrated with folk theatre, music, and dance performances narrating the legends of Bonbibi's protection of humans from tigers and forest dangers. Arranged with theatrics, music, and cultural programs.","Cinematic documentary-style video, 16:9, 6–8 seconds, authentic real-footage look, of the Bonbibi Mela (Forest Goddess Festival) as celebrated in Sundarbans, West Bengal. Celebration: Annual festival honouring Bonbibi, the divine protector goddess of the Sundarbans mangrove forest. Celebrated with folk theatre, music, and dance performances narrating the legends of Bonbibi's protection of humans from tigers and forest dangers. Arranged with theatrics, music, and cultural programs.. crisp winter daylight; show real people, actual rituals, decorations and crowds with genuine festive energy; vibrant true-to-life colour, natural handheld motion, shallow depth of field. No on-screen text, subtitles, captions, logos or watermarks; no distorted or extra faces/limbs; documentary realism, not cartoonish or AI-looking.","on-screen text, subtitles, captions, watermarks, logos, brand names, distorted faces, extra limbs, cartoonish, CGI sheen, oversaturated, low quality",https://pub-d8970c901de34c218926ebf4be1ed09a.r2.dev/destinations/sundarbans.jpg,https://www.nakshiq.com/en/festivals/bonbibi-mela-forest-goddess-festival
20a20dea-6832-48df-887d-26d5e189f665,hanuman-jayanti,Hanuman Jayanti,Sariska Tiger Reserve,rajasthan,4,April,March–April (lunar calendar),obscure,no,db-description,"Grand fair organized at Pandupol Hanuman Temple within Sariska Tiger Reserve celebrating the birth of Lord Hanuman. Draws pilgrims and locals for rituals, prayers, and festive gatherings at the 5,000-year-old shrine.","Cinematic documentary-style video, 16:9, 6–8 seconds, authentic real-footage look, of the Hanuman Jayanti as celebrated in Sariska Tiger Reserve, Rajasthan. Celebration: Grand fair organized at Pandupol Hanuman Temple within Sariska Tiger Reserve celebrating the birth of Lord Hanuman. Draws pilgrims and locals for rituals, prayers, and festive gatherings at the 5,000-year-old shrine.. warm pre-summer light; show real people, actual rituals, decorations and crowds with genuine festive energy; vibrant true-to-life colour, natural handheld motion, shallow depth of field. No on-screen text, subtitles, captions, logos or watermarks; no distorted or extra faces/limbs; documentary realism, not cartoonish or AI-looking.","on-screen text, subtitles, captions, watermarks, logos, brand names, distorted faces, extra limbs, cartoonish, CGI sheen, oversaturated, low quality",https://pub-d8970c901de34c218926ebf4be1ed09a.r2.dev/destinations/sariska.jpg,https://www.nakshiq.com/en/festivals/hanuman-jayanti
e1360965-5b5b-4f72-9830-9c85a7b4c3e5,tskhenye-festival,Tsükhenye Festival,Pfutsero,nagaland,4,April,May,obscure,no,db-description,"A four-day harvest festival celebrated by the Chakhesang Naga tribe in Pfutsero to mark the successful harvest year and rejuvenate the community. The festival begins with a sacred purification ceremony involving the village priest's sacrificial offering, followed by merrymaking, traditional dances, sports, games, and leisure activities that reinforce community bonds.","Cinematic documentary-style video, 16:9, 6–8 seconds, authentic real-footage look, of the Tsükhenye Festival as celebrated in Pfutsero, Nagaland. Celebration: A four-day harvest festival celebrated by the Chakhesang Naga tribe in Pfutsero to mark the successful harvest year and rejuvenate the community. The festival begins with a sacred purification ceremony involving the village priest's sacrificial offering, followed by merrymaking, traditional dances, sports, games, and leisure activities that reinforce community bonds.. warm pre-summer light; show real people, actual rituals, decorations and crowds with genuine festive energy; vibrant true-to-life colour, natural handheld motion, shallow depth of field. No on-screen text, subtitles, captions, logos or watermarks; no distorted or extra faces/limbs; documentary realism, not cartoonish or AI-looking.","on-screen text, subtitles, captions, watermarks, logos, brand names, distorted faces, extra limbs, cartoonish, CGI sheen, oversaturated, low quality",https://pub-d8970c901de34c218926ebf4be1ed09a.r2.dev/destinations/pfutsero.jpg,https://www.nakshiq.com/en/festivals/tskhenye-festival
