"priority_tier","festival_slug","festival_name","destination_name","state","month_name","approximate_date","full_prompt","negative_prompt","reference_image_url","aspect_ratio","duration_seconds","save_as","status"
"A","bhadarvi-poonam-mela","Bhadarvi Poonam Mela","Ambaji","gujarat","September","September (Bhadarvi Poonam full moon, typically early September)","Cinematic 16:9 establishing shot, 6-8 seconds. Subject: salt flats, Arabian Sea coast, white limestone establishing wide shot — no figures, no signage with text. Location: Ambaji, gujarat, India (the host destination of the Bhadarvi Poonam Mela festival — do NOT render the festival itself, only the place at this time of year). Time of day: afternoon clearing. Atmosphere: post-monsoon — lush green, crisp clarity, distant cumulus. Colour palette: vibrant greens + cobalt sky. Shot type: slow drone push-in along the horizon line. Style: documentary register (BBC/National Geographic feel), naturalistic colour grading, soft contrast, slight film grain. Composition: rule-of-thirds horizon, depth via foreground-midground-distance layering. Reference month: September.","no people, no human figures or silhouettes in foreground, no religious figures, sadhus, priests, monks, no specific religious attire (saffron robes, ceremonial clothing), no ritual objects (deities, idols, palanquins, ceremonial fire close-ups), no temple interiors or sanctum imagery, no signage with readable text, no on-screen graphics or overlays, no synthetic / cartoony rendering, no time-of-day mismatch (respect the requested mood)","https://pub-d8970c901de34c218926ebf4be1ed09a.r2.dev/destinations/ambaji.jpg","16:9","6","bhadarvi-poonam-mela.mp4","pending"
"A","bhavnath-maha-shivaratri-mela","Bhavnath Maha Shivaratri Mela","Mount Girnar","gujarat","","Maha Shivaratri","Cinematic 16:9 establishing shot, 6-8 seconds. Subject: salt flats, Arabian Sea coast, white limestone establishing wide shot — no figures, no signage with text. Location: Mount Girnar, gujarat, India (the host destination of the Bhavnath Maha Shivaratri Mela festival — do NOT render the festival itself, only the place at this time of year). Time of day: overcast midday. Atmosphere: early monsoon — cumulus clouds, intermittent rain breaks, fresh greens. Colour palette: cool grey-green + saturated blue. Shot type: slow drone push-in along the horizon line. Style: documentary register (BBC/National Geographic feel), naturalistic colour grading, soft contrast, slight film grain. Composition: rule-of-thirds horizon, depth via foreground-midground-distance layering. Reference month: .","no people, no human figures or silhouettes in foreground, no religious figures, sadhus, priests, monks, no specific religious attire (saffron robes, ceremonial clothing), no ritual objects (deities, idols, palanquins, ceremonial fire close-ups), no temple interiors or sanctum imagery, no signage with readable text, no on-screen graphics or overlays, no synthetic / cartoony rendering, no time-of-day mismatch (respect the requested mood)","https://pub-d8970c901de34c218926ebf4be1ed09a.r2.dev/destinations/girnar.jpg","16:9","6","bhavnath-maha-shivaratri-mela.mp4","pending"
"A","braj-holi-festival","Braj Holi Festival","Deeg","rajasthan","February","February–March (lunar calendar, Phalgun Shukla Paksha)","Cinematic 16:9 establishing shot, 6-8 seconds. Subject: open meadow with early-bloom wildflowers, no people. Location: Deeg, rajasthan, India (the host destination of the Braj Holi Festival festival — do NOT render the festival itself, only the place at this time of year). Time of day: early golden hour. Atmosphere: late-winter clarity, crisp light, dry air. Colour palette: warm amber + cold shadow. Shot type: slow drone push-in along the horizon line. Style: documentary register (BBC/National Geographic feel), naturalistic colour grading, soft contrast, slight film grain. Composition: rule-of-thirds horizon, depth via foreground-midground-distance layering. Reference month: February.","no people, no human figures or silhouettes in foreground, no religious figures, sadhus, priests, monks, no specific religious attire (saffron robes, ceremonial clothing), no ritual objects (deities, idols, palanquins, ceremonial fire close-ups), no temple interiors or sanctum imagery, no signage with readable text, no on-screen graphics or overlays, no synthetic / cartoony rendering, no time-of-day mismatch (respect the requested mood)","https://pub-d8970c901de34c218926ebf4be1ed09a.r2.dev/destinations/deeg.jpg","16:9","6","braj-holi-festival.mp4","pending"
"A","durga-puja","Durga Puja","Kolkata","west bengal","October","September-October (lunar calendar; 2026: late September / early October)","Cinematic 16:9 establishing shot, 6-8 seconds. Subject: Hooghly riverbank colonial-era architecture (exterior), ferry wake, no figures establishing wide shot — no figures, no signage with text. Location: Kolkata, west bengal, India (the host destination of the Durga Puja festival — do NOT render the festival itself, only the place at this time of year). Time of day: evening golden hour. Atmosphere: autumn warmth, returning dust, soft sunset glow. Colour palette: warm gold + violet sky. Shot type: static establishing with subtle water-surface parallax. Style: documentary register (BBC/National Geographic feel), naturalistic colour grading, soft contrast, slight film grain. Composition: rule-of-thirds horizon, depth via foreground-midground-distance layering. Reference month: October.","no people, no human figures or silhouettes in foreground, no religious figures, sadhus, priests, monks, no specific religious attire (saffron robes, ceremonial clothing), no ritual objects (deities, idols, palanquins, ceremonial fire close-ups), no temple interiors or sanctum imagery, no signage with readable text, no on-screen graphics or overlays, no synthetic / cartoony rendering, no time-of-day mismatch (respect the requested mood)","https://pub-d8970c901de34c218926ebf4be1ed09a.r2.dev/destinations/kolkata.jpg","16:9","6","durga-puja.mp4","pending"
"A","goa-carnival-margao","Goa Carnival","Margao","goa","February","February 13-17 (February 15 in Margao)","Cinematic 16:9 establishing shot, 6-8 seconds. Subject: Konkan coast, laterite cliffs, palm-fringed beach establishing wide shot — no figures, no signage with text. Location: Margao, goa, India (the host destination of the Goa Carnival festival — do NOT render the festival itself, only the place at this time of year). Time of day: early golden hour. Atmosphere: late-winter clarity, crisp light, dry air. Colour palette: warm amber + cold shadow. Shot type: static establishing with subtle water-surface parallax. Style: documentary register (BBC/National Geographic feel), naturalistic colour grading, soft contrast, slight film grain. Composition: rule-of-thirds horizon, depth via foreground-midground-distance layering. Reference month: February.","no people, no human figures or silhouettes in foreground, no religious figures, sadhus, priests, monks, no specific religious attire (saffron robes, ceremonial clothing), no ritual objects (deities, idols, palanquins, ceremonial fire close-ups), no temple interiors or sanctum imagery, no signage with readable text, no on-screen graphics or overlays, no synthetic / cartoony rendering, no time-of-day mismatch (respect the requested mood)","https://pub-d8970c901de34c218926ebf4be1ed09a.r2.dev/destinations/margao.jpg","16:9","6","goa-carnival-margao.mp4","pending"
"A","goa-carnival-panaji","Goa Carnival","Panaji","goa","February","February (3 days before Lent)","Cinematic 16:9 establishing shot, 6-8 seconds. Subject: Konkan coast, laterite cliffs, palm-fringed beach establishing wide shot — no figures, no signage with text. Location: Panaji, goa, India (the host destination of the Goa Carnival festival — do NOT render the festival itself, only the place at this time of year). Time of day: early golden hour. Atmosphere: late-winter clarity, crisp light, dry air. Colour palette: warm amber + cold shadow. Shot type: static establishing with subtle water-surface parallax. Style: documentary register (BBC/National Geographic feel), naturalistic colour grading, soft contrast, slight film grain. Composition: rule-of-thirds horizon, depth via foreground-midground-distance layering. Reference month: February.","no people, no human figures or silhouettes in foreground, no religious figures, sadhus, priests, monks, no specific religious attire (saffron robes, ceremonial clothing), no ritual objects (deities, idols, palanquins, ceremonial fire close-ups), no temple interiors or sanctum imagery, no signage with readable text, no on-screen graphics or overlays, no synthetic / cartoony rendering, no time-of-day mismatch (respect the requested mood)","https://pub-d8970c901de34c218926ebf4be1ed09a.r2.dev/destinations/panaji.jpg","16:9","6","goa-carnival-panaji.mp4","pending"
"A","holi-festival-of-colours","Holi (Festival of Colours)","Mathura","uttar pradesh","March","Early March (lunar calendar; 2026: March 4-5)","Cinematic 16:9 establishing shot, 6-8 seconds. Subject: open meadow with early-bloom wildflowers, no people. Location: Mathura, uttar pradesh, India (the host destination of the Holi (Festival of Colours) festival — do NOT render the festival itself, only the place at this time of year). Time of day: afternoon to dusk. Atmosphere: pre-summer warmth, dust in the air, soft hazy light. Colour palette: warm earth tones, ochre. Shot type: low ground-level tracking through the foreground. Style: documentary register (BBC/National Geographic feel), naturalistic colour grading, soft contrast, slight film grain. Composition: rule-of-thirds horizon, depth via foreground-midground-distance layering. Reference month: March.","no people, no human figures or silhouettes in foreground, no religious figures, sadhus, priests, monks, no specific religious attire (saffron robes, ceremonial clothing), no ritual objects (deities, idols, palanquins, ceremonial fire close-ups), no temple interiors or sanctum imagery, no signage with readable text, no on-screen graphics or overlays, no synthetic / cartoony rendering, no time-of-day mismatch (respect the requested mood)","https://pub-d8970c901de34c218926ebf4be1ed09a.r2.dev/destinations/mathura.jpg","16:9","6","holi-festival-of-colours.mp4","pending"
"A","lepakshi-brahmotsavam-maha-shivaratri","Lepakshi Brahmotsavam (Maha Shivaratri)","Lepakshi","andhra pradesh","February","February–March (Maha Shivaratri, Feb 15–16 typically)","Cinematic 16:9 establishing shot, 6-8 seconds. Subject: Deccan plateau, granite outcrops, dry scrub establishing wide shot — no figures, no signage with text. Location: Lepakshi, andhra pradesh, India (the host destination of the Lepakshi Brahmotsavam (Maha Shivaratri) festival — do NOT render the festival itself, only the place at this time of year). Time of day: early golden hour. Atmosphere: late-winter clarity, crisp light, dry air. Colour palette: warm amber + cold shadow. Shot type: static establishing with subtle parallax. Style: documentary register (BBC/National Geographic feel), naturalistic colour grading, soft contrast, slight film grain. Composition: rule-of-thirds horizon, depth via foreground-midground-distance layering. Reference month: February.","no people, no human figures or silhouettes in foreground, no religious figures, sadhus, priests, monks, no specific religious attire (saffron robes, ceremonial clothing), no ritual objects (deities, idols, palanquins, ceremonial fire close-ups), no temple interiors or sanctum imagery, no signage with readable text, no on-screen graphics or overlays, no synthetic / cartoony rendering, no time-of-day mismatch (respect the requested mood)","https://pub-d8970c901de34c218926ebf4be1ed09a.r2.dev/destinations/lepakshi.jpg","16:9","6","lepakshi-brahmotsavam-maha-shivaratri.mp4","pending"
"A","losar-tibetan-new-year-kalimpong","Losar (Tibetan New Year)","Kalimpong","west bengal","February","February","Cinematic 16:9 establishing shot, 6-8 seconds. Subject: monastery exterior wide shot at altitude, empty courtyard, no flags or figures visible, light on stone. Location: Kalimpong, west bengal, India (the host destination of the Losar (Tibetan New Year) festival — do NOT render the festival itself, only the place at this time of year). Time of day: early golden hour. Atmosphere: late-winter clarity, crisp light, dry air. Colour palette: warm amber + cold shadow. Shot type: low ground-level tracking through the foreground. Style: documentary register (BBC/National Geographic feel), naturalistic colour grading, soft contrast, slight film grain. Composition: rule-of-thirds horizon, depth via foreground-midground-distance layering. Reference month: February.","no people, no human figures or silhouettes in foreground, no religious figures, sadhus, priests, monks, no specific religious attire (saffron robes, ceremonial clothing), no ritual objects (deities, idols, palanquins, ceremonial fire close-ups), no temple interiors or sanctum imagery, no signage with readable text, no on-screen graphics or overlays, no synthetic / cartoony rendering, no time-of-day mismatch (respect the requested mood)","https://pub-d8970c901de34c218926ebf4be1ed09a.r2.dev/destinations/kalimpong.jpg","16:9","6","losar-tibetan-new-year-kalimpong.mp4","pending"
"A","losar-tibetan-new-year-mcleodganj","Losar (Tibetan New Year)","McLeod Ganj","himachal pradesh","February","February 18-20","Cinematic 16:9 establishing shot, 6-8 seconds. Subject: monastery exterior wide shot at altitude, empty courtyard, no flags or figures visible, light on stone. Location: McLeod Ganj, himachal pradesh, India (the host destination of the Losar (Tibetan New Year) festival — do NOT render the festival itself, only the place at this time of year). Time of day: blue hour. Atmosphere: deep winter in the hills — snow on ridges, frozen streams, low sun raking the slope. Colour palette: icy blue + warm tungsten pinpoints. Shot type: slow drone pull-back revealing the wider valley. Style: documentary register (BBC/National Geographic feel), naturalistic colour grading, soft contrast, slight film grain. Composition: rule-of-thirds horizon, depth via foreground-midground-distance layering. Reference month: February.","no people, no human figures or silhouettes in foreground, no religious figures, sadhus, priests, monks, no specific religious attire (saffron robes, ceremonial clothing), no ritual objects (deities, idols, palanquins, ceremonial fire close-ups), no temple interiors or sanctum imagery, no signage with readable text, no on-screen graphics or overlays, no synthetic / cartoony rendering, no time-of-day mismatch (respect the requested mood)","https://pub-d8970c901de34c218926ebf4be1ed09a.r2.dev/destinations/mcleodganj.jpg","16:9","6","losar-tibetan-new-year-mcleodganj.mp4","pending"
"A","maha-shivaratri-amaravati","Maha Shivaratri","Amaravati","andhra pradesh","February","February (Maha Shivaratri)","Cinematic 16:9 establishing shot, 6-8 seconds. Subject: Deccan plateau, granite outcrops, dry scrub establishing wide shot — no figures, no signage with text. Location: Amaravati, andhra pradesh, India (the host destination of the Maha Shivaratri festival — do NOT render the festival itself, only the place at this time of year). Time of day: early golden hour. Atmosphere: late-winter clarity, crisp light, dry air. Colour palette: warm amber + cold shadow. Shot type: static establishing with subtle parallax. Style: documentary register (BBC/National Geographic feel), naturalistic colour grading, soft contrast, slight film grain. Composition: rule-of-thirds horizon, depth via foreground-midground-distance layering. Reference month: February.","no people, no human figures or silhouettes in foreground, no religious figures, sadhus, priests, monks, no specific religious attire (saffron robes, ceremonial clothing), no ritual objects (deities, idols, palanquins, ceremonial fire close-ups), no temple interiors or sanctum imagery, no signage with readable text, no on-screen graphics or overlays, no synthetic / cartoony rendering, no time-of-day mismatch (respect the requested mood)","https://pub-d8970c901de34c218926ebf4be1ed09a.r2.dev/destinations/amaravati.jpg","16:9","6","maha-shivaratri-amaravati.mp4","pending"
"A","maha-shivaratri-harihareshwar","Maha Shivaratri","Harihareshwar","maharashtra","February","February–March (14th lunar day of Phalgun month)","Cinematic 16:9 establishing shot, 6-8 seconds. Subject: Western Ghats plateau, fort silhouettes, monsoon waterfalls establishing wide shot — no figures, no signage with text. Location: Harihareshwar, maharashtra, India (the host destination of the Maha Shivaratri festival — do NOT render the festival itself, only the place at this time of year). Time of day: early golden hour. Atmosphere: late-winter clarity, crisp light, dry air. Colour palette: warm amber + cold shadow. Shot type: static establishing, slight push-in, no figures in frame. Style: documentary register (BBC/National Geographic feel), naturalistic colour grading, soft contrast, slight film grain. Composition: rule-of-thirds horizon, depth via foreground-midground-distance layering. Reference month: February.","no people, no human figures or silhouettes in foreground, no religious figures, sadhus, priests, monks, no specific religious attire (saffron robes, ceremonial clothing), no ritual objects (deities, idols, palanquins, ceremonial fire close-ups), no temple interiors or sanctum imagery, no signage with readable text, no on-screen graphics or overlays, no synthetic / cartoony rendering, no time-of-day mismatch (respect the requested mood)","https://pub-d8970c901de34c218926ebf4be1ed09a.r2.dev/destinations/harihareshwar.jpg","16:9","6","maha-shivaratri-harihareshwar.mp4","pending"
"A","maha-shivaratri-omkareshwar","Maha Shivaratri","Omkareshwar","madhya pradesh","February","February/March (Phalgun Krishna Chaturdashi)","Cinematic 16:9 establishing shot, 6-8 seconds. Subject: Vindhya plateau, sandstone outcrops, sal forest establishing wide shot — no figures, no signage with text. Location: Omkareshwar, madhya pradesh, India (the host destination of the Maha Shivaratri festival — do NOT render the festival itself, only the place at this time of year). Time of day: early golden hour. Atmosphere: late-winter clarity, crisp light, dry air. Colour palette: warm amber + cold shadow. Shot type: slow drone pull-back revealing the wider valley. Style: documentary register (BBC/National Geographic feel), naturalistic colour grading, soft contrast, slight film grain. Composition: rule-of-thirds horizon, depth via foreground-midground-distance layering. Reference month: February.","no people, no human figures or silhouettes in foreground, no religious figures, sadhus, priests, monks, no specific religious attire (saffron robes, ceremonial clothing), no ritual objects (deities, idols, palanquins, ceremonial fire close-ups), no temple interiors or sanctum imagery, no signage with readable text, no on-screen graphics or overlays, no synthetic / cartoony rendering, no time-of-day mismatch (respect the requested mood)","https://pub-d8970c901de34c218926ebf4be1ed09a.r2.dev/destinations/omkareshwar.jpg","16:9","6","maha-shivaratri-omkareshwar.mp4","pending"
"A","maha-shivaratri-trimbakeshwar","Maha Shivaratri","Trimbakeshwar","maharashtra","February","","Cinematic 16:9 establishing shot, 6-8 seconds. Subject: Western Ghats plateau, fort silhouettes, monsoon waterfalls establishing wide shot — no figures, no signage with text. Location: Trimbakeshwar, maharashtra, India (the host destination of the Maha Shivaratri festival — do NOT render the festival itself, only the place at this time of year). Time of day: early golden hour. Atmosphere: late-winter clarity, crisp light, dry air. Colour palette: warm amber + cold shadow. Shot type: static establishing, slight push-in, no figures in frame. Style: documentary register (BBC/National Geographic feel), naturalistic colour grading, soft contrast, slight film grain. Composition: rule-of-thirds horizon, depth via foreground-midground-distance layering. Reference month: February.","no people, no human figures or silhouettes in foreground, no religious figures, sadhus, priests, monks, no specific religious attire (saffron robes, ceremonial clothing), no ritual objects (deities, idols, palanquins, ceremonial fire close-ups), no temple interiors or sanctum imagery, no signage with readable text, no on-screen graphics or overlays, no synthetic / cartoony rendering, no time-of-day mismatch (respect the requested mood)","https://pub-d8970c901de34c218926ebf4be1ed09a.r2.dev/destinations/trimbakeshwar.jpg","16:9","6","maha-shivaratri-trimbakeshwar.mp4","pending"
"A","maha-shivaratri-ujjain","Maha Shivaratri","Ujjain","madhya pradesh","February","February/March (Phalgun Krishna Chaturdashi)","Cinematic 16:9 establishing shot, 6-8 seconds. Subject: Shipra riverbank stone steps, ancient temple skyline at distance, no figures establishing wide shot — no figures, no signage with text. Location: Ujjain, madhya pradesh, India (the host destination of the Maha Shivaratri festival — do NOT render the festival itself, only the place at this time of year). Time of day: early golden hour. Atmosphere: late-winter clarity, crisp light, dry air. Colour palette: warm amber + cold shadow. Shot type: static establishing with subtle water-surface parallax. Style: documentary register (BBC/National Geographic feel), naturalistic colour grading, soft contrast, slight film grain. Composition: rule-of-thirds horizon, depth via foreground-midground-distance layering. Reference month: February.","no people, no human figures or silhouettes in foreground, no religious figures, sadhus, priests, monks, no specific religious attire (saffron robes, ceremonial clothing), no ritual objects (deities, idols, palanquins, ceremonial fire close-ups), no temple interiors or sanctum imagery, no signage with readable text, no on-screen graphics or overlays, no synthetic / cartoony rendering, no time-of-day mismatch (respect the requested mood)","https://pub-d8970c901de34c218926ebf4be1ed09a.r2.dev/destinations/ujjain.jpg","16:9","6","maha-shivaratri-ujjain.mp4","pending"
"A","nashik-trimbakeshwar-simhastha-kumbh-mela","Nashik-Trimbakeshwar Simhastha Kumbh Mela","Trimbakeshwar","maharashtra","","","Cinematic 16:9 establishing shot, 6-8 seconds. Subject: temple-town exterior wide shot — sandstone or granite architecture, no figures, no idols visible. Location: Trimbakeshwar, maharashtra, India (the host destination of the Nashik-Trimbakeshwar Simhastha Kumbh Mela festival — do NOT render the festival itself, only the place at this time of year). Time of day: overcast midday. Atmosphere: early monsoon — cumulus clouds, intermittent rain breaks, fresh greens. Colour palette: cool grey-green + saturated blue. Shot type: static establishing, slight push-in, no figures in frame. Style: documentary register (BBC/National Geographic feel), naturalistic colour grading, soft contrast, slight film grain. Composition: rule-of-thirds horizon, depth via foreground-midground-distance layering. Reference month: .","no people, no human figures or silhouettes in foreground, no religious figures, sadhus, priests, monks, no specific religious attire (saffron robes, ceremonial clothing), no ritual objects (deities, idols, palanquins, ceremonial fire close-ups), no temple interiors or sanctum imagery, no signage with readable text, no on-screen graphics or overlays, no synthetic / cartoony rendering, no time-of-day mismatch (respect the requested mood)","https://pub-d8970c901de34c218926ebf4be1ed09a.r2.dev/destinations/trimbakeshwar.jpg","16:9","6","nashik-trimbakeshwar-simhastha-kumbh-mela.mp4","pending"
"A","navratri","Navratri","Karla & Bhaja Caves","maharashtra","October","September–October (Shukla Paksha, Pratipada to Dashami; 9–10 days)","Cinematic 16:9 establishing shot, 6-8 seconds. Subject: Western Ghats plateau, fort silhouettes, monsoon waterfalls establishing wide shot — no figures, no signage with text. Location: Karla & Bhaja Caves, maharashtra, India (the host destination of the Navratri festival — do NOT render the festival itself, only the place at this time of year). Time of day: evening golden hour. Atmosphere: autumn warmth, returning dust, soft sunset glow. Colour palette: warm gold + violet sky. Shot type: static establishing, slight push-in, no figures in frame. Style: documentary register (BBC/National Geographic feel), naturalistic colour grading, soft contrast, slight film grain. Composition: rule-of-thirds horizon, depth via foreground-midground-distance layering. Reference month: October.","no people, no human figures or silhouettes in foreground, no religious figures, sadhus, priests, monks, no specific religious attire (saffron robes, ceremonial clothing), no ritual objects (deities, idols, palanquins, ceremonial fire close-ups), no temple interiors or sanctum imagery, no signage with readable text, no on-screen graphics or overlays, no synthetic / cartoony rendering, no time-of-day mismatch (respect the requested mood)","https://pub-d8970c901de34c218926ebf4be1ed09a.r2.dev/destinations/karla-bhaja-caves.jpg","16:9","6","navratri.mp4","pending"
"A","navratri-pilgrimage-at-vaishno-devi","Navratri Pilgrimage at Vaishno Devi","Katra","jammu kashmir","October","Sharad Navratri (Sep-Oct, Ashvin month)","Cinematic 16:9 establishing shot, 6-8 seconds. Subject: long mountain road or trail receding into distance, no pilgrims visible. Location: Katra, jammu kashmir, India (the host destination of the Navratri Pilgrimage at Vaishno Devi festival — do NOT render the festival itself, only the place at this time of year). Time of day: evening golden hour. Atmosphere: autumn warmth, returning dust, soft sunset glow. Colour palette: warm gold + violet sky. Shot type: static establishing with subtle water-surface parallax. Style: documentary register (BBC/National Geographic feel), naturalistic colour grading, soft contrast, slight film grain. Composition: rule-of-thirds horizon, depth via foreground-midground-distance layering. Reference month: October.","no people, no human figures or silhouettes in foreground, no religious figures, sadhus, priests, monks, no specific religious attire (saffron robes, ceremonial clothing), no ritual objects (deities, idols, palanquins, ceremonial fire close-ups), no temple interiors or sanctum imagery, no signage with readable text, no on-screen graphics or overlays, no synthetic / cartoony rendering, no time-of-day mismatch (respect the requested mood)","https://pub-d8970c901de34c218926ebf4be1ed09a.r2.dev/destinations/katra.jpg","16:9","6","navratri-pilgrimage-at-vaishno-devi.mp4","pending"
"A","pang-lhabsol-namchi","Pang Lhabsol","Namchi","sikkim","September","Late August / Early September (15th day of 7th Tibetan lunar month)","Cinematic 16:9 establishing shot, 6-8 seconds. Subject: cloud forests, terraced ridges, Kanchenjunga distant peaks establishing wide shot — no figures, no signage with text. Location: Namchi, sikkim, India (the host destination of the Pang Lhabsol festival — do NOT render the festival itself, only the place at this time of year). Time of day: afternoon shaft-light. Atmosphere: monsoon in the hills — mist drifts through deodar forest, sun shafts breaking cloud, wet stone glistens. Colour palette: saturated emerald + silver mist. Shot type: slow drone pull-back revealing the wider valley. Style: documentary register (BBC/National Geographic feel), naturalistic colour grading, soft contrast, slight film grain. Composition: rule-of-thirds horizon, depth via foreground-midground-distance layering. Reference month: September.","no people, no human figures or silhouettes in foreground, no religious figures, sadhus, priests, monks, no specific religious attire (saffron robes, ceremonial clothing), no ritual objects (deities, idols, palanquins, ceremonial fire close-ups), no temple interiors or sanctum imagery, no signage with readable text, no on-screen graphics or overlays, no synthetic / cartoony rendering, no time-of-day mismatch (respect the requested mood)","https://pub-d8970c901de34c218926ebf4be1ed09a.r2.dev/destinations/namchi.jpg","16:9","6","pang-lhabsol-namchi.mp4","pending"
"A","simhastha-kumbh-mela","Simhastha Kumbh Mela","Ujjain","madhya pradesh","April","April-May (every 12 years; next in 2028: 27 March–27 May)","Cinematic 16:9 establishing shot, 6-8 seconds. Subject: temple-town exterior wide shot — sandstone or granite architecture, no figures, no idols visible. Location: Ujjain, madhya pradesh, India (the host destination of the Simhastha Kumbh Mela festival — do NOT render the festival itself, only the place at this time of year). Time of day: evening golden hour. Atmosphere: pre-monsoon heat, light softening at dusk, dramatic cloud build-up. Colour palette: saturated warm orange. Shot type: static establishing with subtle water-surface parallax. Style: documentary register (BBC/National Geographic feel), naturalistic colour grading, soft contrast, slight film grain. Composition: rule-of-thirds horizon, depth via foreground-midground-distance layering. Reference month: April.","no people, no human figures or silhouettes in foreground, no religious figures, sadhus, priests, monks, no specific religious attire (saffron robes, ceremonial clothing), no ritual objects (deities, idols, palanquins, ceremonial fire close-ups), no temple interiors or sanctum imagery, no signage with readable text, no on-screen graphics or overlays, no synthetic / cartoony rendering, no time-of-day mismatch (respect the requested mood)","https://pub-d8970c901de34c218926ebf4be1ed09a.r2.dev/destinations/ujjain.jpg","16:9","6","simhastha-kumbh-mela.mp4","pending"
"B","cherai-pooram-gowreeswara-temple-festival","Cherai Pooram (Gowreeswara Temple Festival)","Cherai Beach","kerala","January","Late January to early February; Pooram Nakshatra day (Makaram month)","Cinematic 16:9 establishing shot, 6-8 seconds. Subject: temple-town exterior wide shot — sandstone or granite architecture, no figures, no idols visible. Location: Cherai Beach, kerala, India (the host destination of the Cherai Pooram (Gowreeswara Temple Festival) festival — do NOT render the festival itself, only the place at this time of year). Time of day: blue hour pre-dawn. Atmosphere: winter clarity, low-angle sun, mist on rivers and lakes. Colour palette: cool blue + warm tungsten contrast. Shot type: static establishing with subtle water-surface parallax. Style: documentary register (BBC/National Geographic feel), naturalistic colour grading, soft contrast, slight film grain. Composition: rule-of-thirds horizon, depth via foreground-midground-distance layering. Reference month: January.","no people, no human figures or silhouettes in foreground, no religious figures, sadhus, priests, monks, no specific religious attire (saffron robes, ceremonial clothing), no ritual objects (deities, idols, palanquins, ceremonial fire close-ups), no temple interiors or sanctum imagery, no signage with readable text, no on-screen graphics or overlays, no synthetic / cartoony rendering, no time-of-day mismatch (respect the requested mood)","https://pub-d8970c901de34c218926ebf4be1ed09a.r2.dev/destinations/cherai.jpg","16:9","6","cherai-pooram-gowreeswara-temple-festival.mp4","pending"
"B","dubdi-monastery-festival","Dubdi Monastery Festival","Yuksom","sikkim","February","February (15th day of 1st Tibetan lunar month)","Cinematic 16:9 establishing shot, 6-8 seconds. Subject: monastery exterior wide shot at altitude, empty courtyard, no flags or figures visible, light on stone. Location: Yuksom, sikkim, India (the host destination of the Dubdi Monastery Festival festival — do NOT render the festival itself, only the place at this time of year). Time of day: blue hour. Atmosphere: deep winter in the hills — snow on ridges, frozen streams, low sun raking the slope. Colour palette: icy blue + warm tungsten pinpoints. Shot type: slow drone pull-back revealing the wider valley. Style: documentary register (BBC/National Geographic feel), naturalistic colour grading, soft contrast, slight film grain. Composition: rule-of-thirds horizon, depth via foreground-midground-distance layering. Reference month: February.","no people, no human figures or silhouettes in foreground, no religious figures, sadhus, priests, monks, no specific religious attire (saffron robes, ceremonial clothing), no ritual objects (deities, idols, palanquins, ceremonial fire close-ups), no temple interiors or sanctum imagery, no signage with readable text, no on-screen graphics or overlays, no synthetic / cartoony rendering, no time-of-day mismatch (respect the requested mood)","https://pub-d8970c901de34c218926ebf4be1ed09a.r2.dev/destinations/yuksom.jpg","16:9","6","dubdi-monastery-festival.mp4","pending"
"B","mahakala-dance-ralang-monastery","Mahakala Dance (Ralang Monastery)","Ravangla","sikkim","November","November","Cinematic 16:9 establishing shot, 6-8 seconds. Subject: ancient stone amphitheater steps, distant lights, no performers in frame. Location: Ravangla, sikkim, India (the host destination of the Mahakala Dance (Ralang Monastery) festival — do NOT render the festival itself, only the place at this time of year). Time of day: morning golden hour. Atmosphere: post-monsoon clarity at altitude — crystalline cold air, autumn-tinged forest, distant snow. Colour palette: warm amber + cool cobalt. Shot type: slow drone pull-back revealing the wider valley. Style: documentary register (BBC/National Geographic feel), naturalistic colour grading, soft contrast, slight film grain. Composition: rule-of-thirds horizon, depth via foreground-midground-distance layering. Reference month: November.","no people, no human figures or silhouettes in foreground, no religious figures, sadhus, priests, monks, no specific religious attire (saffron robes, ceremonial clothing), no ritual objects (deities, idols, palanquins, ceremonial fire close-ups), no temple interiors or sanctum imagery, no signage with readable text, no on-screen graphics or overlays, no synthetic / cartoony rendering, no time-of-day mismatch (respect the requested mood)","https://pub-d8970c901de34c218926ebf4be1ed09a.r2.dev/destinations/ravangla.jpg","16:9","6","mahakala-dance-ralang-monastery.mp4","pending"
"B","mahalsa-temple-annual-jatra","Mahalsa Temple Annual Jatra","Spice Plantations (Ponda)","goa","","Annual celebration (date variable)","Cinematic 16:9 establishing shot, 6-8 seconds. Subject: temple-town exterior wide shot — sandstone or granite architecture, no figures, no idols visible. Location: Spice Plantations (Ponda), goa, India (the host destination of the Mahalsa Temple Annual Jatra festival — do NOT render the festival itself, only the place at this time of year). Time of day: overcast midday. Atmosphere: early monsoon — cumulus clouds, intermittent rain breaks, fresh greens. Colour palette: cool grey-green + saturated blue. Shot type: static establishing with subtle water-surface parallax. Style: documentary register (BBC/National Geographic feel), naturalistic colour grading, soft contrast, slight film grain. Composition: rule-of-thirds horizon, depth via foreground-midground-distance layering. Reference month: .","no people, no human figures or silhouettes in foreground, no religious figures, sadhus, priests, monks, no specific religious attire (saffron robes, ceremonial clothing), no ritual objects (deities, idols, palanquins, ceremonial fire close-ups), no temple interiors or sanctum imagery, no signage with readable text, no on-screen graphics or overlays, no synthetic / cartoony rendering, no time-of-day mismatch (respect the requested mood)","https://pub-d8970c901de34c218926ebf4be1ed09a.r2.dev/destinations/ponda-spice.jpg","16:9","6","mahalsa-temple-annual-jatra.mp4","pending"
"B","marari-mahadeva-arattu-temple-festival","Marari Mahadeva Arattu (Temple Festival)","Marari Beach","kerala","February","Kumbham month (February–March); Arattu on new moon day (10-day festival period ending)","Cinematic 16:9 establishing shot, 6-8 seconds. Subject: temple-town exterior wide shot — sandstone or granite architecture, no figures, no idols visible. Location: Marari Beach, kerala, India (the host destination of the Marari Mahadeva Arattu (Temple Festival) festival — do NOT render the festival itself, only the place at this time of year). Time of day: early golden hour. Atmosphere: late-winter clarity, crisp light, dry air. Colour palette: warm amber + cold shadow. Shot type: static establishing with subtle water-surface parallax. Style: documentary register (BBC/National Geographic feel), naturalistic colour grading, soft contrast, slight film grain. Composition: rule-of-thirds horizon, depth via foreground-midground-distance layering. Reference month: February.","no people, no human figures or silhouettes in foreground, no religious figures, sadhus, priests, monks, no specific religious attire (saffron robes, ceremonial clothing), no ritual objects (deities, idols, palanquins, ceremonial fire close-ups), no temple interiors or sanctum imagery, no signage with readable text, no on-screen graphics or overlays, no synthetic / cartoony rendering, no time-of-day mismatch (respect the requested mood)","https://pub-d8970c901de34c218926ebf4be1ed09a.r2.dev/destinations/marari.jpg","16:9","6","marari-mahadeva-arattu-temple-festival.mp4","pending"
"B","shantadurga-temple-annual-fair","Shantadurga Temple Annual Fair","Spice Plantations (Ponda)","goa","December","December-January (annual fair)","Cinematic 16:9 establishing shot, 6-8 seconds. Subject: temple-town exterior wide shot — sandstone or granite architecture, no figures, no idols visible. Location: Spice Plantations (Ponda), goa, India (the host destination of the Shantadurga Temple Annual Fair festival — do NOT render the festival itself, only the place at this time of year). Time of day: blue hour + lantern light. Atmosphere: deep winter — frost, low mist, blue hour dominance. Colour palette: deep blue + amber pinpoints. Shot type: static establishing with subtle water-surface parallax. Style: documentary register (BBC/National Geographic feel), naturalistic colour grading, soft contrast, slight film grain. Composition: rule-of-thirds horizon, depth via foreground-midground-distance layering. Reference month: December.","no people, no human figures or silhouettes in foreground, no religious figures, sadhus, priests, monks, no specific religious attire (saffron robes, ceremonial clothing), no ritual objects (deities, idols, palanquins, ceremonial fire close-ups), no temple interiors or sanctum imagery, no signage with readable text, no on-screen graphics or overlays, no synthetic / cartoony rendering, no time-of-day mismatch (respect the requested mood)","https://pub-d8970c901de34c218926ebf4be1ed09a.r2.dev/destinations/ponda-spice.jpg","16:9","6","shantadurga-temple-annual-fair.mp4","pending"
"B","sharan-navaratri-at-jogulamba-temple","Sharan Navaratri at Jogulamba Temple","Alampur","telangana","October","September–October (lunar calendar)","Cinematic 16:9 establishing shot, 6-8 seconds. Subject: temple-town exterior wide shot — sandstone or granite architecture, no figures, no idols visible. Location: Alampur, telangana, India (the host destination of the Sharan Navaratri at Jogulamba Temple festival — do NOT render the festival itself, only the place at this time of year). Time of day: evening golden hour. Atmosphere: autumn warmth, returning dust, soft sunset glow. Colour palette: warm gold + violet sky. Shot type: static establishing with subtle parallax. Style: documentary register (BBC/National Geographic feel), naturalistic colour grading, soft contrast, slight film grain. Composition: rule-of-thirds horizon, depth via foreground-midground-distance layering. Reference month: October.","no people, no human figures or silhouettes in foreground, no religious figures, sadhus, priests, monks, no specific religious attire (saffron robes, ceremonial clothing), no ritual objects (deities, idols, palanquins, ceremonial fire close-ups), no temple interiors or sanctum imagery, no signage with readable text, no on-screen graphics or overlays, no synthetic / cartoony rendering, no time-of-day mismatch (respect the requested mood)","https://pub-d8970c901de34c218926ebf4be1ed09a.r2.dev/destinations/alampur.jpg","16:9","6","sharan-navaratri-at-jogulamba-temple.mp4","pending"
"C","anganewadi-jatra-bharadi-devi-yatra","Anganewadi Jatra (Bharadi Devi Yatra)","Tarkarli","maharashtra","February","","Cinematic 16:9 establishing shot, 6-8 seconds. Subject: long mountain road or trail receding into distance, no pilgrims visible. Location: Tarkarli, maharashtra, India (the host destination of the Anganewadi Jatra (Bharadi Devi Yatra) festival — do NOT render the festival itself, only the place at this time of year). Time of day: early golden hour. Atmosphere: late-winter clarity, crisp light, dry air. Colour palette: warm amber + cold shadow. Shot type: static establishing, slight push-in, no figures in frame. Style: documentary register (BBC/National Geographic feel), naturalistic colour grading, soft contrast, slight film grain. Composition: rule-of-thirds horizon, depth via foreground-midground-distance layering. Reference month: February.","no people, no human figures or silhouettes in foreground, no religious figures, sadhus, priests, monks, no specific religious attire (saffron robes, ceremonial clothing), no ritual objects (deities, idols, palanquins, ceremonial fire close-ups), no temple interiors or sanctum imagery, no signage with readable text, no on-screen graphics or overlays, no synthetic / cartoony rendering, no time-of-day mismatch (respect the requested mood)","https://pub-d8970c901de34c218926ebf4be1ed09a.r2.dev/destinations/tarkarli.jpg","16:9","6","anganewadi-jatra-bharadi-devi-yatra.mp4","pending"
"C","arudra-darshan-margazhi-tiruvadhirai","Arudra Darshan (Margazhi Tiruvadhirai)","Coimbatore","tamil nadu","December","December/January (Margazhi month)","Cinematic 16:9 establishing shot, 6-8 seconds. Subject: Coromandel coast, granite temple towers (exterior only), dry scrub establishing wide shot — no figures, no signage with text. Location: Coimbatore, tamil nadu, India (the host destination of the Arudra Darshan (Margazhi Tiruvadhirai) festival — do NOT render the festival itself, only the place at this time of year). Time of day: blue hour + lantern light. Atmosphere: deep winter — frost, low mist, blue hour dominance. Colour palette: deep blue + amber pinpoints. Shot type: static establishing with subtle water-surface parallax. Style: documentary register (BBC/National Geographic feel), naturalistic colour grading, soft contrast, slight film grain. Composition: rule-of-thirds horizon, depth via foreground-midground-distance layering. Reference month: December.","no people, no human figures or silhouettes in foreground, no religious figures, sadhus, priests, monks, no specific religious attire (saffron robes, ceremonial clothing), no ritual objects (deities, idols, palanquins, ceremonial fire close-ups), no temple interiors or sanctum imagery, no signage with readable text, no on-screen graphics or overlays, no synthetic / cartoony rendering, no time-of-day mismatch (respect the requested mood)","https://pub-d8970c901de34c218926ebf4be1ed09a.r2.dev/destinations/coimbatore.jpg","16:9","6","arudra-darshan-margazhi-tiruvadhirai.mp4","pending"
"C","ashada-jatara","Ashada Jatara","Ananthagiri Hills","telangana","June","June–July (lunar calendar)","Cinematic 16:9 establishing shot, 6-8 seconds. Subject: boulder-strewn Deccan, baoli stepwells, granite hills establishing wide shot — no figures, no signage with text. Location: Ananthagiri Hills, telangana, India (the host destination of the Ashada Jatara festival — do NOT render the festival itself, only the place at this time of year). Time of day: overcast midday. Atmosphere: early monsoon — cumulus clouds, intermittent rain breaks, fresh greens. Colour palette: cool grey-green + saturated blue. Shot type: static establishing with subtle parallax. Style: documentary register (BBC/National Geographic feel), naturalistic colour grading, soft contrast, slight film grain. Composition: rule-of-thirds horizon, depth via foreground-midground-distance layering. Reference month: June.","no people, no human figures or silhouettes in foreground, no religious figures, sadhus, priests, monks, no specific religious attire (saffron robes, ceremonial clothing), no ritual objects (deities, idols, palanquins, ceremonial fire close-ups), no temple interiors or sanctum imagery, no signage with readable text, no on-screen graphics or overlays, no synthetic / cartoony rendering, no time-of-day mismatch (respect the requested mood)","https://pub-d8970c901de34c218926ebf4be1ed09a.r2.dev/destinations/ananthagiri-hills.jpg","16:9","6","ashada-jatara.mp4","pending"
"C","ashlesha-bali-puja","Ashlesha Bali Puja","Kukke Subramanya","karnataka","","Celebrated on specific lunar dates (Ashlesha Nakshatra)","Cinematic 16:9 establishing shot, 6-8 seconds. Subject: Western Ghats canopy, Hampi boulders, coastal lagoons establishing wide shot — no figures, no signage with text. Location: Kukke Subramanya, karnataka, India (the host destination of the Ashlesha Bali Puja festival — do NOT render the festival itself, only the place at this time of year). Time of day: overcast midday. Atmosphere: early monsoon — cumulus clouds, intermittent rain breaks, fresh greens. Colour palette: cool grey-green + saturated blue. Shot type: static establishing with subtle water-surface parallax. Style: documentary register (BBC/National Geographic feel), naturalistic colour grading, soft contrast, slight film grain. Composition: rule-of-thirds horizon, depth via foreground-midground-distance layering. Reference month: .","no people, no human figures or silhouettes in foreground, no religious figures, sadhus, priests, monks, no specific religious attire (saffron robes, ceremonial clothing), no ritual objects (deities, idols, palanquins, ceremonial fire close-ups), no temple interiors or sanctum imagery, no signage with readable text, no on-screen graphics or overlays, no synthetic / cartoony rendering, no time-of-day mismatch (respect the requested mood)","https://pub-d8970c901de34c218926ebf4be1ed09a.r2.dev/destinations/kukke-subramanya.jpg","16:9","6","ashlesha-bali-puja.mp4","pending"
"C","ashokastami-mela","Ashokastami Mela","Unakoti","tripura","April","April","Cinematic 16:9 establishing shot, 6-8 seconds. Subject: lateritic plateaus, betel-nut groves, low light establishing wide shot — no figures, no signage with text. Location: Unakoti, tripura, India (the host destination of the Ashokastami Mela festival — do NOT render the festival itself, only the place at this time of year). Time of day: evening golden hour. Atmosphere: pre-monsoon heat, light softening at dusk, dramatic cloud build-up. Colour palette: saturated warm orange. Shot type: static establishing with subtle parallax. Style: documentary register (BBC/National Geographic feel), naturalistic colour grading, soft contrast, slight film grain. Composition: rule-of-thirds horizon, depth via foreground-midground-distance layering. Reference month: April.","no people, no human figures or silhouettes in foreground, no religious figures, sadhus, priests, monks, no specific religious attire (saffron robes, ceremonial clothing), no ritual objects (deities, idols, palanquins, ceremonial fire close-ups), no temple interiors or sanctum imagery, no signage with readable text, no on-screen graphics or overlays, no synthetic / cartoony rendering, no time-of-day mismatch (respect the requested mood)","https://pub-d8970c901de34c218926ebf4be1ed09a.r2.dev/destinations/unakoti.jpg","16:9","6","ashokastami-mela.mp4","pending"
"C","baisakhi-amritsar","Baisakhi","Amritsar","punjab","April","April 13-14","Cinematic 16:9 establishing shot, 6-8 seconds. Subject: ripening fields wide shot, no harvesters visible, distant grain stacks. Location: Amritsar, punjab, India (the host destination of the Baisakhi festival — do NOT render the festival itself, only the place at this time of year). Time of day: evening golden hour. Atmosphere: pre-monsoon heat, light softening at dusk, dramatic cloud build-up. Colour palette: saturated warm orange. Shot type: static establishing, slight push-in, no figures in frame. Style: documentary register (BBC/National Geographic feel), naturalistic colour grading, soft contrast, slight film grain. Composition: rule-of-thirds horizon, depth via foreground-midground-distance layering. Reference month: April.","no people, no human figures or silhouettes in foreground, no religious figures, sadhus, priests, monks, no specific religious attire (saffron robes, ceremonial clothing), no ritual objects (deities, idols, palanquins, ceremonial fire close-ups), no temple interiors or sanctum imagery, no signage with readable text, no on-screen graphics or overlays, no synthetic / cartoony rendering, no time-of-day mismatch (respect the requested mood)","https://pub-d8970c901de34c218926ebf4be1ed09a.r2.dev/destinations/amritsar.jpg","16:9","6","baisakhi-amritsar.mp4","pending"
"C","baisakhi-damdama-sahib","Baisakhi","Takht Sri Damdama Sahib","punjab","April","April 13","Cinematic 16:9 establishing shot, 6-8 seconds. Subject: ripening fields wide shot, no harvesters visible, distant grain stacks. Location: Takht Sri Damdama Sahib, punjab, India (the host destination of the Baisakhi festival — do NOT render the festival itself, only the place at this time of year). Time of day: evening golden hour. Atmosphere: pre-monsoon heat, light softening at dusk, dramatic cloud build-up. Colour palette: saturated warm orange. Shot type: low ground-level tracking through the foreground. Style: documentary register (BBC/National Geographic feel), naturalistic colour grading, soft contrast, slight film grain. Composition: rule-of-thirds horizon, depth via foreground-midground-distance layering. Reference month: April.","no people, no human figures or silhouettes in foreground, no religious figures, sadhus, priests, monks, no specific religious attire (saffron robes, ceremonial clothing), no ritual objects (deities, idols, palanquins, ceremonial fire close-ups), no temple interiors or sanctum imagery, no signage with readable text, no on-screen graphics or overlays, no synthetic / cartoony rendering, no time-of-day mismatch (respect the requested mood)","https://pub-d8970c901de34c218926ebf4be1ed09a.r2.dev/destinations/damdama-sahib.jpg","16:9","6","baisakhi-damdama-sahib.mp4","pending"
"C","basanta-utsav-spring-festival","Basanta Utsav (Spring Festival)","Shantiniketan","west bengal","March","March (first day of Bengali month Falgun; typically mid-March)","Cinematic 16:9 establishing shot, 6-8 seconds. Subject: open meadow with early-bloom wildflowers, no people. Location: Shantiniketan, west bengal, India (the host destination of the Basanta Utsav (Spring Festival) festival — do NOT render the festival itself, only the place at this time of year). Time of day: afternoon to dusk. Atmosphere: pre-summer warmth, dust in the air, soft hazy light. Colour palette: warm earth tones, ochre. Shot type: low ground-level tracking through the foreground. Style: documentary register (BBC/National Geographic feel), naturalistic colour grading, soft contrast, slight film grain. Composition: rule-of-thirds horizon, depth via foreground-midground-distance layering. Reference month: March.","no people, no human figures or silhouettes in foreground, no religious figures, sadhus, priests, monks, no specific religious attire (saffron robes, ceremonial clothing), no ritual objects (deities, idols, palanquins, ceremonial fire close-ups), no temple interiors or sanctum imagery, no signage with readable text, no on-screen graphics or overlays, no synthetic / cartoony rendering, no time-of-day mismatch (respect the requested mood)","https://pub-d8970c901de34c218926ebf4be1ed09a.r2.dev/destinations/shantiniketan.jpg","16:9","6","basanta-utsav-spring-festival.mp4","pending"
"C","belum-caves-festival","Belum Caves Festival","Belum Caves","andhra pradesh","January","January","Cinematic 16:9 establishing shot, 6-8 seconds. Subject: Deccan plateau, granite outcrops, dry scrub establishing wide shot — no figures, no signage with text. Location: Belum Caves, andhra pradesh, India (the host destination of the Belum Caves Festival festival — do NOT render the festival itself, only the place at this time of year). Time of day: blue hour pre-dawn. Atmosphere: winter clarity, low-angle sun, mist on rivers and lakes. Colour palette: cool blue + warm tungsten contrast. Shot type: static establishing with subtle parallax. Style: documentary register (BBC/National Geographic feel), naturalistic colour grading, soft contrast, slight film grain. Composition: rule-of-thirds horizon, depth via foreground-midground-distance layering. Reference month: January.","no people, no human figures or silhouettes in foreground, no religious figures, sadhus, priests, monks, no specific religious attire (saffron robes, ceremonial clothing), no ritual objects (deities, idols, palanquins, ceremonial fire close-ups), no temple interiors or sanctum imagery, no signage with readable text, no on-screen graphics or overlays, no synthetic / cartoony rendering, no time-of-day mismatch (respect the requested mood)","https://pub-d8970c901de34c218926ebf4be1ed09a.r2.dev/destinations/belum-caves.jpg","16:9","6","belum-caves-festival.mp4","pending"
"C","bhavnath-mela-girnar-mahashivratri-mela","Bhavnath Mela (Girnar Mahashivratri Mela)","Junagadh","gujarat","February","February-March (Maha Shivratri, typically February/early March)","Cinematic 16:9 establishing shot, 6-8 seconds. Subject: salt flats, Arabian Sea coast, white limestone establishing wide shot — no figures, no signage with text. Location: Junagadh, gujarat, India (the host destination of the Bhavnath Mela (Girnar Mahashivratri Mela) festival — do NOT render the festival itself, only the place at this time of year). Time of day: early golden hour. Atmosphere: late-winter clarity, crisp light, dry air. Colour palette: warm amber + cold shadow. Shot type: slow drone push-in along the horizon line. Style: documentary register (BBC/National Geographic feel), naturalistic colour grading, soft contrast, slight film grain. Composition: rule-of-thirds horizon, depth via foreground-midground-distance layering. Reference month: February.","no people, no human figures or silhouettes in foreground, no religious figures, sadhus, priests, monks, no specific religious attire (saffron robes, ceremonial clothing), no ritual objects (deities, idols, palanquins, ceremonial fire close-ups), no temple interiors or sanctum imagery, no signage with readable text, no on-screen graphics or overlays, no synthetic / cartoony rendering, no time-of-day mismatch (respect the requested mood)","https://pub-d8970c901de34c218926ebf4be1ed09a.r2.dev/destinations/junagadh.jpg","16:9","6","bhavnath-mela-girnar-mahashivratri-mela.mp4","pending"
"C","bhoramdeo-mahotsav","Bhoramdeo Mahotsav","Bhoramdeo","chhattisgarh","March","Krishna Paksha Teras of Chaitra (March)","Cinematic 16:9 establishing shot, 6-8 seconds. Subject: Bastar sal forest, red-earth tribal villages (no figures), waterfalls establishing wide shot — no figures, no signage with text. Location: Bhoramdeo, chhattisgarh, India (the host destination of the Bhoramdeo Mahotsav festival — do NOT render the festival itself, only the place at this time of year). Time of day: afternoon to dusk. Atmosphere: pre-summer warmth, dust in the air, soft hazy light. Colour palette: warm earth tones, ochre. Shot type: slow drone pull-back revealing the wider valley. Style: documentary register (BBC/National Geographic feel), naturalistic colour grading, soft contrast, slight film grain. Composition: rule-of-thirds horizon, depth via foreground-midground-distance layering. Reference month: March.","no people, no human figures or silhouettes in foreground, no religious figures, sadhus, priests, monks, no specific religious attire (saffron robes, ceremonial clothing), no ritual objects (deities, idols, palanquins, ceremonial fire close-ups), no temple interiors or sanctum imagery, no signage with readable text, no on-screen graphics or overlays, no synthetic / cartoony rendering, no time-of-day mismatch (respect the requested mood)","https://pub-d8970c901de34c218926ebf4be1ed09a.r2.dev/destinations/bhoramdeo.jpg","16:9","6","bhoramdeo-mahotsav.mp4","pending"
"C","bonbibi-mela-forest-goddess-festival","Bonbibi Mela (Forest Goddess Festival)","Sundarbans","west bengal","January","April (Baisakhi month)","Cinematic 16:9 establishing shot, 6-8 seconds. Subject: Bengal delta, mangrove waterways, jute-field horizons establishing wide shot — no figures, no signage with text. Location: Sundarbans, west bengal, India (the host destination of the Bonbibi Mela (Forest Goddess Festival) festival — do NOT render the festival itself, only the place at this time of year). Time of day: blue hour pre-dawn. Atmosphere: winter clarity, low-angle sun, mist on rivers and lakes. Colour palette: cool blue + warm tungsten contrast. Shot type: low ground-level tracking through the foreground. Style: documentary register (BBC/National Geographic feel), naturalistic colour grading, soft contrast, slight film grain. Composition: rule-of-thirds horizon, depth via foreground-midground-distance layering. Reference month: January.","no people, no human figures or silhouettes in foreground, no religious figures, sadhus, priests, monks, no specific religious attire (saffron robes, ceremonial clothing), no ritual objects (deities, idols, palanquins, ceremonial fire close-ups), no temple interiors or sanctum imagery, no signage with readable text, no on-screen graphics or overlays, no synthetic / cartoony rendering, no time-of-day mismatch (respect the requested mood)","https://pub-d8970c901de34c218926ebf4be1ed09a.r2.dev/destinations/sundarbans.jpg","16:9","6","bonbibi-mela-forest-goddess-festival.mp4","pending"
"C","buddha-purnima-bodh-gaya","Buddha Purnima","Bodh Gaya","bihar","May","May (Vaishakha Purnima)","Cinematic 16:9 establishing shot, 6-8 seconds. Subject: Ganges plains, ancient mound sites, river-mist mornings establishing wide shot — no figures, no signage with text. Location: Bodh Gaya, bihar, India (the host destination of the Buddha Purnima festival — do NOT render the festival itself, only the place at this time of year). Time of day: post-sunset twilight. Atmosphere: summer haze, heat shimmer over dry ground, warm tungsten dusk. Colour palette: burnt orange + deep blue. Shot type: static establishing with subtle water-surface parallax. Style: documentary register (BBC/National Geographic feel), naturalistic colour grading, soft contrast, slight film grain. Composition: rule-of-thirds horizon, depth via foreground-midground-distance layering. Reference month: May.","no people, no human figures or silhouettes in foreground, no religious figures, sadhus, priests, monks, no specific religious attire (saffron robes, ceremonial clothing), no ritual objects (deities, idols, palanquins, ceremonial fire close-ups), no temple interiors or sanctum imagery, no signage with readable text, no on-screen graphics or overlays, no synthetic / cartoony rendering, no time-of-day mismatch (respect the requested mood)","https://pub-d8970c901de34c218926ebf4be1ed09a.r2.dev/destinations/bodh-gaya.jpg","16:9","6","buddha-purnima-bodh-gaya.mp4","pending"
"C","buddha-purnima-dhauli","Buddha Purnima","Dhauli","odisha","May","First full moon of Vaisakha (May)","Cinematic 16:9 establishing shot, 6-8 seconds. Subject: Chilika lagoon, coastal dunes, eastern beach sunrise establishing wide shot — no figures, no signage with text. Location: Dhauli, odisha, India (the host destination of the Buddha Purnima festival — do NOT render the festival itself, only the place at this time of year). Time of day: post-sunset twilight. Atmosphere: summer haze, heat shimmer over dry ground, warm tungsten dusk. Colour palette: burnt orange + deep blue. Shot type: slow drone push-in along the horizon line. Style: documentary register (BBC/National Geographic feel), naturalistic colour grading, soft contrast, slight film grain. Composition: rule-of-thirds horizon, depth via foreground-midground-distance layering. Reference month: May.","no people, no human figures or silhouettes in foreground, no religious figures, sadhus, priests, monks, no specific religious attire (saffron robes, ceremonial clothing), no ritual objects (deities, idols, palanquins, ceremonial fire close-ups), no temple interiors or sanctum imagery, no signage with readable text, no on-screen graphics or overlays, no synthetic / cartoony rendering, no time-of-day mismatch (respect the requested mood)","https://pub-d8970c901de34c218926ebf4be1ed09a.r2.dev/destinations/dhauli.jpg","16:9","6","buddha-purnima-dhauli.mp4","pending"
"C","buddha-purnima-sanchi","Buddha Purnima","Sanchi","madhya pradesh","May","May (full moon in Vaishakh month)","Cinematic 16:9 establishing shot, 6-8 seconds. Subject: Vindhya plateau, sandstone outcrops, sal forest establishing wide shot — no figures, no signage with text. Location: Sanchi, madhya pradesh, India (the host destination of the Buddha Purnima festival — do NOT render the festival itself, only the place at this time of year). Time of day: post-sunset twilight. Atmosphere: summer haze, heat shimmer over dry ground, warm tungsten dusk. Colour palette: burnt orange + deep blue. Shot type: slow drone pull-back revealing the wider valley. Style: documentary register (BBC/National Geographic feel), naturalistic colour grading, soft contrast, slight film grain. Composition: rule-of-thirds horizon, depth via foreground-midground-distance layering. Reference month: May.","no people, no human figures or silhouettes in foreground, no religious figures, sadhus, priests, monks, no specific religious attire (saffron robes, ceremonial clothing), no ritual objects (deities, idols, palanquins, ceremonial fire close-ups), no temple interiors or sanctum imagery, no signage with readable text, no on-screen graphics or overlays, no synthetic / cartoony rendering, no time-of-day mismatch (respect the requested mood)","https://pub-d8970c901de34c218926ebf4be1ed09a.r2.dev/destinations/sanchi.jpg","16:9","6","buddha-purnima-sanchi.mp4","pending"
"C","chaitra-mela","Chaitra Mela","Talasari","odisha","April","13 days in Chaitra (April)","Cinematic 16:9 establishing shot, 6-8 seconds. Subject: Chilika lagoon, coastal dunes, eastern beach sunrise establishing wide shot — no figures, no signage with text. Location: Talasari, odisha, India (the host destination of the Chaitra Mela festival — do NOT render the festival itself, only the place at this time of year). Time of day: evening golden hour. Atmosphere: pre-monsoon heat, light softening at dusk, dramatic cloud build-up. Colour palette: saturated warm orange. Shot type: slow drone push-in along the horizon line. Style: documentary register (BBC/National Geographic feel), naturalistic colour grading, soft contrast, slight film grain. Composition: rule-of-thirds horizon, depth via foreground-midground-distance layering. Reference month: April.","no people, no human figures or silhouettes in foreground, no religious figures, sadhus, priests, monks, no specific religious attire (saffron robes, ceremonial clothing), no ritual objects (deities, idols, palanquins, ceremonial fire close-ups), no temple interiors or sanctum imagery, no signage with readable text, no on-screen graphics or overlays, no synthetic / cartoony rendering, no time-of-day mismatch (respect the requested mood)","https://pub-d8970c901de34c218926ebf4be1ed09a.r2.dev/destinations/talasari.jpg","16:9","6","chaitra-mela.mp4","pending"
"C","champa-shashti-shasti","Champa Shashti (Shasti)","Kukke Subramanya","karnataka","December","December (Shasti tithi in Margashirsha month)","Cinematic 16:9 establishing shot, 6-8 seconds. Subject: Western Ghats canopy, Hampi boulders, coastal lagoons establishing wide shot — no figures, no signage with text. Location: Kukke Subramanya, karnataka, India (the host destination of the Champa Shashti (Shasti) festival — do NOT render the festival itself, only the place at this time of year). Time of day: blue hour + lantern light. Atmosphere: deep winter — frost, low mist, blue hour dominance. Colour palette: deep blue + amber pinpoints. Shot type: static establishing with subtle water-surface parallax. Style: documentary register (BBC/National Geographic feel), naturalistic colour grading, soft contrast, slight film grain. Composition: rule-of-thirds horizon, depth via foreground-midground-distance layering. Reference month: December.","no people, no human figures or silhouettes in foreground, no religious figures, sadhus, priests, monks, no specific religious attire (saffron robes, ceremonial clothing), no ritual objects (deities, idols, palanquins, ceremonial fire close-ups), no temple interiors or sanctum imagery, no signage with readable text, no on-screen graphics or overlays, no synthetic / cartoony rendering, no time-of-day mismatch (respect the requested mood)","https://pub-d8970c901de34c218926ebf4be1ed09a.r2.dev/destinations/kukke-subramanya.jpg","16:9","6","champa-shashti-shasti.mp4","pending"
"C","chandipur-beach-festival","Chandipur Beach Festival","Chandipur","odisha","January","7-10 Jan","Cinematic 16:9 establishing shot, 6-8 seconds. Subject: empty beach at low tide, footprint-free sand, distant horizon, soft surf. Location: Chandipur, odisha, India (the host destination of the Chandipur Beach Festival festival — do NOT render the festival itself, only the place at this time of year). Time of day: blue hour pre-dawn. Atmosphere: winter clarity, low-angle sun, mist on rivers and lakes. Colour palette: cool blue + warm tungsten contrast. Shot type: slow drone push-in along the horizon line. Style: documentary register (BBC/National Geographic feel), naturalistic colour grading, soft contrast, slight film grain. Composition: rule-of-thirds horizon, depth via foreground-midground-distance layering. Reference month: January.","no people, no human figures or silhouettes in foreground, no religious figures, sadhus, priests, monks, no specific religious attire (saffron robes, ceremonial clothing), no ritual objects (deities, idols, palanquins, ceremonial fire close-ups), no temple interiors or sanctum imagery, no signage with readable text, no on-screen graphics or overlays, no synthetic / cartoony rendering, no time-of-day mismatch (respect the requested mood)","https://pub-d8970c901de34c218926ebf4be1ed09a.r2.dev/destinations/chandipur.jpg","16:9","6","chandipur-beach-festival.mp4","pending"
"C","coonoor-fruit-show-nilgiris-summer-festival","Coonoor Fruit Show (Nilgiris Summer Festival)","Coonoor","tamil nadu","May","May (typically May 24-26; as part of Nilgiris Summer Festival)","Cinematic 16:9 establishing shot, 6-8 seconds. Subject: Coromandel coast, granite temple towers (exterior only), dry scrub establishing wide shot — no figures, no signage with text. Location: Coonoor, tamil nadu, India (the host destination of the Coonoor Fruit Show (Nilgiris Summer Festival) festival — do NOT render the festival itself, only the place at this time of year). Time of day: early morning. Atmosphere: alpine spring — clear cold air, snow-melt streams, distant high-altitude peaks. Colour palette: snow-white + emerald + cobalt sky. Shot type: static establishing with subtle water-surface parallax. Style: documentary register (BBC/National Geographic feel), naturalistic colour grading, soft contrast, slight film grain. Composition: rule-of-thirds horizon, depth via foreground-midground-distance layering. Reference month: May.","no people, no human figures or silhouettes in foreground, no religious figures, sadhus, priests, monks, no specific religious attire (saffron robes, ceremonial clothing), no ritual objects (deities, idols, palanquins, ceremonial fire close-ups), no temple interiors or sanctum imagery, no signage with readable text, no on-screen graphics or overlays, no synthetic / cartoony rendering, no time-of-day mismatch (respect the requested mood)","https://pub-d8970c901de34c218926ebf4be1ed09a.r2.dev/destinations/coonoor.jpg","16:9","6","coonoor-fruit-show-nilgiris-summer-festival.mp4","pending"
"C","dalai-lamas-birthday","Dalai Lama's Birthday","McLeod Ganj","himachal pradesh","July","July 6","Cinematic 16:9 establishing shot, 6-8 seconds. Subject: Himalayan ridges, deodar slopes, prayer-flag-empty (no flags) ridgelines establishing wide shot — no figures, no signage with text. Location: McLeod Ganj, himachal pradesh, India (the host destination of the Dalai Lama's Birthday festival — do NOT render the festival itself, only the place at this time of year). Time of day: afternoon shaft-light. Atmosphere: monsoon in the hills — mist drifts through deodar forest, sun shafts breaking cloud, wet stone glistens. Colour palette: saturated emerald + silver mist. Shot type: slow drone pull-back revealing the wider valley. Style: documentary register (BBC/National Geographic feel), naturalistic colour grading, soft contrast, slight film grain. Composition: rule-of-thirds horizon, depth via foreground-midground-distance layering. Reference month: July.","no people, no human figures or silhouettes in foreground, no religious figures, sadhus, priests, monks, no specific religious attire (saffron robes, ceremonial clothing), no ritual objects (deities, idols, palanquins, ceremonial fire close-ups), no temple interiors or sanctum imagery, no signage with readable text, no on-screen graphics or overlays, no synthetic / cartoony rendering, no time-of-day mismatch (respect the requested mood)","https://pub-d8970c901de34c218926ebf4be1ed09a.r2.dev/destinations/mcleodganj.jpg","16:9","6","dalai-lamas-birthday.mp4","pending"
"C","dang-darbar-festival","Dang Darbar Festival","Saputara","gujarat","February","February-March (historically before Holi; 2026 dates: Feb 26 - Mar 3)","Cinematic 16:9 establishing shot, 6-8 seconds. Subject: salt flats, Arabian Sea coast, white limestone establishing wide shot — no figures, no signage with text. Location: Saputara, gujarat, India (the host destination of the Dang Darbar Festival festival — do NOT render the festival itself, only the place at this time of year). Time of day: early golden hour. Atmosphere: late-winter clarity, crisp light, dry air. Colour palette: warm amber + cold shadow. Shot type: slow drone push-in along the horizon line. Style: documentary register (BBC/National Geographic feel), naturalistic colour grading, soft contrast, slight film grain. Composition: rule-of-thirds horizon, depth via foreground-midground-distance layering. Reference month: February.","no people, no human figures or silhouettes in foreground, no religious figures, sadhus, priests, monks, no specific religious attire (saffron robes, ceremonial clothing), no ritual objects (deities, idols, palanquins, ceremonial fire close-ups), no temple interiors or sanctum imagery, no signage with readable text, no on-screen graphics or overlays, no synthetic / cartoony rendering, no time-of-day mismatch (respect the requested mood)","https://pub-d8970c901de34c218926ebf4be1ed09a.r2.dev/destinations/saputara.jpg","16:9","6","dang-darbar-festival.mp4","pending"
"C","dhammachakra-pravartan-din","Dhammachakra Pravartan Din","Nagpur","maharashtra","October","","Cinematic 16:9 establishing shot, 6-8 seconds. Subject: Western Ghats plateau, fort silhouettes, monsoon waterfalls establishing wide shot — no figures, no signage with text. Location: Nagpur, maharashtra, India (the host destination of the Dhammachakra Pravartan Din festival — do NOT render the festival itself, only the place at this time of year). Time of day: evening golden hour. Atmosphere: autumn warmth, returning dust, soft sunset glow. Colour palette: warm gold + violet sky. Shot type: static establishing, slight push-in, no figures in frame. Style: documentary register (BBC/National Geographic feel), naturalistic colour grading, soft contrast, slight film grain. Composition: rule-of-thirds horizon, depth via foreground-midground-distance layering. Reference month: October.","no people, no human figures or silhouettes in foreground, no religious figures, sadhus, priests, monks, no specific religious attire (saffron robes, ceremonial clothing), no ritual objects (deities, idols, palanquins, ceremonial fire close-ups), no temple interiors or sanctum imagery, no signage with readable text, no on-screen graphics or overlays, no synthetic / cartoony rendering, no time-of-day mismatch (respect the requested mood)","https://pub-d8970c901de34c218926ebf4be1ed09a.r2.dev/destinations/nagpur.jpg","16:9","6","dhammachakra-pravartan-din.mp4","pending"
"C","dhauli-kalinga-mahotsav","Dhauli Kalinga Mahotsav","Dhauli","odisha","February","2-5 Feb","Cinematic 16:9 establishing shot, 6-8 seconds. Subject: Chilika lagoon, coastal dunes, eastern beach sunrise establishing wide shot — no figures, no signage with text. Location: Dhauli, odisha, India (the host destination of the Dhauli Kalinga Mahotsav festival — do NOT render the festival itself, only the place at this time of year). Time of day: early golden hour. Atmosphere: late-winter clarity, crisp light, dry air. Colour palette: warm amber + cold shadow. Shot type: slow drone push-in along the horizon line. Style: documentary register (BBC/National Geographic feel), naturalistic colour grading, soft contrast, slight film grain. Composition: rule-of-thirds horizon, depth via foreground-midground-distance layering. Reference month: February.","no people, no human figures or silhouettes in foreground, no religious figures, sadhus, priests, monks, no specific religious attire (saffron robes, ceremonial clothing), no ritual objects (deities, idols, palanquins, ceremonial fire close-ups), no temple interiors or sanctum imagery, no signage with readable text, no on-screen graphics or overlays, no synthetic / cartoony rendering, no time-of-day mismatch (respect the requested mood)","https://pub-d8970c901de34c218926ebf4be1ed09a.r2.dev/destinations/dhauli.jpg","16:9","6","dhauli-kalinga-mahotsav.mp4","pending"
"C","dholavira-festival","Dholavira Festival","Dholavira","gujarat","","Varies (cultural heritage festival, dates to be announced)","Cinematic 16:9 establishing shot, 6-8 seconds. Subject: salt flats, Arabian Sea coast, white limestone establishing wide shot — no figures, no signage with text. Location: Dholavira, gujarat, India (the host destination of the Dholavira Festival festival — do NOT render the festival itself, only the place at this time of year). Time of day: overcast midday. Atmosphere: early monsoon — cumulus clouds, intermittent rain breaks, fresh greens. Colour palette: cool grey-green + saturated blue. Shot type: slow drone push-in along the horizon line. Style: documentary register (BBC/National Geographic feel), naturalistic colour grading, soft contrast, slight film grain. Composition: rule-of-thirds horizon, depth via foreground-midground-distance layering. Reference month: .","no people, no human figures or silhouettes in foreground, no religious figures, sadhus, priests, monks, no specific religious attire (saffron robes, ceremonial clothing), no ritual objects (deities, idols, palanquins, ceremonial fire close-ups), no temple interiors or sanctum imagery, no signage with readable text, no on-screen graphics or overlays, no synthetic / cartoony rendering, no time-of-day mismatch (respect the requested mood)","https://pub-d8970c901de34c218926ebf4be1ed09a.r2.dev/destinations/dholavira.jpg","16:9","6","dholavira-festival.mp4","pending"
"C","dussehra-seemollanghan-at-shami-tree","Dussehra (Seemollanghan at Shami Tree)","Karla & Bhaja Caves","maharashtra","October","September–October (Vijayadashami, 10th day of Shukla Paksha)","Cinematic 16:9 establishing shot, 6-8 seconds. Subject: Western Ghats plateau, fort silhouettes, monsoon waterfalls establishing wide shot — no figures, no signage with text. Location: Karla & Bhaja Caves, maharashtra, India (the host destination of the Dussehra (Seemollanghan at Shami Tree) festival — do NOT render the festival itself, only the place at this time of year). Time of day: evening golden hour. Atmosphere: autumn warmth, returning dust, soft sunset glow. Colour palette: warm gold + violet sky. Shot type: static establishing, slight push-in, no figures in frame. Style: documentary register (BBC/National Geographic feel), naturalistic colour grading, soft contrast, slight film grain. Composition: rule-of-thirds horizon, depth via foreground-midground-distance layering. Reference month: October.","no people, no human figures or silhouettes in foreground, no religious figures, sadhus, priests, monks, no specific religious attire (saffron robes, ceremonial clothing), no ritual objects (deities, idols, palanquins, ceremonial fire close-ups), no temple interiors or sanctum imagery, no signage with readable text, no on-screen graphics or overlays, no synthetic / cartoony rendering, no time-of-day mismatch (respect the requested mood)","https://pub-d8970c901de34c218926ebf4be1ed09a.r2.dev/destinations/karla-bhaja-caves.jpg","16:9","6","dussehra-seemollanghan-at-shami-tree.mp4","pending"
"C","ellora-ajanta-festival","Ellora-Ajanta Festival","Ellora Caves","maharashtra","January","January–February","Cinematic 16:9 establishing shot, 6-8 seconds. Subject: Western Ghats plateau, fort silhouettes, monsoon waterfalls establishing wide shot — no figures, no signage with text. Location: Ellora Caves, maharashtra, India (the host destination of the Ellora-Ajanta Festival festival — do NOT render the festival itself, only the place at this time of year). Time of day: blue hour pre-dawn. Atmosphere: winter clarity, low-angle sun, mist on rivers and lakes. Colour palette: cool blue + warm tungsten contrast. Shot type: static establishing, slight push-in, no figures in frame. Style: documentary register (BBC/National Geographic feel), naturalistic colour grading, soft contrast, slight film grain. Composition: rule-of-thirds horizon, depth via foreground-midground-distance layering. Reference month: January.","no people, no human figures or silhouettes in foreground, no religious figures, sadhus, priests, monks, no specific religious attire (saffron robes, ceremonial clothing), no ritual objects (deities, idols, palanquins, ceremonial fire close-ups), no temple interiors or sanctum imagery, no signage with readable text, no on-screen graphics or overlays, no synthetic / cartoony rendering, no time-of-day mismatch (respect the requested mood)","https://pub-d8970c901de34c218926ebf4be1ed09a.r2.dev/destinations/ellora-caves.jpg","16:9","6","ellora-ajanta-festival.mp4","pending"
"C","fagli-festival-kinnaur","Fagli Festival","Kinnaur","himachal pradesh","March","March (Amavasya/moonless night, aligned with Basant Panchami)","Cinematic 16:9 establishing shot, 6-8 seconds. Subject: Himalayan ridges, deodar slopes, prayer-flag-empty (no flags) ridgelines establishing wide shot — no figures, no signage with text. Location: Kinnaur, himachal pradesh, India (the host destination of the Fagli Festival festival — do NOT render the festival itself, only the place at this time of year). Time of day: afternoon to dusk. Atmosphere: pre-summer warmth, dust in the air, soft hazy light. Colour palette: warm earth tones, ochre. Shot type: slow drone pull-back revealing the wider valley. Style: documentary register (BBC/National Geographic feel), naturalistic colour grading, soft contrast, slight film grain. Composition: rule-of-thirds horizon, depth via foreground-midground-distance layering. Reference month: March.","no people, no human figures or silhouettes in foreground, no religious figures, sadhus, priests, monks, no specific religious attire (saffron robes, ceremonial clothing), no ritual objects (deities, idols, palanquins, ceremonial fire close-ups), no temple interiors or sanctum imagery, no signage with readable text, no on-screen graphics or overlays, no synthetic / cartoony rendering, no time-of-day mismatch (respect the requested mood)","https://pub-d8970c901de34c218926ebf4be1ed09a.r2.dev/destinations/kinnaur.jpg","16:9","6","fagli-festival-kinnaur.mp4","pending"
"C","fagli-festival-spiti-valley","Fagli Festival","Spiti Valley","himachal pradesh","February","February","Cinematic 16:9 establishing shot, 6-8 seconds. Subject: Himalayan ridges, deodar slopes, prayer-flag-empty (no flags) ridgelines establishing wide shot — no figures, no signage with text. Location: Spiti Valley, himachal pradesh, India (the host destination of the Fagli Festival festival — do NOT render the festival itself, only the place at this time of year). Time of day: blue hour pre-dawn. Atmosphere: deep winter at altitude — frozen rivers, snow on ridges, harsh cold light. Colour palette: icy blue + warm low sun pinpoints. Shot type: slow drone pull-back revealing the wider valley. Style: documentary register (BBC/National Geographic feel), naturalistic colour grading, soft contrast, slight film grain. Composition: rule-of-thirds horizon, depth via foreground-midground-distance layering. Reference month: February.","no people, no human figures or silhouettes in foreground, no religious figures, sadhus, priests, monks, no specific religious attire (saffron robes, ceremonial clothing), no ritual objects (deities, idols, palanquins, ceremonial fire close-ups), no temple interiors or sanctum imagery, no signage with readable text, no on-screen graphics or overlays, no synthetic / cartoony rendering, no time-of-day mismatch (respect the requested mood)","https://pub-d8970c901de34c218926ebf4be1ed09a.r2.dev/destinations/spiti-valley.jpg","16:9","6","fagli-festival-spiti-valley.mp4","pending"
"C","feast-of-the-three-kings-reis-magos","Feast of the Three Kings (Reis Magos)","Reis Magos Fort","goa","January","January 6 (Epiphany)","Cinematic 16:9 establishing shot, 6-8 seconds. Subject: Konkan coast, laterite cliffs, palm-fringed beach establishing wide shot — no figures, no signage with text. Location: Reis Magos Fort, goa, India (the host destination of the Feast of the Three Kings (Reis Magos) festival — do NOT render the festival itself, only the place at this time of year). Time of day: blue hour pre-dawn. Atmosphere: winter clarity, low-angle sun, mist on rivers and lakes. Colour palette: cool blue + warm tungsten contrast. Shot type: static establishing with subtle water-surface parallax. Style: documentary register (BBC/National Geographic feel), naturalistic colour grading, soft contrast, slight film grain. Composition: rule-of-thirds horizon, depth via foreground-midground-distance layering. Reference month: January.","no people, no human figures or silhouettes in foreground, no religious figures, sadhus, priests, monks, no specific religious attire (saffron robes, ceremonial clothing), no ritual objects (deities, idols, palanquins, ceremonial fire close-ups), no temple interiors or sanctum imagery, no signage with readable text, no on-screen graphics or overlays, no synthetic / cartoony rendering, no time-of-day mismatch (respect the requested mood)","https://pub-d8970c901de34c218926ebf4be1ed09a.r2.dev/destinations/reis-magos.jpg","16:9","6","feast-of-the-three-kings-reis-magos.mp4","pending"
"C","gaan-ngai","Gaan-Ngai","Tamenglong","manipur","February","February 15 (Lui-Ngai-Ni universal date for Zeliangrong)","Cinematic 16:9 establishing shot, 6-8 seconds. Subject: Loktak floating phumdis, valley mist, distant ridges establishing wide shot — no figures, no signage with text. Location: Tamenglong, manipur, India (the host destination of the Gaan-Ngai festival — do NOT render the festival itself, only the place at this time of year). Time of day: early golden hour. Atmosphere: late-winter clarity, crisp light, dry air. Colour palette: warm amber + cold shadow. Shot type: slow drone pull-back revealing the wider valley. Style: documentary register (BBC/National Geographic feel), naturalistic colour grading, soft contrast, slight film grain. Composition: rule-of-thirds horizon, depth via foreground-midground-distance layering. Reference month: February.","no people, no human figures or silhouettes in foreground, no religious figures, sadhus, priests, monks, no specific religious attire (saffron robes, ceremonial clothing), no ritual objects (deities, idols, palanquins, ceremonial fire close-ups), no temple interiors or sanctum imagery, no signage with readable text, no on-screen graphics or overlays, no synthetic / cartoony rendering, no time-of-day mismatch (respect the requested mood)","https://pub-d8970c901de34c218926ebf4be1ed09a.r2.dev/destinations/tamenglong.jpg","16:9","6","gaan-ngai.mp4","pending"
"C","gandhi-jayanti-celebrations-at-kirti-mandir","Gandhi Jayanti Celebrations at Kirti Mandir","Porbandar","gujarat","October","October 2","Cinematic 16:9 establishing shot, 6-8 seconds. Subject: salt flats, Arabian Sea coast, white limestone establishing wide shot — no figures, no signage with text. Location: Porbandar, gujarat, India (the host destination of the Gandhi Jayanti Celebrations at Kirti Mandir festival — do NOT render the festival itself, only the place at this time of year). Time of day: evening golden hour. Atmosphere: autumn warmth, returning dust, soft sunset glow. Colour palette: warm gold + violet sky. Shot type: slow drone push-in along the horizon line. Style: documentary register (BBC/National Geographic feel), naturalistic colour grading, soft contrast, slight film grain. Composition: rule-of-thirds horizon, depth via foreground-midground-distance layering. Reference month: October.","no people, no human figures or silhouettes in foreground, no religious figures, sadhus, priests, monks, no specific religious attire (saffron robes, ceremonial clothing), no ritual objects (deities, idols, palanquins, ceremonial fire close-ups), no temple interiors or sanctum imagery, no signage with readable text, no on-screen graphics or overlays, no synthetic / cartoony rendering, no time-of-day mismatch (respect the requested mood)","https://pub-d8970c901de34c218926ebf4be1ed09a.r2.dev/destinations/porbandar.jpg","16:9","6","gandhi-jayanti-celebrations-at-kirti-mandir.mp4","pending"
"C","gandikota-festival","Gandikota Festival","Gandikota","andhra pradesh","January","January (3 days)","Cinematic 16:9 establishing shot, 6-8 seconds. Subject: Deccan plateau, granite outcrops, dry scrub establishing wide shot — no figures, no signage with text. Location: Gandikota, andhra pradesh, India (the host destination of the Gandikota Festival festival — do NOT render the festival itself, only the place at this time of year). Time of day: blue hour pre-dawn. Atmosphere: winter clarity, low-angle sun, mist on rivers and lakes. Colour palette: cool blue + warm tungsten contrast. Shot type: static establishing with subtle parallax. Style: documentary register (BBC/National Geographic feel), naturalistic colour grading, soft contrast, slight film grain. Composition: rule-of-thirds horizon, depth via foreground-midground-distance layering. Reference month: January.","no people, no human figures or silhouettes in foreground, no religious figures, sadhus, priests, monks, no specific religious attire (saffron robes, ceremonial clothing), no ritual objects (deities, idols, palanquins, ceremonial fire close-ups), no temple interiors or sanctum imagery, no signage with readable text, no on-screen graphics or overlays, no synthetic / cartoony rendering, no time-of-day mismatch (respect the requested mood)","https://pub-d8970c901de34c218926ebf4be1ed09a.r2.dev/destinations/gandikota.jpg","16:9","6","gandikota-festival.mp4","pending"
"C","ganesh-chaturthi-astavinayak-circuit","Ganesh Chaturthi","Astavinayak Circuit","maharashtra","September","August–September (Shukla Chaturthi; 10-day festival ending on Anant Chaturdashi)","Cinematic 16:9 establishing shot, 6-8 seconds. Subject: Western Ghats plateau, fort silhouettes, monsoon waterfalls establishing wide shot — no figures, no signage with text. Location: Astavinayak Circuit, maharashtra, India (the host destination of the Ganesh Chaturthi festival — do NOT render the festival itself, only the place at this time of year). Time of day: afternoon clearing. Atmosphere: post-monsoon — lush green, crisp clarity, distant cumulus. Colour palette: vibrant greens + cobalt sky. Shot type: static establishing, slight push-in, no figures in frame. Style: documentary register (BBC/National Geographic feel), naturalistic colour grading, soft contrast, slight film grain. Composition: rule-of-thirds horizon, depth via foreground-midground-distance layering. Reference month: September.","no people, no human figures or silhouettes in foreground, no religious figures, sadhus, priests, monks, no specific religious attire (saffron robes, ceremonial clothing), no ritual objects (deities, idols, palanquins, ceremonial fire close-ups), no temple interiors or sanctum imagery, no signage with readable text, no on-screen graphics or overlays, no synthetic / cartoony rendering, no time-of-day mismatch (respect the requested mood)","https://pub-d8970c901de34c218926ebf4be1ed09a.r2.dev/destinations/astavinayak-circuit.jpg","16:9","6","ganesh-chaturthi-astavinayak-circuit.mp4","pending"
"C","ganesh-chaturthi-ganpatipule","Ganesh Chaturthi","Ganpatipule","maharashtra","September","August–September (Shukla Chaturthi; 10-day festival)","Cinematic 16:9 establishing shot, 6-8 seconds. Subject: Western Ghats plateau, fort silhouettes, monsoon waterfalls establishing wide shot — no figures, no signage with text. Location: Ganpatipule, maharashtra, India (the host destination of the Ganesh Chaturthi festival — do NOT render the festival itself, only the place at this time of year). Time of day: afternoon clearing. Atmosphere: post-monsoon — lush green, crisp clarity, distant cumulus. Colour palette: vibrant greens + cobalt sky. Shot type: static establishing, slight push-in, no figures in frame. Style: documentary register (BBC/National Geographic feel), naturalistic colour grading, soft contrast, slight film grain. Composition: rule-of-thirds horizon, depth via foreground-midground-distance layering. Reference month: September.","no people, no human figures or silhouettes in foreground, no religious figures, sadhus, priests, monks, no specific religious attire (saffron robes, ceremonial clothing), no ritual objects (deities, idols, palanquins, ceremonial fire close-ups), no temple interiors or sanctum imagery, no signage with readable text, no on-screen graphics or overlays, no synthetic / cartoony rendering, no time-of-day mismatch (respect the requested mood)","https://pub-d8970c901de34c218926ebf4be1ed09a.r2.dev/destinations/ganpatipule.jpg","16:9","6","ganesh-chaturthi-ganpatipule.mp4","pending"
"C","ganesh-chaturthi-lenyadri","Ganesh Chaturthi","Lenyadri","maharashtra","September","August–September (Shukla Chaturthi; 10-day festival)","Cinematic 16:9 establishing shot, 6-8 seconds. Subject: Western Ghats plateau, fort silhouettes, monsoon waterfalls establishing wide shot — no figures, no signage with text. Location: Lenyadri, maharashtra, India (the host destination of the Ganesh Chaturthi festival — do NOT render the festival itself, only the place at this time of year). Time of day: afternoon clearing. Atmosphere: post-monsoon — lush green, crisp clarity, distant cumulus. Colour palette: vibrant greens + cobalt sky. Shot type: static establishing, slight push-in, no figures in frame. Style: documentary register (BBC/National Geographic feel), naturalistic colour grading, soft contrast, slight film grain. Composition: rule-of-thirds horizon, depth via foreground-midground-distance layering. Reference month: September.","no people, no human figures or silhouettes in foreground, no religious figures, sadhus, priests, monks, no specific religious attire (saffron robes, ceremonial clothing), no ritual objects (deities, idols, palanquins, ceremonial fire close-ups), no temple interiors or sanctum imagery, no signage with readable text, no on-screen graphics or overlays, no synthetic / cartoony rendering, no time-of-day mismatch (respect the requested mood)","https://pub-d8970c901de34c218926ebf4be1ed09a.r2.dev/destinations/lenyadri.jpg","16:9","6","ganesh-chaturthi-lenyadri.mp4","pending"
"C","ganesh-chaturthi-mahad-raigad","Ganesh Chaturthi","Mahad (Raigad — Ashtavinayak)","maharashtra","September","August–September (Shukla Chaturthi; 10-day festival)","Cinematic 16:9 establishing shot, 6-8 seconds. Subject: Western Ghats plateau, fort silhouettes, monsoon waterfalls establishing wide shot — no figures, no signage with text. Location: Mahad (Raigad — Ashtavinayak), maharashtra, India (the host destination of the Ganesh Chaturthi festival — do NOT render the festival itself, only the place at this time of year). Time of day: afternoon clearing. Atmosphere: post-monsoon — lush green, crisp clarity, distant cumulus. Colour palette: vibrant greens + cobalt sky. Shot type: static establishing, slight push-in, no figures in frame. Style: documentary register (BBC/National Geographic feel), naturalistic colour grading, soft contrast, slight film grain. Composition: rule-of-thirds horizon, depth via foreground-midground-distance layering. Reference month: September.","no people, no human figures or silhouettes in foreground, no religious figures, sadhus, priests, monks, no specific religious attire (saffron robes, ceremonial clothing), no ritual objects (deities, idols, palanquins, ceremonial fire close-ups), no temple interiors or sanctum imagery, no signage with readable text, no on-screen graphics or overlays, no synthetic / cartoony rendering, no time-of-day mismatch (respect the requested mood)","https://pub-d8970c901de34c218926ebf4be1ed09a.r2.dev/destinations/mahad-raigad.jpg","16:9","6","ganesh-chaturthi-mahad-raigad.mp4","pending"
"C","ganesh-chaturthi-morgaon","Ganesh Chaturthi","Morgaon","maharashtra","September","August–September (Shukla Chaturthi; 10-day festival)","Cinematic 16:9 establishing shot, 6-8 seconds. Subject: Western Ghats plateau, fort silhouettes, monsoon waterfalls establishing wide shot — no figures, no signage with text. Location: Morgaon, maharashtra, India (the host destination of the Ganesh Chaturthi festival — do NOT render the festival itself, only the place at this time of year). Time of day: afternoon clearing. Atmosphere: post-monsoon — lush green, crisp clarity, distant cumulus. Colour palette: vibrant greens + cobalt sky. Shot type: static establishing, slight push-in, no figures in frame. Style: documentary register (BBC/National Geographic feel), naturalistic colour grading, soft contrast, slight film grain. Composition: rule-of-thirds horizon, depth via foreground-midground-distance layering. Reference month: September.","no people, no human figures or silhouettes in foreground, no religious figures, sadhus, priests, monks, no specific religious attire (saffron robes, ceremonial clothing), no ritual objects (deities, idols, palanquins, ceremonial fire close-ups), no temple interiors or sanctum imagery, no signage with readable text, no on-screen graphics or overlays, no synthetic / cartoony rendering, no time-of-day mismatch (respect the requested mood)","https://pub-d8970c901de34c218926ebf4be1ed09a.r2.dev/destinations/morgaon.jpg","16:9","6","ganesh-chaturthi-morgaon.mp4","pending"
"C","ganesh-chaturthi-mumbai","Ganesh Chaturthi","Mumbai","maharashtra","August","August/September (10 days)","Cinematic 16:9 establishing shot, 6-8 seconds. Subject: Marine Drive curve at first light, monsoon-wet stone or dry dust depending on month establishing wide shot — no figures, no signage with text. Location: Mumbai, maharashtra, India (the host destination of the Ganesh Chaturthi festival — do NOT render the festival itself, only the place at this time of year). Time of day: late morning shaft-light. Atmosphere: monsoon green, valley mist, sun shafts breaking through cloud. Colour palette: lush green + silver mist. Shot type: static establishing with subtle parallax. Style: documentary register (BBC/National Geographic feel), naturalistic colour grading, soft contrast, slight film grain. Composition: rule-of-thirds horizon, depth via foreground-midground-distance layering. Reference month: August.","no people, no human figures or silhouettes in foreground, no religious figures, sadhus, priests, monks, no specific religious attire (saffron robes, ceremonial clothing), no ritual objects (deities, idols, palanquins, ceremonial fire close-ups), no temple interiors or sanctum imagery, no signage with readable text, no on-screen graphics or overlays, no synthetic / cartoony rendering, no time-of-day mismatch (respect the requested mood)","https://pub-d8970c901de34c218926ebf4be1ed09a.r2.dev/destinations/mumbai.jpg","16:9","6","ganesh-chaturthi-mumbai.mp4","pending"
"C","ganesh-chaturthi-ozar","Ganesh Chaturthi","Ozar","maharashtra","August","","Cinematic 16:9 establishing shot, 6-8 seconds. Subject: Western Ghats plateau, fort silhouettes, monsoon waterfalls establishing wide shot — no figures, no signage with text. Location: Ozar, maharashtra, India (the host destination of the Ganesh Chaturthi festival — do NOT render the festival itself, only the place at this time of year). Time of day: late morning shaft-light. Atmosphere: monsoon green, valley mist, sun shafts breaking through cloud. Colour palette: lush green + silver mist. Shot type: static establishing, slight push-in, no figures in frame. Style: documentary register (BBC/National Geographic feel), naturalistic colour grading, soft contrast, slight film grain. Composition: rule-of-thirds horizon, depth via foreground-midground-distance layering. Reference month: August.","no people, no human figures or silhouettes in foreground, no religious figures, sadhus, priests, monks, no specific religious attire (saffron robes, ceremonial clothing), no ritual objects (deities, idols, palanquins, ceremonial fire close-ups), no temple interiors or sanctum imagery, no signage with readable text, no on-screen graphics or overlays, no synthetic / cartoony rendering, no time-of-day mismatch (respect the requested mood)","https://pub-d8970c901de34c218926ebf4be1ed09a.r2.dev/destinations/ozar.jpg","16:9","6","ganesh-chaturthi-ozar.mp4","pending"
"C","ganesh-chaturthi-pali-raigad","Ganesh Chaturthi","Pali (Raigad)","maharashtra","August","","Cinematic 16:9 establishing shot, 6-8 seconds. Subject: Western Ghats plateau, fort silhouettes, monsoon waterfalls establishing wide shot — no figures, no signage with text. Location: Pali (Raigad), maharashtra, India (the host destination of the Ganesh Chaturthi festival — do NOT render the festival itself, only the place at this time of year). Time of day: late morning shaft-light. Atmosphere: monsoon green, valley mist, sun shafts breaking through cloud. Colour palette: lush green + silver mist. Shot type: static establishing, slight push-in, no figures in frame. Style: documentary register (BBC/National Geographic feel), naturalistic colour grading, soft contrast, slight film grain. Composition: rule-of-thirds horizon, depth via foreground-midground-distance layering. Reference month: August.","no people, no human figures or silhouettes in foreground, no religious figures, sadhus, priests, monks, no specific religious attire (saffron robes, ceremonial clothing), no ritual objects (deities, idols, palanquins, ceremonial fire close-ups), no temple interiors or sanctum imagery, no signage with readable text, no on-screen graphics or overlays, no synthetic / cartoony rendering, no time-of-day mismatch (respect the requested mood)","https://pub-d8970c901de34c218926ebf4be1ed09a.r2.dev/destinations/pali-raigad.jpg","16:9","6","ganesh-chaturthi-pali-raigad.mp4","pending"
"C","ganesh-chaturthi-ranjangaon","Ganesh Chaturthi","Ranjangaon","maharashtra","August","","Cinematic 16:9 establishing shot, 6-8 seconds. Subject: Western Ghats plateau, fort silhouettes, monsoon waterfalls establishing wide shot — no figures, no signage with text. Location: Ranjangaon, maharashtra, India (the host destination of the Ganesh Chaturthi festival — do NOT render the festival itself, only the place at this time of year). Time of day: late morning shaft-light. Atmosphere: monsoon green, valley mist, sun shafts breaking through cloud. Colour palette: lush green + silver mist. Shot type: static establishing, slight push-in, no figures in frame. Style: documentary register (BBC/National Geographic feel), naturalistic colour grading, soft contrast, slight film grain. Composition: rule-of-thirds horizon, depth via foreground-midground-distance layering. Reference month: August.","no people, no human figures or silhouettes in foreground, no religious figures, sadhus, priests, monks, no specific religious attire (saffron robes, ceremonial clothing), no ritual objects (deities, idols, palanquins, ceremonial fire close-ups), no temple interiors or sanctum imagery, no signage with readable text, no on-screen graphics or overlays, no synthetic / cartoony rendering, no time-of-day mismatch (respect the requested mood)","https://pub-d8970c901de34c218926ebf4be1ed09a.r2.dev/destinations/ranjangaon.jpg","16:9","6","ganesh-chaturthi-ranjangaon.mp4","pending"
"C","ganesh-chaturthi-siddhatek","Ganesh Chaturthi","Siddhatek","maharashtra","August","","Cinematic 16:9 establishing shot, 6-8 seconds. Subject: Western Ghats plateau, fort silhouettes, monsoon waterfalls establishing wide shot — no figures, no signage with text. Location: Siddhatek, maharashtra, India (the host destination of the Ganesh Chaturthi festival — do NOT render the festival itself, only the place at this time of year). Time of day: late morning shaft-light. Atmosphere: monsoon green, valley mist, sun shafts breaking through cloud. Colour palette: lush green + silver mist. Shot type: static establishing, slight push-in, no figures in frame. Style: documentary register (BBC/National Geographic feel), naturalistic colour grading, soft contrast, slight film grain. Composition: rule-of-thirds horizon, depth via foreground-midground-distance layering. Reference month: August.","no people, no human figures or silhouettes in foreground, no religious figures, sadhus, priests, monks, no specific religious attire (saffron robes, ceremonial clothing), no ritual objects (deities, idols, palanquins, ceremonial fire close-ups), no temple interiors or sanctum imagery, no signage with readable text, no on-screen graphics or overlays, no synthetic / cartoony rendering, no time-of-day mismatch (respect the requested mood)","https://pub-d8970c901de34c218926ebf4be1ed09a.r2.dev/destinations/siddhatek.jpg","16:9","6","ganesh-chaturthi-siddhatek.mp4","pending"
"C","ganesh-chaturthi-theur","Ganesh Chaturthi","Theur","maharashtra","August","","Cinematic 16:9 establishing shot, 6-8 seconds. Subject: Western Ghats plateau, fort silhouettes, monsoon waterfalls establishing wide shot — no figures, no signage with text. Location: Theur, maharashtra, India (the host destination of the Ganesh Chaturthi festival — do NOT render the festival itself, only the place at this time of year). Time of day: late morning shaft-light. Atmosphere: monsoon green, valley mist, sun shafts breaking through cloud. Colour palette: lush green + silver mist. Shot type: static establishing, slight push-in, no figures in frame. Style: documentary register (BBC/National Geographic feel), naturalistic colour grading, soft contrast, slight film grain. Composition: rule-of-thirds horizon, depth via foreground-midground-distance layering. Reference month: August.","no people, no human figures or silhouettes in foreground, no religious figures, sadhus, priests, monks, no specific religious attire (saffron robes, ceremonial clothing), no ritual objects (deities, idols, palanquins, ceremonial fire close-ups), no temple interiors or sanctum imagery, no signage with readable text, no on-screen graphics or overlays, no synthetic / cartoony rendering, no time-of-day mismatch (respect the requested mood)","https://pub-d8970c901de34c218926ebf4be1ed09a.r2.dev/destinations/theur.jpg","16:9","6","ganesh-chaturthi-theur.mp4","pending"
"C","ganesh-jayanti-maghi","Ganesh Jayanti (Maghi)","Ranjangaon","maharashtra","January","","Cinematic 16:9 establishing shot, 6-8 seconds. Subject: Western Ghats plateau, fort silhouettes, monsoon waterfalls establishing wide shot — no figures, no signage with text. Location: Ranjangaon, maharashtra, India (the host destination of the Ganesh Jayanti (Maghi) festival — do NOT render the festival itself, only the place at this time of year). Time of day: blue hour pre-dawn. Atmosphere: winter clarity, low-angle sun, mist on rivers and lakes. Colour palette: cool blue + warm tungsten contrast. Shot type: static establishing, slight push-in, no figures in frame. Style: documentary register (BBC/National Geographic feel), naturalistic colour grading, soft contrast, slight film grain. Composition: rule-of-thirds horizon, depth via foreground-midground-distance layering. Reference month: January.","no people, no human figures or silhouettes in foreground, no religious figures, sadhus, priests, monks, no specific religious attire (saffron robes, ceremonial clothing), no ritual objects (deities, idols, palanquins, ceremonial fire close-ups), no temple interiors or sanctum imagery, no signage with readable text, no on-screen graphics or overlays, no synthetic / cartoony rendering, no time-of-day mismatch (respect the requested mood)","https://pub-d8970c901de34c218926ebf4be1ed09a.r2.dev/destinations/ranjangaon.jpg","16:9","6","ganesh-jayanti-maghi.mp4","pending"
"C","ganesh-jayanti-maghi-ganesh","Ganesh Jayanti (Maghi Ganesh)","Siddhatek","maharashtra","January","","Cinematic 16:9 establishing shot, 6-8 seconds. Subject: Western Ghats plateau, fort silhouettes, monsoon waterfalls establishing wide shot — no figures, no signage with text. Location: Siddhatek, maharashtra, India (the host destination of the Ganesh Jayanti (Maghi Ganesh) festival — do NOT render the festival itself, only the place at this time of year). Time of day: blue hour pre-dawn. Atmosphere: winter clarity, low-angle sun, mist on rivers and lakes. Colour palette: cool blue + warm tungsten contrast. Shot type: static establishing, slight push-in, no figures in frame. Style: documentary register (BBC/National Geographic feel), naturalistic colour grading, soft contrast, slight film grain. Composition: rule-of-thirds horizon, depth via foreground-midground-distance layering. Reference month: January.","no people, no human figures or silhouettes in foreground, no religious figures, sadhus, priests, monks, no specific religious attire (saffron robes, ceremonial clothing), no ritual objects (deities, idols, palanquins, ceremonial fire close-ups), no temple interiors or sanctum imagery, no signage with readable text, no on-screen graphics or overlays, no synthetic / cartoony rendering, no time-of-day mismatch (respect the requested mood)","https://pub-d8970c901de34c218926ebf4be1ed09a.r2.dev/destinations/siddhatek.jpg","16:9","6","ganesh-jayanti-maghi-ganesh.mp4","pending"
"C","gopalpur-beach-festival","Gopalpur Beach Festival","Gopalpur-on-Sea","odisha","January","27-30 Jan","Cinematic 16:9 establishing shot, 6-8 seconds. Subject: empty beach at low tide, footprint-free sand, distant horizon, soft surf. Location: Gopalpur-on-Sea, odisha, India (the host destination of the Gopalpur Beach Festival festival — do NOT render the festival itself, only the place at this time of year). Time of day: blue hour pre-dawn. Atmosphere: winter clarity, low-angle sun, mist on rivers and lakes. Colour palette: cool blue + warm tungsten contrast. Shot type: slow drone push-in along the horizon line. Style: documentary register (BBC/National Geographic feel), naturalistic colour grading, soft contrast, slight film grain. Composition: rule-of-thirds horizon, depth via foreground-midground-distance layering. Reference month: January.","no people, no human figures or silhouettes in foreground, no religious figures, sadhus, priests, monks, no specific religious attire (saffron robes, ceremonial clothing), no ritual objects (deities, idols, palanquins, ceremonial fire close-ups), no temple interiors or sanctum imagery, no signage with readable text, no on-screen graphics or overlays, no synthetic / cartoony rendering, no time-of-day mismatch (respect the requested mood)","https://pub-d8970c901de34c218926ebf4be1ed09a.r2.dev/destinations/gopalpur-on-sea.jpg","16:9","6","gopalpur-beach-festival.mp4","pending"
"C","guru-purnima","Guru Purnima","Shirdi","maharashtra","July","","Cinematic 16:9 establishing shot, 6-8 seconds. Subject: Western Ghats plateau, fort silhouettes, monsoon waterfalls establishing wide shot — no figures, no signage with text. Location: Shirdi, maharashtra, India (the host destination of the Guru Purnima festival — do NOT render the festival itself, only the place at this time of year). Time of day: post-rain twilight. Atmosphere: deep monsoon — saturated greens, wet roads reflecting light, low cloud. Colour palette: deep emerald + slate. Shot type: static establishing, slight push-in, no figures in frame. Style: documentary register (BBC/National Geographic feel), naturalistic colour grading, soft contrast, slight film grain. Composition: rule-of-thirds horizon, depth via foreground-midground-distance layering. Reference month: July.","no people, no human figures or silhouettes in foreground, no religious figures, sadhus, priests, monks, no specific religious attire (saffron robes, ceremonial clothing), no ritual objects (deities, idols, palanquins, ceremonial fire close-ups), no temple interiors or sanctum imagery, no signage with readable text, no on-screen graphics or overlays, no synthetic / cartoony rendering, no time-of-day mismatch (respect the requested mood)","https://pub-d8970c901de34c218926ebf4be1ed09a.r2.dev/destinations/shirdi.jpg","16:9","6","guru-purnima.mp4","pending"
"C","hanuman-jayanti","Hanuman Jayanti","Sariska Tiger Reserve","rajasthan","April","March–April (lunar calendar)","Cinematic 16:9 establishing shot, 6-8 seconds. Subject: Thar desert dunes, fort silhouettes, ochre stone establishing wide shot — no figures, no signage with text. Location: Sariska Tiger Reserve, rajasthan, India (the host destination of the Hanuman Jayanti festival — do NOT render the festival itself, only the place at this time of year). Time of day: evening golden hour. Atmosphere: pre-monsoon heat, light softening at dusk, dramatic cloud build-up. Colour palette: saturated warm orange. Shot type: slow drone push-in along the horizon line. Style: documentary register (BBC/National Geographic feel), naturalistic colour grading, soft contrast, slight film grain. Composition: rule-of-thirds horizon, depth via foreground-midground-distance layering. Reference month: April.","no people, no human figures or silhouettes in foreground, no religious figures, sadhus, priests, monks, no specific religious attire (saffron robes, ceremonial clothing), no ritual objects (deities, idols, palanquins, ceremonial fire close-ups), no temple interiors or sanctum imagery, no signage with readable text, no on-screen graphics or overlays, no synthetic / cartoony rendering, no time-of-day mismatch (respect the requested mood)","https://pub-d8970c901de34c218926ebf4be1ed09a.r2.dev/destinations/sariska.jpg","16:9","6","hanuman-jayanti.mp4","pending"
"C","harela-mela-monsoon-festival","Harela Mela (Monsoon Festival)","Bhimtal","uttarakhand","July","July 16-21","Cinematic 16:9 establishing shot, 6-8 seconds. Subject: Himalayan foothills, oak + rhododendron forest, river valleys establishing wide shot — no figures, no signage with text. Location: Bhimtal, uttarakhand, India (the host destination of the Harela Mela (Monsoon Festival) festival — do NOT render the festival itself, only the place at this time of year). Time of day: post-rain twilight. Atmosphere: deep monsoon — saturated greens, wet roads reflecting light, low cloud. Colour palette: deep emerald + slate. Shot type: static establishing with subtle water-surface parallax. Style: documentary register (BBC/National Geographic feel), naturalistic colour grading, soft contrast, slight film grain. Composition: rule-of-thirds horizon, depth via foreground-midground-distance layering. Reference month: July.","no people, no human figures or silhouettes in foreground, no religious figures, sadhus, priests, monks, no specific religious attire (saffron robes, ceremonial clothing), no ritual objects (deities, idols, palanquins, ceremonial fire close-ups), no temple interiors or sanctum imagery, no signage with readable text, no on-screen graphics or overlays, no synthetic / cartoony rendering, no time-of-day mismatch (respect the requested mood)","https://pub-d8970c901de34c218926ebf4be1ed09a.r2.dev/destinations/bhimtal.jpg","16:9","6","harela-mela-monsoon-festival.mp4","pending"
"C","hnahsin-kut-cosmos-festival","Hnahsin Kut (Cosmos Festival)","Champhai","mizoram","October","October","Cinematic 16:9 establishing shot, 6-8 seconds. Subject: ridgeline towns, dense forest, monsoon clouds establishing wide shot — no figures, no signage with text. Location: Champhai, mizoram, India (the host destination of the Hnahsin Kut (Cosmos Festival) festival — do NOT render the festival itself, only the place at this time of year). Time of day: morning golden hour. Atmosphere: post-monsoon clarity at altitude — crystalline cold air, autumn-tinged forest, distant snow. Colour palette: warm amber + cool cobalt. Shot type: slow drone pull-back revealing the wider valley. Style: documentary register (BBC/National Geographic feel), naturalistic colour grading, soft contrast, slight film grain. Composition: rule-of-thirds horizon, depth via foreground-midground-distance layering. Reference month: October.","no people, no human figures or silhouettes in foreground, no religious figures, sadhus, priests, monks, no specific religious attire (saffron robes, ceremonial clothing), no ritual objects (deities, idols, palanquins, ceremonial fire close-ups), no temple interiors or sanctum imagery, no signage with readable text, no on-screen graphics or overlays, no synthetic / cartoony rendering, no time-of-day mismatch (respect the requested mood)","https://pub-d8970c901de34c218926ebf4be1ed09a.r2.dev/destinations/champhai.jpg","16:9","6","hnahsin-kut-cosmos-festival.mp4","pending"
"C","janmashtami-festival","Janmashtami Festival","Dakor","gujarat","August","August (Krishna's birth month, lunar calendar)","Cinematic 16:9 establishing shot, 6-8 seconds. Subject: salt flats, Arabian Sea coast, white limestone establishing wide shot — no figures, no signage with text. Location: Dakor, gujarat, India (the host destination of the Janmashtami Festival festival — do NOT render the festival itself, only the place at this time of year). Time of day: late morning shaft-light. Atmosphere: monsoon green, valley mist, sun shafts breaking through cloud. Colour palette: lush green + silver mist. Shot type: slow drone push-in along the horizon line. Style: documentary register (BBC/National Geographic feel), naturalistic colour grading, soft contrast, slight film grain. Composition: rule-of-thirds horizon, depth via foreground-midground-distance layering. Reference month: August.","no people, no human figures or silhouettes in foreground, no religious figures, sadhus, priests, monks, no specific religious attire (saffron robes, ceremonial clothing), no ritual objects (deities, idols, palanquins, ceremonial fire close-ups), no temple interiors or sanctum imagery, no signage with readable text, no on-screen graphics or overlays, no synthetic / cartoony rendering, no time-of-day mismatch (respect the requested mood)","https://pub-d8970c901de34c218926ebf4be1ed09a.r2.dev/destinations/dakor.jpg","16:9","6","janmashtami-festival.mp4","pending"
"C","kali-puja","Kali Puja","Kolkata","west bengal","November","November (new moon day of Kartika month; 2026: November 8)","Cinematic 16:9 establishing shot, 6-8 seconds. Subject: Hooghly riverbank colonial-era architecture (exterior), ferry wake, no figures establishing wide shot — no figures, no signage with text. Location: Kolkata, west bengal, India (the host destination of the Kali Puja festival — do NOT render the festival itself, only the place at this time of year). Time of day: early morning. Atmosphere: early winter — crystalline cold light, cool blue mornings. Colour palette: icy cyan + warm low sun. Shot type: static establishing with subtle water-surface parallax. Style: documentary register (BBC/National Geographic feel), naturalistic colour grading, soft contrast, slight film grain. Composition: rule-of-thirds horizon, depth via foreground-midground-distance layering. Reference month: November.","no people, no human figures or silhouettes in foreground, no religious figures, sadhus, priests, monks, no specific religious attire (saffron robes, ceremonial clothing), no ritual objects (deities, idols, palanquins, ceremonial fire close-ups), no temple interiors or sanctum imagery, no signage with readable text, no on-screen graphics or overlays, no synthetic / cartoony rendering, no time-of-day mismatch (respect the requested mood)","https://pub-d8970c901de34c218926ebf4be1ed09a.r2.dev/destinations/kolkata.jpg","16:9","6","kali-puja.mp4","pending"
"C","kamala-devi-festival","Kamala Devi Festival","Lonar Crater","maharashtra","","Variable (seasonal, tied to local traditions)","Cinematic 16:9 establishing shot, 6-8 seconds. Subject: Western Ghats plateau, fort silhouettes, monsoon waterfalls establishing wide shot — no figures, no signage with text. Location: Lonar Crater, maharashtra, India (the host destination of the Kamala Devi Festival festival — do NOT render the festival itself, only the place at this time of year). Time of day: overcast midday. Atmosphere: early monsoon — cumulus clouds, intermittent rain breaks, fresh greens. Colour palette: cool grey-green + saturated blue. Shot type: static establishing, slight push-in, no figures in frame. Style: documentary register (BBC/National Geographic feel), naturalistic colour grading, soft contrast, slight film grain. Composition: rule-of-thirds horizon, depth via foreground-midground-distance layering. Reference month: .","no people, no human figures or silhouettes in foreground, no religious figures, sadhus, priests, monks, no specific religious attire (saffron robes, ceremonial clothing), no ritual objects (deities, idols, palanquins, ceremonial fire close-ups), no temple interiors or sanctum imagery, no signage with readable text, no on-screen graphics or overlays, no synthetic / cartoony rendering, no time-of-day mismatch (respect the requested mood)","https://pub-d8970c901de34c218926ebf4be1ed09a.r2.dev/destinations/lonar-crater.jpg","16:9","6","kamala-devi-festival.mp4","pending"
"C","karavali-utsav","Karavali Utsav","Karwar","karnataka","December","December 22-28","Cinematic 16:9 establishing shot, 6-8 seconds. Subject: Western Ghats canopy, Hampi boulders, coastal lagoons establishing wide shot — no figures, no signage with text. Location: Karwar, karnataka, India (the host destination of the Karavali Utsav festival — do NOT render the festival itself, only the place at this time of year). Time of day: blue hour + lantern light. Atmosphere: deep winter — frost, low mist, blue hour dominance. Colour palette: deep blue + amber pinpoints. Shot type: static establishing with subtle water-surface parallax. Style: documentary register (BBC/National Geographic feel), naturalistic colour grading, soft contrast, slight film grain. Composition: rule-of-thirds horizon, depth via foreground-midground-distance layering. Reference month: December.","no people, no human figures or silhouettes in foreground, no religious figures, sadhus, priests, monks, no specific religious attire (saffron robes, ceremonial clothing), no ritual objects (deities, idols, palanquins, ceremonial fire close-ups), no temple interiors or sanctum imagery, no signage with readable text, no on-screen graphics or overlays, no synthetic / cartoony rendering, no time-of-day mismatch (respect the requested mood)","https://pub-d8970c901de34c218926ebf4be1ed09a.r2.dev/destinations/karwar.jpg","16:9","6","karavali-utsav.mp4","pending"
"C","karthigai-deepam","Karthigai Deepam","Tiruvannamalai","tamil nadu","November","November-December (10-day Brahmotsavam; Maha Deepam on final day)","Cinematic 16:9 establishing shot, 6-8 seconds. Subject: Coromandel coast, granite temple towers (exterior only), dry scrub establishing wide shot — no figures, no signage with text. Location: Tiruvannamalai, tamil nadu, India (the host destination of the Karthigai Deepam festival — do NOT render the festival itself, only the place at this time of year). Time of day: early morning. Atmosphere: early winter — crystalline cold light, cool blue mornings. Colour palette: icy cyan + warm low sun. Shot type: static establishing with subtle water-surface parallax. Style: documentary register (BBC/National Geographic feel), naturalistic colour grading, soft contrast, slight film grain. Composition: rule-of-thirds horizon, depth via foreground-midground-distance layering. Reference month: November.","no people, no human figures or silhouettes in foreground, no religious figures, sadhus, priests, monks, no specific religious attire (saffron robes, ceremonial clothing), no ritual objects (deities, idols, palanquins, ceremonial fire close-ups), no temple interiors or sanctum imagery, no signage with readable text, no on-screen graphics or overlays, no synthetic / cartoony rendering, no time-of-day mismatch (respect the requested mood)","https://pub-d8970c901de34c218926ebf4be1ed09a.r2.dev/destinations/tiruvannamalai.jpg","16:9","6","karthigai-deepam.mp4","pending"
"C","karthika-pournami-jatara","Karthika Pournami Jatara","Ananthagiri Hills","telangana","November","November–December (lunar calendar)","Cinematic 16:9 establishing shot, 6-8 seconds. Subject: boulder-strewn Deccan, baoli stepwells, granite hills establishing wide shot — no figures, no signage with text. Location: Ananthagiri Hills, telangana, India (the host destination of the Karthika Pournami Jatara festival — do NOT render the festival itself, only the place at this time of year). Time of day: early morning. Atmosphere: early winter — crystalline cold light, cool blue mornings. Colour palette: icy cyan + warm low sun. Shot type: static establishing with subtle parallax. Style: documentary register (BBC/National Geographic feel), naturalistic colour grading, soft contrast, slight film grain. Composition: rule-of-thirds horizon, depth via foreground-midground-distance layering. Reference month: November.","no people, no human figures or silhouettes in foreground, no religious figures, sadhus, priests, monks, no specific religious attire (saffron robes, ceremonial clothing), no ritual objects (deities, idols, palanquins, ceremonial fire close-ups), no temple interiors or sanctum imagery, no signage with readable text, no on-screen graphics or overlays, no synthetic / cartoony rendering, no time-of-day mismatch (respect the requested mood)","https://pub-d8970c901de34c218926ebf4be1ed09a.r2.dev/destinations/ananthagiri-hills.jpg","16:9","6","karthika-pournami-jatara.mp4","pending"
"C","kartik-purnima-bhimashankar","Kartik Purnima","Bhimashankar","maharashtra","November","November (full moon day in Kartik month)","Cinematic 16:9 establishing shot, 6-8 seconds. Subject: Western Ghats plateau, fort silhouettes, monsoon waterfalls establishing wide shot — no figures, no signage with text. Location: Bhimashankar, maharashtra, India (the host destination of the Kartik Purnima festival — do NOT render the festival itself, only the place at this time of year). Time of day: early morning. Atmosphere: early winter — crystalline cold light, cool blue mornings. Colour palette: icy cyan + warm low sun. Shot type: static establishing, slight push-in, no figures in frame. Style: documentary register (BBC/National Geographic feel), naturalistic colour grading, soft contrast, slight film grain. Composition: rule-of-thirds horizon, depth via foreground-midground-distance layering. Reference month: November.","no people, no human figures or silhouettes in foreground, no religious figures, sadhus, priests, monks, no specific religious attire (saffron robes, ceremonial clothing), no ritual objects (deities, idols, palanquins, ceremonial fire close-ups), no temple interiors or sanctum imagery, no signage with readable text, no on-screen graphics or overlays, no synthetic / cartoony rendering, no time-of-day mismatch (respect the requested mood)","https://pub-d8970c901de34c218926ebf4be1ed09a.r2.dev/destinations/bhimashankar.jpg","16:9","6","kartik-purnima-bhimashankar.mp4","pending"
"C","kartik-purnima-omkareshwar","Kartik Purnima","Omkareshwar","madhya pradesh","November","November (full moon in Kartik month)","Cinematic 16:9 establishing shot, 6-8 seconds. Subject: Vindhya plateau, sandstone outcrops, sal forest establishing wide shot — no figures, no signage with text. Location: Omkareshwar, madhya pradesh, India (the host destination of the Kartik Purnima festival — do NOT render the festival itself, only the place at this time of year). Time of day: early morning. Atmosphere: early winter — crystalline cold light, cool blue mornings. Colour palette: icy cyan + warm low sun. Shot type: slow drone pull-back revealing the wider valley. Style: documentary register (BBC/National Geographic feel), naturalistic colour grading, soft contrast, slight film grain. Composition: rule-of-thirds horizon, depth via foreground-midground-distance layering. Reference month: November.","no people, no human figures or silhouettes in foreground, no religious figures, sadhus, priests, monks, no specific religious attire (saffron robes, ceremonial clothing), no ritual objects (deities, idols, palanquins, ceremonial fire close-ups), no temple interiors or sanctum imagery, no signage with readable text, no on-screen graphics or overlays, no synthetic / cartoony rendering, no time-of-day mismatch (respect the requested mood)","https://pub-d8970c901de34c218926ebf4be1ed09a.r2.dev/destinations/omkareshwar.jpg","16:9","6","kartik-purnima-omkareshwar.mp4","pending"
"C","kaziranga-elephant-festival","Kaziranga Elephant Festival","Kaziranga","assam","February","February 11-17","Cinematic 16:9 establishing shot, 6-8 seconds. Subject: forest canopy from above, dust trails on a logging road, no animals or vehicles visible. Location: Kaziranga, assam, India (the host destination of the Kaziranga Elephant Festival festival — do NOT render the festival itself, only the place at this time of year). Time of day: early golden hour. Atmosphere: late-winter clarity, crisp light, dry air. Colour palette: warm amber + cold shadow. Shot type: static establishing with subtle water-surface parallax. Style: documentary register (BBC/National Geographic feel), naturalistic colour grading, soft contrast, slight film grain. Composition: rule-of-thirds horizon, depth via foreground-midground-distance layering. Reference month: February.","no people, no human figures or silhouettes in foreground, no religious figures, sadhus, priests, monks, no specific religious attire (saffron robes, ceremonial clothing), no ritual objects (deities, idols, palanquins, ceremonial fire close-ups), no temple interiors or sanctum imagery, no signage with readable text, no on-screen graphics or overlays, no synthetic / cartoony rendering, no time-of-day mismatch (respect the requested mood)","https://pub-d8970c901de34c218926ebf4be1ed09a.r2.dev/destinations/kaziranga.jpg","16:9","6","kaziranga-elephant-festival.mp4","pending"
"C","khwaja-bande-nawaz-urs","Khwaja Bande Nawaz Urs","Gulbarga (Kalaburagi)","karnataka","","15-17 Dhu al-Qadah (Islamic lunar calendar, varies: typically August-September)","Cinematic 16:9 establishing shot, 6-8 seconds. Subject: Western Ghats canopy, Hampi boulders, coastal lagoons establishing wide shot — no figures, no signage with text. Location: Gulbarga (Kalaburagi), karnataka, India (the host destination of the Khwaja Bande Nawaz Urs festival — do NOT render the festival itself, only the place at this time of year). Time of day: overcast midday. Atmosphere: early monsoon — cumulus clouds, intermittent rain breaks, fresh greens. Colour palette: cool grey-green + saturated blue. Shot type: static establishing with subtle water-surface parallax. Style: documentary register (BBC/National Geographic feel), naturalistic colour grading, soft contrast, slight film grain. Composition: rule-of-thirds horizon, depth via foreground-midground-distance layering. Reference month: .","no people, no human figures or silhouettes in foreground, no religious figures, sadhus, priests, monks, no specific religious attire (saffron robes, ceremonial clothing), no ritual objects (deities, idols, palanquins, ceremonial fire close-ups), no temple interiors or sanctum imagery, no signage with readable text, no on-screen graphics or overlays, no synthetic / cartoony rendering, no time-of-day mismatch (respect the requested mood)","https://pub-d8970c901de34c218926ebf4be1ed09a.r2.dev/destinations/gulbarga.jpg","16:9","6","khwaja-bande-nawaz-urs.mp4","pending"
"C","kinner-kailash-parikrama","Kinner Kailash Parikrama","Kinner Kailash","himachal pradesh","July","July 15 - August 30 (45-day circuit)","Cinematic 16:9 establishing shot, 6-8 seconds. Subject: long mountain road or trail receding into distance, no pilgrims visible. Location: Kinner Kailash, himachal pradesh, India (the host destination of the Kinner Kailash Parikrama festival — do NOT render the festival itself, only the place at this time of year). Time of day: afternoon shaft-light. Atmosphere: monsoon in the hills — mist drifts through deodar forest, sun shafts breaking cloud, wet stone glistens. Colour palette: saturated emerald + silver mist. Shot type: slow drone pull-back revealing the wider valley. Style: documentary register (BBC/National Geographic feel), naturalistic colour grading, soft contrast, slight film grain. Composition: rule-of-thirds horizon, depth via foreground-midground-distance layering. Reference month: July.","no people, no human figures or silhouettes in foreground, no religious figures, sadhus, priests, monks, no specific religious attire (saffron robes, ceremonial clothing), no ritual objects (deities, idols, palanquins, ceremonial fire close-ups), no temple interiors or sanctum imagery, no signage with readable text, no on-screen graphics or overlays, no synthetic / cartoony rendering, no time-of-day mismatch (respect the requested mood)","https://pub-d8970c901de34c218926ebf4be1ed09a.r2.dev/destinations/kinner-kailash.jpg","16:9","6","kinner-kailash-parikrama.mp4","pending"
"C","kodai-vizha-summer-festival-and-flower-show","Kodai Vizha (Summer Festival and Flower Show)","Kodaikanal","tamil nadu","May","May (mid-to-late May; annual 10-day festival)","Cinematic 16:9 establishing shot, 6-8 seconds. Subject: vast flower-bed geometric rows, slow drift through colour fields, no people. Location: Kodaikanal, tamil nadu, India (the host destination of the Kodai Vizha (Summer Festival and Flower Show) festival — do NOT render the festival itself, only the place at this time of year). Time of day: early morning. Atmosphere: alpine spring — clear cold air, snow-melt streams, distant high-altitude peaks. Colour palette: snow-white + emerald + cobalt sky. Shot type: static establishing with subtle water-surface parallax. Style: documentary register (BBC/National Geographic feel), naturalistic colour grading, soft contrast, slight film grain. Composition: rule-of-thirds horizon, depth via foreground-midground-distance layering. Reference month: May.","no people, no human figures or silhouettes in foreground, no religious figures, sadhus, priests, monks, no specific religious attire (saffron robes, ceremonial clothing), no ritual objects (deities, idols, palanquins, ceremonial fire close-ups), no temple interiors or sanctum imagery, no signage with readable text, no on-screen graphics or overlays, no synthetic / cartoony rendering, no time-of-day mismatch (respect the requested mood)","https://pub-d8970c901de34c218926ebf4be1ed09a.r2.dev/destinations/kodaikanal.jpg","16:9","6","kodai-vizha-summer-festival-and-flower-show.mp4","pending"
"C","krishna-janmashtami-birth-of-krishna","Krishna Janmashtami (Birth of Krishna)","Mathura","uttar pradesh","August","August-September (lunar calendar; 2026: September 4-5)","Cinematic 16:9 establishing shot, 6-8 seconds. Subject: Ganga + Yamuna plains, ghats (water-and-stone, no figures), mustard fields establishing wide shot — no figures, no signage with text. Location: Mathura, uttar pradesh, India (the host destination of the Krishna Janmashtami (Birth of Krishna) festival — do NOT render the festival itself, only the place at this time of year). Time of day: late morning shaft-light. Atmosphere: monsoon green, valley mist, sun shafts breaking through cloud. Colour palette: lush green + silver mist. Shot type: low ground-level tracking through the foreground. Style: documentary register (BBC/National Geographic feel), naturalistic colour grading, soft contrast, slight film grain. Composition: rule-of-thirds horizon, depth via foreground-midground-distance layering. Reference month: August.","no people, no human figures or silhouettes in foreground, no religious figures, sadhus, priests, monks, no specific religious attire (saffron robes, ceremonial clothing), no ritual objects (deities, idols, palanquins, ceremonial fire close-ups), no temple interiors or sanctum imagery, no signage with readable text, no on-screen graphics or overlays, no synthetic / cartoony rendering, no time-of-day mismatch (respect the requested mood)","https://pub-d8970c901de34c218926ebf4be1ed09a.r2.dev/destinations/mathura.jpg","16:9","6","krishna-janmashtami-birth-of-krishna.mp4","pending"
"C","krishnabai-annual-utsav","Krishnabai Annual Utsav","Mahabaleshwar","maharashtra","March","March–April (Phalguna month, Purnima/full moon)","Cinematic 16:9 establishing shot, 6-8 seconds. Subject: Western Ghats plateau, fort silhouettes, monsoon waterfalls establishing wide shot — no figures, no signage with text. Location: Mahabaleshwar, maharashtra, India (the host destination of the Krishnabai Annual Utsav festival — do NOT render the festival itself, only the place at this time of year). Time of day: afternoon to dusk. Atmosphere: pre-summer warmth, dust in the air, soft hazy light. Colour palette: warm earth tones, ochre. Shot type: static establishing, slight push-in, no figures in frame. Style: documentary register (BBC/National Geographic feel), naturalistic colour grading, soft contrast, slight film grain. Composition: rule-of-thirds horizon, depth via foreground-midground-distance layering. Reference month: March.","no people, no human figures or silhouettes in foreground, no religious figures, sadhus, priests, monks, no specific religious attire (saffron robes, ceremonial clothing), no ritual objects (deities, idols, palanquins, ceremonial fire close-ups), no temple interiors or sanctum imagery, no signage with readable text, no on-screen graphics or overlays, no synthetic / cartoony rendering, no time-of-day mismatch (respect the requested mood)","https://pub-d8970c901de34c218926ebf4be1ed09a.r2.dev/destinations/mahabaleshwar.jpg","16:9","6","krishnabai-annual-utsav.mp4","pending"
"C","kumbhalgarh-festival","Kumbhalgarh Festival","Kumbhalgarh","rajasthan","December","December 1–3","Cinematic 16:9 establishing shot, 6-8 seconds. Subject: Thar desert dunes, fort silhouettes, ochre stone establishing wide shot — no figures, no signage with text. Location: Kumbhalgarh, rajasthan, India (the host destination of the Kumbhalgarh Festival festival — do NOT render the festival itself, only the place at this time of year). Time of day: blue hour + lantern light. Atmosphere: deep winter — frost, low mist, blue hour dominance. Colour palette: deep blue + amber pinpoints. Shot type: slow drone push-in along the horizon line. Style: documentary register (BBC/National Geographic feel), naturalistic colour grading, soft contrast, slight film grain. Composition: rule-of-thirds horizon, depth via foreground-midground-distance layering. Reference month: December.","no people, no human figures or silhouettes in foreground, no religious figures, sadhus, priests, monks, no specific religious attire (saffron robes, ceremonial clothing), no ritual objects (deities, idols, palanquins, ceremonial fire close-ups), no temple interiors or sanctum imagery, no signage with readable text, no on-screen graphics or overlays, no synthetic / cartoony rendering, no time-of-day mismatch (respect the requested mood)","https://pub-d8970c901de34c218926ebf4be1ed09a.r2.dev/destinations/kumbhalgarh.jpg","16:9","6","kumbhalgarh-festival.mp4","pending"
"C","leitlangpui-music-festival","Leitlangpui Music Festival","Lunglei","mizoram","November","November 13-15","Cinematic 16:9 establishing shot, 6-8 seconds. Subject: ancient stone amphitheater steps, distant lights, no performers in frame. Location: Lunglei, mizoram, India (the host destination of the Leitlangpui Music Festival festival — do NOT render the festival itself, only the place at this time of year). Time of day: early morning. Atmosphere: early winter — crystalline cold light, cool blue mornings. Colour palette: icy cyan + warm low sun. Shot type: slow drone pull-back revealing the wider valley. Style: documentary register (BBC/National Geographic feel), naturalistic colour grading, soft contrast, slight film grain. Composition: rule-of-thirds horizon, depth via foreground-midground-distance layering. Reference month: November.","no people, no human figures or silhouettes in foreground, no religious figures, sadhus, priests, monks, no specific religious attire (saffron robes, ceremonial clothing), no ritual objects (deities, idols, palanquins, ceremonial fire close-ups), no temple interiors or sanctum imagery, no signage with readable text, no on-screen graphics or overlays, no synthetic / cartoony rendering, no time-of-day mismatch (respect the requested mood)","https://pub-d8970c901de34c218926ebf4be1ed09a.r2.dev/destinations/lunglei.jpg","16:9","6","leitlangpui-music-festival.mp4","pending"
"C","likir-dosmochey-stromochey-festival","Likir Dosmochey (Stromochey) Festival","Likir","ladakh","February","27th-29th day of 12th Tibetan month (mid-February)","Cinematic 16:9 establishing shot, 6-8 seconds. Subject: high-altitude desert, ochre ridges, glaciated peaks establishing wide shot — no figures, no signage with text. Location: Likir, ladakh, India (the host destination of the Likir Dosmochey (Stromochey) Festival festival — do NOT render the festival itself, only the place at this time of year). Time of day: blue hour pre-dawn. Atmosphere: deep winter at altitude — frozen rivers, snow on ridges, harsh cold light. Colour palette: icy blue + warm low sun pinpoints. Shot type: slow drone push-in along the horizon line. Style: documentary register (BBC/National Geographic feel), naturalistic colour grading, soft contrast, slight film grain. Composition: rule-of-thirds horizon, depth via foreground-midground-distance layering. Reference month: February.","no people, no human figures or silhouettes in foreground, no religious figures, sadhus, priests, monks, no specific religious attire (saffron robes, ceremonial clothing), no ritual objects (deities, idols, palanquins, ceremonial fire close-ups), no temple interiors or sanctum imagery, no signage with readable text, no on-screen graphics or overlays, no synthetic / cartoony rendering, no time-of-day mismatch (respect the requested mood)","https://pub-d8970c901de34c218926ebf4be1ed09a.r2.dev/destinations/likir.jpg","16:9","6","likir-dosmochey-stromochey-festival.mp4","pending"
"C","lili-parikrama-green-circumambulation-of-mount-girnar","Lili Parikrama (Green Circumambulation of Mount Girnar)","Mount Girnar","gujarat","November","Kartik Sud Agyaras to Kartik Sud Poonam","Cinematic 16:9 establishing shot, 6-8 seconds. Subject: long mountain road or trail receding into distance, no pilgrims visible. Location: Mount Girnar, gujarat, India (the host destination of the Lili Parikrama (Green Circumambulation of Mount Girnar) festival — do NOT render the festival itself, only the place at this time of year). Time of day: early morning. Atmosphere: early winter — crystalline cold light, cool blue mornings. Colour palette: icy cyan + warm low sun. Shot type: slow drone push-in along the horizon line. Style: documentary register (BBC/National Geographic feel), naturalistic colour grading, soft contrast, slight film grain. Composition: rule-of-thirds horizon, depth via foreground-midground-distance layering. Reference month: November.","no people, no human figures or silhouettes in foreground, no religious figures, sadhus, priests, monks, no specific religious attire (saffron robes, ceremonial clothing), no ritual objects (deities, idols, palanquins, ceremonial fire close-ups), no temple interiors or sanctum imagery, no signage with readable text, no on-screen graphics or overlays, no synthetic / cartoony rendering, no time-of-day mismatch (respect the requested mood)","https://pub-d8970c901de34c218926ebf4be1ed09a.r2.dev/destinations/girnar.jpg","16:9","6","lili-parikrama-green-circumambulation-of-mount-girnar.mp4","pending"
"C","lokrang-festival","Lokrang Festival","Bhopal","madhya pradesh","January","January 26–30 (Republic Day week)","Cinematic 16:9 establishing shot, 6-8 seconds. Subject: Vindhya plateau, sandstone outcrops, sal forest establishing wide shot — no figures, no signage with text. Location: Bhopal, madhya pradesh, India (the host destination of the Lokrang Festival festival — do NOT render the festival itself, only the place at this time of year). Time of day: blue hour pre-dawn. Atmosphere: winter clarity, low-angle sun, mist on rivers and lakes. Colour palette: cool blue + warm tungsten contrast. Shot type: slow drone pull-back revealing the wider valley. Style: documentary register (BBC/National Geographic feel), naturalistic colour grading, soft contrast, slight film grain. Composition: rule-of-thirds horizon, depth via foreground-midground-distance layering. Reference month: January.","no people, no human figures or silhouettes in foreground, no religious figures, sadhus, priests, monks, no specific religious attire (saffron robes, ceremonial clothing), no ritual objects (deities, idols, palanquins, ceremonial fire close-ups), no temple interiors or sanctum imagery, no signage with readable text, no on-screen graphics or overlays, no synthetic / cartoony rendering, no time-of-day mismatch (respect the requested mood)","https://pub-d8970c901de34c218926ebf4be1ed09a.r2.dev/destinations/bhopal.jpg","16:9","6","lokrang-festival.mp4","pending"
"C","lolab-winter-festival","Lolab Winter Festival","Lolab Valley","jammu kashmir","February","February (winter season)","Cinematic 16:9 establishing shot, 6-8 seconds. Subject: alpine meadows, deodar forests, lake reflections establishing wide shot — no figures, no signage with text. Location: Lolab Valley, jammu kashmir, India (the host destination of the Lolab Winter Festival festival — do NOT render the festival itself, only the place at this time of year). Time of day: blue hour. Atmosphere: deep winter in the hills — snow on ridges, frozen streams, low sun raking the slope. Colour palette: icy blue + warm tungsten pinpoints. Shot type: static establishing with subtle water-surface parallax. Style: documentary register (BBC/National Geographic feel), naturalistic colour grading, soft contrast, slight film grain. Composition: rule-of-thirds horizon, depth via foreground-midground-distance layering. Reference month: February.","no people, no human figures or silhouettes in foreground, no religious figures, sadhus, priests, monks, no specific religious attire (saffron robes, ceremonial clothing), no ritual objects (deities, idols, palanquins, ceremonial fire close-ups), no temple interiors or sanctum imagery, no signage with readable text, no on-screen graphics or overlays, no synthetic / cartoony rendering, no time-of-day mismatch (respect the requested mood)","https://pub-d8970c901de34c218926ebf4be1ed09a.r2.dev/destinations/lolab-valley.jpg","16:9","6","lolab-winter-festival.mp4","pending"
"C","losar-tibetan-new-year-halda","Losar (Tibetan New Year / Halda)","Lahaul Valley","himachal pradesh","February","February (lunar calendar)","Cinematic 16:9 establishing shot, 6-8 seconds. Subject: monastery exterior wide shot at altitude, empty courtyard, no flags or figures visible, light on stone. Location: Lahaul Valley, himachal pradesh, India (the host destination of the Losar (Tibetan New Year / Halda) festival — do NOT render the festival itself, only the place at this time of year). Time of day: blue hour. Atmosphere: deep winter in the hills — snow on ridges, frozen streams, low sun raking the slope. Colour palette: icy blue + warm tungsten pinpoints. Shot type: slow drone pull-back revealing the wider valley. Style: documentary register (BBC/National Geographic feel), naturalistic colour grading, soft contrast, slight film grain. Composition: rule-of-thirds horizon, depth via foreground-midground-distance layering. Reference month: February.","no people, no human figures or silhouettes in foreground, no religious figures, sadhus, priests, monks, no specific religious attire (saffron robes, ceremonial clothing), no ritual objects (deities, idols, palanquins, ceremonial fire close-ups), no temple interiors or sanctum imagery, no signage with readable text, no on-screen graphics or overlays, no synthetic / cartoony rendering, no time-of-day mismatch (respect the requested mood)","https://pub-d8970c901de34c218926ebf4be1ed09a.r2.dev/destinations/lahaul-valley.jpg","16:9","6","losar-tibetan-new-year-halda.mp4","pending"
"C","luira-phanit","Luira Phanit","Ukhrul","manipur","February","February 15 (Lui-Ngai-Ni, the universal Naga date), also celebrated Jan-Mar depending on village traditions","Cinematic 16:9 establishing shot, 6-8 seconds. Subject: Loktak floating phumdis, valley mist, distant ridges establishing wide shot — no figures, no signage with text. Location: Ukhrul, manipur, India (the host destination of the Luira Phanit festival — do NOT render the festival itself, only the place at this time of year). Time of day: blue hour. Atmosphere: deep winter in the hills — snow on ridges, frozen streams, low sun raking the slope. Colour palette: icy blue + warm tungsten pinpoints. Shot type: slow drone pull-back revealing the wider valley. Style: documentary register (BBC/National Geographic feel), naturalistic colour grading, soft contrast, slight film grain. Composition: rule-of-thirds horizon, depth via foreground-midground-distance layering. Reference month: February.","no people, no human figures or silhouettes in foreground, no religious figures, sadhus, priests, monks, no specific religious attire (saffron robes, ceremonial clothing), no ritual objects (deities, idols, palanquins, ceremonial fire close-ups), no temple interiors or sanctum imagery, no signage with readable text, no on-screen graphics or overlays, no synthetic / cartoony rendering, no time-of-day mismatch (respect the requested mood)","https://pub-d8970c901de34c218926ebf4be1ed09a.r2.dev/destinations/ukhrul.jpg","16:9","6","luira-phanit.mp4","pending"
"C","lumbini-festival","Lumbini Festival","Nagarjuna Sagar","andhra pradesh","December","December (3 days, second Friday–Sunday)","Cinematic 16:9 establishing shot, 6-8 seconds. Subject: Deccan plateau, granite outcrops, dry scrub establishing wide shot — no figures, no signage with text. Location: Nagarjuna Sagar, andhra pradesh, India (the host destination of the Lumbini Festival festival — do NOT render the festival itself, only the place at this time of year). Time of day: blue hour + lantern light. Atmosphere: deep winter — frost, low mist, blue hour dominance. Colour palette: deep blue + amber pinpoints. Shot type: static establishing with subtle parallax. Style: documentary register (BBC/National Geographic feel), naturalistic colour grading, soft contrast, slight film grain. Composition: rule-of-thirds horizon, depth via foreground-midground-distance layering. Reference month: December.","no people, no human figures or silhouettes in foreground, no religious figures, sadhus, priests, monks, no specific religious attire (saffron robes, ceremonial clothing), no ritual objects (deities, idols, palanquins, ceremonial fire close-ups), no temple interiors or sanctum imagery, no signage with readable text, no on-screen graphics or overlays, no synthetic / cartoony rendering, no time-of-day mismatch (respect the requested mood)","https://pub-d8970c901de34c218926ebf4be1ed09a.r2.dev/destinations/nagarjuna-sagar.jpg","16:9","6","lumbini-festival.mp4","pending"
"C","maghi-chaturthi","Maghi Chaturthi","Theur","maharashtra","January","","Cinematic 16:9 establishing shot, 6-8 seconds. Subject: Western Ghats plateau, fort silhouettes, monsoon waterfalls establishing wide shot — no figures, no signage with text. Location: Theur, maharashtra, India (the host destination of the Maghi Chaturthi festival — do NOT render the festival itself, only the place at this time of year). Time of day: blue hour pre-dawn. Atmosphere: winter clarity, low-angle sun, mist on rivers and lakes. Colour palette: cool blue + warm tungsten contrast. Shot type: static establishing, slight push-in, no figures in frame. Style: documentary register (BBC/National Geographic feel), naturalistic colour grading, soft contrast, slight film grain. Composition: rule-of-thirds horizon, depth via foreground-midground-distance layering. Reference month: January.","no people, no human figures or silhouettes in foreground, no religious figures, sadhus, priests, monks, no specific religious attire (saffron robes, ceremonial clothing), no ritual objects (deities, idols, palanquins, ceremonial fire close-ups), no temple interiors or sanctum imagery, no signage with readable text, no on-screen graphics or overlays, no synthetic / cartoony rendering, no time-of-day mismatch (respect the requested mood)","https://pub-d8970c901de34c218926ebf4be1ed09a.r2.dev/destinations/theur.jpg","16:9","6","maghi-chaturthi.mp4","pending"
"C","maghi-ganesh-jayanti-lenyadri","Maghi Ganesh Jayanti","Lenyadri","maharashtra","January","January–February (Magh month, full moon day)","Cinematic 16:9 establishing shot, 6-8 seconds. Subject: Western Ghats plateau, fort silhouettes, monsoon waterfalls establishing wide shot — no figures, no signage with text. Location: Lenyadri, maharashtra, India (the host destination of the Maghi Ganesh Jayanti festival — do NOT render the festival itself, only the place at this time of year). Time of day: blue hour pre-dawn. Atmosphere: winter clarity, low-angle sun, mist on rivers and lakes. Colour palette: cool blue + warm tungsten contrast. Shot type: static establishing, slight push-in, no figures in frame. Style: documentary register (BBC/National Geographic feel), naturalistic colour grading, soft contrast, slight film grain. Composition: rule-of-thirds horizon, depth via foreground-midground-distance layering. Reference month: January.","no people, no human figures or silhouettes in foreground, no religious figures, sadhus, priests, monks, no specific religious attire (saffron robes, ceremonial clothing), no ritual objects (deities, idols, palanquins, ceremonial fire close-ups), no temple interiors or sanctum imagery, no signage with readable text, no on-screen graphics or overlays, no synthetic / cartoony rendering, no time-of-day mismatch (respect the requested mood)","https://pub-d8970c901de34c218926ebf4be1ed09a.r2.dev/destinations/lenyadri.jpg","16:9","6","maghi-ganesh-jayanti-lenyadri.mp4","pending"
"C","maghi-ganesh-jayanti-mahad-raigad","Maghi Ganesh Jayanti","Mahad (Raigad — Ashtavinayak)","maharashtra","January","January–February (Magh month, full moon day)","Cinematic 16:9 establishing shot, 6-8 seconds. Subject: Western Ghats plateau, fort silhouettes, monsoon waterfalls establishing wide shot — no figures, no signage with text. Location: Mahad (Raigad — Ashtavinayak), maharashtra, India (the host destination of the Maghi Ganesh Jayanti festival — do NOT render the festival itself, only the place at this time of year). Time of day: blue hour pre-dawn. Atmosphere: winter clarity, low-angle sun, mist on rivers and lakes. Colour palette: cool blue + warm tungsten contrast. Shot type: static establishing, slight push-in, no figures in frame. Style: documentary register (BBC/National Geographic feel), naturalistic colour grading, soft contrast, slight film grain. Composition: rule-of-thirds horizon, depth via foreground-midground-distance layering. Reference month: January.","no people, no human figures or silhouettes in foreground, no religious figures, sadhus, priests, monks, no specific religious attire (saffron robes, ceremonial clothing), no ritual objects (deities, idols, palanquins, ceremonial fire close-ups), no temple interiors or sanctum imagery, no signage with readable text, no on-screen graphics or overlays, no synthetic / cartoony rendering, no time-of-day mismatch (respect the requested mood)","https://pub-d8970c901de34c218926ebf4be1ed09a.r2.dev/destinations/mahad-raigad.jpg","16:9","6","maghi-ganesh-jayanti-mahad-raigad.mp4","pending"
"C","maghi-ganesh-jayanti-morgaon","Maghi Ganesh Jayanti","Morgaon","maharashtra","January","January–February (Magh month, full moon day)","Cinematic 16:9 establishing shot, 6-8 seconds. Subject: Western Ghats plateau, fort silhouettes, monsoon waterfalls establishing wide shot — no figures, no signage with text. Location: Morgaon, maharashtra, India (the host destination of the Maghi Ganesh Jayanti festival — do NOT render the festival itself, only the place at this time of year). Time of day: blue hour pre-dawn. Atmosphere: winter clarity, low-angle sun, mist on rivers and lakes. Colour palette: cool blue + warm tungsten contrast. Shot type: static establishing, slight push-in, no figures in frame. Style: documentary register (BBC/National Geographic feel), naturalistic colour grading, soft contrast, slight film grain. Composition: rule-of-thirds horizon, depth via foreground-midground-distance layering. Reference month: January.","no people, no human figures or silhouettes in foreground, no religious figures, sadhus, priests, monks, no specific religious attire (saffron robes, ceremonial clothing), no ritual objects (deities, idols, palanquins, ceremonial fire close-ups), no temple interiors or sanctum imagery, no signage with readable text, no on-screen graphics or overlays, no synthetic / cartoony rendering, no time-of-day mismatch (respect the requested mood)","https://pub-d8970c901de34c218926ebf4be1ed09a.r2.dev/destinations/morgaon.jpg","16:9","6","maghi-ganesh-jayanti-morgaon.mp4","pending"
"C","maghi-ganesh-maghi-chaturthi","Maghi Ganesh (Maghi Chaturthi)","Ozar","maharashtra","January","","Cinematic 16:9 establishing shot, 6-8 seconds. Subject: Western Ghats plateau, fort silhouettes, monsoon waterfalls establishing wide shot — no figures, no signage with text. Location: Ozar, maharashtra, India (the host destination of the Maghi Ganesh (Maghi Chaturthi) festival — do NOT render the festival itself, only the place at this time of year). Time of day: blue hour pre-dawn. Atmosphere: winter clarity, low-angle sun, mist on rivers and lakes. Colour palette: cool blue + warm tungsten contrast. Shot type: static establishing, slight push-in, no figures in frame. Style: documentary register (BBC/National Geographic feel), naturalistic colour grading, soft contrast, slight film grain. Composition: rule-of-thirds horizon, depth via foreground-midground-distance layering. Reference month: January.","no people, no human figures or silhouettes in foreground, no religious figures, sadhus, priests, monks, no specific religious attire (saffron robes, ceremonial clothing), no ritual objects (deities, idols, palanquins, ceremonial fire close-ups), no temple interiors or sanctum imagery, no signage with readable text, no on-screen graphics or overlays, no synthetic / cartoony rendering, no time-of-day mismatch (respect the requested mood)","https://pub-d8970c901de34c218926ebf4be1ed09a.r2.dev/destinations/ozar.jpg","16:9","6","maghi-ganesh-maghi-chaturthi.mp4","pending"
"C","maghi-utsav-magha-chaturthi","Maghi Utsav (Magha Chaturthi)","Pali (Raigad)","maharashtra","January","","Cinematic 16:9 establishing shot, 6-8 seconds. Subject: Western Ghats plateau, fort silhouettes, monsoon waterfalls establishing wide shot — no figures, no signage with text. Location: Pali (Raigad), maharashtra, India (the host destination of the Maghi Utsav (Magha Chaturthi) festival — do NOT render the festival itself, only the place at this time of year). Time of day: blue hour pre-dawn. Atmosphere: winter clarity, low-angle sun, mist on rivers and lakes. Colour palette: cool blue + warm tungsten contrast. Shot type: static establishing, slight push-in, no figures in frame. Style: documentary register (BBC/National Geographic feel), naturalistic colour grading, soft contrast, slight film grain. Composition: rule-of-thirds horizon, depth via foreground-midground-distance layering. Reference month: January.","no people, no human figures or silhouettes in foreground, no religious figures, sadhus, priests, monks, no specific religious attire (saffron robes, ceremonial clothing), no ritual objects (deities, idols, palanquins, ceremonial fire close-ups), no temple interiors or sanctum imagery, no signage with readable text, no on-screen graphics or overlays, no synthetic / cartoony rendering, no time-of-day mismatch (respect the requested mood)","https://pub-d8970c901de34c218926ebf4be1ed09a.r2.dev/destinations/pali-raigad.jpg","16:9","6","maghi-utsav-magha-chaturthi.mp4","pending"
"C","mahavir-jayanti-kolanupaka","Mahavir Jayanti","Kolanupaka","telangana","April","April (varies)","Cinematic 16:9 establishing shot, 6-8 seconds. Subject: boulder-strewn Deccan, baoli stepwells, granite hills establishing wide shot — no figures, no signage with text. Location: Kolanupaka, telangana, India (the host destination of the Mahavir Jayanti festival — do NOT render the festival itself, only the place at this time of year). Time of day: evening golden hour. Atmosphere: pre-monsoon heat, light softening at dusk, dramatic cloud build-up. Colour palette: saturated warm orange. Shot type: static establishing with subtle parallax. Style: documentary register (BBC/National Geographic feel), naturalistic colour grading, soft contrast, slight film grain. Composition: rule-of-thirds horizon, depth via foreground-midground-distance layering. Reference month: April.","no people, no human figures or silhouettes in foreground, no religious figures, sadhus, priests, monks, no specific religious attire (saffron robes, ceremonial clothing), no ritual objects (deities, idols, palanquins, ceremonial fire close-ups), no temple interiors or sanctum imagery, no signage with readable text, no on-screen graphics or overlays, no synthetic / cartoony rendering, no time-of-day mismatch (respect the requested mood)","https://pub-d8970c901de34c218926ebf4be1ed09a.r2.dev/destinations/kolanupaka.jpg","16:9","6","mahavir-jayanti-kolanupaka.mp4","pending"
"C","mahavir-jayanti-ranakpur","Mahavir Jayanti","Ranakpur Jain Temple","rajasthan","March","March–April (lunar calendar)","Cinematic 16:9 establishing shot, 6-8 seconds. Subject: Thar desert dunes, fort silhouettes, ochre stone establishing wide shot — no figures, no signage with text. Location: Ranakpur Jain Temple, rajasthan, India (the host destination of the Mahavir Jayanti festival — do NOT render the festival itself, only the place at this time of year). Time of day: afternoon to dusk. Atmosphere: pre-summer warmth, dust in the air, soft hazy light. Colour palette: warm earth tones, ochre. Shot type: slow drone push-in along the horizon line. Style: documentary register (BBC/National Geographic feel), naturalistic colour grading, soft contrast, slight film grain. Composition: rule-of-thirds horizon, depth via foreground-midground-distance layering. Reference month: March.","no people, no human figures or silhouettes in foreground, no religious figures, sadhus, priests, monks, no specific religious attire (saffron robes, ceremonial clothing), no ritual objects (deities, idols, palanquins, ceremonial fire close-ups), no temple interiors or sanctum imagery, no signage with readable text, no on-screen graphics or overlays, no synthetic / cartoony rendering, no time-of-day mismatch (respect the requested mood)","https://pub-d8970c901de34c218926ebf4be1ed09a.r2.dev/destinations/ranakpur.jpg","16:9","6","mahavir-jayanti-ranakpur.mp4","pending"
"C","mahavir-jayanti-shikharji","Mahavir Jayanti","Shikharji","jharkhand","March","March 31, 2026 (lunar calendar, Chaitra Shukla 13)","Cinematic 16:9 establishing shot, 6-8 seconds. Subject: Chotanagpur plateau, sal forest, tribal-belt landscapes (empty) establishing wide shot — no figures, no signage with text. Location: Shikharji, jharkhand, India (the host destination of the Mahavir Jayanti festival — do NOT render the festival itself, only the place at this time of year). Time of day: afternoon to dusk. Atmosphere: pre-summer warmth, dust in the air, soft hazy light. Colour palette: warm earth tones, ochre. Shot type: slow drone pull-back revealing the wider valley. Style: documentary register (BBC/National Geographic feel), naturalistic colour grading, soft contrast, slight film grain. Composition: rule-of-thirds horizon, depth via foreground-midground-distance layering. Reference month: March.","no people, no human figures or silhouettes in foreground, no religious figures, sadhus, priests, monks, no specific religious attire (saffron robes, ceremonial clothing), no ritual objects (deities, idols, palanquins, ceremonial fire close-ups), no temple interiors or sanctum imagery, no signage with readable text, no on-screen graphics or overlays, no synthetic / cartoony rendering, no time-of-day mismatch (respect the requested mood)","https://pub-d8970c901de34c218926ebf4be1ed09a.r2.dev/destinations/shikharji.jpg","16:9","6","mahavir-jayanti-shikharji.mp4","pending"
"C","mandala-makaravilakku-pilgrimage-season","Mandala-Makaravilakku Pilgrimage Season","Sabarimala","kerala","November","November–January; Makaravilakku (Makarajyothi lighting) ~January 14","Cinematic 16:9 establishing shot, 6-8 seconds. Subject: long mountain road or trail receding into distance, no pilgrims visible. Location: Sabarimala, kerala, India (the host destination of the Mandala-Makaravilakku Pilgrimage Season festival — do NOT render the festival itself, only the place at this time of year). Time of day: early morning. Atmosphere: early winter — crystalline cold light, cool blue mornings. Colour palette: icy cyan + warm low sun. Shot type: static establishing with subtle water-surface parallax. Style: documentary register (BBC/National Geographic feel), naturalistic colour grading, soft contrast, slight film grain. Composition: rule-of-thirds horizon, depth via foreground-midground-distance layering. Reference month: November.","no people, no human figures or silhouettes in foreground, no religious figures, sadhus, priests, monks, no specific religious attire (saffron robes, ceremonial clothing), no ritual objects (deities, idols, palanquins, ceremonial fire close-ups), no temple interiors or sanctum imagery, no signage with readable text, no on-screen graphics or overlays, no synthetic / cartoony rendering, no time-of-day mismatch (respect the requested mood)","https://pub-d8970c901de34c218926ebf4be1ed09a.r2.dev/destinations/sabarimala.jpg","16:9","6","mandala-makaravilakku-pilgrimage-season.mp4","pending"
"C","mandu-festival","Mandu Festival","Mandu","madhya pradesh","January","January (typically early-to-mid January)","Cinematic 16:9 establishing shot, 6-8 seconds. Subject: Vindhya plateau, sandstone outcrops, sal forest establishing wide shot — no figures, no signage with text. Location: Mandu, madhya pradesh, India (the host destination of the Mandu Festival festival — do NOT render the festival itself, only the place at this time of year). Time of day: blue hour pre-dawn. Atmosphere: winter clarity, low-angle sun, mist on rivers and lakes. Colour palette: cool blue + warm tungsten contrast. Shot type: slow drone pull-back revealing the wider valley. Style: documentary register (BBC/National Geographic feel), naturalistic colour grading, soft contrast, slight film grain. Composition: rule-of-thirds horizon, depth via foreground-midground-distance layering. Reference month: January.","no people, no human figures or silhouettes in foreground, no religious figures, sadhus, priests, monks, no specific religious attire (saffron robes, ceremonial clothing), no ritual objects (deities, idols, palanquins, ceremonial fire close-ups), no temple interiors or sanctum imagery, no signage with readable text, no on-screen graphics or overlays, no synthetic / cartoony rendering, no time-of-day mismatch (respect the requested mood)","https://pub-d8970c901de34c218926ebf4be1ed09a.r2.dev/destinations/mandu.jpg","16:9","6","mandu-festival.mp4","pending"
"C","mandvi-beach-festival","Mandvi Beach Festival","Mandvi","gujarat","December","December (21st-31st)","Cinematic 16:9 establishing shot, 6-8 seconds. Subject: empty beach at low tide, footprint-free sand, distant horizon, soft surf. Location: Mandvi, gujarat, India (the host destination of the Mandvi Beach Festival festival — do NOT render the festival itself, only the place at this time of year). Time of day: blue hour + lantern light. Atmosphere: deep winter — frost, low mist, blue hour dominance. Colour palette: deep blue + amber pinpoints. Shot type: slow drone push-in along the horizon line. Style: documentary register (BBC/National Geographic feel), naturalistic colour grading, soft contrast, slight film grain. Composition: rule-of-thirds horizon, depth via foreground-midground-distance layering. Reference month: December.","no people, no human figures or silhouettes in foreground, no religious figures, sadhus, priests, monks, no specific religious attire (saffron robes, ceremonial clothing), no ritual objects (deities, idols, palanquins, ceremonial fire close-ups), no temple interiors or sanctum imagery, no signage with readable text, no on-screen graphics or overlays, no synthetic / cartoony rendering, no time-of-day mismatch (respect the requested mood)","https://pub-d8970c901de34c218926ebf4be1ed09a.r2.dev/destinations/mandvi.jpg","16:9","6","mandvi-beach-festival.mp4","pending"
"C","manimahesh-yatra","Manimahesh Yatra","Manimahesh Kailash","himachal pradesh","August","August 16 - September 19 (Janmashtami to Radha Ashtami, lunar calendar)","Cinematic 16:9 establishing shot, 6-8 seconds. Subject: long mountain road or trail receding into distance, no pilgrims visible. Location: Manimahesh Kailash, himachal pradesh, India (the host destination of the Manimahesh Yatra festival — do NOT render the festival itself, only the place at this time of year). Time of day: afternoon shaft-light. Atmosphere: monsoon in the hills — mist drifts through deodar forest, sun shafts breaking cloud, wet stone glistens. Colour palette: saturated emerald + silver mist. Shot type: slow drone pull-back revealing the wider valley. Style: documentary register (BBC/National Geographic feel), naturalistic colour grading, soft contrast, slight film grain. Composition: rule-of-thirds horizon, depth via foreground-midground-distance layering. Reference month: August.","no people, no human figures or silhouettes in foreground, no religious figures, sadhus, priests, monks, no specific religious attire (saffron robes, ceremonial clothing), no ritual objects (deities, idols, palanquins, ceremonial fire close-ups), no temple interiors or sanctum imagery, no signage with readable text, no on-screen graphics or overlays, no synthetic / cartoony rendering, no time-of-day mismatch (respect the requested mood)","https://pub-d8970c901de34c218926ebf4be1ed09a.r2.dev/destinations/manimahesh-kailash.jpg","16:9","6","manimahesh-yatra.mp4","pending"
"C","metemneo-festival","Metemneo Festival","Kiphire","nagaland","August","August (second week)","Cinematic 16:9 establishing shot, 6-8 seconds. Subject: hill villages on ridges, terraced fields, fog drifts establishing wide shot — no figures, no signage with text. Location: Kiphire, nagaland, India (the host destination of the Metemneo Festival festival — do NOT render the festival itself, only the place at this time of year). Time of day: late morning shaft-light. Atmosphere: monsoon green, valley mist, sun shafts breaking through cloud. Colour palette: lush green + silver mist. Shot type: slow drone pull-back revealing the wider valley. Style: documentary register (BBC/National Geographic feel), naturalistic colour grading, soft contrast, slight film grain. Composition: rule-of-thirds horizon, depth via foreground-midground-distance layering. Reference month: August.","no people, no human figures or silhouettes in foreground, no religious figures, sadhus, priests, monks, no specific religious attire (saffron robes, ceremonial clothing), no ritual objects (deities, idols, palanquins, ceremonial fire close-ups), no temple interiors or sanctum imagery, no signage with readable text, no on-screen graphics or overlays, no synthetic / cartoony rendering, no time-of-day mismatch (respect the requested mood)","https://pub-d8970c901de34c218926ebf4be1ed09a.r2.dev/destinations/kiphire.jpg","16:9","6","metemneo-festival.mp4","pending"
"C","mitthe-shah-dargah-urs-fair","Mitthe Shah Dargah Urs Fair","Gagron Fort","rajasthan","September","September–October (Muharram, lunar calendar)","Cinematic 16:9 establishing shot, 6-8 seconds. Subject: Thar desert dunes, fort silhouettes, ochre stone establishing wide shot — no figures, no signage with text. Location: Gagron Fort, rajasthan, India (the host destination of the Mitthe Shah Dargah Urs Fair festival — do NOT render the festival itself, only the place at this time of year). Time of day: afternoon clearing. Atmosphere: post-monsoon — lush green, crisp clarity, distant cumulus. Colour palette: vibrant greens + cobalt sky. Shot type: slow drone push-in along the horizon line. Style: documentary register (BBC/National Geographic feel), naturalistic colour grading, soft contrast, slight film grain. Composition: rule-of-thirds horizon, depth via foreground-midground-distance layering. Reference month: September.","no people, no human figures or silhouettes in foreground, no religious figures, sadhus, priests, monks, no specific religious attire (saffron robes, ceremonial clothing), no ritual objects (deities, idols, palanquins, ceremonial fire close-ups), no temple interiors or sanctum imagery, no signage with readable text, no on-screen graphics or overlays, no synthetic / cartoony rendering, no time-of-day mismatch (respect the requested mood)","https://pub-d8970c901de34c218926ebf4be1ed09a.r2.dev/destinations/gagron-fort.jpg","16:9","6","mitthe-shah-dargah-urs-fair.mp4","pending"
"C","mongmong-festival","Mongmong Festival","Kiphire","nagaland","September","September 1-6","Cinematic 16:9 establishing shot, 6-8 seconds. Subject: hill villages on ridges, terraced fields, fog drifts establishing wide shot — no figures, no signage with text. Location: Kiphire, nagaland, India (the host destination of the Mongmong Festival festival — do NOT render the festival itself, only the place at this time of year). Time of day: afternoon clearing. Atmosphere: post-monsoon — lush green, crisp clarity, distant cumulus. Colour palette: vibrant greens + cobalt sky. Shot type: slow drone pull-back revealing the wider valley. Style: documentary register (BBC/National Geographic feel), naturalistic colour grading, soft contrast, slight film grain. Composition: rule-of-thirds horizon, depth via foreground-midground-distance layering. Reference month: September.","no people, no human figures or silhouettes in foreground, no religious figures, sadhus, priests, monks, no specific religious attire (saffron robes, ceremonial clothing), no ritual objects (deities, idols, palanquins, ceremonial fire close-ups), no temple interiors or sanctum imagery, no signage with readable text, no on-screen graphics or overlays, no synthetic / cartoony rendering, no time-of-day mismatch (respect the requested mood)","https://pub-d8970c901de34c218926ebf4be1ed09a.r2.dev/destinations/kiphire.jpg","16:9","6","mongmong-festival.mp4","pending"
"C","monolith-festival","Monolith Festival","Mawphlang","meghalaya","","Variable (October and March observed; timing differs by year)","Cinematic 16:9 establishing shot, 6-8 seconds. Subject: limestone karst, monsoon green, root-bridge gorges (empty) establishing wide shot — no figures, no signage with text. Location: Mawphlang, meghalaya, India (the host destination of the Monolith Festival festival — do NOT render the festival itself, only the place at this time of year). Time of day: overcast midday. Atmosphere: early monsoon — cumulus clouds, intermittent rain breaks, fresh greens. Colour palette: cool grey-green + saturated blue. Shot type: slow drone pull-back revealing the wider valley. Style: documentary register (BBC/National Geographic feel), naturalistic colour grading, soft contrast, slight film grain. Composition: rule-of-thirds horizon, depth via foreground-midground-distance layering. Reference month: .","no people, no human figures or silhouettes in foreground, no religious figures, sadhus, priests, monks, no specific religious attire (saffron robes, ceremonial clothing), no ritual objects (deities, idols, palanquins, ceremonial fire close-ups), no temple interiors or sanctum imagery, no signage with readable text, no on-screen graphics or overlays, no synthetic / cartoony rendering, no time-of-day mismatch (respect the requested mood)","https://pub-d8970c901de34c218926ebf4be1ed09a.r2.dev/destinations/mawphlang.jpg","16:9","6","monolith-festival.mp4","pending"
"C","monsoon-festival-amboli","Monsoon Festival","Amboli","maharashtra","July","July–August (monsoon season)","Cinematic 16:9 establishing shot, 6-8 seconds. Subject: Western Ghats plateau, fort silhouettes, monsoon waterfalls establishing wide shot — no figures, no signage with text. Location: Amboli, maharashtra, India (the host destination of the Monsoon Festival festival — do NOT render the festival itself, only the place at this time of year). Time of day: post-rain twilight. Atmosphere: deep monsoon — saturated greens, wet roads reflecting light, low cloud. Colour palette: deep emerald + slate. Shot type: static establishing, slight push-in, no figures in frame. Style: documentary register (BBC/National Geographic feel), naturalistic colour grading, soft contrast, slight film grain. Composition: rule-of-thirds horizon, depth via foreground-midground-distance layering. Reference month: July.","no people, no human figures or silhouettes in foreground, no religious figures, sadhus, priests, monks, no specific religious attire (saffron robes, ceremonial clothing), no ritual objects (deities, idols, palanquins, ceremonial fire close-ups), no temple interiors or sanctum imagery, no signage with readable text, no on-screen graphics or overlays, no synthetic / cartoony rendering, no time-of-day mismatch (respect the requested mood)","https://pub-d8970c901de34c218926ebf4be1ed09a.r2.dev/destinations/amboli.jpg","16:9","6","monsoon-festival-amboli.mp4","pending"
"C","monsoon-festival-port-blair","Monsoon Festival","Port Blair (Sri Vijaya Puram)","andaman nicobar","August","August (dates vary)","Cinematic 16:9 establishing shot, 6-8 seconds. Subject: tropical island coastline, reef shallows, coconut canopy establishing wide shot — no figures, no signage with text. Location: Port Blair (Sri Vijaya Puram), andaman nicobar, India (the host destination of the Monsoon Festival festival — do NOT render the festival itself, only the place at this time of year). Time of day: late morning shaft-light. Atmosphere: monsoon green, valley mist, sun shafts breaking through cloud. Colour palette: lush green + silver mist. Shot type: static establishing with subtle water-surface parallax. Style: documentary register (BBC/National Geographic feel), naturalistic colour grading, soft contrast, slight film grain. Composition: rule-of-thirds horizon, depth via foreground-midground-distance layering. Reference month: August.","no people, no human figures or silhouettes in foreground, no religious figures, sadhus, priests, monks, no specific religious attire (saffron robes, ceremonial clothing), no ritual objects (deities, idols, palanquins, ceremonial fire close-ups), no temple interiors or sanctum imagery, no signage with readable text, no on-screen graphics or overlays, no synthetic / cartoony rendering, no time-of-day mismatch (respect the requested mood)","https://pub-d8970c901de34c218926ebf4be1ed09a.r2.dev/destinations/port-blair.jpg","16:9","6","monsoon-festival-port-blair.mp4","pending"
"C","nagara-panchami","Nagara Panchami","Kukke Subramanya","karnataka","August","July-August (Shravana month, Panchami tithi)","Cinematic 16:9 establishing shot, 6-8 seconds. Subject: Western Ghats canopy, Hampi boulders, coastal lagoons establishing wide shot — no figures, no signage with text. Location: Kukke Subramanya, karnataka, India (the host destination of the Nagara Panchami festival — do NOT render the festival itself, only the place at this time of year). Time of day: late morning shaft-light. Atmosphere: monsoon green, valley mist, sun shafts breaking through cloud. Colour palette: lush green + silver mist. Shot type: static establishing with subtle water-surface parallax. Style: documentary register (BBC/National Geographic feel), naturalistic colour grading, soft contrast, slight film grain. Composition: rule-of-thirds horizon, depth via foreground-midground-distance layering. Reference month: August.","no people, no human figures or silhouettes in foreground, no religious figures, sadhus, priests, monks, no specific religious attire (saffron robes, ceremonial clothing), no ritual objects (deities, idols, palanquins, ceremonial fire close-ups), no temple interiors or sanctum imagery, no signage with readable text, no on-screen graphics or overlays, no synthetic / cartoony rendering, no time-of-day mismatch (respect the requested mood)","https://pub-d8970c901de34c218926ebf4be1ed09a.r2.dev/destinations/kukke-subramanya.jpg","16:9","6","nagara-panchami.mp4","pending"
"C","nagdwari-mela","Nagdwari Mela","Pachmarhi","madhya pradesh","November","November","Cinematic 16:9 establishing shot, 6-8 seconds. Subject: Vindhya plateau, sandstone outcrops, sal forest establishing wide shot — no figures, no signage with text. Location: Pachmarhi, madhya pradesh, India (the host destination of the Nagdwari Mela festival — do NOT render the festival itself, only the place at this time of year). Time of day: early morning. Atmosphere: early winter — crystalline cold light, cool blue mornings. Colour palette: icy cyan + warm low sun. Shot type: slow drone pull-back revealing the wider valley. Style: documentary register (BBC/National Geographic feel), naturalistic colour grading, soft contrast, slight film grain. Composition: rule-of-thirds horizon, depth via foreground-midground-distance layering. Reference month: November.","no people, no human figures or silhouettes in foreground, no religious figures, sadhus, priests, monks, no specific religious attire (saffron robes, ceremonial clothing), no ritual objects (deities, idols, palanquins, ceremonial fire close-ups), no temple interiors or sanctum imagery, no signage with readable text, no on-screen graphics or overlays, no synthetic / cartoony rendering, no time-of-day mismatch (respect the requested mood)","https://pub-d8970c901de34c218926ebf4be1ed09a.r2.dev/destinations/pachmarhi.jpg","16:9","6","nagdwari-mela.mp4","pending"
"C","narasimha-jayanthi","Narasimha Jayanthi","Ahobilam","andhra pradesh","April","April 30 (Vaishakha Chaturdashi)","Cinematic 16:9 establishing shot, 6-8 seconds. Subject: Deccan plateau, granite outcrops, dry scrub establishing wide shot — no figures, no signage with text. Location: Ahobilam, andhra pradesh, India (the host destination of the Narasimha Jayanthi festival — do NOT render the festival itself, only the place at this time of year). Time of day: evening golden hour. Atmosphere: pre-monsoon heat, light softening at dusk, dramatic cloud build-up. Colour palette: saturated warm orange. Shot type: static establishing with subtle parallax. Style: documentary register (BBC/National Geographic feel), naturalistic colour grading, soft contrast, slight film grain. Composition: rule-of-thirds horizon, depth via foreground-midground-distance layering. Reference month: April.","no people, no human figures or silhouettes in foreground, no religious figures, sadhus, priests, monks, no specific religious attire (saffron robes, ceremonial clothing), no ritual objects (deities, idols, palanquins, ceremonial fire close-ups), no temple interiors or sanctum imagery, no signage with readable text, no on-screen graphics or overlays, no synthetic / cartoony rendering, no time-of-day mismatch (respect the requested mood)","https://pub-d8970c901de34c218926ebf4be1ed09a.r2.dev/destinations/ahobilam.jpg","16:9","6","narasimha-jayanthi.mp4","pending"
"C","neermahal-water-festival-boat-race","Neermahal Water Festival - Boat Race","Neermahal","tripura","August","August","Cinematic 16:9 establishing shot, 6-8 seconds. Subject: still water surface ripples, distant lantern-lit boats, no occupants visible. Location: Neermahal, tripura, India (the host destination of the Neermahal Water Festival - Boat Race festival — do NOT render the festival itself, only the place at this time of year). Time of day: late morning shaft-light. Atmosphere: monsoon green, valley mist, sun shafts breaking through cloud. Colour palette: lush green + silver mist. Shot type: static establishing with subtle parallax. Style: documentary register (BBC/National Geographic feel), naturalistic colour grading, soft contrast, slight film grain. Composition: rule-of-thirds horizon, depth via foreground-midground-distance layering. Reference month: August.","no people, no human figures or silhouettes in foreground, no religious figures, sadhus, priests, monks, no specific religious attire (saffron robes, ceremonial clothing), no ritual objects (deities, idols, palanquins, ceremonial fire close-ups), no temple interiors or sanctum imagery, no signage with readable text, no on-screen graphics or overlays, no synthetic / cartoony rendering, no time-of-day mismatch (respect the requested mood)","https://pub-d8970c901de34c218926ebf4be1ed09a.r2.dev/destinations/neermahal.jpg","16:9","6","neermahal-water-festival-boat-race.mp4","pending"
"C","nirvana-mahotsav","Nirvana Mahotsav","Pawapuri","bihar","November","October-November (Kartik Amavasya, Diwali)","Cinematic 16:9 establishing shot, 6-8 seconds. Subject: Ganges plains, ancient mound sites, river-mist mornings establishing wide shot — no figures, no signage with text. Location: Pawapuri, bihar, India (the host destination of the Nirvana Mahotsav festival — do NOT render the festival itself, only the place at this time of year). Time of day: early morning. Atmosphere: early winter — crystalline cold light, cool blue mornings. Colour palette: icy cyan + warm low sun. Shot type: static establishing with subtle water-surface parallax. Style: documentary register (BBC/National Geographic feel), naturalistic colour grading, soft contrast, slight film grain. Composition: rule-of-thirds horizon, depth via foreground-midground-distance layering. Reference month: November.","no people, no human figures or silhouettes in foreground, no religious figures, sadhus, priests, monks, no specific religious attire (saffron robes, ceremonial clothing), no ritual objects (deities, idols, palanquins, ceremonial fire close-ups), no temple interiors or sanctum imagery, no signage with readable text, no on-screen graphics or overlays, no synthetic / cartoony rendering, no time-of-day mismatch (respect the requested mood)","https://pub-d8970c901de34c218926ebf4be1ed09a.r2.dev/destinations/pawapuri.jpg","16:9","6","nirvana-mahotsav.mp4","pending"
"C","nowruz-balti-new-year","Nowruz (Balti New Year)","Turtuk","ladakh","March","March (Spring equinox)","Cinematic 16:9 establishing shot, 6-8 seconds. Subject: high-altitude desert, ochre ridges, glaciated peaks establishing wide shot — no figures, no signage with text. Location: Turtuk, ladakh, India (the host destination of the Nowruz (Balti New Year) festival — do NOT render the festival itself, only the place at this time of year). Time of day: afternoon to dusk. Atmosphere: pre-summer warmth, dust in the air, soft hazy light. Colour palette: warm earth tones, ochre. Shot type: slow drone push-in along the horizon line. Style: documentary register (BBC/National Geographic feel), naturalistic colour grading, soft contrast, slight film grain. Composition: rule-of-thirds horizon, depth via foreground-midground-distance layering. Reference month: March.","no people, no human figures or silhouettes in foreground, no religious figures, sadhus, priests, monks, no specific religious attire (saffron robes, ceremonial clothing), no ritual objects (deities, idols, palanquins, ceremonial fire close-ups), no temple interiors or sanctum imagery, no signage with readable text, no on-screen graphics or overlays, no synthetic / cartoony rendering, no time-of-day mismatch (respect the requested mood)","https://pub-d8970c901de34c218926ebf4be1ed09a.r2.dev/destinations/turtuk.jpg","16:9","6","nowruz-balti-new-year.mp4","pending"
"C","nrusingha-chaturdasi-baisakh-mela","Nrusingha Chaturdasi (Baisakh Mela)","Nrusinghanath & Harishankar","odisha","May","14th day of Vaisakha (May)","Cinematic 16:9 establishing shot, 6-8 seconds. Subject: Chilika lagoon, coastal dunes, eastern beach sunrise establishing wide shot — no figures, no signage with text. Location: Nrusinghanath & Harishankar, odisha, India (the host destination of the Nrusingha Chaturdasi (Baisakh Mela) festival — do NOT render the festival itself, only the place at this time of year). Time of day: post-sunset twilight. Atmosphere: summer haze, heat shimmer over dry ground, warm tungsten dusk. Colour palette: burnt orange + deep blue. Shot type: slow drone push-in along the horizon line. Style: documentary register (BBC/National Geographic feel), naturalistic colour grading, soft contrast, slight film grain. Composition: rule-of-thirds horizon, depth via foreground-midground-distance layering. Reference month: May.","no people, no human figures or silhouettes in foreground, no religious figures, sadhus, priests, monks, no specific religious attire (saffron robes, ceremonial clothing), no ritual objects (deities, idols, palanquins, ceremonial fire close-ups), no temple interiors or sanctum imagery, no signage with readable text, no on-screen graphics or overlays, no synthetic / cartoony rendering, no time-of-day mismatch (respect the requested mood)","https://pub-d8970c901de34c218926ebf4be1ed09a.r2.dev/destinations/nrusinghanath-harishankar.jpg","16:9","6","nrusingha-chaturdasi-baisakh-mela.mp4","pending"
"C","orange-and-tourism-festival","Orange and Tourism Festival","Jampui Hills","tripura","November","November","Cinematic 16:9 establishing shot, 6-8 seconds. Subject: lateritic plateaus, betel-nut groves, low light establishing wide shot — no figures, no signage with text. Location: Jampui Hills, tripura, India (the host destination of the Orange and Tourism Festival festival — do NOT render the festival itself, only the place at this time of year). Time of day: early morning. Atmosphere: early winter — crystalline cold light, cool blue mornings. Colour palette: icy cyan + warm low sun. Shot type: static establishing with subtle parallax. Style: documentary register (BBC/National Geographic feel), naturalistic colour grading, soft contrast, slight film grain. Composition: rule-of-thirds horizon, depth via foreground-midground-distance layering. Reference month: November.","no people, no human figures or silhouettes in foreground, no religious figures, sadhus, priests, monks, no specific religious attire (saffron robes, ceremonial clothing), no ritual objects (deities, idols, palanquins, ceremonial fire close-ups), no temple interiors or sanctum imagery, no signage with readable text, no on-screen graphics or overlays, no synthetic / cartoony rendering, no time-of-day mismatch (respect the requested mood)","https://pub-d8970c901de34c218926ebf4be1ed09a.r2.dev/destinations/jampui-hills.jpg","16:9","6","orange-and-tourism-festival.mp4","pending"
"C","orange-festival","Orange Festival","Tamenglong","manipur","December","December (around mid-month)","Cinematic 16:9 establishing shot, 6-8 seconds. Subject: Loktak floating phumdis, valley mist, distant ridges establishing wide shot — no figures, no signage with text. Location: Tamenglong, manipur, India (the host destination of the Orange Festival festival — do NOT render the festival itself, only the place at this time of year). Time of day: blue hour + lantern light. Atmosphere: deep winter — frost, low mist, blue hour dominance. Colour palette: deep blue + amber pinpoints. Shot type: slow drone pull-back revealing the wider valley. Style: documentary register (BBC/National Geographic feel), naturalistic colour grading, soft contrast, slight film grain. Composition: rule-of-thirds horizon, depth via foreground-midground-distance layering. Reference month: December.","no people, no human figures or silhouettes in foreground, no religious figures, sadhus, priests, monks, no specific religious attire (saffron robes, ceremonial clothing), no ritual objects (deities, idols, palanquins, ceremonial fire close-ups), no temple interiors or sanctum imagery, no signage with readable text, no on-screen graphics or overlays, no synthetic / cartoony rendering, no time-of-day mismatch (respect the requested mood)","https://pub-d8970c901de34c218926ebf4be1ed09a.r2.dev/destinations/tamenglong.jpg","16:9","6","orange-festival.mp4","pending"
"C","panguni-brahmotsavam","Panguni Brahmotsavam","Coimbatore","tamil nadu","March","March/April (Panguni month)","Cinematic 16:9 establishing shot, 6-8 seconds. Subject: Coromandel coast, granite temple towers (exterior only), dry scrub establishing wide shot — no figures, no signage with text. Location: Coimbatore, tamil nadu, India (the host destination of the Panguni Brahmotsavam festival — do NOT render the festival itself, only the place at this time of year). Time of day: afternoon to dusk. Atmosphere: pre-summer warmth, dust in the air, soft hazy light. Colour palette: warm earth tones, ochre. Shot type: static establishing with subtle water-surface parallax. Style: documentary register (BBC/National Geographic feel), naturalistic colour grading, soft contrast, slight film grain. Composition: rule-of-thirds horizon, depth via foreground-midground-distance layering. Reference month: March.","no people, no human figures or silhouettes in foreground, no religious figures, sadhus, priests, monks, no specific religious attire (saffron robes, ceremonial clothing), no ritual objects (deities, idols, palanquins, ceremonial fire close-ups), no temple interiors or sanctum imagery, no signage with readable text, no on-screen graphics or overlays, no synthetic / cartoony rendering, no time-of-day mismatch (respect the requested mood)","https://pub-d8970c901de34c218926ebf4be1ed09a.r2.dev/destinations/coimbatore.jpg","16:9","6","panguni-brahmotsavam.mp4","pending"
"C","panguni-uthiram-palani","Panguni Uthiram","Palani","tamil nadu","March","March/April (Panguni month, full moon/Purnami)","Cinematic 16:9 establishing shot, 6-8 seconds. Subject: Coromandel coast, granite temple towers (exterior only), dry scrub establishing wide shot — no figures, no signage with text. Location: Palani, tamil nadu, India (the host destination of the Panguni Uthiram festival — do NOT render the festival itself, only the place at this time of year). Time of day: afternoon to dusk. Atmosphere: pre-summer warmth, dust in the air, soft hazy light. Colour palette: warm earth tones, ochre. Shot type: static establishing with subtle water-surface parallax. Style: documentary register (BBC/National Geographic feel), naturalistic colour grading, soft contrast, slight film grain. Composition: rule-of-thirds horizon, depth via foreground-midground-distance layering. Reference month: March.","no people, no human figures or silhouettes in foreground, no religious figures, sadhus, priests, monks, no specific religious attire (saffron robes, ceremonial clothing), no ritual objects (deities, idols, palanquins, ceremonial fire close-ups), no temple interiors or sanctum imagery, no signage with readable text, no on-screen graphics or overlays, no synthetic / cartoony rendering, no time-of-day mismatch (respect the requested mood)","https://pub-d8970c901de34c218926ebf4be1ed09a.r2.dev/destinations/palani.jpg","16:9","6","panguni-uthiram-palani.mp4","pending"
"C","panguni-uthiram-pazhamudircholai","Panguni Uthiram","Pazhamudircholai","tamil nadu","March","March (Panguni month)","Cinematic 16:9 establishing shot, 6-8 seconds. Subject: Coromandel coast, granite temple towers (exterior only), dry scrub establishing wide shot — no figures, no signage with text. Location: Pazhamudircholai, tamil nadu, India (the host destination of the Panguni Uthiram festival — do NOT render the festival itself, only the place at this time of year). Time of day: afternoon to dusk. Atmosphere: pre-summer warmth, dust in the air, soft hazy light. Colour palette: warm earth tones, ochre. Shot type: static establishing with subtle water-surface parallax. Style: documentary register (BBC/National Geographic feel), naturalistic colour grading, soft contrast, slight film grain. Composition: rule-of-thirds horizon, depth via foreground-midground-distance layering. Reference month: March.","no people, no human figures or silhouettes in foreground, no religious figures, sadhus, priests, monks, no specific religious attire (saffron robes, ceremonial clothing), no ritual objects (deities, idols, palanquins, ceremonial fire close-ups), no temple interiors or sanctum imagery, no signage with readable text, no on-screen graphics or overlays, no synthetic / cartoony rendering, no time-of-day mismatch (respect the requested mood)","https://pub-d8970c901de34c218926ebf4be1ed09a.r2.dev/destinations/pazhamudircholai.jpg","16:9","6","panguni-uthiram-pazhamudircholai.mp4","pending"
"C","panguni-uthiram-tiruparankundram","Panguni Uthiram","Tiruparankundram","tamil nadu","March","March-April (Tamil month Panguni)","Cinematic 16:9 establishing shot, 6-8 seconds. Subject: Coromandel coast, granite temple towers (exterior only), dry scrub establishing wide shot — no figures, no signage with text. Location: Tiruparankundram, tamil nadu, India (the host destination of the Panguni Uthiram festival — do NOT render the festival itself, only the place at this time of year). Time of day: afternoon to dusk. Atmosphere: pre-summer warmth, dust in the air, soft hazy light. Colour palette: warm earth tones, ochre. Shot type: static establishing with subtle water-surface parallax. Style: documentary register (BBC/National Geographic feel), naturalistic colour grading, soft contrast, slight film grain. Composition: rule-of-thirds horizon, depth via foreground-midground-distance layering. Reference month: March.","no people, no human figures or silhouettes in foreground, no religious figures, sadhus, priests, monks, no specific religious attire (saffron robes, ceremonial clothing), no ritual objects (deities, idols, palanquins, ceremonial fire close-ups), no temple interiors or sanctum imagery, no signage with readable text, no on-screen graphics or overlays, no synthetic / cartoony rendering, no time-of-day mismatch (respect the requested mood)","https://pub-d8970c901de34c218926ebf4be1ed09a.r2.dev/destinations/tiruparankundram.jpg","16:9","6","panguni-uthiram-tiruparankundram.mp4","pending"
"C","phulaich-festival-of-flowers","Phulaich (Festival of Flowers)","Sangla Valley","himachal pradesh","September","September 15-25 (16th Bhadrapada in lunar calendar)","Cinematic 16:9 establishing shot, 6-8 seconds. Subject: Himalayan ridges, deodar slopes, prayer-flag-empty (no flags) ridgelines establishing wide shot — no figures, no signage with text. Location: Sangla Valley, himachal pradesh, India (the host destination of the Phulaich (Festival of Flowers) festival — do NOT render the festival itself, only the place at this time of year). Time of day: afternoon shaft-light. Atmosphere: monsoon in the hills — mist drifts through deodar forest, sun shafts breaking cloud, wet stone glistens. Colour palette: saturated emerald + silver mist. Shot type: slow drone pull-back revealing the wider valley. Style: documentary register (BBC/National Geographic feel), naturalistic colour grading, soft contrast, slight film grain. Composition: rule-of-thirds horizon, depth via foreground-midground-distance layering. Reference month: September.","no people, no human figures or silhouettes in foreground, no religious figures, sadhus, priests, monks, no specific religious attire (saffron robes, ceremonial clothing), no ritual objects (deities, idols, palanquins, ceremonial fire close-ups), no temple interiors or sanctum imagery, no signage with readable text, no on-screen graphics or overlays, no synthetic / cartoony rendering, no time-of-day mismatch (respect the requested mood)","https://pub-d8970c901de34c218926ebf4be1ed09a.r2.dev/destinations/sangla.jpg","16:9","6","phulaich-festival-of-flowers.mp4","pending"
"C","podi-barbi-festival","Podi-Barbi Festival","Mechuka","arunachal pradesh","December","December 5","Cinematic 16:9 establishing shot, 6-8 seconds. Subject: deep cloud forest, mist-shrouded valleys, river gorges establishing wide shot — no figures, no signage with text. Location: Mechuka, arunachal pradesh, India (the host destination of the Podi-Barbi Festival festival — do NOT render the festival itself, only the place at this time of year). Time of day: blue hour. Atmosphere: deep winter in the hills — snow on ridges, frozen streams, low sun raking the slope. Colour palette: icy blue + warm tungsten pinpoints. Shot type: static establishing with subtle water-surface parallax. Style: documentary register (BBC/National Geographic feel), naturalistic colour grading, soft contrast, slight film grain. Composition: rule-of-thirds horizon, depth via foreground-midground-distance layering. Reference month: December.","no people, no human figures or silhouettes in foreground, no religious figures, sadhus, priests, monks, no specific religious attire (saffron robes, ceremonial clothing), no ritual objects (deities, idols, palanquins, ceremonial fire close-ups), no temple interiors or sanctum imagery, no signage with readable text, no on-screen graphics or overlays, no synthetic / cartoony rendering, no time-of-day mismatch (respect the requested mood)","https://pub-d8970c901de34c218926ebf4be1ed09a.r2.dev/destinations/mechuka.jpg","16:9","6","podi-barbi-festival.mp4","pending"
"C","poila-boishakh-bengali-new-year","Poila Boishakh (Bengali New Year)","Kolkata","west bengal","April","April 14-15","Cinematic 16:9 establishing shot, 6-8 seconds. Subject: Hooghly riverbank colonial-era architecture (exterior), ferry wake, no figures establishing wide shot — no figures, no signage with text. Location: Kolkata, west bengal, India (the host destination of the Poila Boishakh (Bengali New Year) festival — do NOT render the festival itself, only the place at this time of year). Time of day: evening golden hour. Atmosphere: pre-monsoon heat, light softening at dusk, dramatic cloud build-up. Colour palette: saturated warm orange. Shot type: static establishing with subtle water-surface parallax. Style: documentary register (BBC/National Geographic feel), naturalistic colour grading, soft contrast, slight film grain. Composition: rule-of-thirds horizon, depth via foreground-midground-distance layering. Reference month: April.","no people, no human figures or silhouettes in foreground, no religious figures, sadhus, priests, monks, no specific religious attire (saffron robes, ceremonial clothing), no ritual objects (deities, idols, palanquins, ceremonial fire close-ups), no temple interiors or sanctum imagery, no signage with readable text, no on-screen graphics or overlays, no synthetic / cartoony rendering, no time-of-day mismatch (respect the requested mood)","https://pub-d8970c901de34c218926ebf4be1ed09a.r2.dev/destinations/kolkata.jpg","16:9","6","poila-boishakh-bengali-new-year.mp4","pending"
"C","poush-mela","Poush Mela","Shantiniketan","west bengal","December","December (7th day of Poush month; typically Dec 21-24)","Cinematic 16:9 establishing shot, 6-8 seconds. Subject: Bengal delta, mangrove waterways, jute-field horizons establishing wide shot — no figures, no signage with text. Location: Shantiniketan, west bengal, India (the host destination of the Poush Mela festival — do NOT render the festival itself, only the place at this time of year). Time of day: blue hour + lantern light. Atmosphere: deep winter — frost, low mist, blue hour dominance. Colour palette: deep blue + amber pinpoints. Shot type: low ground-level tracking through the foreground. Style: documentary register (BBC/National Geographic feel), naturalistic colour grading, soft contrast, slight film grain. Composition: rule-of-thirds horizon, depth via foreground-midground-distance layering. Reference month: December.","no people, no human figures or silhouettes in foreground, no religious figures, sadhus, priests, monks, no specific religious attire (saffron robes, ceremonial clothing), no ritual objects (deities, idols, palanquins, ceremonial fire close-ups), no temple interiors or sanctum imagery, no signage with readable text, no on-screen graphics or overlays, no synthetic / cartoony rendering, no time-of-day mismatch (respect the requested mood)","https://pub-d8970c901de34c218926ebf4be1ed09a.r2.dev/destinations/shantiniketan.jpg","16:9","6","poush-mela.mp4","pending"
"C","prashar-mela-parashar-fair","Prashar Mela (Parashar Fair)","Prashar Lake","himachal pradesh","June","June 13-15","Cinematic 16:9 establishing shot, 6-8 seconds. Subject: Himalayan ridges, deodar slopes, prayer-flag-empty (no flags) ridgelines establishing wide shot — no figures, no signage with text. Location: Prashar Lake, himachal pradesh, India (the host destination of the Prashar Mela (Parashar Fair) festival — do NOT render the festival itself, only the place at this time of year). Time of day: early morning. Atmosphere: alpine spring — clear cold air, snow-melt streams, distant high-altitude peaks. Colour palette: snow-white + emerald + cobalt sky. Shot type: slow drone pull-back revealing the wider valley. Style: documentary register (BBC/National Geographic feel), naturalistic colour grading, soft contrast, slight film grain. Composition: rule-of-thirds horizon, depth via foreground-midground-distance layering. Reference month: June.","no people, no human figures or silhouettes in foreground, no religious figures, sadhus, priests, monks, no specific religious attire (saffron robes, ceremonial clothing), no ritual objects (deities, idols, palanquins, ceremonial fire close-ups), no temple interiors or sanctum imagery, no signage with readable text, no on-screen graphics or overlays, no synthetic / cartoony rendering, no time-of-day mismatch (respect the requested mood)","https://pub-d8970c901de34c218926ebf4be1ed09a.r2.dev/destinations/prashar-lake.jpg","16:9","6","prashar-mela-parashar-fair.mp4","pending"
"C","raas-mahotsav","Raas Mahotsav","Majuli","assam","November","November (Kartik Purnima)","Cinematic 16:9 establishing shot, 6-8 seconds. Subject: Brahmaputra river plains, tea-garden geometry, low mist establishing wide shot — no figures, no signage with text. Location: Majuli, assam, India (the host destination of the Raas Mahotsav festival — do NOT render the festival itself, only the place at this time of year). Time of day: early morning. Atmosphere: early winter — crystalline cold light, cool blue mornings. Colour palette: icy cyan + warm low sun. Shot type: static establishing with subtle water-surface parallax. Style: documentary register (BBC/National Geographic feel), naturalistic colour grading, soft contrast, slight film grain. Composition: rule-of-thirds horizon, depth via foreground-midground-distance layering. Reference month: November.","no people, no human figures or silhouettes in foreground, no religious figures, sadhus, priests, monks, no specific religious attire (saffron robes, ceremonial clothing), no ritual objects (deities, idols, palanquins, ceremonial fire close-ups), no temple interiors or sanctum imagery, no signage with readable text, no on-screen graphics or overlays, no synthetic / cartoony rendering, no time-of-day mismatch (respect the requested mood)","https://pub-d8970c901de34c218926ebf4be1ed09a.r2.dev/destinations/majuli.jpg","16:9","6","raas-mahotsav.mp4","pending"
"C","ram-navami","Ram Navami","Shirdi","maharashtra","March","","Cinematic 16:9 establishing shot, 6-8 seconds. Subject: Western Ghats plateau, fort silhouettes, monsoon waterfalls establishing wide shot — no figures, no signage with text. Location: Shirdi, maharashtra, India (the host destination of the Ram Navami festival — do NOT render the festival itself, only the place at this time of year). Time of day: afternoon to dusk. Atmosphere: pre-summer warmth, dust in the air, soft hazy light. Colour palette: warm earth tones, ochre. Shot type: static establishing, slight push-in, no figures in frame. Style: documentary register (BBC/National Geographic feel), naturalistic colour grading, soft contrast, slight film grain. Composition: rule-of-thirds horizon, depth via foreground-midground-distance layering. Reference month: March.","no people, no human figures or silhouettes in foreground, no religious figures, sadhus, priests, monks, no specific religious attire (saffron robes, ceremonial clothing), no ritual objects (deities, idols, palanquins, ceremonial fire close-ups), no temple interiors or sanctum imagery, no signage with readable text, no on-screen graphics or overlays, no synthetic / cartoony rendering, no time-of-day mismatch (respect the requested mood)","https://pub-d8970c901de34c218926ebf4be1ed09a.r2.dev/destinations/shirdi.jpg","16:9","6","ram-navami.mp4","pending"
"C","reh-festival","Reh Festival","Anini","arunachal pradesh","February","February 1–3","Cinematic 16:9 establishing shot, 6-8 seconds. Subject: deep cloud forest, mist-shrouded valleys, river gorges establishing wide shot — no figures, no signage with text. Location: Anini, arunachal pradesh, India (the host destination of the Reh Festival festival — do NOT render the festival itself, only the place at this time of year). Time of day: blue hour. Atmosphere: deep winter in the hills — snow on ridges, frozen streams, low sun raking the slope. Colour palette: icy blue + warm tungsten pinpoints. Shot type: static establishing with subtle water-surface parallax. Style: documentary register (BBC/National Geographic feel), naturalistic colour grading, soft contrast, slight film grain. Composition: rule-of-thirds horizon, depth via foreground-midground-distance layering. Reference month: February.","no people, no human figures or silhouettes in foreground, no religious figures, sadhus, priests, monks, no specific religious attire (saffron robes, ceremonial clothing), no ritual objects (deities, idols, palanquins, ceremonial fire close-ups), no temple interiors or sanctum imagery, no signage with readable text, no on-screen graphics or overlays, no synthetic / cartoony rendering, no time-of-day mismatch (respect the requested mood)","https://pub-d8970c901de34c218926ebf4be1ed09a.r2.dev/destinations/anini.jpg","16:9","6","reh-festival.mp4","pending"
"C","samayapuram-mariamman-brahmotsavam","Samayapuram Mariamman Brahmotsavam","Trichy (Tiruchirappalli)","tamil nadu","May","May-June (Tamil month Vaikasi)","Cinematic 16:9 establishing shot, 6-8 seconds. Subject: Coromandel coast, granite temple towers (exterior only), dry scrub establishing wide shot — no figures, no signage with text. Location: Trichy (Tiruchirappalli), tamil nadu, India (the host destination of the Samayapuram Mariamman Brahmotsavam festival — do NOT render the festival itself, only the place at this time of year). Time of day: post-sunset twilight. Atmosphere: summer haze, heat shimmer over dry ground, warm tungsten dusk. Colour palette: burnt orange + deep blue. Shot type: static establishing with subtle water-surface parallax. Style: documentary register (BBC/National Geographic feel), naturalistic colour grading, soft contrast, slight film grain. Composition: rule-of-thirds horizon, depth via foreground-midground-distance layering. Reference month: May.","no people, no human figures or silhouettes in foreground, no religious figures, sadhus, priests, monks, no specific religious attire (saffron robes, ceremonial clothing), no ritual objects (deities, idols, palanquins, ceremonial fire close-ups), no temple interiors or sanctum imagery, no signage with readable text, no on-screen graphics or overlays, no synthetic / cartoony rendering, no time-of-day mismatch (respect the requested mood)","https://pub-d8970c901de34c218926ebf4be1ed09a.r2.dev/destinations/trichy.jpg","16:9","6","samayapuram-mariamman-brahmotsavam.mp4","pending"
"C","sammed-shikhar-festival","Sammed Shikhar Festival","Shikharji","jharkhand","","October–November (lunar, varies)","Cinematic 16:9 establishing shot, 6-8 seconds. Subject: Chotanagpur plateau, sal forest, tribal-belt landscapes (empty) establishing wide shot — no figures, no signage with text. Location: Shikharji, jharkhand, India (the host destination of the Sammed Shikhar Festival festival — do NOT render the festival itself, only the place at this time of year). Time of day: overcast midday. Atmosphere: early monsoon — cumulus clouds, intermittent rain breaks, fresh greens. Colour palette: cool grey-green + saturated blue. Shot type: slow drone pull-back revealing the wider valley. Style: documentary register (BBC/National Geographic feel), naturalistic colour grading, soft contrast, slight film grain. Composition: rule-of-thirds horizon, depth via foreground-midground-distance layering. Reference month: .","no people, no human figures or silhouettes in foreground, no religious figures, sadhus, priests, monks, no specific religious attire (saffron robes, ceremonial clothing), no ritual objects (deities, idols, palanquins, ceremonial fire close-ups), no temple interiors or sanctum imagery, no signage with readable text, no on-screen graphics or overlays, no synthetic / cartoony rendering, no time-of-day mismatch (respect the requested mood)","https://pub-d8970c901de34c218926ebf4be1ed09a.r2.dev/destinations/shikharji.jpg","16:9","6","sammed-shikhar-festival.mp4","pending"
"C","sani-peyarchi-saturn-transit-festival","Sani Peyarchi (Saturn Transit Festival)","Karaikal","puducherry","","Every 2.5 years (variable; 2026 = March 6)","Cinematic 16:9 establishing shot, 6-8 seconds. Subject: French-quarter colonnades, Bay-of-Bengal shoreline establishing wide shot — no figures, no signage with text. Location: Karaikal, puducherry, India (the host destination of the Sani Peyarchi (Saturn Transit Festival) festival — do NOT render the festival itself, only the place at this time of year). Time of day: overcast midday. Atmosphere: early monsoon — cumulus clouds, intermittent rain breaks, fresh greens. Colour palette: cool grey-green + saturated blue. Shot type: static establishing with subtle parallax. Style: documentary register (BBC/National Geographic feel), naturalistic colour grading, soft contrast, slight film grain. Composition: rule-of-thirds horizon, depth via foreground-midground-distance layering. Reference month: .","no people, no human figures or silhouettes in foreground, no religious figures, sadhus, priests, monks, no specific religious attire (saffron robes, ceremonial clothing), no ritual objects (deities, idols, palanquins, ceremonial fire close-ups), no temple interiors or sanctum imagery, no signage with readable text, no on-screen graphics or overlays, no synthetic / cartoony rendering, no time-of-day mismatch (respect the requested mood)","https://pub-d8970c901de34c218926ebf4be1ed09a.r2.dev/destinations/karaikal.jpg","16:9","6","sani-peyarchi-saturn-transit-festival.mp4","pending"
"C","sao-joao-festival-so-joo-assagao","Sao Joao Festival (São João)","Assagao","goa","June","June 23-24","Cinematic 16:9 establishing shot, 6-8 seconds. Subject: Konkan coast, laterite cliffs, palm-fringed beach establishing wide shot — no figures, no signage with text. Location: Assagao, goa, India (the host destination of the Sao Joao Festival (São João) festival — do NOT render the festival itself, only the place at this time of year). Time of day: overcast midday. Atmosphere: early monsoon — cumulus clouds, intermittent rain breaks, fresh greens. Colour palette: cool grey-green + saturated blue. Shot type: static establishing with subtle water-surface parallax. Style: documentary register (BBC/National Geographic feel), naturalistic colour grading, soft contrast, slight film grain. Composition: rule-of-thirds horizon, depth via foreground-midground-distance layering. Reference month: June.","no people, no human figures or silhouettes in foreground, no religious figures, sadhus, priests, monks, no specific religious attire (saffron robes, ceremonial clothing), no ritual objects (deities, idols, palanquins, ceremonial fire close-ups), no temple interiors or sanctum imagery, no signage with readable text, no on-screen graphics or overlays, no synthetic / cartoony rendering, no time-of-day mismatch (respect the requested mood)","https://pub-d8970c901de34c218926ebf4be1ed09a.r2.dev/destinations/assagao.jpg","16:9","6","sao-joao-festival-so-joo-assagao.mp4","pending"
"C","sao-joao-festival-so-joo-siolim","Sao Joao Festival (São João)","Siolim","goa","June","June 23-24 (June 24 in Siolim)","Cinematic 16:9 establishing shot, 6-8 seconds. Subject: Konkan coast, laterite cliffs, palm-fringed beach establishing wide shot — no figures, no signage with text. Location: Siolim, goa, India (the host destination of the Sao Joao Festival (São João) festival — do NOT render the festival itself, only the place at this time of year). Time of day: overcast midday. Atmosphere: early monsoon — cumulus clouds, intermittent rain breaks, fresh greens. Colour palette: cool grey-green + saturated blue. Shot type: static establishing with subtle water-surface parallax. Style: documentary register (BBC/National Geographic feel), naturalistic colour grading, soft contrast, slight film grain. Composition: rule-of-thirds horizon, depth via foreground-midground-distance layering. Reference month: June.","no people, no human figures or silhouettes in foreground, no religious figures, sadhus, priests, monks, no specific religious attire (saffron robes, ceremonial clothing), no ritual objects (deities, idols, palanquins, ceremonial fire close-ups), no temple interiors or sanctum imagery, no signage with readable text, no on-screen graphics or overlays, no synthetic / cartoony rendering, no time-of-day mismatch (respect the requested mood)","https://pub-d8970c901de34c218926ebf4be1ed09a.r2.dev/destinations/siolim.jpg","16:9","6","sao-joao-festival-so-joo-siolim.mp4","pending"
"C","saputara-monsoon-festival","Saputara Monsoon Festival","Saputara","gujarat","July","July-August","Cinematic 16:9 establishing shot, 6-8 seconds. Subject: salt flats, Arabian Sea coast, white limestone establishing wide shot — no figures, no signage with text. Location: Saputara, gujarat, India (the host destination of the Saputara Monsoon Festival festival — do NOT render the festival itself, only the place at this time of year). Time of day: post-rain twilight. Atmosphere: deep monsoon — saturated greens, wet roads reflecting light, low cloud. Colour palette: deep emerald + slate. Shot type: slow drone push-in along the horizon line. Style: documentary register (BBC/National Geographic feel), naturalistic colour grading, soft contrast, slight film grain. Composition: rule-of-thirds horizon, depth via foreground-midground-distance layering. Reference month: July.","no people, no human figures or silhouettes in foreground, no religious figures, sadhus, priests, monks, no specific religious attire (saffron robes, ceremonial clothing), no ritual objects (deities, idols, palanquins, ceremonial fire close-ups), no temple interiors or sanctum imagery, no signage with readable text, no on-screen graphics or overlays, no synthetic / cartoony rendering, no time-of-day mismatch (respect the requested mood)","https://pub-d8970c901de34c218926ebf4be1ed09a.r2.dev/destinations/saputara.jpg","16:9","6","saputara-monsoon-festival.mp4","pending"
"C","sarhul","Sarhul","Ranchi","jharkhand","March","March–April (Chaitra Shukla Paksha, 3rd day to Purnima)","Cinematic 16:9 establishing shot, 6-8 seconds. Subject: Chotanagpur plateau, sal forest, tribal-belt landscapes (empty) establishing wide shot — no figures, no signage with text. Location: Ranchi, jharkhand, India (the host destination of the Sarhul festival — do NOT render the festival itself, only the place at this time of year). Time of day: afternoon to dusk. Atmosphere: pre-summer warmth, dust in the air, soft hazy light. Colour palette: warm earth tones, ochre. Shot type: slow drone pull-back revealing the wider valley. Style: documentary register (BBC/National Geographic feel), naturalistic colour grading, soft contrast, slight film grain. Composition: rule-of-thirds horizon, depth via foreground-midground-distance layering. Reference month: March.","no people, no human figures or silhouettes in foreground, no religious figures, sadhus, priests, monks, no specific religious attire (saffron robes, ceremonial clothing), no ritual objects (deities, idols, palanquins, ceremonial fire close-ups), no temple interiors or sanctum imagery, no signage with readable text, no on-screen graphics or overlays, no synthetic / cartoony rendering, no time-of-day mismatch (respect the requested mood)","https://pub-d8970c901de34c218926ebf4be1ed09a.r2.dev/destinations/ranchi.jpg","16:9","6","sarhul.mp4","pending"
"C","sekrenyi-khonoma","Sekrenyi","Khonoma","nagaland","February","February 25","Cinematic 16:9 establishing shot, 6-8 seconds. Subject: hill villages on ridges, terraced fields, fog drifts establishing wide shot — no figures, no signage with text. Location: Khonoma, nagaland, India (the host destination of the Sekrenyi festival — do NOT render the festival itself, only the place at this time of year). Time of day: early golden hour. Atmosphere: late-winter clarity, crisp light, dry air. Colour palette: warm amber + cold shadow. Shot type: slow drone pull-back revealing the wider valley. Style: documentary register (BBC/National Geographic feel), naturalistic colour grading, soft contrast, slight film grain. Composition: rule-of-thirds horizon, depth via foreground-midground-distance layering. Reference month: February.","no people, no human figures or silhouettes in foreground, no religious figures, sadhus, priests, monks, no specific religious attire (saffron robes, ceremonial clothing), no ritual objects (deities, idols, palanquins, ceremonial fire close-ups), no temple interiors or sanctum imagery, no signage with readable text, no on-screen graphics or overlays, no synthetic / cartoony rendering, no time-of-day mismatch (respect the requested mood)","https://pub-d8970c901de34c218926ebf4be1ed09a.r2.dev/destinations/khonoma.jpg","16:9","6","sekrenyi-khonoma.mp4","pending"
"C","sekrenyi-kohima","Sekrenyi","Kohima","nagaland","February","Feb 25 (Angami calendar)","Cinematic 16:9 establishing shot, 6-8 seconds. Subject: hill villages on ridges, terraced fields, fog drifts establishing wide shot — no figures, no signage with text. Location: Kohima, nagaland, India (the host destination of the Sekrenyi festival — do NOT render the festival itself, only the place at this time of year). Time of day: early golden hour. Atmosphere: late-winter clarity, crisp light, dry air. Colour palette: warm amber + cold shadow. Shot type: slow drone pull-back revealing the wider valley. Style: documentary register (BBC/National Geographic feel), naturalistic colour grading, soft contrast, slight film grain. Composition: rule-of-thirds horizon, depth via foreground-midground-distance layering. Reference month: February.","no people, no human figures or silhouettes in foreground, no religious figures, sadhus, priests, monks, no specific religious attire (saffron robes, ceremonial clothing), no ritual objects (deities, idols, palanquins, ceremonial fire close-ups), no temple interiors or sanctum imagery, no signage with readable text, no on-screen graphics or overlays, no synthetic / cartoony rendering, no time-of-day mismatch (respect the requested mood)","https://pub-d8970c901de34c218926ebf4be1ed09a.r2.dev/destinations/kohima.jpg","16:9","6","sekrenyi-kohima.mp4","pending"
"C","sharad-purnima-festival","Sharad Purnima Festival","Dakor","gujarat","October","October (Sharad Purnima full moon, typically mid-October)","Cinematic 16:9 establishing shot, 6-8 seconds. Subject: salt flats, Arabian Sea coast, white limestone establishing wide shot — no figures, no signage with text. Location: Dakor, gujarat, India (the host destination of the Sharad Purnima Festival festival — do NOT render the festival itself, only the place at this time of year). Time of day: evening golden hour. Atmosphere: autumn warmth, returning dust, soft sunset glow. Colour palette: warm gold + violet sky. Shot type: slow drone push-in along the horizon line. Style: documentary register (BBC/National Geographic feel), naturalistic colour grading, soft contrast, slight film grain. Composition: rule-of-thirds horizon, depth via foreground-midground-distance layering. Reference month: October.","no people, no human figures or silhouettes in foreground, no religious figures, sadhus, priests, monks, no specific religious attire (saffron robes, ceremonial clothing), no ritual objects (deities, idols, palanquins, ceremonial fire close-ups), no temple interiors or sanctum imagery, no signage with readable text, no on-screen graphics or overlays, no synthetic / cartoony rendering, no time-of-day mismatch (respect the requested mood)","https://pub-d8970c901de34c218926ebf4be1ed09a.r2.dev/destinations/dakor.jpg","16:9","6","sharad-purnima-festival.mp4","pending"
"C","shigmo-shigmotsav-margao","Shigmo (Shigmotsav)","Margao","goa","March","March 5-18 (March 14 in Margao)","Cinematic 16:9 establishing shot, 6-8 seconds. Subject: Konkan coast, laterite cliffs, palm-fringed beach establishing wide shot — no figures, no signage with text. Location: Margao, goa, India (the host destination of the Shigmo (Shigmotsav) festival — do NOT render the festival itself, only the place at this time of year). Time of day: afternoon to dusk. Atmosphere: pre-summer warmth, dust in the air, soft hazy light. Colour palette: warm earth tones, ochre. Shot type: static establishing with subtle water-surface parallax. Style: documentary register (BBC/National Geographic feel), naturalistic colour grading, soft contrast, slight film grain. Composition: rule-of-thirds horizon, depth via foreground-midground-distance layering. Reference month: March.","no people, no human figures or silhouettes in foreground, no religious figures, sadhus, priests, monks, no specific religious attire (saffron robes, ceremonial clothing), no ritual objects (deities, idols, palanquins, ceremonial fire close-ups), no temple interiors or sanctum imagery, no signage with readable text, no on-screen graphics or overlays, no synthetic / cartoony rendering, no time-of-day mismatch (respect the requested mood)","https://pub-d8970c901de34c218926ebf4be1ed09a.r2.dev/destinations/margao.jpg","16:9","6","shigmo-shigmotsav-margao.mp4","pending"
"C","shigmo-shigmotsav-ponda-spice","Shigmo (Shigmotsav)","Spice Plantations (Ponda)","goa","March","March 5-18 (March 5 in Ponda)","Cinematic 16:9 establishing shot, 6-8 seconds. Subject: Konkan coast, laterite cliffs, palm-fringed beach establishing wide shot — no figures, no signage with text. Location: Spice Plantations (Ponda), goa, India (the host destination of the Shigmo (Shigmotsav) festival — do NOT render the festival itself, only the place at this time of year). Time of day: afternoon to dusk. Atmosphere: pre-summer warmth, dust in the air, soft hazy light. Colour palette: warm earth tones, ochre. Shot type: static establishing with subtle water-surface parallax. Style: documentary register (BBC/National Geographic feel), naturalistic colour grading, soft contrast, slight film grain. Composition: rule-of-thirds horizon, depth via foreground-midground-distance layering. Reference month: March.","no people, no human figures or silhouettes in foreground, no religious figures, sadhus, priests, monks, no specific religious attire (saffron robes, ceremonial clothing), no ritual objects (deities, idols, palanquins, ceremonial fire close-ups), no temple interiors or sanctum imagery, no signage with readable text, no on-screen graphics or overlays, no synthetic / cartoony rendering, no time-of-day mismatch (respect the requested mood)","https://pub-d8970c901de34c218926ebf4be1ed09a.r2.dev/destinations/ponda-spice.jpg","16:9","6","shigmo-shigmotsav-ponda-spice.mp4","pending"
"C","shirui-lily-festival","Shirui Lily Festival","Ukhrul","manipur","May","Last week of May through second week of June","Cinematic 16:9 establishing shot, 6-8 seconds. Subject: Loktak floating phumdis, valley mist, distant ridges establishing wide shot — no figures, no signage with text. Location: Ukhrul, manipur, India (the host destination of the Shirui Lily Festival festival — do NOT render the festival itself, only the place at this time of year). Time of day: early morning. Atmosphere: alpine spring — clear cold air, snow-melt streams, distant high-altitude peaks. Colour palette: snow-white + emerald + cobalt sky. Shot type: slow drone pull-back revealing the wider valley. Style: documentary register (BBC/National Geographic feel), naturalistic colour grading, soft contrast, slight film grain. Composition: rule-of-thirds horizon, depth via foreground-midground-distance layering. Reference month: May.","no people, no human figures or silhouettes in foreground, no religious figures, sadhus, priests, monks, no specific religious attire (saffron robes, ceremonial clothing), no ritual objects (deities, idols, palanquins, ceremonial fire close-ups), no temple interiors or sanctum imagery, no signage with readable text, no on-screen graphics or overlays, no synthetic / cartoony rendering, no time-of-day mismatch (respect the requested mood)","https://pub-d8970c901de34c218926ebf4be1ed09a.r2.dev/destinations/ukhrul.jpg","16:9","6","shirui-lily-festival.mp4","pending"
"C","shivratri-tribal-dance-mela","Shivratri Tribal Dance Mela","Maredumilli","andhra pradesh","February","February (Maha Shivaratri)","Cinematic 16:9 establishing shot, 6-8 seconds. Subject: ancient stone amphitheater steps, distant lights, no performers in frame. Location: Maredumilli, andhra pradesh, India (the host destination of the Shivratri Tribal Dance Mela festival — do NOT render the festival itself, only the place at this time of year). Time of day: early golden hour. Atmosphere: late-winter clarity, crisp light, dry air. Colour palette: warm amber + cold shadow. Shot type: static establishing with subtle parallax. Style: documentary register (BBC/National Geographic feel), naturalistic colour grading, soft contrast, slight film grain. Composition: rule-of-thirds horizon, depth via foreground-midground-distance layering. Reference month: February.","no people, no human figures or silhouettes in foreground, no religious figures, sadhus, priests, monks, no specific religious attire (saffron robes, ceremonial clothing), no ritual objects (deities, idols, palanquins, ceremonial fire close-ups), no temple interiors or sanctum imagery, no signage with readable text, no on-screen graphics or overlays, no synthetic / cartoony rendering, no time-of-day mismatch (respect the requested mood)","https://pub-d8970c901de34c218926ebf4be1ed09a.r2.dev/destinations/maredumilli.jpg","16:9","6","shivratri-tribal-dance-mela.mp4","pending"
"C","shrikhand-mahadev-yatra","Shrikhand Mahadev Yatra","Shrikhand Mahadev","himachal pradesh","July","July 11 - August (15-20 day window)","Cinematic 16:9 establishing shot, 6-8 seconds. Subject: long mountain road or trail receding into distance, no pilgrims visible. Location: Shrikhand Mahadev, himachal pradesh, India (the host destination of the Shrikhand Mahadev Yatra festival — do NOT render the festival itself, only the place at this time of year). Time of day: afternoon shaft-light. Atmosphere: monsoon in the hills — mist drifts through deodar forest, sun shafts breaking cloud, wet stone glistens. Colour palette: saturated emerald + silver mist. Shot type: slow drone pull-back revealing the wider valley. Style: documentary register (BBC/National Geographic feel), naturalistic colour grading, soft contrast, slight film grain. Composition: rule-of-thirds horizon, depth via foreground-midground-distance layering. Reference month: July.","no people, no human figures or silhouettes in foreground, no religious figures, sadhus, priests, monks, no specific religious attire (saffron robes, ceremonial clothing), no ritual objects (deities, idols, palanquins, ceremonial fire close-ups), no temple interiors or sanctum imagery, no signage with readable text, no on-screen graphics or overlays, no synthetic / cartoony rendering, no time-of-day mismatch (respect the requested mood)","https://pub-d8970c901de34c218926ebf4be1ed09a.r2.dev/destinations/shrikhand-mahadev.jpg","16:9","6","shrikhand-mahadev-yatra.mp4","pending"
"C","sirpur-mahotsav-national-dance-and-music-festival","Sirpur Mahotsav (National Dance and Music Festival)","Sirpur","chhattisgarh","February","February 1–3 (aligns with Maghi Purnima)","Cinematic 16:9 establishing shot, 6-8 seconds. Subject: ancient stone amphitheater steps, distant lights, no performers in frame. Location: Sirpur, chhattisgarh, India (the host destination of the Sirpur Mahotsav (National Dance and Music Festival) festival — do NOT render the festival itself, only the place at this time of year). Time of day: early golden hour. Atmosphere: late-winter clarity, crisp light, dry air. Colour palette: warm amber + cold shadow. Shot type: slow drone pull-back revealing the wider valley. Style: documentary register (BBC/National Geographic feel), naturalistic colour grading, soft contrast, slight film grain. Composition: rule-of-thirds horizon, depth via foreground-midground-distance layering. Reference month: February.","no people, no human figures or silhouettes in foreground, no religious figures, sadhus, priests, monks, no specific religious attire (saffron robes, ceremonial clothing), no ritual objects (deities, idols, palanquins, ceremonial fire close-ups), no temple interiors or sanctum imagery, no signage with readable text, no on-screen graphics or overlays, no synthetic / cartoony rendering, no time-of-day mismatch (respect the requested mood)","https://pub-d8970c901de34c218926ebf4be1ed09a.r2.dev/destinations/sirpur.jpg","16:9","6","sirpur-mahotsav-national-dance-and-music-festival.mp4","pending"
"C","skanda-sashti-pazhamudircholai","Skanda Sashti","Pazhamudircholai","tamil nadu","October","October/November (6-day festival)","Cinematic 16:9 establishing shot, 6-8 seconds. Subject: Coromandel coast, granite temple towers (exterior only), dry scrub establishing wide shot — no figures, no signage with text. Location: Pazhamudircholai, tamil nadu, India (the host destination of the Skanda Sashti festival — do NOT render the festival itself, only the place at this time of year). Time of day: evening golden hour. Atmosphere: autumn warmth, returning dust, soft sunset glow. Colour palette: warm gold + violet sky. Shot type: static establishing with subtle water-surface parallax. Style: documentary register (BBC/National Geographic feel), naturalistic colour grading, soft contrast, slight film grain. Composition: rule-of-thirds horizon, depth via foreground-midground-distance layering. Reference month: October.","no people, no human figures or silhouettes in foreground, no religious figures, sadhus, priests, monks, no specific religious attire (saffron robes, ceremonial clothing), no ritual objects (deities, idols, palanquins, ceremonial fire close-ups), no temple interiors or sanctum imagery, no signage with readable text, no on-screen graphics or overlays, no synthetic / cartoony rendering, no time-of-day mismatch (respect the requested mood)","https://pub-d8970c901de34c218926ebf4be1ed09a.r2.dev/destinations/pazhamudircholai.jpg","16:9","6","skanda-sashti-pazhamudircholai.mp4","pending"
"C","skanda-sashti-swamimalai","Skanda Sashti","Swamimalai","tamil nadu","October","October-November (6-day festival, Tamil month Aippasi)","Cinematic 16:9 establishing shot, 6-8 seconds. Subject: Coromandel coast, granite temple towers (exterior only), dry scrub establishing wide shot — no figures, no signage with text. Location: Swamimalai, tamil nadu, India (the host destination of the Skanda Sashti festival — do NOT render the festival itself, only the place at this time of year). Time of day: evening golden hour. Atmosphere: autumn warmth, returning dust, soft sunset glow. Colour palette: warm gold + violet sky. Shot type: static establishing with subtle water-surface parallax. Style: documentary register (BBC/National Geographic feel), naturalistic colour grading, soft contrast, slight film grain. Composition: rule-of-thirds horizon, depth via foreground-midground-distance layering. Reference month: October.","no people, no human figures or silhouettes in foreground, no religious figures, sadhus, priests, monks, no specific religious attire (saffron robes, ceremonial clothing), no ritual objects (deities, idols, palanquins, ceremonial fire close-ups), no temple interiors or sanctum imagery, no signage with readable text, no on-screen graphics or overlays, no synthetic / cartoony rendering, no time-of-day mismatch (respect the requested mood)","https://pub-d8970c901de34c218926ebf4be1ed09a.r2.dev/destinations/swamimalai.jpg","16:9","6","skanda-sashti-swamimalai.mp4","pending"
"C","skanda-sashti-tiruchendur","Skanda Sashti","Tiruchendur","tamil nadu","October","October-November (6-day festival, Tamil month Aippasi)","Cinematic 16:9 establishing shot, 6-8 seconds. Subject: Coromandel coast, granite temple towers (exterior only), dry scrub establishing wide shot — no figures, no signage with text. Location: Tiruchendur, tamil nadu, India (the host destination of the Skanda Sashti festival — do NOT render the festival itself, only the place at this time of year). Time of day: evening golden hour. Atmosphere: autumn warmth, returning dust, soft sunset glow. Colour palette: warm gold + violet sky. Shot type: static establishing with subtle water-surface parallax. Style: documentary register (BBC/National Geographic feel), naturalistic colour grading, soft contrast, slight film grain. Composition: rule-of-thirds horizon, depth via foreground-midground-distance layering. Reference month: October.","no people, no human figures or silhouettes in foreground, no religious figures, sadhus, priests, monks, no specific religious attire (saffron robes, ceremonial clothing), no ritual objects (deities, idols, palanquins, ceremonial fire close-ups), no temple interiors or sanctum imagery, no signage with readable text, no on-screen graphics or overlays, no synthetic / cartoony rendering, no time-of-day mismatch (respect the requested mood)","https://pub-d8970c901de34c218926ebf4be1ed09a.r2.dev/destinations/tiruchendur.jpg","16:9","6","skanda-sashti-tiruchendur.mp4","pending"
"C","skanda-sashti-tiruttani","Skanda Sashti","Tiruttani","tamil nadu","October","October-November (6-day festival, Tamil month Aippasi)","Cinematic 16:9 establishing shot, 6-8 seconds. Subject: Coromandel coast, granite temple towers (exterior only), dry scrub establishing wide shot — no figures, no signage with text. Location: Tiruttani, tamil nadu, India (the host destination of the Skanda Sashti festival — do NOT render the festival itself, only the place at this time of year). Time of day: evening golden hour. Atmosphere: autumn warmth, returning dust, soft sunset glow. Colour palette: warm gold + violet sky. Shot type: static establishing with subtle water-surface parallax. Style: documentary register (BBC/National Geographic feel), naturalistic colour grading, soft contrast, slight film grain. Composition: rule-of-thirds horizon, depth via foreground-midground-distance layering. Reference month: October.","no people, no human figures or silhouettes in foreground, no religious figures, sadhus, priests, monks, no specific religious attire (saffron robes, ceremonial clothing), no ritual objects (deities, idols, palanquins, ceremonial fire close-ups), no temple interiors or sanctum imagery, no signage with readable text, no on-screen graphics or overlays, no synthetic / cartoony rendering, no time-of-day mismatch (respect the requested mood)","https://pub-d8970c901de34c218926ebf4be1ed09a.r2.dev/destinations/tiruttani.jpg","16:9","6","skanda-sashti-tiruttani.mp4","pending"
"C","solung-festival-aalo","Solung Festival","Aalo","arunachal pradesh","September","First week of September","Cinematic 16:9 establishing shot, 6-8 seconds. Subject: deep cloud forest, mist-shrouded valleys, river gorges establishing wide shot — no figures, no signage with text. Location: Aalo, arunachal pradesh, India (the host destination of the Solung Festival festival — do NOT render the festival itself, only the place at this time of year). Time of day: afternoon clearing. Atmosphere: post-monsoon — lush green, crisp clarity, distant cumulus. Colour palette: vibrant greens + cobalt sky. Shot type: static establishing with subtle water-surface parallax. Style: documentary register (BBC/National Geographic feel), naturalistic colour grading, soft contrast, slight film grain. Composition: rule-of-thirds horizon, depth via foreground-midground-distance layering. Reference month: September.","no people, no human figures or silhouettes in foreground, no religious figures, sadhus, priests, monks, no specific religious attire (saffron robes, ceremonial clothing), no ritual objects (deities, idols, palanquins, ceremonial fire close-ups), no temple interiors or sanctum imagery, no signage with readable text, no on-screen graphics or overlays, no synthetic / cartoony rendering, no time-of-day mismatch (respect the requested mood)","https://pub-d8970c901de34c218926ebf4be1ed09a.r2.dev/destinations/aalo.jpg","16:9","6","solung-festival-aalo.mp4","pending"
"C","solung-festival-pasighat","Solung Festival","Pasighat","arunachal pradesh","September","September 1–3","Cinematic 16:9 establishing shot, 6-8 seconds. Subject: deep cloud forest, mist-shrouded valleys, river gorges establishing wide shot — no figures, no signage with text. Location: Pasighat, arunachal pradesh, India (the host destination of the Solung Festival festival — do NOT render the festival itself, only the place at this time of year). Time of day: afternoon clearing. Atmosphere: post-monsoon — lush green, crisp clarity, distant cumulus. Colour palette: vibrant greens + cobalt sky. Shot type: static establishing with subtle water-surface parallax. Style: documentary register (BBC/National Geographic feel), naturalistic colour grading, soft contrast, slight film grain. Composition: rule-of-thirds horizon, depth via foreground-midground-distance layering. Reference month: September.","no people, no human figures or silhouettes in foreground, no religious figures, sadhus, priests, monks, no specific religious attire (saffron robes, ceremonial clothing), no ritual objects (deities, idols, palanquins, ceremonial fire close-ups), no temple interiors or sanctum imagery, no signage with readable text, no on-screen graphics or overlays, no synthetic / cartoony rendering, no time-of-day mismatch (respect the requested mood)","https://pub-d8970c901de34c218926ebf4be1ed09a.r2.dev/destinations/pasighat.jpg","16:9","6","solung-festival-pasighat.mp4","pending"
"C","srivari-brahmotsavam-tirumala","Srivari Brahmotsavam","Tirumala","andhra pradesh","September","September–October (9 days, Aasveeyujamu month; 2024: Oct 3–12)","Cinematic 16:9 establishing shot, 6-8 seconds. Subject: Deccan plateau, granite outcrops, dry scrub establishing wide shot — no figures, no signage with text. Location: Tirumala, andhra pradesh, India (the host destination of the Srivari Brahmotsavam festival — do NOT render the festival itself, only the place at this time of year). Time of day: afternoon clearing. Atmosphere: post-monsoon — lush green, crisp clarity, distant cumulus. Colour palette: vibrant greens + cobalt sky. Shot type: static establishing with subtle parallax. Style: documentary register (BBC/National Geographic feel), naturalistic colour grading, soft contrast, slight film grain. Composition: rule-of-thirds horizon, depth via foreground-midground-distance layering. Reference month: September.","no people, no human figures or silhouettes in foreground, no religious figures, sadhus, priests, monks, no specific religious attire (saffron robes, ceremonial clothing), no ritual objects (deities, idols, palanquins, ceremonial fire close-ups), no temple interiors or sanctum imagery, no signage with readable text, no on-screen graphics or overlays, no synthetic / cartoony rendering, no time-of-day mismatch (respect the requested mood)","https://pub-d8970c901de34c218926ebf4be1ed09a.r2.dev/destinations/tirumala.jpg","16:9","6","srivari-brahmotsavam-tirumala.mp4","pending"
"C","srivari-brahmotsavam-tirupati","Srivari Brahmotsavam","Tirupati","andhra pradesh","October","Early October (9 days)","Cinematic 16:9 establishing shot, 6-8 seconds. Subject: Deccan plateau, granite outcrops, dry scrub establishing wide shot — no figures, no signage with text. Location: Tirupati, andhra pradesh, India (the host destination of the Srivari Brahmotsavam festival — do NOT render the festival itself, only the place at this time of year). Time of day: evening golden hour. Atmosphere: autumn warmth, returning dust, soft sunset glow. Colour palette: warm gold + violet sky. Shot type: static establishing with subtle parallax. Style: documentary register (BBC/National Geographic feel), naturalistic colour grading, soft contrast, slight film grain. Composition: rule-of-thirds horizon, depth via foreground-midground-distance layering. Reference month: October.","no people, no human figures or silhouettes in foreground, no religious figures, sadhus, priests, monks, no specific religious attire (saffron robes, ceremonial clothing), no ritual objects (deities, idols, palanquins, ceremonial fire close-ups), no temple interiors or sanctum imagery, no signage with readable text, no on-screen graphics or overlays, no synthetic / cartoony rendering, no time-of-day mismatch (respect the requested mood)","https://pub-d8970c901de34c218926ebf4be1ed09a.r2.dev/destinations/tirupati.jpg","16:9","6","srivari-brahmotsavam-tirupati.mp4","pending"
"C","summer-festival-shimla","Summer Festival","Shimla","himachal pradesh","May","Late May / June (5 days)","Cinematic 16:9 establishing shot, 6-8 seconds. Subject: Himalayan ridges, deodar slopes, prayer-flag-empty (no flags) ridgelines establishing wide shot — no figures, no signage with text. Location: Shimla, himachal pradesh, India (the host destination of the Summer Festival festival — do NOT render the festival itself, only the place at this time of year). Time of day: early morning. Atmosphere: alpine spring — clear cold air, snow-melt streams, distant high-altitude peaks. Colour palette: snow-white + emerald + cobalt sky. Shot type: slow drone pull-back revealing the wider valley. Style: documentary register (BBC/National Geographic feel), naturalistic colour grading, soft contrast, slight film grain. Composition: rule-of-thirds horizon, depth via foreground-midground-distance layering. Reference month: May.","no people, no human figures or silhouettes in foreground, no religious figures, sadhus, priests, monks, no specific religious attire (saffron robes, ceremonial clothing), no ritual objects (deities, idols, palanquins, ceremonial fire close-ups), no temple interiors or sanctum imagery, no signage with readable text, no on-screen graphics or overlays, no synthetic / cartoony rendering, no time-of-day mismatch (respect the requested mood)","https://pub-d8970c901de34c218926ebf4be1ed09a.r2.dev/destinations/shimla.jpg","16:9","6","summer-festival-shimla.mp4","pending"
"C","summer-festival-yercaud","Summer Festival","Yercaud","tamil nadu","May","May (7-day festival)","Cinematic 16:9 establishing shot, 6-8 seconds. Subject: Coromandel coast, granite temple towers (exterior only), dry scrub establishing wide shot — no figures, no signage with text. Location: Yercaud, tamil nadu, India (the host destination of the Summer Festival festival — do NOT render the festival itself, only the place at this time of year). Time of day: early morning. Atmosphere: alpine spring — clear cold air, snow-melt streams, distant high-altitude peaks. Colour palette: snow-white + emerald + cobalt sky. Shot type: static establishing with subtle water-surface parallax. Style: documentary register (BBC/National Geographic feel), naturalistic colour grading, soft contrast, slight film grain. Composition: rule-of-thirds horizon, depth via foreground-midground-distance layering. Reference month: May.","no people, no human figures or silhouettes in foreground, no religious figures, sadhus, priests, monks, no specific religious attire (saffron robes, ceremonial clothing), no ritual objects (deities, idols, palanquins, ceremonial fire close-ups), no temple interiors or sanctum imagery, no signage with readable text, no on-screen graphics or overlays, no synthetic / cartoony rendering, no time-of-day mismatch (respect the requested mood)","https://pub-d8970c901de34c218926ebf4be1ed09a.r2.dev/destinations/yercaud.jpg","16:9","6","summer-festival-yercaud.mp4","pending"
"C","tansen-samaroh","Tansen Samaroh","Gwalior","madhya pradesh","December","December (typically mid-December, 4-day event)","Cinematic 16:9 establishing shot, 6-8 seconds. Subject: Vindhya plateau, sandstone outcrops, sal forest establishing wide shot — no figures, no signage with text. Location: Gwalior, madhya pradesh, India (the host destination of the Tansen Samaroh festival — do NOT render the festival itself, only the place at this time of year). Time of day: blue hour + lantern light. Atmosphere: deep winter — frost, low mist, blue hour dominance. Colour palette: deep blue + amber pinpoints. Shot type: slow drone pull-back revealing the wider valley. Style: documentary register (BBC/National Geographic feel), naturalistic colour grading, soft contrast, slight film grain. Composition: rule-of-thirds horizon, depth via foreground-midground-distance layering. Reference month: December.","no people, no human figures or silhouettes in foreground, no religious figures, sadhus, priests, monks, no specific religious attire (saffron robes, ceremonial clothing), no ritual objects (deities, idols, palanquins, ceremonial fire close-ups), no temple interiors or sanctum imagery, no signage with readable text, no on-screen graphics or overlays, no synthetic / cartoony rendering, no time-of-day mismatch (respect the requested mood)","https://pub-d8970c901de34c218926ebf4be1ed09a.r2.dev/destinations/gwalior.jpg","16:9","6","tansen-samaroh.mp4","pending"
"C","tendong-lho-rum-faat","Tendong Lho Rum Faat","Namchi","sikkim","August","August (3rd month of Tibetan lunar calendar; typically early August)","Cinematic 16:9 establishing shot, 6-8 seconds. Subject: cloud forests, terraced ridges, Kanchenjunga distant peaks establishing wide shot — no figures, no signage with text. Location: Namchi, sikkim, India (the host destination of the Tendong Lho Rum Faat festival — do NOT render the festival itself, only the place at this time of year). Time of day: afternoon shaft-light. Atmosphere: monsoon in the hills — mist drifts through deodar forest, sun shafts breaking cloud, wet stone glistens. Colour palette: saturated emerald + silver mist. Shot type: slow drone pull-back revealing the wider valley. Style: documentary register (BBC/National Geographic feel), naturalistic colour grading, soft contrast, slight film grain. Composition: rule-of-thirds horizon, depth via foreground-midground-distance layering. Reference month: August.","no people, no human figures or silhouettes in foreground, no religious figures, sadhus, priests, monks, no specific religious attire (saffron robes, ceremonial clothing), no ritual objects (deities, idols, palanquins, ceremonial fire close-ups), no temple interiors or sanctum imagery, no signage with readable text, no on-screen graphics or overlays, no synthetic / cartoony rendering, no time-of-day mismatch (respect the requested mood)","https://pub-d8970c901de34c218926ebf4be1ed09a.r2.dev/destinations/namchi.jpg","16:9","6","tendong-lho-rum-faat.mp4","pending"
"C","thaipusam-palani","Thaipusam","Palani","tamil nadu","January","January/February (Tamil month Thai)","Cinematic 16:9 establishing shot, 6-8 seconds. Subject: Coromandel coast, granite temple towers (exterior only), dry scrub establishing wide shot — no figures, no signage with text. Location: Palani, tamil nadu, India (the host destination of the Thaipusam festival — do NOT render the festival itself, only the place at this time of year). Time of day: blue hour pre-dawn. Atmosphere: winter clarity, low-angle sun, mist on rivers and lakes. Colour palette: cool blue + warm tungsten contrast. Shot type: static establishing with subtle water-surface parallax. Style: documentary register (BBC/National Geographic feel), naturalistic colour grading, soft contrast, slight film grain. Composition: rule-of-thirds horizon, depth via foreground-midground-distance layering. Reference month: January.","no people, no human figures or silhouettes in foreground, no religious figures, sadhus, priests, monks, no specific religious attire (saffron robes, ceremonial clothing), no ritual objects (deities, idols, palanquins, ceremonial fire close-ups), no temple interiors or sanctum imagery, no signage with readable text, no on-screen graphics or overlays, no synthetic / cartoony rendering, no time-of-day mismatch (respect the requested mood)","https://pub-d8970c901de34c218926ebf4be1ed09a.r2.dev/destinations/palani.jpg","16:9","6","thaipusam-palani.mp4","pending"
"C","thaipusam-swamimalai","Thaipusam","Swamimalai","tamil nadu","January","January (Tamil month Thai)","Cinematic 16:9 establishing shot, 6-8 seconds. Subject: Coromandel coast, granite temple towers (exterior only), dry scrub establishing wide shot — no figures, no signage with text. Location: Swamimalai, tamil nadu, India (the host destination of the Thaipusam festival — do NOT render the festival itself, only the place at this time of year). Time of day: blue hour pre-dawn. Atmosphere: winter clarity, low-angle sun, mist on rivers and lakes. Colour palette: cool blue + warm tungsten contrast. Shot type: static establishing with subtle water-surface parallax. Style: documentary register (BBC/National Geographic feel), naturalistic colour grading, soft contrast, slight film grain. Composition: rule-of-thirds horizon, depth via foreground-midground-distance layering. Reference month: January.","no people, no human figures or silhouettes in foreground, no religious figures, sadhus, priests, monks, no specific religious attire (saffron robes, ceremonial clothing), no ritual objects (deities, idols, palanquins, ceremonial fire close-ups), no temple interiors or sanctum imagery, no signage with readable text, no on-screen graphics or overlays, no synthetic / cartoony rendering, no time-of-day mismatch (respect the requested mood)","https://pub-d8970c901de34c218926ebf4be1ed09a.r2.dev/destinations/swamimalai.jpg","16:9","6","thaipusam-swamimalai.mp4","pending"
"C","thaipusam-tiruttani","Thaipusam","Tiruttani","tamil nadu","January","January (Tamil month Thai)","Cinematic 16:9 establishing shot, 6-8 seconds. Subject: Coromandel coast, granite temple towers (exterior only), dry scrub establishing wide shot — no figures, no signage with text. Location: Tiruttani, tamil nadu, India (the host destination of the Thaipusam festival — do NOT render the festival itself, only the place at this time of year). Time of day: blue hour pre-dawn. Atmosphere: winter clarity, low-angle sun, mist on rivers and lakes. Colour palette: cool blue + warm tungsten contrast. Shot type: static establishing with subtle water-surface parallax. Style: documentary register (BBC/National Geographic feel), naturalistic colour grading, soft contrast, slight film grain. Composition: rule-of-thirds horizon, depth via foreground-midground-distance layering. Reference month: January.","no people, no human figures or silhouettes in foreground, no religious figures, sadhus, priests, monks, no specific religious attire (saffron robes, ceremonial clothing), no ritual objects (deities, idols, palanquins, ceremonial fire close-ups), no temple interiors or sanctum imagery, no signage with readable text, no on-screen graphics or overlays, no synthetic / cartoony rendering, no time-of-day mismatch (respect the requested mood)","https://pub-d8970c901de34c218926ebf4be1ed09a.r2.dev/destinations/tiruttani.jpg","16:9","6","thaipusam-tiruttani.mp4","pending"
"C","thangal-para-uroos-sufi-pilgrimage-festival","Thangal Para Uroos (Sufi Pilgrimage Festival)","Vagamon","kerala","April","Late April","Cinematic 16:9 establishing shot, 6-8 seconds. Subject: long mountain road or trail receding into distance, no pilgrims visible. Location: Vagamon, kerala, India (the host destination of the Thangal Para Uroos (Sufi Pilgrimage Festival) festival — do NOT render the festival itself, only the place at this time of year). Time of day: evening golden hour. Atmosphere: pre-monsoon heat, light softening at dusk, dramatic cloud build-up. Colour palette: saturated warm orange. Shot type: static establishing with subtle water-surface parallax. Style: documentary register (BBC/National Geographic feel), naturalistic colour grading, soft contrast, slight film grain. Composition: rule-of-thirds horizon, depth via foreground-midground-distance layering. Reference month: April.","no people, no human figures or silhouettes in foreground, no religious figures, sadhus, priests, monks, no specific religious attire (saffron robes, ceremonial clothing), no ritual objects (deities, idols, palanquins, ceremonial fire close-ups), no temple interiors or sanctum imagery, no signage with readable text, no on-screen graphics or overlays, no synthetic / cartoony rendering, no time-of-day mismatch (respect the requested mood)","https://pub-d8970c901de34c218926ebf4be1ed09a.r2.dev/destinations/vagamon.jpg","16:9","6","thangal-para-uroos-sufi-pilgrimage-festival.mp4","pending"
"C","tskhenye-festival","Tsükhenye Festival","Pfutsero","nagaland","April","May","Cinematic 16:9 establishing shot, 6-8 seconds. Subject: hill villages on ridges, terraced fields, fog drifts establishing wide shot — no figures, no signage with text. Location: Pfutsero, nagaland, India (the host destination of the Tsükhenye Festival festival — do NOT render the festival itself, only the place at this time of year). Time of day: early morning. Atmosphere: alpine spring — clear cold air, snow-melt streams, distant high-altitude peaks. Colour palette: snow-white + emerald + cobalt sky. Shot type: slow drone pull-back revealing the wider valley. Style: documentary register (BBC/National Geographic feel), naturalistic colour grading, soft contrast, slight film grain. Composition: rule-of-thirds horizon, depth via foreground-midground-distance layering. Reference month: April.","no people, no human figures or silhouettes in foreground, no religious figures, sadhus, priests, monks, no specific religious attire (saffron robes, ceremonial clothing), no ritual objects (deities, idols, palanquins, ceremonial fire close-ups), no temple interiors or sanctum imagery, no signage with readable text, no on-screen graphics or overlays, no synthetic / cartoony rendering, no time-of-day mismatch (respect the requested mood)","https://pub-d8970c901de34c218926ebf4be1ed09a.r2.dev/destinations/pfutsero.jpg","16:9","6","tskhenye-festival.mp4","pending"
"C","uttarardh-mahotsav-modhera-dance-festival","Uttarardh Mahotsav (Modhera Dance Festival)","Modhera Sun Temple","gujarat","January","January (3rd week, typically Jan 17-19)","Cinematic 16:9 establishing shot, 6-8 seconds. Subject: ancient stone amphitheater steps, distant lights, no performers in frame. Location: Modhera Sun Temple, gujarat, India (the host destination of the Uttarardh Mahotsav (Modhera Dance Festival) festival — do NOT render the festival itself, only the place at this time of year). Time of day: blue hour pre-dawn. Atmosphere: winter clarity, low-angle sun, mist on rivers and lakes. Colour palette: cool blue + warm tungsten contrast. Shot type: slow drone push-in along the horizon line. Style: documentary register (BBC/National Geographic feel), naturalistic colour grading, soft contrast, slight film grain. Composition: rule-of-thirds horizon, depth via foreground-midground-distance layering. Reference month: January.","no people, no human figures or silhouettes in foreground, no religious figures, sadhus, priests, monks, no specific religious attire (saffron robes, ceremonial clothing), no ritual objects (deities, idols, palanquins, ceremonial fire close-ups), no temple interiors or sanctum imagery, no signage with readable text, no on-screen graphics or overlays, no synthetic / cartoony rendering, no time-of-day mismatch (respect the requested mood)","https://pub-d8970c901de34c218926ebf4be1ed09a.r2.dev/destinations/modhera.jpg","16:9","6","uttarardh-mahotsav-modhera-dance-festival.mp4","pending"
"C","vaikasi-brahmotsavam-garuda-sevai","Vaikasi Brahmotsavam (Garuda Sevai)","Kanchipuram","tamil nadu","May","May (Vaikasi month, typically mid-to-late May)","Cinematic 16:9 establishing shot, 6-8 seconds. Subject: Coromandel coast, granite temple towers (exterior only), dry scrub establishing wide shot — no figures, no signage with text. Location: Kanchipuram, tamil nadu, India (the host destination of the Vaikasi Brahmotsavam (Garuda Sevai) festival — do NOT render the festival itself, only the place at this time of year). Time of day: post-sunset twilight. Atmosphere: summer haze, heat shimmer over dry ground, warm tungsten dusk. Colour palette: burnt orange + deep blue. Shot type: static establishing with subtle water-surface parallax. Style: documentary register (BBC/National Geographic feel), naturalistic colour grading, soft contrast, slight film grain. Composition: rule-of-thirds horizon, depth via foreground-midground-distance layering. Reference month: May.","no people, no human figures or silhouettes in foreground, no religious figures, sadhus, priests, monks, no specific religious attire (saffron robes, ceremonial clothing), no ritual objects (deities, idols, palanquins, ceremonial fire close-ups), no temple interiors or sanctum imagery, no signage with readable text, no on-screen graphics or overlays, no synthetic / cartoony rendering, no time-of-day mismatch (respect the requested mood)","https://pub-d8970c901de34c218926ebf4be1ed09a.r2.dev/destinations/kanchipuram.jpg","16:9","6","vaikasi-brahmotsavam-garuda-sevai.mp4","pending"
"C","vaikasi-vishakham-brahmotsavam","Vaikasi Vishakham / Brahmotsavam","Tiruparankundram","tamil nadu","May","May-June (14-day festival, Tamil month Vaikasi)","Cinematic 16:9 establishing shot, 6-8 seconds. Subject: Coromandel coast, granite temple towers (exterior only), dry scrub establishing wide shot — no figures, no signage with text. Location: Tiruparankundram, tamil nadu, India (the host destination of the Vaikasi Vishakham / Brahmotsavam festival — do NOT render the festival itself, only the place at this time of year). Time of day: post-sunset twilight. Atmosphere: summer haze, heat shimmer over dry ground, warm tungsten dusk. Colour palette: burnt orange + deep blue. Shot type: static establishing with subtle water-surface parallax. Style: documentary register (BBC/National Geographic feel), naturalistic colour grading, soft contrast, slight film grain. Composition: rule-of-thirds horizon, depth via foreground-midground-distance layering. Reference month: May.","no people, no human figures or silhouettes in foreground, no religious figures, sadhus, priests, monks, no specific religious attire (saffron robes, ceremonial clothing), no ritual objects (deities, idols, palanquins, ceremonial fire close-ups), no temple interiors or sanctum imagery, no signage with readable text, no on-screen graphics or overlays, no synthetic / cartoony rendering, no time-of-day mismatch (respect the requested mood)","https://pub-d8970c901de34c218926ebf4be1ed09a.r2.dev/destinations/tiruparankundram.jpg","16:9","6","vaikasi-vishakham-brahmotsavam.mp4","pending"
"C","vaikunta-ekadasi","Vaikunta Ekadasi","Trichy (Tiruchirappalli)","tamil nadu","December","December-January (21-day festival)","Cinematic 16:9 establishing shot, 6-8 seconds. Subject: Coromandel coast, granite temple towers (exterior only), dry scrub establishing wide shot — no figures, no signage with text. Location: Trichy (Tiruchirappalli), tamil nadu, India (the host destination of the Vaikunta Ekadasi festival — do NOT render the festival itself, only the place at this time of year). Time of day: blue hour + lantern light. Atmosphere: deep winter — frost, low mist, blue hour dominance. Colour palette: deep blue + amber pinpoints. Shot type: static establishing with subtle water-surface parallax. Style: documentary register (BBC/National Geographic feel), naturalistic colour grading, soft contrast, slight film grain. Composition: rule-of-thirds horizon, depth via foreground-midground-distance layering. Reference month: December.","no people, no human figures or silhouettes in foreground, no religious figures, sadhus, priests, monks, no specific religious attire (saffron robes, ceremonial clothing), no ritual objects (deities, idols, palanquins, ceremonial fire close-ups), no temple interiors or sanctum imagery, no signage with readable text, no on-screen graphics or overlays, no synthetic / cartoony rendering, no time-of-day mismatch (respect the requested mood)","https://pub-d8970c901de34c218926ebf4be1ed09a.r2.dev/destinations/trichy.jpg","16:9","6","vaikunta-ekadasi.mp4","pending"
"C","vaishali-mahotsav","Vaishali Mahotsav","Vaishali","bihar","March","March-April (Chaithra Purnima, Mahavir Jayanti)","Cinematic 16:9 establishing shot, 6-8 seconds. Subject: Ganges plains, ancient mound sites, river-mist mornings establishing wide shot — no figures, no signage with text. Location: Vaishali, bihar, India (the host destination of the Vaishali Mahotsav festival — do NOT render the festival itself, only the place at this time of year). Time of day: afternoon to dusk. Atmosphere: pre-summer warmth, dust in the air, soft hazy light. Colour palette: warm earth tones, ochre. Shot type: static establishing with subtle water-surface parallax. Style: documentary register (BBC/National Geographic feel), naturalistic colour grading, soft contrast, slight film grain. Composition: rule-of-thirds horizon, depth via foreground-midground-distance layering. Reference month: March.","no people, no human figures or silhouettes in foreground, no religious figures, sadhus, priests, monks, no specific religious attire (saffron robes, ceremonial clothing), no ritual objects (deities, idols, palanquins, ceremonial fire close-ups), no temple interiors or sanctum imagery, no signage with readable text, no on-screen graphics or overlays, no synthetic / cartoony rendering, no time-of-day mismatch (respect the requested mood)","https://pub-d8970c901de34c218926ebf4be1ed09a.r2.dev/destinations/vaishali.jpg","16:9","6","vaishali-mahotsav.mp4","pending"
"C","vel-vel-festival","Vel Vel Festival","Moreh","manipur","","Annual, month varies","Cinematic 16:9 establishing shot, 6-8 seconds. Subject: Loktak floating phumdis, valley mist, distant ridges establishing wide shot — no figures, no signage with text. Location: Moreh, manipur, India (the host destination of the Vel Vel Festival festival — do NOT render the festival itself, only the place at this time of year). Time of day: overcast midday. Atmosphere: early monsoon — cumulus clouds, intermittent rain breaks, fresh greens. Colour palette: cool grey-green + saturated blue. Shot type: slow drone pull-back revealing the wider valley. Style: documentary register (BBC/National Geographic feel), naturalistic colour grading, soft contrast, slight film grain. Composition: rule-of-thirds horizon, depth via foreground-midground-distance layering. Reference month: .","no people, no human figures or silhouettes in foreground, no religious figures, sadhus, priests, monks, no specific religious attire (saffron robes, ceremonial clothing), no ritual objects (deities, idols, palanquins, ceremonial fire close-ups), no temple interiors or sanctum imagery, no signage with readable text, no on-screen graphics or overlays, no synthetic / cartoony rendering, no time-of-day mismatch (respect the requested mood)","https://pub-d8970c901de34c218926ebf4be1ed09a.r2.dev/destinations/moreh.jpg","16:9","6","vel-vel-festival.mp4","pending"
"C","vijayadashami-sai-baba-punyatithi","Vijayadashami (Sai Baba Punyatithi)","Shirdi","maharashtra","October","","Cinematic 16:9 establishing shot, 6-8 seconds. Subject: Western Ghats plateau, fort silhouettes, monsoon waterfalls establishing wide shot — no figures, no signage with text. Location: Shirdi, maharashtra, India (the host destination of the Vijayadashami (Sai Baba Punyatithi) festival — do NOT render the festival itself, only the place at this time of year). Time of day: evening golden hour. Atmosphere: autumn warmth, returning dust, soft sunset glow. Colour palette: warm gold + violet sky. Shot type: static establishing, slight push-in, no figures in frame. Style: documentary register (BBC/National Geographic feel), naturalistic colour grading, soft contrast, slight film grain. Composition: rule-of-thirds horizon, depth via foreground-midground-distance layering. Reference month: October.","no people, no human figures or silhouettes in foreground, no religious figures, sadhus, priests, monks, no specific religious attire (saffron robes, ceremonial clothing), no ritual objects (deities, idols, palanquins, ceremonial fire close-ups), no temple interiors or sanctum imagery, no signage with readable text, no on-screen graphics or overlays, no synthetic / cartoony rendering, no time-of-day mismatch (respect the requested mood)","https://pub-d8970c901de34c218926ebf4be1ed09a.r2.dev/destinations/shirdi.jpg","16:9","6","vijayadashami-sai-baba-punyatithi.mp4","pending"
"C","water-festival-rani-ki-vav","Water Festival - Rani ki Vav","Rani ki Vav (Patan)","gujarat","December","December","Cinematic 16:9 establishing shot, 6-8 seconds. Subject: salt flats, Arabian Sea coast, white limestone establishing wide shot — no figures, no signage with text. Location: Rani ki Vav (Patan), gujarat, India (the host destination of the Water Festival - Rani ki Vav festival — do NOT render the festival itself, only the place at this time of year). Time of day: blue hour + lantern light. Atmosphere: deep winter — frost, low mist, blue hour dominance. Colour palette: deep blue + amber pinpoints. Shot type: slow drone push-in along the horizon line. Style: documentary register (BBC/National Geographic feel), naturalistic colour grading, soft contrast, slight film grain. Composition: rule-of-thirds horizon, depth via foreground-midground-distance layering. Reference month: December.","no people, no human figures or silhouettes in foreground, no religious figures, sadhus, priests, monks, no specific religious attire (saffron robes, ceremonial clothing), no ritual objects (deities, idols, palanquins, ceremonial fire close-ups), no temple interiors or sanctum imagery, no signage with readable text, no on-screen graphics or overlays, no synthetic / cartoony rendering, no time-of-day mismatch (respect the requested mood)","https://pub-d8970c901de34c218926ebf4be1ed09a.r2.dev/destinations/rani-ki-vav.jpg","16:9","6","water-festival-rani-ki-vav.mp4","pending"
