priority_tier,festival_id,festival_slug,festival_name,destination_id,destination_name,state,month_num,month_name,approximate_date,terrain_anchor,subject,shot_type,time_of_day,atmosphere,palette,full_prompt,negative_prompt,reference_image_url,destination_video_url,page_url_en,page_url_hi,duration_seconds,aspect_ratio,notes
C,c6e005c1-5224-4845-83e2-574b9d097275,dev-deepawali,Dev Deepawali,varanasi,Varanasi,uttar pradesh,11,November,Nov full moon (15 days after Diwali),"Ganga ghats from across the river, stone-and-water composition, no figures, low mist","architecture exterior with distant warm pinpoint lights, no figures",static establishing with subtle water-surface parallax,early morning,"early winter — crystalline cold light, cool blue mornings",icy cyan + warm low sun,"Cinematic 16:9 establishing shot, 6-8 seconds. Subject: architecture exterior with distant warm pinpoint lights, no figures. Location: Varanasi, uttar pradesh, India (the host destination of the Dev Deepawali festival — do NOT render the festival itself, only the place at this time of year). Time of day: early morning. Atmosphere: early winter — crystalline cold light, cool blue mornings. Colour palette: icy cyan + warm low sun. Shot type: static establishing with subtle water-surface parallax. Style: documentary register (BBC/National Geographic feel), naturalistic colour grading, soft contrast, slight film grain. Composition: rule-of-thirds horizon, depth via foreground-midground-distance layering. Reference month: November.","no people, no human figures or silhouettes in foreground, no religious figures, sadhus, priests, monks, no specific religious attire (saffron robes, ceremonial clothing), no ritual objects (deities, idols, palanquins, ceremonial fire close-ups), no temple interiors or sanctum imagery, no signage with readable text, no on-screen graphics or overlays, no synthetic / cartoony rendering, no time-of-day mismatch (respect the requested mood)",https://pub-d8970c901de34c218926ebf4be1ed09a.r2.dev/destinations/varanasi.jpg,https://pub-bcda9bac2f63408880ee3f23aa3548e5.r2.dev/varanasi.mp4,https://www.nakshiq.com/en/festivals/dev-deepawali,https://www.nakshiq.com/hi/festivals/dev-deepawali,6,16:9,
A,446427d6-512c-4bab-a280-8aa0f66f0931,maha-shivaratri-varanasi,Maha Shivaratri,varanasi,Varanasi,uttar pradesh,3,March,Late Feb / Early March,"Ganga ghats from across the river, stone-and-water composition, no figures, low mist","Ganga ghats from across the river, stone-and-water composition, no figures, low mist establishing wide shot — no figures, no signage with text",static establishing with subtle water-surface parallax,afternoon to dusk,"pre-summer warmth, dust in the air, soft hazy light","warm earth tones, ochre","Cinematic 16:9 establishing shot, 6-8 seconds. Subject: Ganga ghats from across the river, stone-and-water composition, no figures, low mist establishing wide shot — no figures, no signage with text. Location: Varanasi, uttar pradesh, India (the host destination of the Maha Shivaratri festival — do NOT render the festival itself, only the place at this time of year). Time of day: afternoon to dusk. Atmosphere: pre-summer warmth, dust in the air, soft hazy light. Colour palette: warm earth tones, ochre. Shot type: static establishing with subtle water-surface parallax. Style: documentary register (BBC/National Geographic feel), naturalistic colour grading, soft contrast, slight film grain. Composition: rule-of-thirds horizon, depth via foreground-midground-distance layering. Reference month: March.","no people, no human figures or silhouettes in foreground, no religious figures, sadhus, priests, monks, no specific religious attire (saffron robes, ceremonial clothing), no ritual objects (deities, idols, palanquins, ceremonial fire close-ups), no temple interiors or sanctum imagery, no signage with readable text, no on-screen graphics or overlays, no synthetic / cartoony rendering, no time-of-day mismatch (respect the requested mood)",https://pub-d8970c901de34c218926ebf4be1ed09a.r2.dev/destinations/varanasi.jpg,https://pub-bcda9bac2f63408880ee3f23aa3548e5.r2.dev/varanasi.mp4,https://www.nakshiq.com/en/festivals/maha-shivaratri-varanasi,https://www.nakshiq.com/hi/festivals/maha-shivaratri-varanasi,6,16:9,
A,786c5c09-ebee-4633-a06c-2db00849957f,pushkar-camel-fair,Pushkar Camel Fair,pushkar,Pushkar,rajasthan,11,November,Late Oct / Nov (5 days around Kartik Purnima),"Thar desert dunes, fort silhouettes, ochre stone","Thar desert dunes, distant camel silhouettes against the horizon (no riders, no closeup)",slow drone push-in along the horizon line,early morning,"early winter — crystalline cold light, cool blue mornings",icy cyan + warm low sun,"Cinematic 16:9 establishing shot, 6-8 seconds. Subject: Thar desert dunes, distant camel silhouettes against the horizon (no riders, no closeup). Location: Pushkar, rajasthan, India (the host destination of the Pushkar Camel Fair festival — do NOT render the festival itself, only the place at this time of year). Time of day: early morning. Atmosphere: early winter — crystalline cold light, cool blue mornings. Colour palette: icy cyan + warm low sun. Shot type: slow drone push-in along the horizon line. Style: documentary register (BBC/National Geographic feel), naturalistic colour grading, soft contrast, slight film grain. Composition: rule-of-thirds horizon, depth via foreground-midground-distance layering. Reference month: November.","no people, no human figures or silhouettes in foreground, no religious figures, sadhus, priests, monks, no specific religious attire (saffron robes, ceremonial clothing), no ritual objects (deities, idols, palanquins, ceremonial fire close-ups), no temple interiors or sanctum imagery, no signage with readable text, no on-screen graphics or overlays, no synthetic / cartoony rendering, no time-of-day mismatch (respect the requested mood)",https://pub-d8970c901de34c218926ebf4be1ed09a.r2.dev/destinations/pushkar.jpg,https://pub-bcda9bac2f63408880ee3f23aa3548e5.r2.dev/pushkar.mp4,https://www.nakshiq.com/en/festivals/pushkar-camel-fair,https://www.nakshiq.com/hi/festivals/pushkar-camel-fair,6,16:9,
C,4e9ca43b-3af6-40a8-9cf3-a757f12e4731,desert-festival,Desert Festival,jaisalmer,Jaisalmer,rajasthan,2,February,February (3 days),"Thar desert dunes, fort silhouettes, ochre stone","salt flats or dunes, geometric horizon line, no figures",slow drone push-in along the horizon line,early golden hour,"late-winter clarity, crisp light, dry air",warm amber + cold shadow,"Cinematic 16:9 establishing shot, 6-8 seconds. Subject: salt flats or dunes, geometric horizon line, no figures. Location: Jaisalmer, rajasthan, India (the host destination of the Desert Festival festival — do NOT render the festival itself, only the place at this time of year). Time of day: early golden hour. Atmosphere: late-winter clarity, crisp light, dry air. Colour palette: warm amber + cold shadow. Shot type: slow drone push-in along the horizon line. Style: documentary register (BBC/National Geographic feel), naturalistic colour grading, soft contrast, slight film grain. Composition: rule-of-thirds horizon, depth via foreground-midground-distance layering. Reference month: February.","no people, no human figures or silhouettes in foreground, no religious figures, sadhus, priests, monks, no specific religious attire (saffron robes, ceremonial clothing), no ritual objects (deities, idols, palanquins, ceremonial fire close-ups), no temple interiors or sanctum imagery, no signage with readable text, no on-screen graphics or overlays, no synthetic / cartoony rendering, no time-of-day mismatch (respect the requested mood)",https://pub-d8970c901de34c218926ebf4be1ed09a.r2.dev/destinations/jaisalmer.jpg,https://pub-bcda9bac2f63408880ee3f23aa3548e5.r2.dev/jaisalmer.mp4,https://www.nakshiq.com/en/festivals/desert-festival,https://www.nakshiq.com/hi/festivals/desert-festival,6,16:9,
C,42d12dbd-a18c-41b4-b54e-1a34dcca1590,mewar-festival,Mewar Festival,udaipur,Udaipur,rajasthan,3,March,March / April (coincides with Gangaur),"Lake Pichola at first light, palace silhouettes, no boats or figures","Lake Pichola at first light, palace silhouettes, no boats or figures establishing wide shot — no figures, no signage with text",static establishing with subtle water-surface parallax,afternoon to dusk,"pre-summer warmth, dust in the air, soft hazy light","warm earth tones, ochre","Cinematic 16:9 establishing shot, 6-8 seconds. Subject: Lake Pichola at first light, palace silhouettes, no boats or figures establishing wide shot — no figures, no signage with text. Location: Udaipur, rajasthan, India (the host destination of the Mewar Festival festival — do NOT render the festival itself, only the place at this time of year). Time of day: afternoon to dusk. Atmosphere: pre-summer warmth, dust in the air, soft hazy light. Colour palette: warm earth tones, ochre. Shot type: static establishing with subtle water-surface parallax. Style: documentary register (BBC/National Geographic feel), naturalistic colour grading, soft contrast, slight film grain. Composition: rule-of-thirds horizon, depth via foreground-midground-distance layering. Reference month: March.","no people, no human figures or silhouettes in foreground, no religious figures, sadhus, priests, monks, no specific religious attire (saffron robes, ceremonial clothing), no ritual objects (deities, idols, palanquins, ceremonial fire close-ups), no temple interiors or sanctum imagery, no signage with readable text, no on-screen graphics or overlays, no synthetic / cartoony rendering, no time-of-day mismatch (respect the requested mood)",https://pub-d8970c901de34c218926ebf4be1ed09a.r2.dev/destinations/udaipur.jpg,https://pub-bcda9bac2f63408880ee3f23aa3548e5.r2.dev/udaipur.mp4,https://www.nakshiq.com/en/festivals/mewar-festival,https://www.nakshiq.com/hi/festivals/mewar-festival,6,16:9,
C,00c6f168-3d80-4fe0-8d1f-19799d5d59dc,marwar-festival,Marwar Festival,jodhpur,Jodhpur,rajasthan,10,October,October (2 days around Sharad Purnima),"blue-painted old city wide aerial, Mehrangarh fort silhouette","blue-painted old city wide aerial, Mehrangarh fort silhouette establishing wide shot — no figures, no signage with text","static establishing, slight push-in, no figures in frame",evening golden hour,"autumn warmth, returning dust, soft sunset glow",warm gold + violet sky,"Cinematic 16:9 establishing shot, 6-8 seconds. Subject: blue-painted old city wide aerial, Mehrangarh fort silhouette establishing wide shot — no figures, no signage with text. Location: Jodhpur, rajasthan, India (the host destination of the Marwar Festival festival — do NOT render the festival itself, only the place at this time of year). Time of day: evening golden hour. Atmosphere: autumn warmth, returning dust, soft sunset glow. Colour palette: warm gold + violet sky. Shot type: static establishing, slight push-in, no figures in frame. Style: documentary register (BBC/National Geographic feel), naturalistic colour grading, soft contrast, slight film grain. Composition: rule-of-thirds horizon, depth via foreground-midground-distance layering. Reference month: October.","no people, no human figures or silhouettes in foreground, no religious figures, sadhus, priests, monks, no specific religious attire (saffron robes, ceremonial clothing), no ritual objects (deities, idols, palanquins, ceremonial fire close-ups), no temple interiors or sanctum imagery, no signage with readable text, no on-screen graphics or overlays, no synthetic / cartoony rendering, no time-of-day mismatch (respect the requested mood)",https://pub-d8970c901de34c218926ebf4be1ed09a.r2.dev/destinations/jodhpur.jpg,https://pub-bcda9bac2f63408880ee3f23aa3548e5.r2.dev/jodhpur.mp4,https://www.nakshiq.com/en/festivals/marwar-festival,https://www.nakshiq.com/hi/festivals/marwar-festival,6,16:9,
C,7fa4369d-7e0b-41b3-8e6c-4751f4d88a50,international-yoga-festival,International Yoga Festival,rishikesh,Rishikesh,uttarakhand,3,March,March 1-7,"Ganga rapids and pebble-shore wide shot, suspension-bridge silhouette, no figures","Ganga rapids and pebble-shore wide shot, suspension-bridge silhouette, no figures establishing wide shot — no figures, no signage with text",slow drone pull-back revealing the wider valley,afternoon to dusk,"pre-summer warmth, dust in the air, soft hazy light","warm earth tones, ochre","Cinematic 16:9 establishing shot, 6-8 seconds. Subject: Ganga rapids and pebble-shore wide shot, suspension-bridge silhouette, no figures establishing wide shot — no figures, no signage with text. Location: Rishikesh, uttarakhand, India (the host destination of the International Yoga Festival festival — do NOT render the festival itself, only the place at this time of year). Time of day: afternoon to dusk. Atmosphere: pre-summer warmth, dust in the air, soft hazy light. Colour palette: warm earth tones, ochre. Shot type: slow drone pull-back revealing the wider valley. Style: documentary register (BBC/National Geographic feel), naturalistic colour grading, soft contrast, slight film grain. Composition: rule-of-thirds horizon, depth via foreground-midground-distance layering. Reference month: March.","no people, no human figures or silhouettes in foreground, no religious figures, sadhus, priests, monks, no specific religious attire (saffron robes, ceremonial clothing), no ritual objects (deities, idols, palanquins, ceremonial fire close-ups), no temple interiors or sanctum imagery, no signage with readable text, no on-screen graphics or overlays, no synthetic / cartoony rendering, no time-of-day mismatch (respect the requested mood)",https://pub-d8970c901de34c218926ebf4be1ed09a.r2.dev/destinations/rishikesh.jpg,https://pub-bcda9bac2f63408880ee3f23aa3548e5.r2.dev/rishikesh.mp4,https://www.nakshiq.com/en/festivals/international-yoga-festival,https://www.nakshiq.com/hi/festivals/international-yoga-festival,6,16:9,
C,e0a60b00-abba-4445-a670-ef40e3b8c068,baisakhi,Baisakhi,amritsar,Amritsar,punjab,4,April,April 13-14,"old-city laneways at first light, distant temple silhouette (architecture only)","ripening fields wide shot, no harvesters visible, distant grain stacks","static establishing, slight push-in, no figures in frame",evening golden hour,"pre-monsoon heat, light softening at dusk, dramatic cloud build-up",saturated warm orange,"Cinematic 16:9 establishing shot, 6-8 seconds. Subject: ripening fields wide shot, no harvesters visible, distant grain stacks. Location: Amritsar, punjab, India (the host destination of the Baisakhi festival — do NOT render the festival itself, only the place at this time of year). Time of day: evening golden hour. Atmosphere: pre-monsoon heat, light softening at dusk, dramatic cloud build-up. Colour palette: saturated warm orange. Shot type: static establishing, slight push-in, no figures in frame. Style: documentary register (BBC/National Geographic feel), naturalistic colour grading, soft contrast, slight film grain. Composition: rule-of-thirds horizon, depth via foreground-midground-distance layering. Reference month: April.","no people, no human figures or silhouettes in foreground, no religious figures, sadhus, priests, monks, no specific religious attire (saffron robes, ceremonial clothing), no ritual objects (deities, idols, palanquins, ceremonial fire close-ups), no temple interiors or sanctum imagery, no signage with readable text, no on-screen graphics or overlays, no synthetic / cartoony rendering, no time-of-day mismatch (respect the requested mood)",https://pub-d8970c901de34c218926ebf4be1ed09a.r2.dev/destinations/amritsar.jpg,https://pub-bcda9bac2f63408880ee3f23aa3548e5.r2.dev/amritsar.mp4,https://www.nakshiq.com/en/festivals/baisakhi,https://www.nakshiq.com/hi/festivals/baisakhi,6,16:9,
A,2270012b-525c-4049-a0da-83694dec4f3b,hemis-festival,Hemis Festival,leh,Leh,ladakh,6,June,June / July (2 days),"high-altitude desert, ochre ridges, glaciated peaks","monastery exterior wide shot at altitude, empty courtyard, no flags or figures visible, light on stone",slow drone push-in along the horizon line,morning light on the ridge,"high-altitude summer — clear cold air, sharp shadows, no monsoon (rain-shadow region)",ochre + deep blue sky + ice-white peaks,"Cinematic 16:9 establishing shot, 6-8 seconds. Subject: monastery exterior wide shot at altitude, empty courtyard, no flags or figures visible, light on stone. Location: Leh, ladakh, India (the host destination of the Hemis Festival festival — do NOT render the festival itself, only the place at this time of year). Time of day: morning light on the ridge. Atmosphere: high-altitude summer — clear cold air, sharp shadows, no monsoon (rain-shadow region). Colour palette: ochre + deep blue sky + ice-white peaks. Shot type: slow drone push-in along the horizon line. Style: documentary register (BBC/National Geographic feel), naturalistic colour grading, soft contrast, slight film grain. Composition: rule-of-thirds horizon, depth via foreground-midground-distance layering. Reference month: June.","no people, no human figures or silhouettes in foreground, no religious figures, sadhus, priests, monks, no specific religious attire (saffron robes, ceremonial clothing), no ritual objects (deities, idols, palanquins, ceremonial fire close-ups), no temple interiors or sanctum imagery, no signage with readable text, no on-screen graphics or overlays, no synthetic / cartoony rendering, no time-of-day mismatch (respect the requested mood)",https://pub-d8970c901de34c218926ebf4be1ed09a.r2.dev/destinations/leh.jpg,https://pub-bcda9bac2f63408880ee3f23aa3548e5.r2.dev/leh.mp4,https://www.nakshiq.com/en/festivals/hemis-festival,https://www.nakshiq.com/hi/festivals/hemis-festival,6,16:9,
C,a7b0d856-b907-48b4-ae63-6aeadddd5937,ladakh-festival,Ladakh Festival,leh,Leh,ladakh,9,September,September 1-15,"high-altitude desert, ochre ridges, glaciated peaks","high-altitude desert, ochre ridges, glaciated peaks establishing wide shot — no figures, no signage with text",slow drone push-in along the horizon line,morning light on the ridge,"high-altitude summer — clear cold air, sharp shadows, no monsoon (rain-shadow region)",ochre + deep blue sky + ice-white peaks,"Cinematic 16:9 establishing shot, 6-8 seconds. Subject: high-altitude desert, ochre ridges, glaciated peaks establishing wide shot — no figures, no signage with text. Location: Leh, ladakh, India (the host destination of the Ladakh Festival festival — do NOT render the festival itself, only the place at this time of year). Time of day: morning light on the ridge. Atmosphere: high-altitude summer — clear cold air, sharp shadows, no monsoon (rain-shadow region). Colour palette: ochre + deep blue sky + ice-white peaks. Shot type: slow drone push-in along the horizon line. Style: documentary register (BBC/National Geographic feel), naturalistic colour grading, soft contrast, slight film grain. Composition: rule-of-thirds horizon, depth via foreground-midground-distance layering. Reference month: September.","no people, no human figures or silhouettes in foreground, no religious figures, sadhus, priests, monks, no specific religious attire (saffron robes, ceremonial clothing), no ritual objects (deities, idols, palanquins, ceremonial fire close-ups), no temple interiors or sanctum imagery, no signage with readable text, no on-screen graphics or overlays, no synthetic / cartoony rendering, no time-of-day mismatch (respect the requested mood)",https://pub-d8970c901de34c218926ebf4be1ed09a.r2.dev/destinations/leh.jpg,https://pub-bcda9bac2f63408880ee3f23aa3548e5.r2.dev/leh.mp4,https://www.nakshiq.com/en/festivals/ladakh-festival,https://www.nakshiq.com/hi/festivals/ladakh-festival,6,16:9,
A,ef0324e9-c7ac-4c7d-a579-3b1e3f169890,tulip-festival,Tulip Festival,srinagar,Srinagar,jammu kashmir,4,April,Late March / April (2 weeks),"alpine meadows, deodar forests, lake reflections","vast flower-bed geometric rows, slow drift through colour fields, no people",static establishing with subtle water-surface parallax,early morning,"alpine spring — clear cold air, snow-melt streams, distant high-altitude peaks",snow-white + emerald + cobalt sky,"Cinematic 16:9 establishing shot, 6-8 seconds. Subject: vast flower-bed geometric rows, slow drift through colour fields, no people. Location: Srinagar, jammu kashmir, India (the host destination of the Tulip Festival festival — do NOT render the festival itself, only the place at this time of year). Time of day: early morning. Atmosphere: alpine spring — clear cold air, snow-melt streams, distant high-altitude peaks. Colour palette: snow-white + emerald + cobalt sky. Shot type: static establishing with subtle water-surface parallax. Style: documentary register (BBC/National Geographic feel), naturalistic colour grading, soft contrast, slight film grain. Composition: rule-of-thirds horizon, depth via foreground-midground-distance layering. Reference month: April.","no people, no human figures or silhouettes in foreground, no religious figures, sadhus, priests, monks, no specific religious attire (saffron robes, ceremonial clothing), no ritual objects (deities, idols, palanquins, ceremonial fire close-ups), no temple interiors or sanctum imagery, no signage with readable text, no on-screen graphics or overlays, no synthetic / cartoony rendering, no time-of-day mismatch (respect the requested mood)",https://pub-d8970c901de34c218926ebf4be1ed09a.r2.dev/destinations/srinagar.jpg,https://pub-bcda9bac2f63408880ee3f23aa3548e5.r2.dev/srinagar.mp4,https://www.nakshiq.com/en/festivals/tulip-festival,https://www.nakshiq.com/hi/festivals/tulip-festival,6,16:9,
C,3d6ea188-de83-4f5e-845e-e2625cf4a29f,kedarnath-opening,Kedarnath Opening,kedarnath,Kedarnath,uttarakhand,5,May,Late April / Early May,"Himalayan foothills, oak + rhododendron forest, river valleys","temple-town exterior wide shot — sandstone or granite architecture, no figures, no idols visible",static establishing with subtle water-surface parallax,early morning,"alpine spring — clear cold air, snow-melt streams, distant high-altitude peaks",snow-white + emerald + cobalt sky,"Cinematic 16:9 establishing shot, 6-8 seconds. Subject: temple-town exterior wide shot — sandstone or granite architecture, no figures, no idols visible. Location: Kedarnath, uttarakhand, India (the host destination of the Kedarnath Opening festival — do NOT render the festival itself, only the place at this time of year). Time of day: early morning. Atmosphere: alpine spring — clear cold air, snow-melt streams, distant high-altitude peaks. Colour palette: snow-white + emerald + cobalt sky. Shot type: static establishing with subtle water-surface parallax. Style: documentary register (BBC/National Geographic feel), naturalistic colour grading, soft contrast, slight film grain. Composition: rule-of-thirds horizon, depth via foreground-midground-distance layering. Reference month: May.","no people, no human figures or silhouettes in foreground, no religious figures, sadhus, priests, monks, no specific religious attire (saffron robes, ceremonial clothing), no ritual objects (deities, idols, palanquins, ceremonial fire close-ups), no temple interiors or sanctum imagery, no signage with readable text, no on-screen graphics or overlays, no synthetic / cartoony rendering, no time-of-day mismatch (respect the requested mood)",https://pub-d8970c901de34c218926ebf4be1ed09a.r2.dev/destinations/kedarnath.jpg,https://pub-bcda9bac2f63408880ee3f23aa3548e5.r2.dev/kedarnath.mp4,https://www.nakshiq.com/en/festivals/kedarnath-opening,https://www.nakshiq.com/hi/festivals/kedarnath-opening,6,16:9,High-altitude — respect actual seasonal access (some passes shut Oct-May).
C,1f61567d-e5f6-49c1-9628-4aacee232271,fagli-festival,Fagli Festival,spiti-valley,Spiti Valley,himachal pradesh,2,February,February,"Himalayan ridges, deodar slopes, prayer-flag-empty (no flags) ridgelines","Himalayan ridges, deodar slopes, prayer-flag-empty (no flags) ridgelines establishing wide shot — no figures, no signage with text",slow drone pull-back revealing the wider valley,blue hour pre-dawn,"deep winter at altitude — frozen rivers, snow on ridges, harsh cold light",icy blue + warm low sun pinpoints,"Cinematic 16:9 establishing shot, 6-8 seconds. Subject: Himalayan ridges, deodar slopes, prayer-flag-empty (no flags) ridgelines establishing wide shot — no figures, no signage with text. Location: Spiti Valley, himachal pradesh, India (the host destination of the Fagli Festival festival — do NOT render the festival itself, only the place at this time of year). Time of day: blue hour pre-dawn. Atmosphere: deep winter at altitude — frozen rivers, snow on ridges, harsh cold light. Colour palette: icy blue + warm low sun pinpoints. Shot type: slow drone pull-back revealing the wider valley. Style: documentary register (BBC/National Geographic feel), naturalistic colour grading, soft contrast, slight film grain. Composition: rule-of-thirds horizon, depth via foreground-midground-distance layering. Reference month: February.","no people, no human figures or silhouettes in foreground, no religious figures, sadhus, priests, monks, no specific religious attire (saffron robes, ceremonial clothing), no ritual objects (deities, idols, palanquins, ceremonial fire close-ups), no temple interiors or sanctum imagery, no signage with readable text, no on-screen graphics or overlays, no synthetic / cartoony rendering, no time-of-day mismatch (respect the requested mood)",https://pub-d8970c901de34c218926ebf4be1ed09a.r2.dev/destinations/spiti-valley.jpg,https://pub-bcda9bac2f63408880ee3f23aa3548e5.r2.dev/spiti-valley.mp4,https://www.nakshiq.com/en/festivals/fagli-festival,https://www.nakshiq.com/hi/festivals/fagli-festival,6,16:9,
C,5a6599bb-c57d-4c8b-b53c-e72999556bc4,summer-festival,Summer Festival,shimla,Shimla,himachal pradesh,5,May,Late May / June (5 days),"Himalayan ridges, deodar slopes, prayer-flag-empty (no flags) ridgelines","Himalayan ridges, deodar slopes, prayer-flag-empty (no flags) ridgelines establishing wide shot — no figures, no signage with text",slow drone pull-back revealing the wider valley,early morning,"alpine spring — clear cold air, snow-melt streams, distant high-altitude peaks",snow-white + emerald + cobalt sky,"Cinematic 16:9 establishing shot, 6-8 seconds. Subject: Himalayan ridges, deodar slopes, prayer-flag-empty (no flags) ridgelines establishing wide shot — no figures, no signage with text. Location: Shimla, himachal pradesh, India (the host destination of the Summer Festival festival — do NOT render the festival itself, only the place at this time of year). Time of day: early morning. Atmosphere: alpine spring — clear cold air, snow-melt streams, distant high-altitude peaks. Colour palette: snow-white + emerald + cobalt sky. Shot type: slow drone pull-back revealing the wider valley. Style: documentary register (BBC/National Geographic feel), naturalistic colour grading, soft contrast, slight film grain. Composition: rule-of-thirds horizon, depth via foreground-midground-distance layering. Reference month: May.","no people, no human figures or silhouettes in foreground, no religious figures, sadhus, priests, monks, no specific religious attire (saffron robes, ceremonial clothing), no ritual objects (deities, idols, palanquins, ceremonial fire close-ups), no temple interiors or sanctum imagery, no signage with readable text, no on-screen graphics or overlays, no synthetic / cartoony rendering, no time-of-day mismatch (respect the requested mood)",https://pub-d8970c901de34c218926ebf4be1ed09a.r2.dev/destinations/shimla.jpg,https://pub-bcda9bac2f63408880ee3f23aa3548e5.r2.dev/shimla.mp4,https://www.nakshiq.com/en/festivals/summer-festival,https://www.nakshiq.com/hi/festivals/summer-festival,6,16:9,
A,3468d1e9-cdda-4e4f-87d5-824f93117f4e,kullu-dussehra-manali,Kullu Dussehra,manali,Manali,himachal pradesh,10,October,"October (starts on Vijaya Dashami, lasts 7 days)","Himalayan ridges, deodar slopes, prayer-flag-empty (no flags) ridgelines","Himalayan ridges, deodar slopes, prayer-flag-empty (no flags) ridgelines establishing wide shot — no figures, no signage with text",slow drone pull-back revealing the wider valley,morning golden hour,"post-monsoon clarity at altitude — crystalline cold air, autumn-tinged forest, distant snow",warm amber + cool cobalt,"Cinematic 16:9 establishing shot, 6-8 seconds. Subject: Himalayan ridges, deodar slopes, prayer-flag-empty (no flags) ridgelines establishing wide shot — no figures, no signage with text. Location: Manali, himachal pradesh, India (the host destination of the Kullu Dussehra festival — do NOT render the festival itself, only the place at this time of year). Time of day: morning golden hour. Atmosphere: post-monsoon clarity at altitude — crystalline cold air, autumn-tinged forest, distant snow. Colour palette: warm amber + cool cobalt. Shot type: slow drone pull-back revealing the wider valley. Style: documentary register (BBC/National Geographic feel), naturalistic colour grading, soft contrast, slight film grain. Composition: rule-of-thirds horizon, depth via foreground-midground-distance layering. Reference month: October.","no people, no human figures or silhouettes in foreground, no religious figures, sadhus, priests, monks, no specific religious attire (saffron robes, ceremonial clothing), no ritual objects (deities, idols, palanquins, ceremonial fire close-ups), no temple interiors or sanctum imagery, no signage with readable text, no on-screen graphics or overlays, no synthetic / cartoony rendering, no time-of-day mismatch (respect the requested mood)",https://pub-d8970c901de34c218926ebf4be1ed09a.r2.dev/destinations/manali.jpg,https://pub-bcda9bac2f63408880ee3f23aa3548e5.r2.dev/manali.mp4,https://www.nakshiq.com/en/festivals/kullu-dussehra-manali,https://www.nakshiq.com/hi/festivals/kullu-dussehra-manali,6,16:9,
C,ac1f435b-60ca-44f8-9a50-4437892bbf4a,paragliding-world-cup,Paragliding World Cup,bir-billing,Bir Billing,himachal pradesh,10,October,October / November,"Himalayan ridges, deodar slopes, prayer-flag-empty (no flags) ridgelines","Himalayan ridges, deodar slopes, prayer-flag-empty (no flags) ridgelines establishing wide shot — no figures, no signage with text",slow drone pull-back revealing the wider valley,morning golden hour,"post-monsoon clarity at altitude — crystalline cold air, autumn-tinged forest, distant snow",warm amber + cool cobalt,"Cinematic 16:9 establishing shot, 6-8 seconds. Subject: Himalayan ridges, deodar slopes, prayer-flag-empty (no flags) ridgelines establishing wide shot — no figures, no signage with text. Location: Bir Billing, himachal pradesh, India (the host destination of the Paragliding World Cup festival — do NOT render the festival itself, only the place at this time of year). Time of day: morning golden hour. Atmosphere: post-monsoon clarity at altitude — crystalline cold air, autumn-tinged forest, distant snow. Colour palette: warm amber + cool cobalt. Shot type: slow drone pull-back revealing the wider valley. Style: documentary register (BBC/National Geographic feel), naturalistic colour grading, soft contrast, slight film grain. Composition: rule-of-thirds horizon, depth via foreground-midground-distance layering. Reference month: October.","no people, no human figures or silhouettes in foreground, no religious figures, sadhus, priests, monks, no specific religious attire (saffron robes, ceremonial clothing), no ritual objects (deities, idols, palanquins, ceremonial fire close-ups), no temple interiors or sanctum imagery, no signage with readable text, no on-screen graphics or overlays, no synthetic / cartoony rendering, no time-of-day mismatch (respect the requested mood)",https://pub-d8970c901de34c218926ebf4be1ed09a.r2.dev/destinations/bir-billing.jpg,https://pub-bcda9bac2f63408880ee3f23aa3548e5.r2.dev/bir-billing.mp4,https://www.nakshiq.com/en/festivals/paragliding-world-cup,https://www.nakshiq.com/hi/festivals/paragliding-world-cup,6,16:9,
C,ea6f708f-0b1d-4808-9763-92207a6747d6,gita-jayanti,Gita Jayanti,kurukshetra,Kurukshetra,haryana,12,December,December (Ekadashi of Margashirsha),"Aravalli foothills, dry-scrub plateau, monsoon-green fields","Aravalli foothills, dry-scrub plateau, monsoon-green fields establishing wide shot — no figures, no signage with text",low ground-level tracking through the foreground,blue hour + lantern light,"deep winter — frost, low mist, blue hour dominance",deep blue + amber pinpoints,"Cinematic 16:9 establishing shot, 6-8 seconds. Subject: Aravalli foothills, dry-scrub plateau, monsoon-green fields establishing wide shot — no figures, no signage with text. Location: Kurukshetra, haryana, India (the host destination of the Gita Jayanti festival — do NOT render the festival itself, only the place at this time of year). Time of day: blue hour + lantern light. Atmosphere: deep winter — frost, low mist, blue hour dominance. Colour palette: deep blue + amber pinpoints. Shot type: low ground-level tracking through the foreground. Style: documentary register (BBC/National Geographic feel), naturalistic colour grading, soft contrast, slight film grain. Composition: rule-of-thirds horizon, depth via foreground-midground-distance layering. Reference month: December.","no people, no human figures or silhouettes in foreground, no religious figures, sadhus, priests, monks, no specific religious attire (saffron robes, ceremonial clothing), no ritual objects (deities, idols, palanquins, ceremonial fire close-ups), no temple interiors or sanctum imagery, no signage with readable text, no on-screen graphics or overlays, no synthetic / cartoony rendering, no time-of-day mismatch (respect the requested mood)",https://pub-d8970c901de34c218926ebf4be1ed09a.r2.dev/destinations/kurukshetra.jpg,https://pub-bcda9bac2f63408880ee3f23aa3548e5.r2.dev/kurukshetra.mp4,https://www.nakshiq.com/en/festivals/gita-jayanti,https://www.nakshiq.com/hi/festivals/gita-jayanti,6,16:9,
C,7e732787-7201-40b1-9997-fc96c8d416ad,deepotsav,Deepotsav,ayodhya,Ayodhya,uttar pradesh,11,November,November (eve of Diwali),"Ganga + Yamuna plains, ghats (water-and-stone, no figures), mustard fields","Ganga + Yamuna plains, ghats (water-and-stone, no figures), mustard fields establishing wide shot — no figures, no signage with text",low ground-level tracking through the foreground,early morning,"early winter — crystalline cold light, cool blue mornings",icy cyan + warm low sun,"Cinematic 16:9 establishing shot, 6-8 seconds. Subject: Ganga + Yamuna plains, ghats (water-and-stone, no figures), mustard fields establishing wide shot — no figures, no signage with text. Location: Ayodhya, uttar pradesh, India (the host destination of the Deepotsav festival — do NOT render the festival itself, only the place at this time of year). Time of day: early morning. Atmosphere: early winter — crystalline cold light, cool blue mornings. Colour palette: icy cyan + warm low sun. Shot type: low ground-level tracking through the foreground. Style: documentary register (BBC/National Geographic feel), naturalistic colour grading, soft contrast, slight film grain. Composition: rule-of-thirds horizon, depth via foreground-midground-distance layering. Reference month: November.","no people, no human figures or silhouettes in foreground, no religious figures, sadhus, priests, monks, no specific religious attire (saffron robes, ceremonial clothing), no ritual objects (deities, idols, palanquins, ceremonial fire close-ups), no temple interiors or sanctum imagery, no signage with readable text, no on-screen graphics or overlays, no synthetic / cartoony rendering, no time-of-day mismatch (respect the requested mood)",https://pub-d8970c901de34c218926ebf4be1ed09a.r2.dev/destinations/ayodhya.jpg,https://pub-bcda9bac2f63408880ee3f23aa3548e5.r2.dev/ayodhya.mp4,https://www.nakshiq.com/en/festivals/deepotsav,https://www.nakshiq.com/hi/festivals/deepotsav,6,16:9,
A,0045eed5-df4b-4992-99fe-396428b76af8,jaipur-literature-festival,Jaipur Literature Festival,jaipur,Jaipur,rajasthan,1,January,Late January (5 days),"Hawa Mahal + Amber Fort exteriors wide, ochre-pink stone, dry winter clarity","Mughal-era palace courtyard exterior, light filtering through stone arches, empty stone benches","static establishing, slight push-in, no figures in frame",blue hour pre-dawn,"winter clarity, low-angle sun, mist on rivers and lakes",cool blue + warm tungsten contrast,"Cinematic 16:9 establishing shot, 6-8 seconds. Subject: Mughal-era palace courtyard exterior, light filtering through stone arches, empty stone benches. Location: Jaipur, rajasthan, India (the host destination of the Jaipur Literature Festival festival — do NOT render the festival itself, only the place at this time of year). Time of day: blue hour pre-dawn. Atmosphere: winter clarity, low-angle sun, mist on rivers and lakes. Colour palette: cool blue + warm tungsten contrast. Shot type: static establishing, slight push-in, no figures in frame. Style: documentary register (BBC/National Geographic feel), naturalistic colour grading, soft contrast, slight film grain. Composition: rule-of-thirds horizon, depth via foreground-midground-distance layering. Reference month: January.","no people, no human figures or silhouettes in foreground, no religious figures, sadhus, priests, monks, no specific religious attire (saffron robes, ceremonial clothing), no ritual objects (deities, idols, palanquins, ceremonial fire close-ups), no temple interiors or sanctum imagery, no signage with readable text, no on-screen graphics or overlays, no synthetic / cartoony rendering, no time-of-day mismatch (respect the requested mood)",https://pub-d8970c901de34c218926ebf4be1ed09a.r2.dev/destinations/jaipur.jpg,https://pub-bcda9bac2f63408880ee3f23aa3548e5.r2.dev/jaipur.mp4,https://www.nakshiq.com/en/festivals/jaipur-literature-festival,https://www.nakshiq.com/hi/festivals/jaipur-literature-festival,6,16:9,
C,768f060f-6af4-4fa7-87d2-aa4b900d0bc3,elephant-festival,Elephant Festival,jaipur,Jaipur,rajasthan,3,March,March (on Holi),"Hawa Mahal + Amber Fort exteriors wide, ochre-pink stone, dry winter clarity","forest canopy from above, dust trails on a logging road, no animals or vehicles visible","static establishing, slight push-in, no figures in frame",afternoon to dusk,"pre-summer warmth, dust in the air, soft hazy light","warm earth tones, ochre","Cinematic 16:9 establishing shot, 6-8 seconds. Subject: forest canopy from above, dust trails on a logging road, no animals or vehicles visible. Location: Jaipur, rajasthan, India (the host destination of the Elephant Festival festival — do NOT render the festival itself, only the place at this time of year). Time of day: afternoon to dusk. Atmosphere: pre-summer warmth, dust in the air, soft hazy light. Colour palette: warm earth tones, ochre. Shot type: static establishing, slight push-in, no figures in frame. Style: documentary register (BBC/National Geographic feel), naturalistic colour grading, soft contrast, slight film grain. Composition: rule-of-thirds horizon, depth via foreground-midground-distance layering. Reference month: March.","no people, no human figures or silhouettes in foreground, no religious figures, sadhus, priests, monks, no specific religious attire (saffron robes, ceremonial clothing), no ritual objects (deities, idols, palanquins, ceremonial fire close-ups), no temple interiors or sanctum imagery, no signage with readable text, no on-screen graphics or overlays, no synthetic / cartoony rendering, no time-of-day mismatch (respect the requested mood)",https://pub-d8970c901de34c218926ebf4be1ed09a.r2.dev/destinations/jaipur.jpg,https://pub-bcda9bac2f63408880ee3f23aa3548e5.r2.dev/jaipur.mp4,https://www.nakshiq.com/en/festivals/elephant-festival,https://www.nakshiq.com/hi/festivals/elephant-festival,6,16:9,
C,281feeeb-ea27-4cb0-b1b4-a74a6f2d5cfa,taj-mahotsav,Taj Mahotsav,agra,Agra,uttar pradesh,2,February,February 18-27 (10 days),"Ganga + Yamuna plains, ghats (water-and-stone, no figures), mustard fields","Ganga + Yamuna plains, ghats (water-and-stone, no figures), mustard fields establishing wide shot — no figures, no signage with text",low ground-level tracking through the foreground,early golden hour,"late-winter clarity, crisp light, dry air",warm amber + cold shadow,"Cinematic 16:9 establishing shot, 6-8 seconds. Subject: Ganga + Yamuna plains, ghats (water-and-stone, no figures), mustard fields establishing wide shot — no figures, no signage with text. Location: Agra, uttar pradesh, India (the host destination of the Taj Mahotsav festival — do NOT render the festival itself, only the place at this time of year). Time of day: early golden hour. Atmosphere: late-winter clarity, crisp light, dry air. Colour palette: warm amber + cold shadow. Shot type: low ground-level tracking through the foreground. Style: documentary register (BBC/National Geographic feel), naturalistic colour grading, soft contrast, slight film grain. Composition: rule-of-thirds horizon, depth via foreground-midground-distance layering. Reference month: February.","no people, no human figures or silhouettes in foreground, no religious figures, sadhus, priests, monks, no specific religious attire (saffron robes, ceremonial clothing), no ritual objects (deities, idols, palanquins, ceremonial fire close-ups), no temple interiors or sanctum imagery, no signage with readable text, no on-screen graphics or overlays, no synthetic / cartoony rendering, no time-of-day mismatch (respect the requested mood)",https://pub-d8970c901de34c218926ebf4be1ed09a.r2.dev/destinations/agra.jpg,https://pub-bcda9bac2f63408880ee3f23aa3548e5.r2.dev/agra.mp4,https://www.nakshiq.com/en/festivals/taj-mahotsav,https://www.nakshiq.com/hi/festivals/taj-mahotsav,6,16:9,
C,e0709030-f959-45df-9296-df06ad0c7fb7,republic-day-parade,Republic Day Parade,delhi,Delhi,delhi,1,January,January 26,"Lodhi Garden tombs (exterior wide), winter mist, no figures","Lodhi Garden tombs (exterior wide), winter mist, no figures establishing wide shot — no figures, no signage with text",static establishing with subtle parallax,blue hour pre-dawn,"winter clarity, low-angle sun, mist on rivers and lakes",cool blue + warm tungsten contrast,"Cinematic 16:9 establishing shot, 6-8 seconds. Subject: Lodhi Garden tombs (exterior wide), winter mist, no figures establishing wide shot — no figures, no signage with text. Location: Delhi, delhi, India (the host destination of the Republic Day Parade festival — do NOT render the festival itself, only the place at this time of year). Time of day: blue hour pre-dawn. Atmosphere: winter clarity, low-angle sun, mist on rivers and lakes. Colour palette: cool blue + warm tungsten contrast. Shot type: static establishing with subtle parallax. Style: documentary register (BBC/National Geographic feel), naturalistic colour grading, soft contrast, slight film grain. Composition: rule-of-thirds horizon, depth via foreground-midground-distance layering. Reference month: January.","no people, no human figures or silhouettes in foreground, no religious figures, sadhus, priests, monks, no specific religious attire (saffron robes, ceremonial clothing), no ritual objects (deities, idols, palanquins, ceremonial fire close-ups), no temple interiors or sanctum imagery, no signage with readable text, no on-screen graphics or overlays, no synthetic / cartoony rendering, no time-of-day mismatch (respect the requested mood)",https://pub-d8970c901de34c218926ebf4be1ed09a.r2.dev/destinations/delhi.jpg,https://pub-bcda9bac2f63408880ee3f23aa3548e5.r2.dev/delhi.mp4,https://www.nakshiq.com/en/festivals/republic-day-parade,https://www.nakshiq.com/hi/festivals/republic-day-parade,6,16:9,
A,93fcf5f0-f42a-404f-a2f2-a1f0054c9962,bikaner-camel-festival,Bikaner Camel Festival,bikaner,Bikaner,rajasthan,1,January,January 13-14,"Thar desert dunes, fort silhouettes, ochre stone","Thar desert dunes, distant camel silhouettes against the horizon (no riders, no closeup)",slow drone push-in along the horizon line,blue hour pre-dawn,"winter clarity, low-angle sun, mist on rivers and lakes",cool blue + warm tungsten contrast,"Cinematic 16:9 establishing shot, 6-8 seconds. Subject: Thar desert dunes, distant camel silhouettes against the horizon (no riders, no closeup). Location: Bikaner, rajasthan, India (the host destination of the Bikaner Camel Festival festival — do NOT render the festival itself, only the place at this time of year). Time of day: blue hour pre-dawn. Atmosphere: winter clarity, low-angle sun, mist on rivers and lakes. Colour palette: cool blue + warm tungsten contrast. Shot type: slow drone push-in along the horizon line. Style: documentary register (BBC/National Geographic feel), naturalistic colour grading, soft contrast, slight film grain. Composition: rule-of-thirds horizon, depth via foreground-midground-distance layering. Reference month: January.","no people, no human figures or silhouettes in foreground, no religious figures, sadhus, priests, monks, no specific religious attire (saffron robes, ceremonial clothing), no ritual objects (deities, idols, palanquins, ceremonial fire close-ups), no temple interiors or sanctum imagery, no signage with readable text, no on-screen graphics or overlays, no synthetic / cartoony rendering, no time-of-day mismatch (respect the requested mood)",https://pub-d8970c901de34c218926ebf4be1ed09a.r2.dev/destinations/bikaner.jpg,https://pub-bcda9bac2f63408880ee3f23aa3548e5.r2.dev/bikaner.mp4,https://www.nakshiq.com/en/festivals/bikaner-camel-festival,https://www.nakshiq.com/hi/festivals/bikaner-camel-festival,6,16:9,
C,f137f30f-92e8-487e-8a63-3dd9a1c59ee5,gangaur-festival,Gangaur Festival,bikaner,Bikaner,rajasthan,3,March,March-April (Chaitra Shukla Tritiya),"Thar desert dunes, fort silhouettes, ochre stone","Thar desert dunes, fort silhouettes, ochre stone establishing wide shot — no figures, no signage with text",slow drone push-in along the horizon line,afternoon to dusk,"pre-summer warmth, dust in the air, soft hazy light","warm earth tones, ochre","Cinematic 16:9 establishing shot, 6-8 seconds. Subject: Thar desert dunes, fort silhouettes, ochre stone establishing wide shot — no figures, no signage with text. Location: Bikaner, rajasthan, India (the host destination of the Gangaur Festival festival — do NOT render the festival itself, only the place at this time of year). Time of day: afternoon to dusk. Atmosphere: pre-summer warmth, dust in the air, soft hazy light. Colour palette: warm earth tones, ochre. Shot type: slow drone push-in along the horizon line. Style: documentary register (BBC/National Geographic feel), naturalistic colour grading, soft contrast, slight film grain. Composition: rule-of-thirds horizon, depth via foreground-midground-distance layering. Reference month: March.","no people, no human figures or silhouettes in foreground, no religious figures, sadhus, priests, monks, no specific religious attire (saffron robes, ceremonial clothing), no ritual objects (deities, idols, palanquins, ceremonial fire close-ups), no temple interiors or sanctum imagery, no signage with readable text, no on-screen graphics or overlays, no synthetic / cartoony rendering, no time-of-day mismatch (respect the requested mood)",https://pub-d8970c901de34c218926ebf4be1ed09a.r2.dev/destinations/bikaner.jpg,https://pub-bcda9bac2f63408880ee3f23aa3548e5.r2.dev/bikaner.mp4,https://www.nakshiq.com/en/festivals/gangaur-festival,https://www.nakshiq.com/hi/festivals/gangaur-festival,6,16:9,
C,04acbbcf-843a-4b0f-b0eb-edf416dc6f91,barmer-thar-festival,Barmer Thar Festival,barmer,Barmer,rajasthan,3,March,March (varies),"Thar desert dunes, fort silhouettes, ochre stone","salt flats or dunes, geometric horizon line, no figures",slow drone push-in along the horizon line,afternoon to dusk,"pre-summer warmth, dust in the air, soft hazy light","warm earth tones, ochre","Cinematic 16:9 establishing shot, 6-8 seconds. Subject: salt flats or dunes, geometric horizon line, no figures. Location: Barmer, rajasthan, India (the host destination of the Barmer Thar Festival festival — do NOT render the festival itself, only the place at this time of year). Time of day: afternoon to dusk. Atmosphere: pre-summer warmth, dust in the air, soft hazy light. Colour palette: warm earth tones, ochre. Shot type: slow drone push-in along the horizon line. Style: documentary register (BBC/National Geographic feel), naturalistic colour grading, soft contrast, slight film grain. Composition: rule-of-thirds horizon, depth via foreground-midground-distance layering. Reference month: March.","no people, no human figures or silhouettes in foreground, no religious figures, sadhus, priests, monks, no specific religious attire (saffron robes, ceremonial clothing), no ritual objects (deities, idols, palanquins, ceremonial fire close-ups), no temple interiors or sanctum imagery, no signage with readable text, no on-screen graphics or overlays, no synthetic / cartoony rendering, no time-of-day mismatch (respect the requested mood)",https://pub-d8970c901de34c218926ebf4be1ed09a.r2.dev/destinations/barmer.jpg,https://pub-bcda9bac2f63408880ee3f23aa3548e5.r2.dev/barmer.mp4,https://www.nakshiq.com/en/festivals/barmer-thar-festival,https://www.nakshiq.com/hi/festivals/barmer-thar-festival,6,16:9,
C,c442785a-70e2-4588-9359-4710cf1a141c,mallinath-cattle-fair,Mallinath Cattle Fair,barmer,Barmer,rajasthan,3,March,March-April (Chaitra),"Thar desert dunes, fort silhouettes, ochre stone","empty fairground wide shot — tents, flags, dusty paths, no crowds, no readable signage",slow drone push-in along the horizon line,afternoon to dusk,"pre-summer warmth, dust in the air, soft hazy light","warm earth tones, ochre","Cinematic 16:9 establishing shot, 6-8 seconds. Subject: empty fairground wide shot — tents, flags, dusty paths, no crowds, no readable signage. Location: Barmer, rajasthan, India (the host destination of the Mallinath Cattle Fair festival — do NOT render the festival itself, only the place at this time of year). Time of day: afternoon to dusk. Atmosphere: pre-summer warmth, dust in the air, soft hazy light. Colour palette: warm earth tones, ochre. Shot type: slow drone push-in along the horizon line. Style: documentary register (BBC/National Geographic feel), naturalistic colour grading, soft contrast, slight film grain. Composition: rule-of-thirds horizon, depth via foreground-midground-distance layering. Reference month: March.","no people, no human figures or silhouettes in foreground, no religious figures, sadhus, priests, monks, no specific religious attire (saffron robes, ceremonial clothing), no ritual objects (deities, idols, palanquins, ceremonial fire close-ups), no temple interiors or sanctum imagery, no signage with readable text, no on-screen graphics or overlays, no synthetic / cartoony rendering, no time-of-day mismatch (respect the requested mood)",https://pub-d8970c901de34c218926ebf4be1ed09a.r2.dev/destinations/barmer.jpg,https://pub-bcda9bac2f63408880ee3f23aa3548e5.r2.dev/barmer.mp4,https://www.nakshiq.com/en/festivals/mallinath-cattle-fair,https://www.nakshiq.com/hi/festivals/mallinath-cattle-fair,6,16:9,
C,991a443a-3340-4a41-97bf-f38a068fd6f0,bundi-utsav,Bundi Utsav,bundi,Bundi,rajasthan,11,November,November (varies),"Thar desert dunes, fort silhouettes, ochre stone","Thar desert dunes, fort silhouettes, ochre stone establishing wide shot — no figures, no signage with text",slow drone push-in along the horizon line,early morning,"early winter — crystalline cold light, cool blue mornings",icy cyan + warm low sun,"Cinematic 16:9 establishing shot, 6-8 seconds. Subject: Thar desert dunes, fort silhouettes, ochre stone establishing wide shot — no figures, no signage with text. Location: Bundi, rajasthan, India (the host destination of the Bundi Utsav festival — do NOT render the festival itself, only the place at this time of year). Time of day: early morning. Atmosphere: early winter — crystalline cold light, cool blue mornings. Colour palette: icy cyan + warm low sun. Shot type: slow drone push-in along the horizon line. Style: documentary register (BBC/National Geographic feel), naturalistic colour grading, soft contrast, slight film grain. Composition: rule-of-thirds horizon, depth via foreground-midground-distance layering. Reference month: November.","no people, no human figures or silhouettes in foreground, no religious figures, sadhus, priests, monks, no specific religious attire (saffron robes, ceremonial clothing), no ritual objects (deities, idols, palanquins, ceremonial fire close-ups), no temple interiors or sanctum imagery, no signage with readable text, no on-screen graphics or overlays, no synthetic / cartoony rendering, no time-of-day mismatch (respect the requested mood)",https://pub-d8970c901de34c218926ebf4be1ed09a.r2.dev/destinations/bundi.jpg,https://pub-bcda9bac2f63408880ee3f23aa3548e5.r2.dev/bundi.mp4,https://www.nakshiq.com/en/festivals/bundi-utsav,https://www.nakshiq.com/hi/festivals/bundi-utsav,6,16:9,
C,4f8b2092-a54f-42a8-a82a-ab8bd4ec9061,kajli-teej,Kajli Teej,bundi,Bundi,rajasthan,8,August,August (Bhadra Krishna Tritiya),"Thar desert dunes, fort silhouettes, ochre stone","Thar desert dunes, fort silhouettes, ochre stone establishing wide shot — no figures, no signage with text",slow drone push-in along the horizon line,late morning shaft-light,"monsoon green, valley mist, sun shafts breaking through cloud",lush green + silver mist,"Cinematic 16:9 establishing shot, 6-8 seconds. Subject: Thar desert dunes, fort silhouettes, ochre stone establishing wide shot — no figures, no signage with text. Location: Bundi, rajasthan, India (the host destination of the Kajli Teej festival — do NOT render the festival itself, only the place at this time of year). Time of day: late morning shaft-light. Atmosphere: monsoon green, valley mist, sun shafts breaking through cloud. Colour palette: lush green + silver mist. Shot type: slow drone push-in along the horizon line. Style: documentary register (BBC/National Geographic feel), naturalistic colour grading, soft contrast, slight film grain. Composition: rule-of-thirds horizon, depth via foreground-midground-distance layering. Reference month: August.","no people, no human figures or silhouettes in foreground, no religious figures, sadhus, priests, monks, no specific religious attire (saffron robes, ceremonial clothing), no ritual objects (deities, idols, palanquins, ceremonial fire close-ups), no temple interiors or sanctum imagery, no signage with readable text, no on-screen graphics or overlays, no synthetic / cartoony rendering, no time-of-day mismatch (respect the requested mood)",https://pub-d8970c901de34c218926ebf4be1ed09a.r2.dev/destinations/bundi.jpg,https://pub-bcda9bac2f63408880ee3f23aa3548e5.r2.dev/bundi.mp4,https://www.nakshiq.com/en/festivals/kajli-teej,https://www.nakshiq.com/hi/festivals/kajli-teej,6,16:9,
C,79947b10-cb85-44a7-ad15-e50dd61832b7,winter-festival-mount-abu,Winter Festival Mount Abu,mount-abu,Mount Abu,rajasthan,12,December,December 29-31,"Thar desert dunes, fort silhouettes, ochre stone","Thar desert dunes, fort silhouettes, ochre stone establishing wide shot — no figures, no signage with text",slow drone push-in along the horizon line,blue hour + lantern light,"deep winter — frost, low mist, blue hour dominance",deep blue + amber pinpoints,"Cinematic 16:9 establishing shot, 6-8 seconds. Subject: Thar desert dunes, fort silhouettes, ochre stone establishing wide shot — no figures, no signage with text. Location: Mount Abu, rajasthan, India (the host destination of the Winter Festival Mount Abu festival — do NOT render the festival itself, only the place at this time of year). Time of day: blue hour + lantern light. Atmosphere: deep winter — frost, low mist, blue hour dominance. Colour palette: deep blue + amber pinpoints. Shot type: slow drone push-in along the horizon line. Style: documentary register (BBC/National Geographic feel), naturalistic colour grading, soft contrast, slight film grain. Composition: rule-of-thirds horizon, depth via foreground-midground-distance layering. Reference month: December.","no people, no human figures or silhouettes in foreground, no religious figures, sadhus, priests, monks, no specific religious attire (saffron robes, ceremonial clothing), no ritual objects (deities, idols, palanquins, ceremonial fire close-ups), no temple interiors or sanctum imagery, no signage with readable text, no on-screen graphics or overlays, no synthetic / cartoony rendering, no time-of-day mismatch (respect the requested mood)",https://pub-d8970c901de34c218926ebf4be1ed09a.r2.dev/destinations/mount-abu.jpg,https://pub-bcda9bac2f63408880ee3f23aa3548e5.r2.dev/mount-abu.mp4,https://www.nakshiq.com/en/festivals/winter-festival-mount-abu,https://www.nakshiq.com/hi/festivals/winter-festival-mount-abu,6,16:9,
C,b674ab84-34ac-45be-a87b-7bbd01239138,guru-shikhar-fair,Guru Shikhar Fair,mount-abu,Mount Abu,rajasthan,4,April,April (Vaishakh Purnima),"Thar desert dunes, fort silhouettes, ochre stone","empty fairground wide shot — tents, flags, dusty paths, no crowds, no readable signage",slow drone push-in along the horizon line,evening golden hour,"pre-monsoon heat, light softening at dusk, dramatic cloud build-up",saturated warm orange,"Cinematic 16:9 establishing shot, 6-8 seconds. Subject: empty fairground wide shot — tents, flags, dusty paths, no crowds, no readable signage. Location: Mount Abu, rajasthan, India (the host destination of the Guru Shikhar Fair festival — do NOT render the festival itself, only the place at this time of year). Time of day: evening golden hour. Atmosphere: pre-monsoon heat, light softening at dusk, dramatic cloud build-up. Colour palette: saturated warm orange. Shot type: slow drone push-in along the horizon line. Style: documentary register (BBC/National Geographic feel), naturalistic colour grading, soft contrast, slight film grain. Composition: rule-of-thirds horizon, depth via foreground-midground-distance layering. Reference month: April.","no people, no human figures or silhouettes in foreground, no religious figures, sadhus, priests, monks, no specific religious attire (saffron robes, ceremonial clothing), no ritual objects (deities, idols, palanquins, ceremonial fire close-ups), no temple interiors or sanctum imagery, no signage with readable text, no on-screen graphics or overlays, no synthetic / cartoony rendering, no time-of-day mismatch (respect the requested mood)",https://pub-d8970c901de34c218926ebf4be1ed09a.r2.dev/destinations/mount-abu.jpg,https://pub-bcda9bac2f63408880ee3f23aa3548e5.r2.dev/mount-abu.mp4,https://www.nakshiq.com/en/festivals/guru-shikhar-fair,https://www.nakshiq.com/hi/festivals/guru-shikhar-fair,6,16:9,
B,9096319c-81cd-4461-bb8a-c46f5920825e,ganesh-chaturthi-at-trinetra-ganesh-temple,Ganesh Chaturthi at Trinetra Ganesh Temple,ranthambore,Ranthambore,rajasthan,9,September,September (Bhadra Shukla Chaturthi),"Thar desert dunes, fort silhouettes, ochre stone","temple-town exterior wide shot — sandstone or granite architecture, no figures, no idols visible",slow drone push-in along the horizon line,afternoon clearing,"post-monsoon — lush green, crisp clarity, distant cumulus",vibrant greens + cobalt sky,"Cinematic 16:9 establishing shot, 6-8 seconds. Subject: temple-town exterior wide shot — sandstone or granite architecture, no figures, no idols visible. Location: Ranthambore, rajasthan, India (the host destination of the Ganesh Chaturthi at Trinetra Ganesh Temple festival — do NOT render the festival itself, only the place at this time of year). Time of day: afternoon clearing. Atmosphere: post-monsoon — lush green, crisp clarity, distant cumulus. Colour palette: vibrant greens + cobalt sky. Shot type: slow drone push-in along the horizon line. Style: documentary register (BBC/National Geographic feel), naturalistic colour grading, soft contrast, slight film grain. Composition: rule-of-thirds horizon, depth via foreground-midground-distance layering. Reference month: September.","no people, no human figures or silhouettes in foreground, no religious figures, sadhus, priests, monks, no specific religious attire (saffron robes, ceremonial clothing), no ritual objects (deities, idols, palanquins, ceremonial fire close-ups), no temple interiors or sanctum imagery, no signage with readable text, no on-screen graphics or overlays, no synthetic / cartoony rendering, no time-of-day mismatch (respect the requested mood)",https://pub-d8970c901de34c218926ebf4be1ed09a.r2.dev/destinations/ranthambore.jpg,https://pub-bcda9bac2f63408880ee3f23aa3548e5.r2.dev/ranthambore.mp4,https://www.nakshiq.com/en/festivals/ganesh-chaturthi-at-trinetra-ganesh-temple,https://www.nakshiq.com/hi/festivals/ganesh-chaturthi-at-trinetra-ganesh-temple,6,16:9,"Religious site — exterior only, no idol or sanctum imagery."
C,8cddf34d-5e17-4354-a8a5-0abab6c117f0,nawalgarh-festival,Nawalgarh Festival,shekhawati,Shekhawati,rajasthan,2,February,February (varies),"Thar desert dunes, fort silhouettes, ochre stone","Thar desert dunes, fort silhouettes, ochre stone establishing wide shot — no figures, no signage with text",slow drone push-in along the horizon line,early golden hour,"late-winter clarity, crisp light, dry air",warm amber + cold shadow,"Cinematic 16:9 establishing shot, 6-8 seconds. Subject: Thar desert dunes, fort silhouettes, ochre stone establishing wide shot — no figures, no signage with text. Location: Shekhawati, rajasthan, India (the host destination of the Nawalgarh Festival festival — do NOT render the festival itself, only the place at this time of year). Time of day: early golden hour. Atmosphere: late-winter clarity, crisp light, dry air. Colour palette: warm amber + cold shadow. Shot type: slow drone push-in along the horizon line. Style: documentary register (BBC/National Geographic feel), naturalistic colour grading, soft contrast, slight film grain. Composition: rule-of-thirds horizon, depth via foreground-midground-distance layering. Reference month: February.","no people, no human figures or silhouettes in foreground, no religious figures, sadhus, priests, monks, no specific religious attire (saffron robes, ceremonial clothing), no ritual objects (deities, idols, palanquins, ceremonial fire close-ups), no temple interiors or sanctum imagery, no signage with readable text, no on-screen graphics or overlays, no synthetic / cartoony rendering, no time-of-day mismatch (respect the requested mood)",https://pub-d8970c901de34c218926ebf4be1ed09a.r2.dev/destinations/shekhawati.jpg,https://pub-bcda9bac2f63408880ee3f23aa3548e5.r2.dev/shekhawati.mp4,https://www.nakshiq.com/en/festivals/nawalgarh-festival,https://www.nakshiq.com/hi/festivals/nawalgarh-festival,6,16:9,
C,7f088141-5a47-458a-903a-74d8e75a0121,baneshwar-fair,Baneshwar Fair,dungarpur,Dungarpur,rajasthan,2,February,February (Magh Purnima),"Thar desert dunes, fort silhouettes, ochre stone","empty fairground wide shot — tents, flags, dusty paths, no crowds, no readable signage",slow drone push-in along the horizon line,early golden hour,"late-winter clarity, crisp light, dry air",warm amber + cold shadow,"Cinematic 16:9 establishing shot, 6-8 seconds. Subject: empty fairground wide shot — tents, flags, dusty paths, no crowds, no readable signage. Location: Dungarpur, rajasthan, India (the host destination of the Baneshwar Fair festival — do NOT render the festival itself, only the place at this time of year). Time of day: early golden hour. Atmosphere: late-winter clarity, crisp light, dry air. Colour palette: warm amber + cold shadow. Shot type: slow drone push-in along the horizon line. Style: documentary register (BBC/National Geographic feel), naturalistic colour grading, soft contrast, slight film grain. Composition: rule-of-thirds horizon, depth via foreground-midground-distance layering. Reference month: February.","no people, no human figures or silhouettes in foreground, no religious figures, sadhus, priests, monks, no specific religious attire (saffron robes, ceremonial clothing), no ritual objects (deities, idols, palanquins, ceremonial fire close-ups), no temple interiors or sanctum imagery, no signage with readable text, no on-screen graphics or overlays, no synthetic / cartoony rendering, no time-of-day mismatch (respect the requested mood)",https://pub-d8970c901de34c218926ebf4be1ed09a.r2.dev/destinations/dungarpur.jpg,https://pub-bcda9bac2f63408880ee3f23aa3548e5.r2.dev/dungarpur.mp4,https://www.nakshiq.com/en/festivals/baneshwar-fair,https://www.nakshiq.com/hi/festivals/baneshwar-fair,6,16:9,
C,a78eefb9-6b2e-4eea-ae1f-1ad80ef560e3,matsya-festival,Matsya Festival,alwar,Alwar,rajasthan,11,November,November (varies),"Thar desert dunes, fort silhouettes, ochre stone","Thar desert dunes, fort silhouettes, ochre stone establishing wide shot — no figures, no signage with text",slow drone push-in along the horizon line,early morning,"early winter — crystalline cold light, cool blue mornings",icy cyan + warm low sun,"Cinematic 16:9 establishing shot, 6-8 seconds. Subject: Thar desert dunes, fort silhouettes, ochre stone establishing wide shot — no figures, no signage with text. Location: Alwar, rajasthan, India (the host destination of the Matsya Festival festival — do NOT render the festival itself, only the place at this time of year). Time of day: early morning. Atmosphere: early winter — crystalline cold light, cool blue mornings. Colour palette: icy cyan + warm low sun. Shot type: slow drone push-in along the horizon line. Style: documentary register (BBC/National Geographic feel), naturalistic colour grading, soft contrast, slight film grain. Composition: rule-of-thirds horizon, depth via foreground-midground-distance layering. Reference month: November.","no people, no human figures or silhouettes in foreground, no religious figures, sadhus, priests, monks, no specific religious attire (saffron robes, ceremonial clothing), no ritual objects (deities, idols, palanquins, ceremonial fire close-ups), no temple interiors or sanctum imagery, no signage with readable text, no on-screen graphics or overlays, no synthetic / cartoony rendering, no time-of-day mismatch (respect the requested mood)",https://pub-d8970c901de34c218926ebf4be1ed09a.r2.dev/destinations/alwar.jpg,https://pub-bcda9bac2f63408880ee3f23aa3548e5.r2.dev/alwar.mp4,https://www.nakshiq.com/en/festivals/matsya-festival,https://www.nakshiq.com/hi/festivals/matsya-festival,6,16:9,
A,f720129d-a0db-46bc-90f5-5c9ffeb99578,auli-winter-carnival,Auli Winter Carnival,auli,Auli,uttarakhand,1,January,January (varies),"Auli ski-slope meadows in season-appropriate state (snow Jan-Mar, green May-Sep)","empty fairground wide shot — tents, flags, dusty paths, no crowds, no readable signage",low ground-level tracking through the foreground,blue hour,"deep winter in the hills — snow on ridges, frozen streams, low sun raking the slope",icy blue + warm tungsten pinpoints,"Cinematic 16:9 establishing shot, 6-8 seconds. Subject: empty fairground wide shot — tents, flags, dusty paths, no crowds, no readable signage. Location: Auli, uttarakhand, India (the host destination of the Auli Winter Carnival festival — do NOT render the festival itself, only the place at this time of year). Time of day: blue hour. Atmosphere: deep winter in the hills — snow on ridges, frozen streams, low sun raking the slope. Colour palette: icy blue + warm tungsten pinpoints. Shot type: low ground-level tracking through the foreground. Style: documentary register (BBC/National Geographic feel), naturalistic colour grading, soft contrast, slight film grain. Composition: rule-of-thirds horizon, depth via foreground-midground-distance layering. Reference month: January.","no people, no human figures or silhouettes in foreground, no religious figures, sadhus, priests, monks, no specific religious attire (saffron robes, ceremonial clothing), no ritual objects (deities, idols, palanquins, ceremonial fire close-ups), no temple interiors or sanctum imagery, no signage with readable text, no on-screen graphics or overlays, no synthetic / cartoony rendering, no time-of-day mismatch (respect the requested mood)",https://pub-d8970c901de34c218926ebf4be1ed09a.r2.dev/destinations/auli.jpg,https://pub-bcda9bac2f63408880ee3f23aa3548e5.r2.dev/auli.mp4,https://www.nakshiq.com/en/festivals/auli-winter-carnival,https://www.nakshiq.com/hi/festivals/auli-winter-carnival,6,16:9,
C,9f04ff1c-9247-4e5a-b995-e1c58c42b916,phool-dei,Phool Dei,dhanaulti,Dhanaulti,uttarakhand,3,March,March 14-15 (Chaitra Sankranti),"Himalayan foothills, oak + rhododendron forest, river valleys","Himalayan foothills, oak + rhododendron forest, river valleys establishing wide shot — no figures, no signage with text",static establishing with subtle water-surface parallax,afternoon to dusk,"pre-summer warmth, dust in the air, soft hazy light","warm earth tones, ochre","Cinematic 16:9 establishing shot, 6-8 seconds. Subject: Himalayan foothills, oak + rhododendron forest, river valleys establishing wide shot — no figures, no signage with text. Location: Dhanaulti, uttarakhand, India (the host destination of the Phool Dei festival — do NOT render the festival itself, only the place at this time of year). Time of day: afternoon to dusk. Atmosphere: pre-summer warmth, dust in the air, soft hazy light. Colour palette: warm earth tones, ochre. Shot type: static establishing with subtle water-surface parallax. Style: documentary register (BBC/National Geographic feel), naturalistic colour grading, soft contrast, slight film grain. Composition: rule-of-thirds horizon, depth via foreground-midground-distance layering. Reference month: March.","no people, no human figures or silhouettes in foreground, no religious figures, sadhus, priests, monks, no specific religious attire (saffron robes, ceremonial clothing), no ritual objects (deities, idols, palanquins, ceremonial fire close-ups), no temple interiors or sanctum imagery, no signage with readable text, no on-screen graphics or overlays, no synthetic / cartoony rendering, no time-of-day mismatch (respect the requested mood)",https://pub-d8970c901de34c218926ebf4be1ed09a.r2.dev/destinations/dhanaulti.jpg,https://pub-bcda9bac2f63408880ee3f23aa3548e5.r2.dev/dhanaulti.mp4,https://www.nakshiq.com/en/festivals/phool-dei,https://www.nakshiq.com/hi/festivals/phool-dei,6,16:9,
C,36787d78-9b44-4882-bafe-a9192b3006f9,gopeshwar-shivratri-mela,Gopeshwar Shivratri Mela,gopeshwar,Gopeshwar,uttarakhand,2,February,February-March (Maha Shivaratri),"Himalayan foothills, oak + rhododendron forest, river valleys","empty fairground wide shot — tents, flags, dusty paths, no crowds, no readable signage",static establishing with subtle water-surface parallax,early golden hour,"late-winter clarity, crisp light, dry air",warm amber + cold shadow,"Cinematic 16:9 establishing shot, 6-8 seconds. Subject: empty fairground wide shot — tents, flags, dusty paths, no crowds, no readable signage. Location: Gopeshwar, uttarakhand, India (the host destination of the Gopeshwar Shivratri Mela festival — do NOT render the festival itself, only the place at this time of year). Time of day: early golden hour. Atmosphere: late-winter clarity, crisp light, dry air. Colour palette: warm amber + cold shadow. Shot type: static establishing with subtle water-surface parallax. Style: documentary register (BBC/National Geographic feel), naturalistic colour grading, soft contrast, slight film grain. Composition: rule-of-thirds horizon, depth via foreground-midground-distance layering. Reference month: February.","no people, no human figures or silhouettes in foreground, no religious figures, sadhus, priests, monks, no specific religious attire (saffron robes, ceremonial clothing), no ritual objects (deities, idols, palanquins, ceremonial fire close-ups), no temple interiors or sanctum imagery, no signage with readable text, no on-screen graphics or overlays, no synthetic / cartoony rendering, no time-of-day mismatch (respect the requested mood)",https://pub-d8970c901de34c218926ebf4be1ed09a.r2.dev/destinations/gopeshwar.jpg,https://pub-bcda9bac2f63408880ee3f23aa3548e5.r2.dev/gopeshwar.mp4,https://www.nakshiq.com/en/festivals/gopeshwar-shivratri-mela,https://www.nakshiq.com/hi/festivals/gopeshwar-shivratri-mela,6,16:9,
A,e7bcbf56-df62-47b1-af87-3d84cb1ad411,corbett-holi-with-elephants,Corbett Holi with Elephants,corbett-national-park,Jim Corbett National Park,uttarakhand,3,March,March (Phalguna Purnima),"Himalayan foothills, oak + rhododendron forest, river valleys","open meadow with early-bloom wildflowers, no people",static establishing with subtle water-surface parallax,afternoon to dusk,"pre-summer warmth, dust in the air, soft hazy light","warm earth tones, ochre","Cinematic 16:9 establishing shot, 6-8 seconds. Subject: open meadow with early-bloom wildflowers, no people. Location: Jim Corbett National Park, uttarakhand, India (the host destination of the Corbett Holi with Elephants festival — do NOT render the festival itself, only the place at this time of year). Time of day: afternoon to dusk. Atmosphere: pre-summer warmth, dust in the air, soft hazy light. Colour palette: warm earth tones, ochre. Shot type: static establishing with subtle water-surface parallax. Style: documentary register (BBC/National Geographic feel), naturalistic colour grading, soft contrast, slight film grain. Composition: rule-of-thirds horizon, depth via foreground-midground-distance layering. Reference month: March.","no people, no human figures or silhouettes in foreground, no religious figures, sadhus, priests, monks, no specific religious attire (saffron robes, ceremonial clothing), no ritual objects (deities, idols, palanquins, ceremonial fire close-ups), no temple interiors or sanctum imagery, no signage with readable text, no on-screen graphics or overlays, no synthetic / cartoony rendering, no time-of-day mismatch (respect the requested mood)",https://pub-d8970c901de34c218926ebf4be1ed09a.r2.dev/destinations/corbett-national-park.jpg,https://pub-bcda9bac2f63408880ee3f23aa3548e5.r2.dev/corbett-national-park.mp4,https://www.nakshiq.com/en/festivals/corbett-holi-with-elephants,https://www.nakshiq.com/hi/festivals/corbett-holi-with-elephants,6,16:9,
C,cf088f07-180e-4a50-8e95-4dcd4f9bd0d7,harela-festival,Harela Festival,kausani,Kausani,uttarakhand,7,July,July 16 (Shravan Sankranti),"Himalayan foothills, oak + rhododendron forest, river valleys","Himalayan foothills, oak + rhododendron forest, river valleys establishing wide shot — no figures, no signage with text",static establishing with subtle water-surface parallax,afternoon shaft-light,"monsoon in the hills — mist drifts through deodar forest, sun shafts breaking cloud, wet stone glistens",saturated emerald + silver mist,"Cinematic 16:9 establishing shot, 6-8 seconds. Subject: Himalayan foothills, oak + rhododendron forest, river valleys establishing wide shot — no figures, no signage with text. Location: Kausani, uttarakhand, India (the host destination of the Harela Festival festival — do NOT render the festival itself, only the place at this time of year). Time of day: afternoon shaft-light. Atmosphere: monsoon in the hills — mist drifts through deodar forest, sun shafts breaking cloud, wet stone glistens. Colour palette: saturated emerald + silver mist. Shot type: static establishing with subtle water-surface parallax. Style: documentary register (BBC/National Geographic feel), naturalistic colour grading, soft contrast, slight film grain. Composition: rule-of-thirds horizon, depth via foreground-midground-distance layering. Reference month: July.","no people, no human figures or silhouettes in foreground, no religious figures, sadhus, priests, monks, no specific religious attire (saffron robes, ceremonial clothing), no ritual objects (deities, idols, palanquins, ceremonial fire close-ups), no temple interiors or sanctum imagery, no signage with readable text, no on-screen graphics or overlays, no synthetic / cartoony rendering, no time-of-day mismatch (respect the requested mood)",https://pub-d8970c901de34c218926ebf4be1ed09a.r2.dev/destinations/kausani.jpg,https://pub-bcda9bac2f63408880ee3f23aa3548e5.r2.dev/kausani.mp4,https://www.nakshiq.com/en/festivals/harela-festival,https://www.nakshiq.com/hi/festivals/harela-festival,6,16:9,
C,8c182113-faf8-41d5-a0f5-a06d031d4929,uttarayani-fair,Uttarayani Fair,mukteshwar,Mukteshwar,uttarakhand,1,January,January 14 (Makar Sankranti),"Himalayan foothills, oak + rhododendron forest, river valleys","empty fairground wide shot — tents, flags, dusty paths, no crowds, no readable signage",static establishing with subtle water-surface parallax,blue hour,"deep winter in the hills — snow on ridges, frozen streams, low sun raking the slope",icy blue + warm tungsten pinpoints,"Cinematic 16:9 establishing shot, 6-8 seconds. Subject: empty fairground wide shot — tents, flags, dusty paths, no crowds, no readable signage. Location: Mukteshwar, uttarakhand, India (the host destination of the Uttarayani Fair festival — do NOT render the festival itself, only the place at this time of year). Time of day: blue hour. Atmosphere: deep winter in the hills — snow on ridges, frozen streams, low sun raking the slope. Colour palette: icy blue + warm tungsten pinpoints. Shot type: static establishing with subtle water-surface parallax. Style: documentary register (BBC/National Geographic feel), naturalistic colour grading, soft contrast, slight film grain. Composition: rule-of-thirds horizon, depth via foreground-midground-distance layering. Reference month: January.","no people, no human figures or silhouettes in foreground, no religious figures, sadhus, priests, monks, no specific religious attire (saffron robes, ceremonial clothing), no ritual objects (deities, idols, palanquins, ceremonial fire close-ups), no temple interiors or sanctum imagery, no signage with readable text, no on-screen graphics or overlays, no synthetic / cartoony rendering, no time-of-day mismatch (respect the requested mood)",https://pub-d8970c901de34c218926ebf4be1ed09a.r2.dev/destinations/mukteshwar.jpg,https://pub-bcda9bac2f63408880ee3f23aa3548e5.r2.dev/mukteshwar.mp4,https://www.nakshiq.com/en/festivals/uttarayani-fair,https://www.nakshiq.com/hi/festivals/uttarayani-fair,6,16:9,
A,6baa39ca-2cdc-4d80-b9ea-090eed84073e,nanda-devi-raj-jat-yatra-munsiyari,Nanda Devi Raj Jat Yatra,munsiyari,Munsiyari,uttarakhand,8,August,"August-September (every 12 years, next ~2026)","Himalayan foothills, oak + rhododendron forest, river valleys","long mountain road or trail receding into distance, no pilgrims visible",static establishing with subtle water-surface parallax,afternoon shaft-light,"monsoon in the hills — mist drifts through deodar forest, sun shafts breaking cloud, wet stone glistens",saturated emerald + silver mist,"Cinematic 16:9 establishing shot, 6-8 seconds. Subject: long mountain road or trail receding into distance, no pilgrims visible. Location: Munsiyari, uttarakhand, India (the host destination of the Nanda Devi Raj Jat Yatra festival — do NOT render the festival itself, only the place at this time of year). Time of day: afternoon shaft-light. Atmosphere: monsoon in the hills — mist drifts through deodar forest, sun shafts breaking cloud, wet stone glistens. Colour palette: saturated emerald + silver mist. Shot type: static establishing with subtle water-surface parallax. Style: documentary register (BBC/National Geographic feel), naturalistic colour grading, soft contrast, slight film grain. Composition: rule-of-thirds horizon, depth via foreground-midground-distance layering. Reference month: August.","no people, no human figures or silhouettes in foreground, no religious figures, sadhus, priests, monks, no specific religious attire (saffron robes, ceremonial clothing), no ritual objects (deities, idols, palanquins, ceremonial fire close-ups), no temple interiors or sanctum imagery, no signage with readable text, no on-screen graphics or overlays, no synthetic / cartoony rendering, no time-of-day mismatch (respect the requested mood)",https://pub-d8970c901de34c218926ebf4be1ed09a.r2.dev/destinations/munsiyari.jpg,https://pub-bcda9bac2f63408880ee3f23aa3548e5.r2.dev/munsiyari.mp4,https://www.nakshiq.com/en/festivals/nanda-devi-raj-jat-yatra-munsiyari,https://www.nakshiq.com/hi/festivals/nanda-devi-raj-jat-yatra-munsiyari,6,16:9,
C,61ecf260-43a7-48c0-a578-e2b52dde316f,valley-of-flowers-opening-season,Valley of Flowers Opening Season,valley-of-flowers,Valley of Flowers,uttarakhand,6,June,June 1 (annual opening),"Himalayan foothills, oak + rhododendron forest, river valleys","temple-town exterior wide shot — sandstone or granite architecture, no figures, no idols visible",static establishing with subtle water-surface parallax,early morning,"alpine spring — clear cold air, snow-melt streams, distant high-altitude peaks",snow-white + emerald + cobalt sky,"Cinematic 16:9 establishing shot, 6-8 seconds. Subject: temple-town exterior wide shot — sandstone or granite architecture, no figures, no idols visible. Location: Valley of Flowers, uttarakhand, India (the host destination of the Valley of Flowers Opening Season festival — do NOT render the festival itself, only the place at this time of year). Time of day: early morning. Atmosphere: alpine spring — clear cold air, snow-melt streams, distant high-altitude peaks. Colour palette: snow-white + emerald + cobalt sky. Shot type: static establishing with subtle water-surface parallax. Style: documentary register (BBC/National Geographic feel), naturalistic colour grading, soft contrast, slight film grain. Composition: rule-of-thirds horizon, depth via foreground-midground-distance layering. Reference month: June.","no people, no human figures or silhouettes in foreground, no religious figures, sadhus, priests, monks, no specific religious attire (saffron robes, ceremonial clothing), no ritual objects (deities, idols, palanquins, ceremonial fire close-ups), no temple interiors or sanctum imagery, no signage with readable text, no on-screen graphics or overlays, no synthetic / cartoony rendering, no time-of-day mismatch (respect the requested mood)",https://pub-d8970c901de34c218926ebf4be1ed09a.r2.dev/destinations/valley-of-flowers.jpg,https://pub-bcda9bac2f63408880ee3f23aa3548e5.r2.dev/valley-of-flowers.mp4,https://www.nakshiq.com/en/festivals/valley-of-flowers-opening-season,https://www.nakshiq.com/hi/festivals/valley-of-flowers-opening-season,6,16:9,
C,7057b7ab-6db4-4f82-89f7-9efef16f67d9,jauhar-mela,Jauhar Mela,chittorgarh,Chittorgarh,rajasthan,3,March,March 8,"Thar desert dunes, fort silhouettes, ochre stone","empty fairground wide shot — tents, flags, dusty paths, no crowds, no readable signage",slow drone push-in along the horizon line,afternoon to dusk,"pre-summer warmth, dust in the air, soft hazy light","warm earth tones, ochre","Cinematic 16:9 establishing shot, 6-8 seconds. Subject: empty fairground wide shot — tents, flags, dusty paths, no crowds, no readable signage. Location: Chittorgarh, rajasthan, India (the host destination of the Jauhar Mela festival — do NOT render the festival itself, only the place at this time of year). Time of day: afternoon to dusk. Atmosphere: pre-summer warmth, dust in the air, soft hazy light. Colour palette: warm earth tones, ochre. Shot type: slow drone push-in along the horizon line. Style: documentary register (BBC/National Geographic feel), naturalistic colour grading, soft contrast, slight film grain. Composition: rule-of-thirds horizon, depth via foreground-midground-distance layering. Reference month: March.","no people, no human figures or silhouettes in foreground, no religious figures, sadhus, priests, monks, no specific religious attire (saffron robes, ceremonial clothing), no ritual objects (deities, idols, palanquins, ceremonial fire close-ups), no temple interiors or sanctum imagery, no signage with readable text, no on-screen graphics or overlays, no synthetic / cartoony rendering, no time-of-day mismatch (respect the requested mood)",https://pub-d8970c901de34c218926ebf4be1ed09a.r2.dev/destinations/chittorgarh.jpg,https://pub-bcda9bac2f63408880ee3f23aa3548e5.r2.dev/chittorgarh.mp4,https://www.nakshiq.com/en/festivals/jauhar-mela,https://www.nakshiq.com/hi/festivals/jauhar-mela,6,16:9,
C,40eff7cb-9008-4fb2-8060-d7638b17880d,meera-mahotsav,Meera Mahotsav,chittorgarh,Chittorgarh,rajasthan,10,October,October (Sharad Purnima),"Thar desert dunes, fort silhouettes, ochre stone","Thar desert dunes, fort silhouettes, ochre stone establishing wide shot — no figures, no signage with text",slow drone push-in along the horizon line,evening golden hour,"autumn warmth, returning dust, soft sunset glow",warm gold + violet sky,"Cinematic 16:9 establishing shot, 6-8 seconds. Subject: Thar desert dunes, fort silhouettes, ochre stone establishing wide shot — no figures, no signage with text. Location: Chittorgarh, rajasthan, India (the host destination of the Meera Mahotsav festival — do NOT render the festival itself, only the place at this time of year). Time of day: evening golden hour. Atmosphere: autumn warmth, returning dust, soft sunset glow. Colour palette: warm gold + violet sky. Shot type: slow drone push-in along the horizon line. Style: documentary register (BBC/National Geographic feel), naturalistic colour grading, soft contrast, slight film grain. Composition: rule-of-thirds horizon, depth via foreground-midground-distance layering. Reference month: October.","no people, no human figures or silhouettes in foreground, no religious figures, sadhus, priests, monks, no specific religious attire (saffron robes, ceremonial clothing), no ritual objects (deities, idols, palanquins, ceremonial fire close-ups), no temple interiors or sanctum imagery, no signage with readable text, no on-screen graphics or overlays, no synthetic / cartoony rendering, no time-of-day mismatch (respect the requested mood)",https://pub-d8970c901de34c218926ebf4be1ed09a.r2.dev/destinations/chittorgarh.jpg,https://pub-bcda9bac2f63408880ee3f23aa3548e5.r2.dev/chittorgarh.mp4,https://www.nakshiq.com/en/festivals/meera-mahotsav,https://www.nakshiq.com/hi/festivals/meera-mahotsav,6,16:9,
C,1a9a0f5f-0f9d-455d-9620-ee23d0c62380,tehri-lake-festival,Tehri Lake Festival,tehri,Tehri Lake,uttarakhand,3,March,March (varies),"Himalayan foothills, oak + rhododendron forest, river valleys","still lake, reflection of surrounding terrain, no boats or figures",static establishing with subtle water-surface parallax,afternoon to dusk,"pre-summer warmth, dust in the air, soft hazy light","warm earth tones, ochre","Cinematic 16:9 establishing shot, 6-8 seconds. Subject: still lake, reflection of surrounding terrain, no boats or figures. Location: Tehri Lake, uttarakhand, India (the host destination of the Tehri Lake Festival festival — do NOT render the festival itself, only the place at this time of year). Time of day: afternoon to dusk. Atmosphere: pre-summer warmth, dust in the air, soft hazy light. Colour palette: warm earth tones, ochre. Shot type: static establishing with subtle water-surface parallax. Style: documentary register (BBC/National Geographic feel), naturalistic colour grading, soft contrast, slight film grain. Composition: rule-of-thirds horizon, depth via foreground-midground-distance layering. Reference month: March.","no people, no human figures or silhouettes in foreground, no religious figures, sadhus, priests, monks, no specific religious attire (saffron robes, ceremonial clothing), no ritual objects (deities, idols, palanquins, ceremonial fire close-ups), no temple interiors or sanctum imagery, no signage with readable text, no on-screen graphics or overlays, no synthetic / cartoony rendering, no time-of-day mismatch (respect the requested mood)",https://pub-d8970c901de34c218926ebf4be1ed09a.r2.dev/destinations/tehri.jpg,https://pub-bcda9bac2f63408880ee3f23aa3548e5.r2.dev/tehri.mp4,https://www.nakshiq.com/en/festivals/tehri-lake-festival,https://www.nakshiq.com/hi/festivals/tehri-lake-festival,6,16:9,
C,22108234-5518-4e44-8f3b-d989759b094a,lansdowne-autumn-festival,Lansdowne Autumn Festival,lansdowne,Lansdowne,uttarakhand,10,October,October (varies),"Himalayan foothills, oak + rhododendron forest, river valleys","Himalayan foothills, oak + rhododendron forest, river valleys establishing wide shot — no figures, no signage with text",static establishing with subtle water-surface parallax,morning golden hour,"post-monsoon clarity at altitude — crystalline cold air, autumn-tinged forest, distant snow",warm amber + cool cobalt,"Cinematic 16:9 establishing shot, 6-8 seconds. Subject: Himalayan foothills, oak + rhododendron forest, river valleys establishing wide shot — no figures, no signage with text. Location: Lansdowne, uttarakhand, India (the host destination of the Lansdowne Autumn Festival festival — do NOT render the festival itself, only the place at this time of year). Time of day: morning golden hour. Atmosphere: post-monsoon clarity at altitude — crystalline cold air, autumn-tinged forest, distant snow. Colour palette: warm amber + cool cobalt. Shot type: static establishing with subtle water-surface parallax. Style: documentary register (BBC/National Geographic feel), naturalistic colour grading, soft contrast, slight film grain. Composition: rule-of-thirds horizon, depth via foreground-midground-distance layering. Reference month: October.","no people, no human figures or silhouettes in foreground, no religious figures, sadhus, priests, monks, no specific religious attire (saffron robes, ceremonial clothing), no ritual objects (deities, idols, palanquins, ceremonial fire close-ups), no temple interiors or sanctum imagery, no signage with readable text, no on-screen graphics or overlays, no synthetic / cartoony rendering, no time-of-day mismatch (respect the requested mood)",https://pub-d8970c901de34c218926ebf4be1ed09a.r2.dev/destinations/lansdowne.jpg,https://pub-bcda9bac2f63408880ee3f23aa3548e5.r2.dev/lansdowne.mp4,https://www.nakshiq.com/en/festivals/lansdowne-autumn-festival,https://www.nakshiq.com/hi/festivals/lansdowne-autumn-festival,6,16:9,
C,6117916f-bf43-44d8-847d-f0ce29abaa6a,barot-trout-festival,Barot Trout Festival,barot-valley,Barot Valley,himachal pradesh,4,April,April (varies),"Himalayan ridges, deodar slopes, prayer-flag-empty (no flags) ridgelines","Himalayan ridges, deodar slopes, prayer-flag-empty (no flags) ridgelines establishing wide shot — no figures, no signage with text",slow drone pull-back revealing the wider valley,early morning,"alpine spring — clear cold air, snow-melt streams, distant high-altitude peaks",snow-white + emerald + cobalt sky,"Cinematic 16:9 establishing shot, 6-8 seconds. Subject: Himalayan ridges, deodar slopes, prayer-flag-empty (no flags) ridgelines establishing wide shot — no figures, no signage with text. Location: Barot Valley, himachal pradesh, India (the host destination of the Barot Trout Festival festival — do NOT render the festival itself, only the place at this time of year). Time of day: early morning. Atmosphere: alpine spring — clear cold air, snow-melt streams, distant high-altitude peaks. Colour palette: snow-white + emerald + cobalt sky. Shot type: slow drone pull-back revealing the wider valley. Style: documentary register (BBC/National Geographic feel), naturalistic colour grading, soft contrast, slight film grain. Composition: rule-of-thirds horizon, depth via foreground-midground-distance layering. Reference month: April.","no people, no human figures or silhouettes in foreground, no religious figures, sadhus, priests, monks, no specific religious attire (saffron robes, ceremonial clothing), no ritual objects (deities, idols, palanquins, ceremonial fire close-ups), no temple interiors or sanctum imagery, no signage with readable text, no on-screen graphics or overlays, no synthetic / cartoony rendering, no time-of-day mismatch (respect the requested mood)",https://pub-d8970c901de34c218926ebf4be1ed09a.r2.dev/destinations/barot-valley.jpg,https://pub-bcda9bac2f63408880ee3f23aa3548e5.r2.dev/barot-valley.mp4,https://www.nakshiq.com/en/festivals/barot-trout-festival,https://www.nakshiq.com/hi/festivals/barot-trout-festival,6,16:9,
C,201b6524-25ef-4d47-bfa5-1ab08f532f88,shringa-rishi-fair,Shringa Rishi Fair,jibhi,Jibhi,himachal pradesh,4,April,April (Baisakhi),"Himalayan ridges, deodar slopes, prayer-flag-empty (no flags) ridgelines","empty fairground wide shot — tents, flags, dusty paths, no crowds, no readable signage",slow drone pull-back revealing the wider valley,early morning,"alpine spring — clear cold air, snow-melt streams, distant high-altitude peaks",snow-white + emerald + cobalt sky,"Cinematic 16:9 establishing shot, 6-8 seconds. Subject: empty fairground wide shot — tents, flags, dusty paths, no crowds, no readable signage. Location: Jibhi, himachal pradesh, India (the host destination of the Shringa Rishi Fair festival — do NOT render the festival itself, only the place at this time of year). Time of day: early morning. Atmosphere: alpine spring — clear cold air, snow-melt streams, distant high-altitude peaks. Colour palette: snow-white + emerald + cobalt sky. Shot type: slow drone pull-back revealing the wider valley. Style: documentary register (BBC/National Geographic feel), naturalistic colour grading, soft contrast, slight film grain. Composition: rule-of-thirds horizon, depth via foreground-midground-distance layering. Reference month: April.","no people, no human figures or silhouettes in foreground, no religious figures, sadhus, priests, monks, no specific religious attire (saffron robes, ceremonial clothing), no ritual objects (deities, idols, palanquins, ceremonial fire close-ups), no temple interiors or sanctum imagery, no signage with readable text, no on-screen graphics or overlays, no synthetic / cartoony rendering, no time-of-day mismatch (respect the requested mood)",https://pub-d8970c901de34c218926ebf4be1ed09a.r2.dev/destinations/jibhi.jpg,https://pub-bcda9bac2f63408880ee3f23aa3548e5.r2.dev/jibhi.mp4,https://www.nakshiq.com/en/festivals/shringa-rishi-fair,https://www.nakshiq.com/hi/festivals/shringa-rishi-fair,6,16:9,
C,c61b571c-270f-41c3-bb3e-c3574da29f70,kasauli-rhythm-and-blues-festival,Kasauli Rhythm and Blues Festival,kasauli,Kasauli,himachal pradesh,4,April,April (varies),"Himalayan ridges, deodar slopes, prayer-flag-empty (no flags) ridgelines","Himalayan ridges, deodar slopes, prayer-flag-empty (no flags) ridgelines establishing wide shot — no figures, no signage with text",slow drone pull-back revealing the wider valley,early morning,"alpine spring — clear cold air, snow-melt streams, distant high-altitude peaks",snow-white + emerald + cobalt sky,"Cinematic 16:9 establishing shot, 6-8 seconds. Subject: Himalayan ridges, deodar slopes, prayer-flag-empty (no flags) ridgelines establishing wide shot — no figures, no signage with text. Location: Kasauli, himachal pradesh, India (the host destination of the Kasauli Rhythm and Blues Festival festival — do NOT render the festival itself, only the place at this time of year). Time of day: early morning. Atmosphere: alpine spring — clear cold air, snow-melt streams, distant high-altitude peaks. Colour palette: snow-white + emerald + cobalt sky. Shot type: slow drone pull-back revealing the wider valley. Style: documentary register (BBC/National Geographic feel), naturalistic colour grading, soft contrast, slight film grain. Composition: rule-of-thirds horizon, depth via foreground-midground-distance layering. Reference month: April.","no people, no human figures or silhouettes in foreground, no religious figures, sadhus, priests, monks, no specific religious attire (saffron robes, ceremonial clothing), no ritual objects (deities, idols, palanquins, ceremonial fire close-ups), no temple interiors or sanctum imagery, no signage with readable text, no on-screen graphics or overlays, no synthetic / cartoony rendering, no time-of-day mismatch (respect the requested mood)",https://pub-d8970c901de34c218926ebf4be1ed09a.r2.dev/destinations/kasauli.jpg,https://pub-bcda9bac2f63408880ee3f23aa3548e5.r2.dev/kasauli.mp4,https://www.nakshiq.com/en/festivals/kasauli-rhythm-and-blues-festival,https://www.nakshiq.com/hi/festivals/kasauli-rhythm-and-blues-festival,6,16:9,
C,a92edf8d-e291-4286-a908-037e1030078f,ladarcha-fair-keylong,Ladarcha Fair,keylong,Keylong,himachal pradesh,8,August,August (varies),"Himalayan ridges, deodar slopes, prayer-flag-empty (no flags) ridgelines","empty fairground wide shot — tents, flags, dusty paths, no crowds, no readable signage",slow drone pull-back revealing the wider valley,afternoon shaft-light,"monsoon in the hills — mist drifts through deodar forest, sun shafts breaking cloud, wet stone glistens",saturated emerald + silver mist,"Cinematic 16:9 establishing shot, 6-8 seconds. Subject: empty fairground wide shot — tents, flags, dusty paths, no crowds, no readable signage. Location: Keylong, himachal pradesh, India (the host destination of the Ladarcha Fair festival — do NOT render the festival itself, only the place at this time of year). Time of day: afternoon shaft-light. Atmosphere: monsoon in the hills — mist drifts through deodar forest, sun shafts breaking cloud, wet stone glistens. Colour palette: saturated emerald + silver mist. Shot type: slow drone pull-back revealing the wider valley. Style: documentary register (BBC/National Geographic feel), naturalistic colour grading, soft contrast, slight film grain. Composition: rule-of-thirds horizon, depth via foreground-midground-distance layering. Reference month: August.","no people, no human figures or silhouettes in foreground, no religious figures, sadhus, priests, monks, no specific religious attire (saffron robes, ceremonial clothing), no ritual objects (deities, idols, palanquins, ceremonial fire close-ups), no temple interiors or sanctum imagery, no signage with readable text, no on-screen graphics or overlays, no synthetic / cartoony rendering, no time-of-day mismatch (respect the requested mood)",https://pub-d8970c901de34c218926ebf4be1ed09a.r2.dev/destinations/keylong.jpg,https://pub-bcda9bac2f63408880ee3f23aa3548e5.r2.dev/keylong.mp4,https://www.nakshiq.com/en/festivals/ladarcha-fair-keylong,https://www.nakshiq.com/hi/festivals/ladarcha-fair-keylong,6,16:9,
C,b342a8de-7027-40b2-94d0-ee58a897c65b,mandi-shivaratri-fair,Mandi Shivaratri Fair,mandi,Mandi,himachal pradesh,2,February,February-March (Maha Shivaratri),"Himalayan ridges, deodar slopes, prayer-flag-empty (no flags) ridgelines","empty fairground wide shot — tents, flags, dusty paths, no crowds, no readable signage",slow drone pull-back revealing the wider valley,early golden hour,"late-winter clarity, crisp light, dry air",warm amber + cold shadow,"Cinematic 16:9 establishing shot, 6-8 seconds. Subject: empty fairground wide shot — tents, flags, dusty paths, no crowds, no readable signage. Location: Mandi, himachal pradesh, India (the host destination of the Mandi Shivaratri Fair festival — do NOT render the festival itself, only the place at this time of year). Time of day: early golden hour. Atmosphere: late-winter clarity, crisp light, dry air. Colour palette: warm amber + cold shadow. Shot type: slow drone pull-back revealing the wider valley. Style: documentary register (BBC/National Geographic feel), naturalistic colour grading, soft contrast, slight film grain. Composition: rule-of-thirds horizon, depth via foreground-midground-distance layering. Reference month: February.","no people, no human figures or silhouettes in foreground, no religious figures, sadhus, priests, monks, no specific religious attire (saffron robes, ceremonial clothing), no ritual objects (deities, idols, palanquins, ceremonial fire close-ups), no temple interiors or sanctum imagery, no signage with readable text, no on-screen graphics or overlays, no synthetic / cartoony rendering, no time-of-day mismatch (respect the requested mood)",https://pub-d8970c901de34c218926ebf4be1ed09a.r2.dev/destinations/mandi.jpg,https://pub-bcda9bac2f63408880ee3f23aa3548e5.r2.dev/mandi.mp4,https://www.nakshiq.com/en/festivals/mandi-shivaratri-fair,https://www.nakshiq.com/hi/festivals/mandi-shivaratri-fair,6,16:9,
C,b02b3555-cba7-4ab4-8b8c-e7e9180db8b6,mandi-nalwari-cattle-fair,Mandi Nalwari Cattle Fair,mandi,Mandi,himachal pradesh,3,March,March (post-Shivaratri),"Himalayan ridges, deodar slopes, prayer-flag-empty (no flags) ridgelines","empty fairground wide shot — tents, flags, dusty paths, no crowds, no readable signage",slow drone pull-back revealing the wider valley,afternoon to dusk,"pre-summer warmth, dust in the air, soft hazy light","warm earth tones, ochre","Cinematic 16:9 establishing shot, 6-8 seconds. Subject: empty fairground wide shot — tents, flags, dusty paths, no crowds, no readable signage. Location: Mandi, himachal pradesh, India (the host destination of the Mandi Nalwari Cattle Fair festival — do NOT render the festival itself, only the place at this time of year). Time of day: afternoon to dusk. Atmosphere: pre-summer warmth, dust in the air, soft hazy light. Colour palette: warm earth tones, ochre. Shot type: slow drone pull-back revealing the wider valley. Style: documentary register (BBC/National Geographic feel), naturalistic colour grading, soft contrast, slight film grain. Composition: rule-of-thirds horizon, depth via foreground-midground-distance layering. Reference month: March.","no people, no human figures or silhouettes in foreground, no religious figures, sadhus, priests, monks, no specific religious attire (saffron robes, ceremonial clothing), no ritual objects (deities, idols, palanquins, ceremonial fire close-ups), no temple interiors or sanctum imagery, no signage with readable text, no on-screen graphics or overlays, no synthetic / cartoony rendering, no time-of-day mismatch (respect the requested mood)",https://pub-d8970c901de34c218926ebf4be1ed09a.r2.dev/destinations/mandi.jpg,https://pub-bcda9bac2f63408880ee3f23aa3548e5.r2.dev/mandi.mp4,https://www.nakshiq.com/en/festivals/mandi-nalwari-cattle-fair,https://www.nakshiq.com/hi/festivals/mandi-nalwari-cattle-fair,6,16:9,
C,9630d9fd-0d32-4b54-be8e-30f3b3035f6d,bhimakali-dussehra,Bhimakali Dussehra,sarahan,Sarahan,himachal pradesh,10,October,October (Navaratri-Dussehra),"Himalayan ridges, deodar slopes, prayer-flag-empty (no flags) ridgelines","Himalayan ridges, deodar slopes, prayer-flag-empty (no flags) ridgelines establishing wide shot — no figures, no signage with text",slow drone pull-back revealing the wider valley,morning golden hour,"post-monsoon clarity at altitude — crystalline cold air, autumn-tinged forest, distant snow",warm amber + cool cobalt,"Cinematic 16:9 establishing shot, 6-8 seconds. Subject: Himalayan ridges, deodar slopes, prayer-flag-empty (no flags) ridgelines establishing wide shot — no figures, no signage with text. Location: Sarahan, himachal pradesh, India (the host destination of the Bhimakali Dussehra festival — do NOT render the festival itself, only the place at this time of year). Time of day: morning golden hour. Atmosphere: post-monsoon clarity at altitude — crystalline cold air, autumn-tinged forest, distant snow. Colour palette: warm amber + cool cobalt. Shot type: slow drone pull-back revealing the wider valley. Style: documentary register (BBC/National Geographic feel), naturalistic colour grading, soft contrast, slight film grain. Composition: rule-of-thirds horizon, depth via foreground-midground-distance layering. Reference month: October.","no people, no human figures or silhouettes in foreground, no religious figures, sadhus, priests, monks, no specific religious attire (saffron robes, ceremonial clothing), no ritual objects (deities, idols, palanquins, ceremonial fire close-ups), no temple interiors or sanctum imagery, no signage with readable text, no on-screen graphics or overlays, no synthetic / cartoony rendering, no time-of-day mismatch (respect the requested mood)",https://pub-d8970c901de34c218926ebf4be1ed09a.r2.dev/destinations/sarahan.jpg,https://pub-bcda9bac2f63408880ee3f23aa3548e5.r2.dev/sarahan.mp4,https://www.nakshiq.com/en/festivals/bhimakali-dussehra,https://www.nakshiq.com/hi/festivals/bhimakali-dussehra,6,16:9,
C,592bf881-2729-4116-a085-47cdef8c6dc1,tirthan-trout-season-opening,Tirthan Trout Season Opening,tirthan-valley,Tirthan Valley,himachal pradesh,3,March,March 1 (annual),"Himalayan ridges, deodar slopes, prayer-flag-empty (no flags) ridgelines","temple-town exterior wide shot — sandstone or granite architecture, no figures, no idols visible",slow drone pull-back revealing the wider valley,afternoon to dusk,"pre-summer warmth, dust in the air, soft hazy light","warm earth tones, ochre","Cinematic 16:9 establishing shot, 6-8 seconds. Subject: temple-town exterior wide shot — sandstone or granite architecture, no figures, no idols visible. Location: Tirthan Valley, himachal pradesh, India (the host destination of the Tirthan Trout Season Opening festival — do NOT render the festival itself, only the place at this time of year). Time of day: afternoon to dusk. Atmosphere: pre-summer warmth, dust in the air, soft hazy light. Colour palette: warm earth tones, ochre. Shot type: slow drone pull-back revealing the wider valley. Style: documentary register (BBC/National Geographic feel), naturalistic colour grading, soft contrast, slight film grain. Composition: rule-of-thirds horizon, depth via foreground-midground-distance layering. Reference month: March.","no people, no human figures or silhouettes in foreground, no religious figures, sadhus, priests, monks, no specific religious attire (saffron robes, ceremonial clothing), no ritual objects (deities, idols, palanquins, ceremonial fire close-ups), no temple interiors or sanctum imagery, no signage with readable text, no on-screen graphics or overlays, no synthetic / cartoony rendering, no time-of-day mismatch (respect the requested mood)",https://pub-d8970c901de34c218926ebf4be1ed09a.r2.dev/destinations/tirthan-valley.jpg,https://pub-bcda9bac2f63408880ee3f23aa3548e5.r2.dev/tirthan-valley.mp4,https://www.nakshiq.com/en/festivals/tirthan-trout-season-opening,https://www.nakshiq.com/hi/festivals/tirthan-trout-season-opening,6,16:9,
C,91f18f7a-5472-4203-b834-da9cf8df7d7b,amarnath-yatra-start,Amarnath Yatra Start,pahalgam,Pahalgam,jammu kashmir,7,July,July (Shravan Purnima season),"alpine meadows, deodar forests, lake reflections","long mountain road or trail receding into distance, no pilgrims visible",static establishing with subtle water-surface parallax,afternoon shaft-light,"monsoon in the hills — mist drifts through deodar forest, sun shafts breaking cloud, wet stone glistens",saturated emerald + silver mist,"Cinematic 16:9 establishing shot, 6-8 seconds. Subject: long mountain road or trail receding into distance, no pilgrims visible. Location: Pahalgam, jammu kashmir, India (the host destination of the Amarnath Yatra Start festival — do NOT render the festival itself, only the place at this time of year). Time of day: afternoon shaft-light. Atmosphere: monsoon in the hills — mist drifts through deodar forest, sun shafts breaking cloud, wet stone glistens. Colour palette: saturated emerald + silver mist. Shot type: static establishing with subtle water-surface parallax. Style: documentary register (BBC/National Geographic feel), naturalistic colour grading, soft contrast, slight film grain. Composition: rule-of-thirds horizon, depth via foreground-midground-distance layering. Reference month: July.","no people, no human figures or silhouettes in foreground, no religious figures, sadhus, priests, monks, no specific religious attire (saffron robes, ceremonial clothing), no ritual objects (deities, idols, palanquins, ceremonial fire close-ups), no temple interiors or sanctum imagery, no signage with readable text, no on-screen graphics or overlays, no synthetic / cartoony rendering, no time-of-day mismatch (respect the requested mood)",https://pub-d8970c901de34c218926ebf4be1ed09a.r2.dev/destinations/pahalgam.jpg,https://pub-bcda9bac2f63408880ee3f23aa3548e5.r2.dev/pahalgam.mp4,https://www.nakshiq.com/en/festivals/amarnath-yatra-start,https://www.nakshiq.com/hi/festivals/amarnath-yatra-start,6,16:9,
C,677f00ab-4109-41ff-b758-b2e4c6c59464,pahalgam-spring-festival,Pahalgam Spring Festival,pahalgam,Pahalgam,jammu kashmir,4,April,April (varies),"alpine meadows, deodar forests, lake reflections","open meadow with early-bloom wildflowers, no people",static establishing with subtle water-surface parallax,early morning,"alpine spring — clear cold air, snow-melt streams, distant high-altitude peaks",snow-white + emerald + cobalt sky,"Cinematic 16:9 establishing shot, 6-8 seconds. Subject: open meadow with early-bloom wildflowers, no people. Location: Pahalgam, jammu kashmir, India (the host destination of the Pahalgam Spring Festival festival — do NOT render the festival itself, only the place at this time of year). Time of day: early morning. Atmosphere: alpine spring — clear cold air, snow-melt streams, distant high-altitude peaks. Colour palette: snow-white + emerald + cobalt sky. Shot type: static establishing with subtle water-surface parallax. Style: documentary register (BBC/National Geographic feel), naturalistic colour grading, soft contrast, slight film grain. Composition: rule-of-thirds horizon, depth via foreground-midground-distance layering. Reference month: April.","no people, no human figures or silhouettes in foreground, no religious figures, sadhus, priests, monks, no specific religious attire (saffron robes, ceremonial clothing), no ritual objects (deities, idols, palanquins, ceremonial fire close-ups), no temple interiors or sanctum imagery, no signage with readable text, no on-screen graphics or overlays, no synthetic / cartoony rendering, no time-of-day mismatch (respect the requested mood)",https://pub-d8970c901de34c218926ebf4be1ed09a.r2.dev/destinations/pahalgam.jpg,https://pub-bcda9bac2f63408880ee3f23aa3548e5.r2.dev/pahalgam.mp4,https://www.nakshiq.com/en/festivals/pahalgam-spring-festival,https://www.nakshiq.com/hi/festivals/pahalgam-spring-festival,6,16:9,
C,d96ead54-23ba-4205-ae93-6aba7fbda15b,gurez-cultural-festival,Gurez Cultural Festival,gurez-valley,Gurez Valley,jammu kashmir,8,August,August (varies),"alpine meadows, deodar forests, lake reflections","alpine meadows, deodar forests, lake reflections establishing wide shot — no figures, no signage with text",static establishing with subtle water-surface parallax,afternoon shaft-light,"monsoon in the hills — mist drifts through deodar forest, sun shafts breaking cloud, wet stone glistens",saturated emerald + silver mist,"Cinematic 16:9 establishing shot, 6-8 seconds. Subject: alpine meadows, deodar forests, lake reflections establishing wide shot — no figures, no signage with text. Location: Gurez Valley, jammu kashmir, India (the host destination of the Gurez Cultural Festival festival — do NOT render the festival itself, only the place at this time of year). Time of day: afternoon shaft-light. Atmosphere: monsoon in the hills — mist drifts through deodar forest, sun shafts breaking cloud, wet stone glistens. Colour palette: saturated emerald + silver mist. Shot type: static establishing with subtle water-surface parallax. Style: documentary register (BBC/National Geographic feel), naturalistic colour grading, soft contrast, slight film grain. Composition: rule-of-thirds horizon, depth via foreground-midground-distance layering. Reference month: August.","no people, no human figures or silhouettes in foreground, no religious figures, sadhus, priests, monks, no specific religious attire (saffron robes, ceremonial clothing), no ritual objects (deities, idols, palanquins, ceremonial fire close-ups), no temple interiors or sanctum imagery, no signage with readable text, no on-screen graphics or overlays, no synthetic / cartoony rendering, no time-of-day mismatch (respect the requested mood)",https://pub-d8970c901de34c218926ebf4be1ed09a.r2.dev/destinations/gurez-valley.jpg,https://pub-bcda9bac2f63408880ee3f23aa3548e5.r2.dev/gurez-valley.mp4,https://www.nakshiq.com/en/festivals/gurez-cultural-festival,https://www.nakshiq.com/hi/festivals/gurez-cultural-festival,6,16:9,
C,41b096e2-e0c6-4d85-8608-b2803bc2fe06,chamba-minjar-fair,Chamba Minjar Fair,chamba,Chamba,himachal pradesh,7,July,"July-August (Shravan, one week)","Himalayan ridges, deodar slopes, prayer-flag-empty (no flags) ridgelines","empty fairground wide shot — tents, flags, dusty paths, no crowds, no readable signage",slow drone pull-back revealing the wider valley,post-rain twilight,"deep monsoon — saturated greens, wet roads reflecting light, low cloud",deep emerald + slate,"Cinematic 16:9 establishing shot, 6-8 seconds. Subject: empty fairground wide shot — tents, flags, dusty paths, no crowds, no readable signage. Location: Chamba, himachal pradesh, India (the host destination of the Chamba Minjar Fair festival — do NOT render the festival itself, only the place at this time of year). Time of day: post-rain twilight. Atmosphere: deep monsoon — saturated greens, wet roads reflecting light, low cloud. Colour palette: deep emerald + slate. Shot type: slow drone pull-back revealing the wider valley. Style: documentary register (BBC/National Geographic feel), naturalistic colour grading, soft contrast, slight film grain. Composition: rule-of-thirds horizon, depth via foreground-midground-distance layering. Reference month: July.","no people, no human figures or silhouettes in foreground, no religious figures, sadhus, priests, monks, no specific religious attire (saffron robes, ceremonial clothing), no ritual objects (deities, idols, palanquins, ceremonial fire close-ups), no temple interiors or sanctum imagery, no signage with readable text, no on-screen graphics or overlays, no synthetic / cartoony rendering, no time-of-day mismatch (respect the requested mood)",https://pub-d8970c901de34c218926ebf4be1ed09a.r2.dev/destinations/chamba.jpg,https://pub-bcda9bac2f63408880ee3f23aa3548e5.r2.dev/chamba.mp4,https://www.nakshiq.com/en/festivals/chamba-minjar-fair,https://www.nakshiq.com/hi/festivals/chamba-minjar-fair,6,16:9,
C,09871cdc-b152-4c30-b1ae-1d0e4dfed05d,chamba-dussehra,Chamba Dussehra,chamba,Chamba,himachal pradesh,10,October,October (Ashvin Shukla Dashami),"Himalayan ridges, deodar slopes, prayer-flag-empty (no flags) ridgelines","Himalayan ridges, deodar slopes, prayer-flag-empty (no flags) ridgelines establishing wide shot — no figures, no signage with text",slow drone pull-back revealing the wider valley,evening golden hour,"autumn warmth, returning dust, soft sunset glow",warm gold + violet sky,"Cinematic 16:9 establishing shot, 6-8 seconds. Subject: Himalayan ridges, deodar slopes, prayer-flag-empty (no flags) ridgelines establishing wide shot — no figures, no signage with text. Location: Chamba, himachal pradesh, India (the host destination of the Chamba Dussehra festival — do NOT render the festival itself, only the place at this time of year). Time of day: evening golden hour. Atmosphere: autumn warmth, returning dust, soft sunset glow. Colour palette: warm gold + violet sky. Shot type: slow drone pull-back revealing the wider valley. Style: documentary register (BBC/National Geographic feel), naturalistic colour grading, soft contrast, slight film grain. Composition: rule-of-thirds horizon, depth via foreground-midground-distance layering. Reference month: October.","no people, no human figures or silhouettes in foreground, no religious figures, sadhus, priests, monks, no specific religious attire (saffron robes, ceremonial clothing), no ritual objects (deities, idols, palanquins, ceremonial fire close-ups), no temple interiors or sanctum imagery, no signage with readable text, no on-screen graphics or overlays, no synthetic / cartoony rendering, no time-of-day mismatch (respect the requested mood)",https://pub-d8970c901de34c218926ebf4be1ed09a.r2.dev/destinations/chamba.jpg,https://pub-bcda9bac2f63408880ee3f23aa3548e5.r2.dev/chamba.mp4,https://www.nakshiq.com/en/festivals/chamba-dussehra,https://www.nakshiq.com/hi/festivals/chamba-dussehra,6,16:9,
C,ef506516-6b4a-4585-8b4d-faa86a31b64b,patnitop-winter-carnival,Patnitop Winter Carnival,patnitop,Patnitop,jammu kashmir,1,January,January (varies),"alpine meadows, deodar forests, lake reflections","empty fairground wide shot — tents, flags, dusty paths, no crowds, no readable signage",static establishing with subtle water-surface parallax,blue hour,"deep winter in the hills — snow on ridges, frozen streams, low sun raking the slope",icy blue + warm tungsten pinpoints,"Cinematic 16:9 establishing shot, 6-8 seconds. Subject: empty fairground wide shot — tents, flags, dusty paths, no crowds, no readable signage. Location: Patnitop, jammu kashmir, India (the host destination of the Patnitop Winter Carnival festival — do NOT render the festival itself, only the place at this time of year). Time of day: blue hour. Atmosphere: deep winter in the hills — snow on ridges, frozen streams, low sun raking the slope. Colour palette: icy blue + warm tungsten pinpoints. Shot type: static establishing with subtle water-surface parallax. Style: documentary register (BBC/National Geographic feel), naturalistic colour grading, soft contrast, slight film grain. Composition: rule-of-thirds horizon, depth via foreground-midground-distance layering. Reference month: January.","no people, no human figures or silhouettes in foreground, no religious figures, sadhus, priests, monks, no specific religious attire (saffron robes, ceremonial clothing), no ritual objects (deities, idols, palanquins, ceremonial fire close-ups), no temple interiors or sanctum imagery, no signage with readable text, no on-screen graphics or overlays, no synthetic / cartoony rendering, no time-of-day mismatch (respect the requested mood)",https://pub-d8970c901de34c218926ebf4be1ed09a.r2.dev/destinations/patnitop.jpg,https://pub-bcda9bac2f63408880ee3f23aa3548e5.r2.dev/patnitop.mp4,https://www.nakshiq.com/en/festivals/patnitop-winter-carnival,https://www.nakshiq.com/hi/festivals/patnitop-winter-carnival,6,16:9,
C,bf39f8a1-4f11-4fd3-aa0c-1fd3cbd30053,bhaderwah-mela,Bhaderwah Mela,bhaderwah,Bhaderwah,jammu kashmir,6,June,June (Jyeshtha),"alpine meadows, deodar forests, lake reflections","empty fairground wide shot — tents, flags, dusty paths, no crowds, no readable signage",static establishing with subtle water-surface parallax,early morning,"alpine spring — clear cold air, snow-melt streams, distant high-altitude peaks",snow-white + emerald + cobalt sky,"Cinematic 16:9 establishing shot, 6-8 seconds. Subject: empty fairground wide shot — tents, flags, dusty paths, no crowds, no readable signage. Location: Bhaderwah, jammu kashmir, India (the host destination of the Bhaderwah Mela festival — do NOT render the festival itself, only the place at this time of year). Time of day: early morning. Atmosphere: alpine spring — clear cold air, snow-melt streams, distant high-altitude peaks. Colour palette: snow-white + emerald + cobalt sky. Shot type: static establishing with subtle water-surface parallax. Style: documentary register (BBC/National Geographic feel), naturalistic colour grading, soft contrast, slight film grain. Composition: rule-of-thirds horizon, depth via foreground-midground-distance layering. Reference month: June.","no people, no human figures or silhouettes in foreground, no religious figures, sadhus, priests, monks, no specific religious attire (saffron robes, ceremonial clothing), no ritual objects (deities, idols, palanquins, ceremonial fire close-ups), no temple interiors or sanctum imagery, no signage with readable text, no on-screen graphics or overlays, no synthetic / cartoony rendering, no time-of-day mismatch (respect the requested mood)",https://pub-d8970c901de34c218926ebf4be1ed09a.r2.dev/destinations/bhaderwah.jpg,https://pub-bcda9bac2f63408880ee3f23aa3548e5.r2.dev/bhaderwah.mp4,https://www.nakshiq.com/en/festivals/bhaderwah-mela,https://www.nakshiq.com/hi/festivals/bhaderwah-mela,6,16:9,
C,9b2ccb9f-e3bb-476c-bd2d-1b798084a581,gulmarg-winter-games,Gulmarg Winter Games,gulmarg,Gulmarg,jammu kashmir,2,February,February (varies),"alpine meadows, deodar forests, lake reflections","alpine meadows, deodar forests, lake reflections establishing wide shot — no figures, no signage with text",static establishing with subtle water-surface parallax,blue hour,"deep winter in the hills — snow on ridges, frozen streams, low sun raking the slope",icy blue + warm tungsten pinpoints,"Cinematic 16:9 establishing shot, 6-8 seconds. Subject: alpine meadows, deodar forests, lake reflections establishing wide shot — no figures, no signage with text. Location: Gulmarg, jammu kashmir, India (the host destination of the Gulmarg Winter Games festival — do NOT render the festival itself, only the place at this time of year). Time of day: blue hour. Atmosphere: deep winter in the hills — snow on ridges, frozen streams, low sun raking the slope. Colour palette: icy blue + warm tungsten pinpoints. Shot type: static establishing with subtle water-surface parallax. Style: documentary register (BBC/National Geographic feel), naturalistic colour grading, soft contrast, slight film grain. Composition: rule-of-thirds horizon, depth via foreground-midground-distance layering. Reference month: February.","no people, no human figures or silhouettes in foreground, no religious figures, sadhus, priests, monks, no specific religious attire (saffron robes, ceremonial clothing), no ritual objects (deities, idols, palanquins, ceremonial fire close-ups), no temple interiors or sanctum imagery, no signage with readable text, no on-screen graphics or overlays, no synthetic / cartoony rendering, no time-of-day mismatch (respect the requested mood)",https://pub-d8970c901de34c218926ebf4be1ed09a.r2.dev/destinations/gulmarg.jpg,https://pub-bcda9bac2f63408880ee3f23aa3548e5.r2.dev/gulmarg.mp4,https://www.nakshiq.com/en/festivals/gulmarg-winter-games,https://www.nakshiq.com/hi/festivals/gulmarg-winter-games,6,16:9,
A,5d32b61b-1a92-4869-a212-6a71b7394138,sonamarg-thajiwas-glacier-festival,Sonamarg Thajiwas Glacier Festival,sonamarg,Sonamarg,jammu kashmir,6,June,June (varies),"alpine meadows, deodar forests, lake reflections","alpine meadows, deodar forests, lake reflections establishing wide shot — no figures, no signage with text",static establishing with subtle water-surface parallax,early morning,"alpine spring — clear cold air, snow-melt streams, distant high-altitude peaks",snow-white + emerald + cobalt sky,"Cinematic 16:9 establishing shot, 6-8 seconds. Subject: alpine meadows, deodar forests, lake reflections establishing wide shot — no figures, no signage with text. Location: Sonamarg, jammu kashmir, India (the host destination of the Sonamarg Thajiwas Glacier Festival festival — do NOT render the festival itself, only the place at this time of year). Time of day: early morning. Atmosphere: alpine spring — clear cold air, snow-melt streams, distant high-altitude peaks. Colour palette: snow-white + emerald + cobalt sky. Shot type: static establishing with subtle water-surface parallax. Style: documentary register (BBC/National Geographic feel), naturalistic colour grading, soft contrast, slight film grain. Composition: rule-of-thirds horizon, depth via foreground-midground-distance layering. Reference month: June.","no people, no human figures or silhouettes in foreground, no religious figures, sadhus, priests, monks, no specific religious attire (saffron robes, ceremonial clothing), no ritual objects (deities, idols, palanquins, ceremonial fire close-ups), no temple interiors or sanctum imagery, no signage with readable text, no on-screen graphics or overlays, no synthetic / cartoony rendering, no time-of-day mismatch (respect the requested mood)",https://pub-d8970c901de34c218926ebf4be1ed09a.r2.dev/destinations/sonamarg.jpg,https://pub-bcda9bac2f63408880ee3f23aa3548e5.r2.dev/sonamarg.mp4,https://www.nakshiq.com/en/festivals/sonamarg-thajiwas-glacier-festival,https://www.nakshiq.com/hi/festivals/sonamarg-thajiwas-glacier-festival,6,16:9,"Monsoon month — saturated greens and wet textures, NOT dry-season look."
C,0d6cee99-32f1-426a-b06b-63cbf026287c,dosmoche-festival-diskit,Dosmoche Festival (Diskit),nubra-valley,Nubra Valley,ladakh,2,February,"February (Tibetan 28th-29th day, 12th month)","high-altitude desert, ochre ridges, glaciated peaks","high-altitude desert, ochre ridges, glaciated peaks establishing wide shot — no figures, no signage with text",slow drone push-in along the horizon line,blue hour pre-dawn,"deep winter at altitude — frozen rivers, snow on ridges, harsh cold light",icy blue + warm low sun pinpoints,"Cinematic 16:9 establishing shot, 6-8 seconds. Subject: high-altitude desert, ochre ridges, glaciated peaks establishing wide shot — no figures, no signage with text. Location: Nubra Valley, ladakh, India (the host destination of the Dosmoche Festival (Diskit) festival — do NOT render the festival itself, only the place at this time of year). Time of day: blue hour pre-dawn. Atmosphere: deep winter at altitude — frozen rivers, snow on ridges, harsh cold light. Colour palette: icy blue + warm low sun pinpoints. Shot type: slow drone push-in along the horizon line. Style: documentary register (BBC/National Geographic feel), naturalistic colour grading, soft contrast, slight film grain. Composition: rule-of-thirds horizon, depth via foreground-midground-distance layering. Reference month: February.","no people, no human figures or silhouettes in foreground, no religious figures, sadhus, priests, monks, no specific religious attire (saffron robes, ceremonial clothing), no ritual objects (deities, idols, palanquins, ceremonial fire close-ups), no temple interiors or sanctum imagery, no signage with readable text, no on-screen graphics or overlays, no synthetic / cartoony rendering, no time-of-day mismatch (respect the requested mood)",https://pub-d8970c901de34c218926ebf4be1ed09a.r2.dev/destinations/nubra-valley.jpg,https://pub-bcda9bac2f63408880ee3f23aa3548e5.r2.dev/nubra-valley.mp4,https://www.nakshiq.com/en/festivals/dosmoche-festival-diskit,https://www.nakshiq.com/hi/festivals/dosmoche-festival-diskit,6,16:9,
C,fffb9639-da73-40e7-a1cb-d672abc1048a,nubra-valley-festival,Nubra Valley Festival,nubra-valley,Nubra Valley,ladakh,9,September,September (varies),"high-altitude desert, ochre ridges, glaciated peaks","high-altitude desert, ochre ridges, glaciated peaks establishing wide shot — no figures, no signage with text",slow drone push-in along the horizon line,morning light on the ridge,"high-altitude summer — clear cold air, sharp shadows, no monsoon (rain-shadow region)",ochre + deep blue sky + ice-white peaks,"Cinematic 16:9 establishing shot, 6-8 seconds. Subject: high-altitude desert, ochre ridges, glaciated peaks establishing wide shot — no figures, no signage with text. Location: Nubra Valley, ladakh, India (the host destination of the Nubra Valley Festival festival — do NOT render the festival itself, only the place at this time of year). Time of day: morning light on the ridge. Atmosphere: high-altitude summer — clear cold air, sharp shadows, no monsoon (rain-shadow region). Colour palette: ochre + deep blue sky + ice-white peaks. Shot type: slow drone push-in along the horizon line. Style: documentary register (BBC/National Geographic feel), naturalistic colour grading, soft contrast, slight film grain. Composition: rule-of-thirds horizon, depth via foreground-midground-distance layering. Reference month: September.","no people, no human figures or silhouettes in foreground, no religious figures, sadhus, priests, monks, no specific religious attire (saffron robes, ceremonial clothing), no ritual objects (deities, idols, palanquins, ceremonial fire close-ups), no temple interiors or sanctum imagery, no signage with readable text, no on-screen graphics or overlays, no synthetic / cartoony rendering, no time-of-day mismatch (respect the requested mood)",https://pub-d8970c901de34c218926ebf4be1ed09a.r2.dev/destinations/nubra-valley.jpg,https://pub-bcda9bac2f63408880ee3f23aa3548e5.r2.dev/nubra-valley.mp4,https://www.nakshiq.com/en/festivals/nubra-valley-festival,https://www.nakshiq.com/hi/festivals/nubra-valley-festival,6,16:9,
C,7d0cced9-0096-4236-8ec4-e5ed4ccb0e7f,pangong-nomad-festival,Pangong Nomad Festival,pangong-lake,Pangong Tso,ladakh,7,July,July (varies),"high-altitude desert, ochre ridges, glaciated peaks","high-altitude desert, ochre ridges, glaciated peaks establishing wide shot — no figures, no signage with text",slow drone push-in along the horizon line,morning light on the ridge,"high-altitude summer — clear cold air, sharp shadows, no monsoon (rain-shadow region)",ochre + deep blue sky + ice-white peaks,"Cinematic 16:9 establishing shot, 6-8 seconds. Subject: high-altitude desert, ochre ridges, glaciated peaks establishing wide shot — no figures, no signage with text. Location: Pangong Tso, ladakh, India (the host destination of the Pangong Nomad Festival festival — do NOT render the festival itself, only the place at this time of year). Time of day: morning light on the ridge. Atmosphere: high-altitude summer — clear cold air, sharp shadows, no monsoon (rain-shadow region). Colour palette: ochre + deep blue sky + ice-white peaks. Shot type: slow drone push-in along the horizon line. Style: documentary register (BBC/National Geographic feel), naturalistic colour grading, soft contrast, slight film grain. Composition: rule-of-thirds horizon, depth via foreground-midground-distance layering. Reference month: July.","no people, no human figures or silhouettes in foreground, no religious figures, sadhus, priests, monks, no specific religious attire (saffron robes, ceremonial clothing), no ritual objects (deities, idols, palanquins, ceremonial fire close-ups), no temple interiors or sanctum imagery, no signage with readable text, no on-screen graphics or overlays, no synthetic / cartoony rendering, no time-of-day mismatch (respect the requested mood)",https://pub-d8970c901de34c218926ebf4be1ed09a.r2.dev/destinations/pangong-lake.jpg,https://pub-bcda9bac2f63408880ee3f23aa3548e5.r2.dev/pangong-lake.mp4,https://www.nakshiq.com/en/festivals/pangong-nomad-festival,https://www.nakshiq.com/hi/festivals/pangong-nomad-festival,6,16:9,
C,effb9b0d-d58c-46f5-ae1d-422912b4f27c,zanskar-chadar-trek-season,Zanskar Chadar Trek Season,zanskar,Zanskar Valley,ladakh,1,January,January-February,"high-altitude desert, ochre ridges, glaciated peaks","high-altitude desert, ochre ridges, glaciated peaks establishing wide shot — no figures, no signage with text",slow drone push-in along the horizon line,blue hour pre-dawn,"deep winter at altitude — frozen rivers, snow on ridges, harsh cold light",icy blue + warm low sun pinpoints,"Cinematic 16:9 establishing shot, 6-8 seconds. Subject: high-altitude desert, ochre ridges, glaciated peaks establishing wide shot — no figures, no signage with text. Location: Zanskar Valley, ladakh, India (the host destination of the Zanskar Chadar Trek Season festival — do NOT render the festival itself, only the place at this time of year). Time of day: blue hour pre-dawn. Atmosphere: deep winter at altitude — frozen rivers, snow on ridges, harsh cold light. Colour palette: icy blue + warm low sun pinpoints. Shot type: slow drone push-in along the horizon line. Style: documentary register (BBC/National Geographic feel), naturalistic colour grading, soft contrast, slight film grain. Composition: rule-of-thirds horizon, depth via foreground-midground-distance layering. Reference month: January.","no people, no human figures or silhouettes in foreground, no religious figures, sadhus, priests, monks, no specific religious attire (saffron robes, ceremonial clothing), no ritual objects (deities, idols, palanquins, ceremonial fire close-ups), no temple interiors or sanctum imagery, no signage with readable text, no on-screen graphics or overlays, no synthetic / cartoony rendering, no time-of-day mismatch (respect the requested mood)",https://pub-d8970c901de34c218926ebf4be1ed09a.r2.dev/destinations/zanskar.jpg,https://pub-bcda9bac2f63408880ee3f23aa3548e5.r2.dev/zanskar.mp4,https://www.nakshiq.com/en/festivals/zanskar-chadar-trek-season,https://www.nakshiq.com/hi/festivals/zanskar-chadar-trek-season,6,16:9,
C,e416f008-9cb2-4dec-a1e9-cf2f91639193,karsha-gustor,Karsha Gustor,zanskar,Zanskar Valley,ladakh,7,July,"July (Tibetan 28th-29th day, 6th month)","high-altitude desert, ochre ridges, glaciated peaks","high-altitude desert, ochre ridges, glaciated peaks establishing wide shot — no figures, no signage with text",slow drone push-in along the horizon line,morning light on the ridge,"high-altitude summer — clear cold air, sharp shadows, no monsoon (rain-shadow region)",ochre + deep blue sky + ice-white peaks,"Cinematic 16:9 establishing shot, 6-8 seconds. Subject: high-altitude desert, ochre ridges, glaciated peaks establishing wide shot — no figures, no signage with text. Location: Zanskar Valley, ladakh, India (the host destination of the Karsha Gustor festival — do NOT render the festival itself, only the place at this time of year). Time of day: morning light on the ridge. Atmosphere: high-altitude summer — clear cold air, sharp shadows, no monsoon (rain-shadow region). Colour palette: ochre + deep blue sky + ice-white peaks. Shot type: slow drone push-in along the horizon line. Style: documentary register (BBC/National Geographic feel), naturalistic colour grading, soft contrast, slight film grain. Composition: rule-of-thirds horizon, depth via foreground-midground-distance layering. Reference month: July.","no people, no human figures or silhouettes in foreground, no religious figures, sadhus, priests, monks, no specific religious attire (saffron robes, ceremonial clothing), no ritual objects (deities, idols, palanquins, ceremonial fire close-ups), no temple interiors or sanctum imagery, no signage with readable text, no on-screen graphics or overlays, no synthetic / cartoony rendering, no time-of-day mismatch (respect the requested mood)",https://pub-d8970c901de34c218926ebf4be1ed09a.r2.dev/destinations/zanskar.jpg,https://pub-bcda9bac2f63408880ee3f23aa3548e5.r2.dev/zanskar.mp4,https://www.nakshiq.com/en/festivals/karsha-gustor,https://www.nakshiq.com/hi/festivals/karsha-gustor,6,16:9,
C,2e6249e0-3663-403d-a6c1-5afeca67105b,hanle-stargazing-festival,Hanle Stargazing Festival,hanle,Hanle,ladakh,10,October,October (new moon),"high-altitude desert, ochre ridges, glaciated peaks","high-altitude desert, ochre ridges, glaciated peaks establishing wide shot — no figures, no signage with text",slow drone push-in along the horizon line,morning golden hour,"post-monsoon clarity at altitude — crystalline cold air, autumn-tinged forest, distant snow",warm amber + cool cobalt,"Cinematic 16:9 establishing shot, 6-8 seconds. Subject: high-altitude desert, ochre ridges, glaciated peaks establishing wide shot — no figures, no signage with text. Location: Hanle, ladakh, India (the host destination of the Hanle Stargazing Festival festival — do NOT render the festival itself, only the place at this time of year). Time of day: morning golden hour. Atmosphere: post-monsoon clarity at altitude — crystalline cold air, autumn-tinged forest, distant snow. Colour palette: warm amber + cool cobalt. Shot type: slow drone push-in along the horizon line. Style: documentary register (BBC/National Geographic feel), naturalistic colour grading, soft contrast, slight film grain. Composition: rule-of-thirds horizon, depth via foreground-midground-distance layering. Reference month: October.","no people, no human figures or silhouettes in foreground, no religious figures, sadhus, priests, monks, no specific religious attire (saffron robes, ceremonial clothing), no ritual objects (deities, idols, palanquins, ceremonial fire close-ups), no temple interiors or sanctum imagery, no signage with readable text, no on-screen graphics or overlays, no synthetic / cartoony rendering, no time-of-day mismatch (respect the requested mood)",https://pub-d8970c901de34c218926ebf4be1ed09a.r2.dev/destinations/hanle.jpg,https://pub-bcda9bac2f63408880ee3f23aa3548e5.r2.dev/hanle.mp4,https://www.nakshiq.com/en/festivals/hanle-stargazing-festival,https://www.nakshiq.com/hi/festivals/hanle-stargazing-festival,6,16:9,
C,e29e9805-d49d-4173-a8f8-cbb981b24dad,korzok-gustor,Korzok Gustor,tso-moriri,Tso Moriri,ladakh,7,July,"July (Tibetan 29th day, 6th month)","high-altitude desert, ochre ridges, glaciated peaks","high-altitude desert, ochre ridges, glaciated peaks establishing wide shot — no figures, no signage with text",slow drone push-in along the horizon line,morning light on the ridge,"high-altitude summer — clear cold air, sharp shadows, no monsoon (rain-shadow region)",ochre + deep blue sky + ice-white peaks,"Cinematic 16:9 establishing shot, 6-8 seconds. Subject: high-altitude desert, ochre ridges, glaciated peaks establishing wide shot — no figures, no signage with text. Location: Tso Moriri, ladakh, India (the host destination of the Korzok Gustor festival — do NOT render the festival itself, only the place at this time of year). Time of day: morning light on the ridge. Atmosphere: high-altitude summer — clear cold air, sharp shadows, no monsoon (rain-shadow region). Colour palette: ochre + deep blue sky + ice-white peaks. Shot type: slow drone push-in along the horizon line. Style: documentary register (BBC/National Geographic feel), naturalistic colour grading, soft contrast, slight film grain. Composition: rule-of-thirds horizon, depth via foreground-midground-distance layering. Reference month: July.","no people, no human figures or silhouettes in foreground, no religious figures, sadhus, priests, monks, no specific religious attire (saffron robes, ceremonial clothing), no ritual objects (deities, idols, palanquins, ceremonial fire close-ups), no temple interiors or sanctum imagery, no signage with readable text, no on-screen graphics or overlays, no synthetic / cartoony rendering, no time-of-day mismatch (respect the requested mood)",https://pub-d8970c901de34c218926ebf4be1ed09a.r2.dev/destinations/tso-moriri.jpg,https://pub-bcda9bac2f63408880ee3f23aa3548e5.r2.dev/tso-moriri.mp4,https://www.nakshiq.com/en/festivals/korzok-gustor,https://www.nakshiq.com/hi/festivals/korzok-gustor,6,16:9,
C,a0c239b9-601d-4d82-af70-e1f7a8e8c911,lucknow-festival,Lucknow Festival,lucknow,Lucknow,uttar pradesh,11,November,November 25 - December 5 (varies),"Ganga + Yamuna plains, ghats (water-and-stone, no figures), mustard fields","Ganga + Yamuna plains, ghats (water-and-stone, no figures), mustard fields establishing wide shot — no figures, no signage with text",low ground-level tracking through the foreground,early morning,"early winter — crystalline cold light, cool blue mornings",icy cyan + warm low sun,"Cinematic 16:9 establishing shot, 6-8 seconds. Subject: Ganga + Yamuna plains, ghats (water-and-stone, no figures), mustard fields establishing wide shot — no figures, no signage with text. Location: Lucknow, uttar pradesh, India (the host destination of the Lucknow Festival festival — do NOT render the festival itself, only the place at this time of year). Time of day: early morning. Atmosphere: early winter — crystalline cold light, cool blue mornings. Colour palette: icy cyan + warm low sun. Shot type: low ground-level tracking through the foreground. Style: documentary register (BBC/National Geographic feel), naturalistic colour grading, soft contrast, slight film grain. Composition: rule-of-thirds horizon, depth via foreground-midground-distance layering. Reference month: November.","no people, no human figures or silhouettes in foreground, no religious figures, sadhus, priests, monks, no specific religious attire (saffron robes, ceremonial clothing), no ritual objects (deities, idols, palanquins, ceremonial fire close-ups), no temple interiors or sanctum imagery, no signage with readable text, no on-screen graphics or overlays, no synthetic / cartoony rendering, no time-of-day mismatch (respect the requested mood)",https://pub-d8970c901de34c218926ebf4be1ed09a.r2.dev/destinations/lucknow.jpg,https://pub-bcda9bac2f63408880ee3f23aa3548e5.r2.dev/lucknow.mp4,https://www.nakshiq.com/en/festivals/lucknow-festival,https://www.nakshiq.com/hi/festivals/lucknow-festival,6,16:9,
C,02df7307-9ce9-4ccf-a66b-5a5dd48eefb6,lucknow-muharram-processions,Lucknow Muharram Processions,lucknow,Lucknow,uttar pradesh,7,July,"July-August (1st Muharram, Islamic calendar)","Ganga + Yamuna plains, ghats (water-and-stone, no figures), mustard fields","Ganga + Yamuna plains, ghats (water-and-stone, no figures), mustard fields establishing wide shot — no figures, no signage with text",low ground-level tracking through the foreground,post-rain twilight,"deep monsoon — saturated greens, wet roads reflecting light, low cloud",deep emerald + slate,"Cinematic 16:9 establishing shot, 6-8 seconds. Subject: Ganga + Yamuna plains, ghats (water-and-stone, no figures), mustard fields establishing wide shot — no figures, no signage with text. Location: Lucknow, uttar pradesh, India (the host destination of the Lucknow Muharram Processions festival — do NOT render the festival itself, only the place at this time of year). Time of day: post-rain twilight. Atmosphere: deep monsoon — saturated greens, wet roads reflecting light, low cloud. Colour palette: deep emerald + slate. Shot type: low ground-level tracking through the foreground. Style: documentary register (BBC/National Geographic feel), naturalistic colour grading, soft contrast, slight film grain. Composition: rule-of-thirds horizon, depth via foreground-midground-distance layering. Reference month: July.","no people, no human figures or silhouettes in foreground, no religious figures, sadhus, priests, monks, no specific religious attire (saffron robes, ceremonial clothing), no ritual objects (deities, idols, palanquins, ceremonial fire close-ups), no temple interiors or sanctum imagery, no signage with readable text, no on-screen graphics or overlays, no synthetic / cartoony rendering, no time-of-day mismatch (respect the requested mood)",https://pub-d8970c901de34c218926ebf4be1ed09a.r2.dev/destinations/lucknow.jpg,https://pub-bcda9bac2f63408880ee3f23aa3548e5.r2.dev/lucknow.mp4,https://www.nakshiq.com/en/festivals/lucknow-muharram-processions,https://www.nakshiq.com/hi/festivals/lucknow-muharram-processions,6,16:9,
A,457e906b-9863-43e6-bbbe-c2f49dbbefe5,magh-mela-prayagraj,Magh Mela,prayagraj,Prayagraj,uttar pradesh,1,January,January 14 - February 14 (Magh month),"Triveni sangam confluence wide aerial, sandbar geometry, no figures","empty fairground wide shot — tents, flags, dusty paths, no crowds, no readable signage",static establishing with subtle parallax,blue hour pre-dawn,"winter clarity, low-angle sun, mist on rivers and lakes",cool blue + warm tungsten contrast,"Cinematic 16:9 establishing shot, 6-8 seconds. Subject: empty fairground wide shot — tents, flags, dusty paths, no crowds, no readable signage. Location: Prayagraj, uttar pradesh, India (the host destination of the Magh Mela festival — do NOT render the festival itself, only the place at this time of year). Time of day: blue hour pre-dawn. Atmosphere: winter clarity, low-angle sun, mist on rivers and lakes. Colour palette: cool blue + warm tungsten contrast. Shot type: static establishing with subtle parallax. Style: documentary register (BBC/National Geographic feel), naturalistic colour grading, soft contrast, slight film grain. Composition: rule-of-thirds horizon, depth via foreground-midground-distance layering. Reference month: January.","no people, no human figures or silhouettes in foreground, no religious figures, sadhus, priests, monks, no specific religious attire (saffron robes, ceremonial clothing), no ritual objects (deities, idols, palanquins, ceremonial fire close-ups), no temple interiors or sanctum imagery, no signage with readable text, no on-screen graphics or overlays, no synthetic / cartoony rendering, no time-of-day mismatch (respect the requested mood)",https://pub-d8970c901de34c218926ebf4be1ed09a.r2.dev/destinations/prayagraj.jpg,https://pub-bcda9bac2f63408880ee3f23aa3548e5.r2.dev/prayagraj.mp4,https://www.nakshiq.com/en/festivals/magh-mela-prayagraj,https://www.nakshiq.com/hi/festivals/magh-mela-prayagraj,6,16:9,
C,b4f8ab8f-5fbe-49a5-ab39-f2ef6c7a73f4,prayagraj-rasa-leela,Prayagraj Rasa Leela,prayagraj,Prayagraj,uttar pradesh,10,October,October (Sharad Purnima),"Triveni sangam confluence wide aerial, sandbar geometry, no figures","Triveni sangam confluence wide aerial, sandbar geometry, no figures establishing wide shot — no figures, no signage with text",static establishing with subtle parallax,evening golden hour,"autumn warmth, returning dust, soft sunset glow",warm gold + violet sky,"Cinematic 16:9 establishing shot, 6-8 seconds. Subject: Triveni sangam confluence wide aerial, sandbar geometry, no figures establishing wide shot — no figures, no signage with text. Location: Prayagraj, uttar pradesh, India (the host destination of the Prayagraj Rasa Leela festival — do NOT render the festival itself, only the place at this time of year). Time of day: evening golden hour. Atmosphere: autumn warmth, returning dust, soft sunset glow. Colour palette: warm gold + violet sky. Shot type: static establishing with subtle parallax. Style: documentary register (BBC/National Geographic feel), naturalistic colour grading, soft contrast, slight film grain. Composition: rule-of-thirds horizon, depth via foreground-midground-distance layering. Reference month: October.","no people, no human figures or silhouettes in foreground, no religious figures, sadhus, priests, monks, no specific religious attire (saffron robes, ceremonial clothing), no ritual objects (deities, idols, palanquins, ceremonial fire close-ups), no temple interiors or sanctum imagery, no signage with readable text, no on-screen graphics or overlays, no synthetic / cartoony rendering, no time-of-day mismatch (respect the requested mood)",https://pub-d8970c901de34c218926ebf4be1ed09a.r2.dev/destinations/prayagraj.jpg,https://pub-bcda9bac2f63408880ee3f23aa3548e5.r2.dev/prayagraj.mp4,https://www.nakshiq.com/en/festivals/prayagraj-rasa-leela,https://www.nakshiq.com/hi/festivals/prayagraj-rasa-leela,6,16:9,
C,93f70955-0342-4a7b-9f27-13e1ff3acc70,chandigarh-carnival,Chandigarh Carnival,chandigarh,Chandigarh,chandigarh,11,November,November (varies),"Le-Corbusier geometric architecture, Shivalik foothill backdrop","empty fairground wide shot — tents, flags, dusty paths, no crowds, no readable signage","static establishing, slight push-in, no figures in frame",early morning,"early winter — crystalline cold light, cool blue mornings",icy cyan + warm low sun,"Cinematic 16:9 establishing shot, 6-8 seconds. Subject: empty fairground wide shot — tents, flags, dusty paths, no crowds, no readable signage. Location: Chandigarh, chandigarh, India (the host destination of the Chandigarh Carnival festival — do NOT render the festival itself, only the place at this time of year). Time of day: early morning. Atmosphere: early winter — crystalline cold light, cool blue mornings. Colour palette: icy cyan + warm low sun. Shot type: static establishing, slight push-in, no figures in frame. Style: documentary register (BBC/National Geographic feel), naturalistic colour grading, soft contrast, slight film grain. Composition: rule-of-thirds horizon, depth via foreground-midground-distance layering. Reference month: November.","no people, no human figures or silhouettes in foreground, no religious figures, sadhus, priests, monks, no specific religious attire (saffron robes, ceremonial clothing), no ritual objects (deities, idols, palanquins, ceremonial fire close-ups), no temple interiors or sanctum imagery, no signage with readable text, no on-screen graphics or overlays, no synthetic / cartoony rendering, no time-of-day mismatch (respect the requested mood)",https://pub-d8970c901de34c218926ebf4be1ed09a.r2.dev/destinations/chandigarh.jpg,https://pub-bcda9bac2f63408880ee3f23aa3548e5.r2.dev/chandigarh.mp4,https://www.nakshiq.com/en/festivals/chandigarh-carnival,https://www.nakshiq.com/hi/festivals/chandigarh-carnival,6,16:9,
C,a2df4d36-e346-4d3c-ac58-a79dc93a755c,rose-festival,Rose Festival,chandigarh,Chandigarh,chandigarh,2,February,February (last week),"Le-Corbusier geometric architecture, Shivalik foothill backdrop","Le-Corbusier geometric architecture, Shivalik foothill backdrop establishing wide shot — no figures, no signage with text","static establishing, slight push-in, no figures in frame",early golden hour,"late-winter clarity, crisp light, dry air",warm amber + cold shadow,"Cinematic 16:9 establishing shot, 6-8 seconds. Subject: Le-Corbusier geometric architecture, Shivalik foothill backdrop establishing wide shot — no figures, no signage with text. Location: Chandigarh, chandigarh, India (the host destination of the Rose Festival festival — do NOT render the festival itself, only the place at this time of year). Time of day: early golden hour. Atmosphere: late-winter clarity, crisp light, dry air. Colour palette: warm amber + cold shadow. Shot type: static establishing, slight push-in, no figures in frame. Style: documentary register (BBC/National Geographic feel), naturalistic colour grading, soft contrast, slight film grain. Composition: rule-of-thirds horizon, depth via foreground-midground-distance layering. Reference month: February.","no people, no human figures or silhouettes in foreground, no religious figures, sadhus, priests, monks, no specific religious attire (saffron robes, ceremonial clothing), no ritual objects (deities, idols, palanquins, ceremonial fire close-ups), no temple interiors or sanctum imagery, no signage with readable text, no on-screen graphics or overlays, no synthetic / cartoony rendering, no time-of-day mismatch (respect the requested mood)",https://pub-d8970c901de34c218926ebf4be1ed09a.r2.dev/destinations/chandigarh.jpg,https://pub-bcda9bac2f63408880ee3f23aa3548e5.r2.dev/chandigarh.mp4,https://www.nakshiq.com/en/festivals/rose-festival,https://www.nakshiq.com/hi/festivals/rose-festival,6,16:9,
B,bcec01e3-f58f-4ae4-86db-c2c24ae9fbff,patiala-heritage-festival,Patiala Heritage Festival,patiala,Patiala,punjab,2,February,February (varies),"Punjab plains, mustard-yellow fields, geometric canal grid","Punjab plains, mustard-yellow fields, geometric canal grid establishing wide shot — no figures, no signage with text",low ground-level tracking through the foreground,early golden hour,"late-winter clarity, crisp light, dry air",warm amber + cold shadow,"Cinematic 16:9 establishing shot, 6-8 seconds. Subject: Punjab plains, mustard-yellow fields, geometric canal grid establishing wide shot — no figures, no signage with text. Location: Patiala, punjab, India (the host destination of the Patiala Heritage Festival festival — do NOT render the festival itself, only the place at this time of year). Time of day: early golden hour. Atmosphere: late-winter clarity, crisp light, dry air. Colour palette: warm amber + cold shadow. Shot type: low ground-level tracking through the foreground. Style: documentary register (BBC/National Geographic feel), naturalistic colour grading, soft contrast, slight film grain. Composition: rule-of-thirds horizon, depth via foreground-midground-distance layering. Reference month: February.","no people, no human figures or silhouettes in foreground, no religious figures, sadhus, priests, monks, no specific religious attire (saffron robes, ceremonial clothing), no ritual objects (deities, idols, palanquins, ceremonial fire close-ups), no temple interiors or sanctum imagery, no signage with readable text, no on-screen graphics or overlays, no synthetic / cartoony rendering, no time-of-day mismatch (respect the requested mood)",https://pub-d8970c901de34c218926ebf4be1ed09a.r2.dev/destinations/patiala.jpg,https://pub-bcda9bac2f63408880ee3f23aa3548e5.r2.dev/patiala.mp4,https://www.nakshiq.com/en/festivals/patiala-heritage-festival,https://www.nakshiq.com/hi/festivals/patiala-heritage-festival,6,16:9,
C,9e79532e-6145-42af-8baf-12dd1dc6c309,baisakhi-at-dukh-niwaran-sahib,Baisakhi at Dukh Niwaran Sahib,patiala,Patiala,punjab,4,April,April 13-14,"Punjab plains, mustard-yellow fields, geometric canal grid","ripening fields wide shot, no harvesters visible, distant grain stacks",low ground-level tracking through the foreground,evening golden hour,"pre-monsoon heat, light softening at dusk, dramatic cloud build-up",saturated warm orange,"Cinematic 16:9 establishing shot, 6-8 seconds. Subject: ripening fields wide shot, no harvesters visible, distant grain stacks. Location: Patiala, punjab, India (the host destination of the Baisakhi at Dukh Niwaran Sahib festival — do NOT render the festival itself, only the place at this time of year). Time of day: evening golden hour. Atmosphere: pre-monsoon heat, light softening at dusk, dramatic cloud build-up. Colour palette: saturated warm orange. Shot type: low ground-level tracking through the foreground. Style: documentary register (BBC/National Geographic feel), naturalistic colour grading, soft contrast, slight film grain. Composition: rule-of-thirds horizon, depth via foreground-midground-distance layering. Reference month: April.","no people, no human figures or silhouettes in foreground, no religious figures, sadhus, priests, monks, no specific religious attire (saffron robes, ceremonial clothing), no ritual objects (deities, idols, palanquins, ceremonial fire close-ups), no temple interiors or sanctum imagery, no signage with readable text, no on-screen graphics or overlays, no synthetic / cartoony rendering, no time-of-day mismatch (respect the requested mood)",https://pub-d8970c901de34c218926ebf4be1ed09a.r2.dev/destinations/patiala.jpg,https://pub-bcda9bac2f63408880ee3f23aa3548e5.r2.dev/patiala.mp4,https://www.nakshiq.com/en/festivals/baisakhi-at-dukh-niwaran-sahib,https://www.nakshiq.com/hi/festivals/baisakhi-at-dukh-niwaran-sahib,6,16:9,
C,84166c1a-9a55-4611-b17d-c7b9312a33b4,hola-mohalla,Hola Mohalla,anandpur-sahib,Anandpur Sahib,punjab,3,March,March (day after Holi),"Punjab plains, mustard-yellow fields, geometric canal grid","Punjab plains, mustard-yellow fields, geometric canal grid establishing wide shot — no figures, no signage with text",low ground-level tracking through the foreground,afternoon to dusk,"pre-summer warmth, dust in the air, soft hazy light","warm earth tones, ochre","Cinematic 16:9 establishing shot, 6-8 seconds. Subject: Punjab plains, mustard-yellow fields, geometric canal grid establishing wide shot — no figures, no signage with text. Location: Anandpur Sahib, punjab, India (the host destination of the Hola Mohalla festival — do NOT render the festival itself, only the place at this time of year). Time of day: afternoon to dusk. Atmosphere: pre-summer warmth, dust in the air, soft hazy light. Colour palette: warm earth tones, ochre. Shot type: low ground-level tracking through the foreground. Style: documentary register (BBC/National Geographic feel), naturalistic colour grading, soft contrast, slight film grain. Composition: rule-of-thirds horizon, depth via foreground-midground-distance layering. Reference month: March.","no people, no human figures or silhouettes in foreground, no religious figures, sadhus, priests, monks, no specific religious attire (saffron robes, ceremonial clothing), no ritual objects (deities, idols, palanquins, ceremonial fire close-ups), no temple interiors or sanctum imagery, no signage with readable text, no on-screen graphics or overlays, no synthetic / cartoony rendering, no time-of-day mismatch (respect the requested mood)",https://pub-d8970c901de34c218926ebf4be1ed09a.r2.dev/destinations/anandpur-sahib.jpg,https://pub-bcda9bac2f63408880ee3f23aa3548e5.r2.dev/anandpur-sahib.mp4,https://www.nakshiq.com/en/festivals/hola-mohalla,https://www.nakshiq.com/hi/festivals/hola-mohalla,6,16:9,
C,32aee405-710f-4638-b8da-50d62515bb84,chitrakoot-deepotsav,Chitrakoot Deepotsav,chitrakoot,Chitrakoot,uttar pradesh,10,October,October (Kartik Amavasya / Diwali),"Ganga + Yamuna plains, ghats (water-and-stone, no figures), mustard fields","Ganga + Yamuna plains, ghats (water-and-stone, no figures), mustard fields establishing wide shot — no figures, no signage with text",low ground-level tracking through the foreground,evening golden hour,"autumn warmth, returning dust, soft sunset glow",warm gold + violet sky,"Cinematic 16:9 establishing shot, 6-8 seconds. Subject: Ganga + Yamuna plains, ghats (water-and-stone, no figures), mustard fields establishing wide shot — no figures, no signage with text. Location: Chitrakoot, uttar pradesh, India (the host destination of the Chitrakoot Deepotsav festival — do NOT render the festival itself, only the place at this time of year). Time of day: evening golden hour. Atmosphere: autumn warmth, returning dust, soft sunset glow. Colour palette: warm gold + violet sky. Shot type: low ground-level tracking through the foreground. Style: documentary register (BBC/National Geographic feel), naturalistic colour grading, soft contrast, slight film grain. Composition: rule-of-thirds horizon, depth via foreground-midground-distance layering. Reference month: October.","no people, no human figures or silhouettes in foreground, no religious figures, sadhus, priests, monks, no specific religious attire (saffron robes, ceremonial clothing), no ritual objects (deities, idols, palanquins, ceremonial fire close-ups), no temple interiors or sanctum imagery, no signage with readable text, no on-screen graphics or overlays, no synthetic / cartoony rendering, no time-of-day mismatch (respect the requested mood)",https://pub-d8970c901de34c218926ebf4be1ed09a.r2.dev/destinations/chitrakoot.jpg,https://pub-bcda9bac2f63408880ee3f23aa3548e5.r2.dev/chitrakoot.mp4,https://www.nakshiq.com/en/festivals/chitrakoot-deepotsav,https://www.nakshiq.com/hi/festivals/chitrakoot-deepotsav,6,16:9,
C,f20790a7-2af4-4a5d-8483-19e0dd85dd82,buddha-mahaparinirvana-day,Buddha Mahaparinirvana Day,kushinagar,Kushinagar,uttar pradesh,2,February,February (Magh Purnima),"Ganga + Yamuna plains, ghats (water-and-stone, no figures), mustard fields","Ganga + Yamuna plains, ghats (water-and-stone, no figures), mustard fields establishing wide shot — no figures, no signage with text",low ground-level tracking through the foreground,early golden hour,"late-winter clarity, crisp light, dry air",warm amber + cold shadow,"Cinematic 16:9 establishing shot, 6-8 seconds. Subject: Ganga + Yamuna plains, ghats (water-and-stone, no figures), mustard fields establishing wide shot — no figures, no signage with text. Location: Kushinagar, uttar pradesh, India (the host destination of the Buddha Mahaparinirvana Day festival — do NOT render the festival itself, only the place at this time of year). Time of day: early golden hour. Atmosphere: late-winter clarity, crisp light, dry air. Colour palette: warm amber + cold shadow. Shot type: low ground-level tracking through the foreground. Style: documentary register (BBC/National Geographic feel), naturalistic colour grading, soft contrast, slight film grain. Composition: rule-of-thirds horizon, depth via foreground-midground-distance layering. Reference month: February.","no people, no human figures or silhouettes in foreground, no religious figures, sadhus, priests, monks, no specific religious attire (saffron robes, ceremonial clothing), no ritual objects (deities, idols, palanquins, ceremonial fire close-ups), no temple interiors or sanctum imagery, no signage with readable text, no on-screen graphics or overlays, no synthetic / cartoony rendering, no time-of-day mismatch (respect the requested mood)",https://pub-d8970c901de34c218926ebf4be1ed09a.r2.dev/destinations/kushinagar.jpg,https://pub-bcda9bac2f63408880ee3f23aa3548e5.r2.dev/kushinagar.mp4,https://www.nakshiq.com/en/festivals/buddha-mahaparinirvana-day,https://www.nakshiq.com/hi/festivals/buddha-mahaparinirvana-day,6,16:9,
C,3dac8a28-fe2b-4c56-a757-94dca2974605,sravasti-international-buddhist-festival,Sravasti International Buddhist Festival,sravasti,Sravasti,uttar pradesh,3,March,March (varies),"Ganga + Yamuna plains, ghats (water-and-stone, no figures), mustard fields","Ganga + Yamuna plains, ghats (water-and-stone, no figures), mustard fields establishing wide shot — no figures, no signage with text",low ground-level tracking through the foreground,afternoon to dusk,"pre-summer warmth, dust in the air, soft hazy light","warm earth tones, ochre","Cinematic 16:9 establishing shot, 6-8 seconds. Subject: Ganga + Yamuna plains, ghats (water-and-stone, no figures), mustard fields establishing wide shot — no figures, no signage with text. Location: Sravasti, uttar pradesh, India (the host destination of the Sravasti International Buddhist Festival festival — do NOT render the festival itself, only the place at this time of year). Time of day: afternoon to dusk. Atmosphere: pre-summer warmth, dust in the air, soft hazy light. Colour palette: warm earth tones, ochre. Shot type: low ground-level tracking through the foreground. Style: documentary register (BBC/National Geographic feel), naturalistic colour grading, soft contrast, slight film grain. Composition: rule-of-thirds horizon, depth via foreground-midground-distance layering. Reference month: March.","no people, no human figures or silhouettes in foreground, no religious figures, sadhus, priests, monks, no specific religious attire (saffron robes, ceremonial clothing), no ritual objects (deities, idols, palanquins, ceremonial fire close-ups), no temple interiors or sanctum imagery, no signage with readable text, no on-screen graphics or overlays, no synthetic / cartoony rendering, no time-of-day mismatch (respect the requested mood)",https://pub-d8970c901de34c218926ebf4be1ed09a.r2.dev/destinations/sravasti.jpg,https://pub-bcda9bac2f63408880ee3f23aa3548e5.r2.dev/sravasti.mp4,https://www.nakshiq.com/en/festivals/sravasti-international-buddhist-festival,https://www.nakshiq.com/hi/festivals/sravasti-international-buddhist-festival,6,16:9,
C,90fa9ad5-e8cd-4d0f-b969-16c4856254c5,urs-of-khwaja-moinuddin-chishti,Urs of Khwaja Moinuddin Chishti,ajmer,Ajmer,rajasthan,1,January,"January (1st-6th Rajab, Islamic calendar)","Thar desert dunes, fort silhouettes, ochre stone","Thar desert dunes, fort silhouettes, ochre stone establishing wide shot — no figures, no signage with text",slow drone push-in along the horizon line,blue hour pre-dawn,"winter clarity, low-angle sun, mist on rivers and lakes",cool blue + warm tungsten contrast,"Cinematic 16:9 establishing shot, 6-8 seconds. Subject: Thar desert dunes, fort silhouettes, ochre stone establishing wide shot — no figures, no signage with text. Location: Ajmer, rajasthan, India (the host destination of the Urs of Khwaja Moinuddin Chishti festival — do NOT render the festival itself, only the place at this time of year). Time of day: blue hour pre-dawn. Atmosphere: winter clarity, low-angle sun, mist on rivers and lakes. Colour palette: cool blue + warm tungsten contrast. Shot type: slow drone push-in along the horizon line. Style: documentary register (BBC/National Geographic feel), naturalistic colour grading, soft contrast, slight film grain. Composition: rule-of-thirds horizon, depth via foreground-midground-distance layering. Reference month: January.","no people, no human figures or silhouettes in foreground, no religious figures, sadhus, priests, monks, no specific religious attire (saffron robes, ceremonial clothing), no ritual objects (deities, idols, palanquins, ceremonial fire close-ups), no temple interiors or sanctum imagery, no signage with readable text, no on-screen graphics or overlays, no synthetic / cartoony rendering, no time-of-day mismatch (respect the requested mood)",https://pub-d8970c901de34c218926ebf4be1ed09a.r2.dev/destinations/ajmer.jpg,https://pub-bcda9bac2f63408880ee3f23aa3548e5.r2.dev/ajmer.mp4,https://www.nakshiq.com/en/festivals/urs-of-khwaja-moinuddin-chishti,https://www.nakshiq.com/hi/festivals/urs-of-khwaja-moinuddin-chishti,6,16:9,
C,fb8e81b1-7d7d-41b0-9d4d-3a999ba0f90c,osian-camel-safari-festival,Osian Camel Safari Festival,osian,Osian,rajasthan,12,December,December (varies),"Thar desert dunes, fort silhouettes, ochre stone","Thar desert dunes, distant camel silhouettes against the horizon (no riders, no closeup)",slow drone push-in along the horizon line,blue hour + lantern light,"deep winter — frost, low mist, blue hour dominance",deep blue + amber pinpoints,"Cinematic 16:9 establishing shot, 6-8 seconds. Subject: Thar desert dunes, distant camel silhouettes against the horizon (no riders, no closeup). Location: Osian, rajasthan, India (the host destination of the Osian Camel Safari Festival festival — do NOT render the festival itself, only the place at this time of year). Time of day: blue hour + lantern light. Atmosphere: deep winter — frost, low mist, blue hour dominance. Colour palette: deep blue + amber pinpoints. Shot type: slow drone push-in along the horizon line. Style: documentary register (BBC/National Geographic feel), naturalistic colour grading, soft contrast, slight film grain. Composition: rule-of-thirds horizon, depth via foreground-midground-distance layering. Reference month: December.","no people, no human figures or silhouettes in foreground, no religious figures, sadhus, priests, monks, no specific religious attire (saffron robes, ceremonial clothing), no ritual objects (deities, idols, palanquins, ceremonial fire close-ups), no temple interiors or sanctum imagery, no signage with readable text, no on-screen graphics or overlays, no synthetic / cartoony rendering, no time-of-day mismatch (respect the requested mood)",https://pub-d8970c901de34c218926ebf4be1ed09a.r2.dev/destinations/osian.jpg,https://pub-bcda9bac2f63408880ee3f23aa3548e5.r2.dev/osian.mp4,https://www.nakshiq.com/en/festivals/osian-camel-safari-festival,https://www.nakshiq.com/hi/festivals/osian-camel-safari-festival,6,16:9,
C,14a2f5f5-fb59-4c30-992d-199f3c91f699,neemrana-music-festival,Neemrana Music Festival,neemrana,Neemrana,rajasthan,2,February,February (varies),"Thar desert dunes, fort silhouettes, ochre stone","ancient stone amphitheater steps, distant lights, no performers in frame",slow drone push-in along the horizon line,early golden hour,"late-winter clarity, crisp light, dry air",warm amber + cold shadow,"Cinematic 16:9 establishing shot, 6-8 seconds. Subject: ancient stone amphitheater steps, distant lights, no performers in frame. Location: Neemrana, rajasthan, India (the host destination of the Neemrana Music Festival festival — do NOT render the festival itself, only the place at this time of year). Time of day: early golden hour. Atmosphere: late-winter clarity, crisp light, dry air. Colour palette: warm amber + cold shadow. Shot type: slow drone push-in along the horizon line. Style: documentary register (BBC/National Geographic feel), naturalistic colour grading, soft contrast, slight film grain. Composition: rule-of-thirds horizon, depth via foreground-midground-distance layering. Reference month: February.","no people, no human figures or silhouettes in foreground, no religious figures, sadhus, priests, monks, no specific religious attire (saffron robes, ceremonial clothing), no ritual objects (deities, idols, palanquins, ceremonial fire close-ups), no temple interiors or sanctum imagery, no signage with readable text, no on-screen graphics or overlays, no synthetic / cartoony rendering, no time-of-day mismatch (respect the requested mood)",https://pub-d8970c901de34c218926ebf4be1ed09a.r2.dev/destinations/neemrana.jpg,https://pub-bcda9bac2f63408880ee3f23aa3548e5.r2.dev/neemrana.mp4,https://www.nakshiq.com/en/festivals/neemrana-music-festival,https://www.nakshiq.com/hi/festivals/neemrana-music-festival,6,16:9,
A,08494027-1a18-4d14-ba1f-bbf403967493,binsar-makar-sankranti,Binsar Makar Sankranti,binsar,Binsar,uttarakhand,1,January,January 14,"Himalayan foothills, oak + rhododendron forest, river valleys","empty harvest field, distant glow from small communal fires (low + small, no figures)",static establishing with subtle water-surface parallax,blue hour,"deep winter in the hills — snow on ridges, frozen streams, low sun raking the slope",icy blue + warm tungsten pinpoints,"Cinematic 16:9 establishing shot, 6-8 seconds. Subject: empty harvest field, distant glow from small communal fires (low + small, no figures). Location: Binsar, uttarakhand, India (the host destination of the Binsar Makar Sankranti festival — do NOT render the festival itself, only the place at this time of year). Time of day: blue hour. Atmosphere: deep winter in the hills — snow on ridges, frozen streams, low sun raking the slope. Colour palette: icy blue + warm tungsten pinpoints. Shot type: static establishing with subtle water-surface parallax. Style: documentary register (BBC/National Geographic feel), naturalistic colour grading, soft contrast, slight film grain. Composition: rule-of-thirds horizon, depth via foreground-midground-distance layering. Reference month: January.","no people, no human figures or silhouettes in foreground, no religious figures, sadhus, priests, monks, no specific religious attire (saffron robes, ceremonial clothing), no ritual objects (deities, idols, palanquins, ceremonial fire close-ups), no temple interiors or sanctum imagery, no signage with readable text, no on-screen graphics or overlays, no synthetic / cartoony rendering, no time-of-day mismatch (respect the requested mood)",https://pub-d8970c901de34c218926ebf4be1ed09a.r2.dev/destinations/binsar.jpg,https://pub-bcda9bac2f63408880ee3f23aa3548e5.r2.dev/binsar.mp4,https://www.nakshiq.com/en/festivals/binsar-makar-sankranti,https://www.nakshiq.com/hi/festivals/binsar-makar-sankranti,6,16:9,
C,0bc01854-4a77-46c6-b967-044b067071f0,devprayag-ganga-dussehra,Devprayag Ganga Dussehra,devprayag,Devprayag,uttarakhand,6,June,June (Jyeshtha Shukla Dashami),"Himalayan foothills, oak + rhododendron forest, river valleys","river current detail, ghats (architecture only, no figures), low mist on water",static establishing with subtle water-surface parallax,overcast midday,"early monsoon — cumulus clouds, intermittent rain breaks, fresh greens",cool grey-green + saturated blue,"Cinematic 16:9 establishing shot, 6-8 seconds. Subject: river current detail, ghats (architecture only, no figures), low mist on water. Location: Devprayag, uttarakhand, India (the host destination of the Devprayag Ganga Dussehra festival — do NOT render the festival itself, only the place at this time of year). Time of day: overcast midday. Atmosphere: early monsoon — cumulus clouds, intermittent rain breaks, fresh greens. Colour palette: cool grey-green + saturated blue. Shot type: static establishing with subtle water-surface parallax. Style: documentary register (BBC/National Geographic feel), naturalistic colour grading, soft contrast, slight film grain. Composition: rule-of-thirds horizon, depth via foreground-midground-distance layering. Reference month: June.","no people, no human figures or silhouettes in foreground, no religious figures, sadhus, priests, monks, no specific religious attire (saffron robes, ceremonial clothing), no ritual objects (deities, idols, palanquins, ceremonial fire close-ups), no temple interiors or sanctum imagery, no signage with readable text, no on-screen graphics or overlays, no synthetic / cartoony rendering, no time-of-day mismatch (respect the requested mood)",https://pub-d8970c901de34c218926ebf4be1ed09a.r2.dev/destinations/devprayag.jpg,https://pub-bcda9bac2f63408880ee3f23aa3548e5.r2.dev/devprayag.mp4,https://www.nakshiq.com/en/festivals/devprayag-ganga-dussehra,https://www.nakshiq.com/hi/festivals/devprayag-ganga-dussehra,6,16:9,
A,040ced7d-b709-48b3-a949-53dc51d43c5d,badri-kedar-festival-joshimath,Badri-Kedar Festival,joshimath,Joshimath,uttarakhand,5,May,May (varies),"Joshimath ridge view with Auli meadows in middle distance, snow-tipped peaks behind","Himalayan stone-built shrine exterior wide shot, glacial river in foreground, no figures, no signage",slow drone pull-back revealing the wider valley,early morning,"alpine spring — clear cold air, snow-melt streams, distant high-altitude peaks",snow-white + emerald + cobalt sky,"Cinematic 16:9 establishing shot, 6-8 seconds. Subject: Himalayan stone-built shrine exterior wide shot, glacial river in foreground, no figures, no signage. Location: Joshimath, uttarakhand, India (the host destination of the Badri-Kedar Festival festival — do NOT render the festival itself, only the place at this time of year). Time of day: early morning. Atmosphere: alpine spring — clear cold air, snow-melt streams, distant high-altitude peaks. Colour palette: snow-white + emerald + cobalt sky. Shot type: slow drone pull-back revealing the wider valley. Style: documentary register (BBC/National Geographic feel), naturalistic colour grading, soft contrast, slight film grain. Composition: rule-of-thirds horizon, depth via foreground-midground-distance layering. Reference month: May.","no people, no human figures or silhouettes in foreground, no religious figures, sadhus, priests, monks, no specific religious attire (saffron robes, ceremonial clothing), no ritual objects (deities, idols, palanquins, ceremonial fire close-ups), no temple interiors or sanctum imagery, no signage with readable text, no on-screen graphics or overlays, no synthetic / cartoony rendering, no time-of-day mismatch (respect the requested mood)",https://pub-d8970c901de34c218926ebf4be1ed09a.r2.dev/destinations/joshimath.jpg,https://pub-bcda9bac2f63408880ee3f23aa3548e5.r2.dev/joshimath.mp4,https://www.nakshiq.com/en/festivals/badri-kedar-festival-joshimath,https://www.nakshiq.com/hi/festivals/badri-kedar-festival-joshimath,6,16:9,
C,4c5c06fb-fad4-43ec-bee4-f9d27d784eb7,rudraprayag-kartik-purnima-mela,Rudraprayag Kartik Purnima Mela,rudraprayag,Rudraprayag,uttarakhand,11,November,November (Kartik Purnima),"Himalayan foothills, oak + rhododendron forest, river valleys","empty fairground wide shot — tents, flags, dusty paths, no crowds, no readable signage",static establishing with subtle water-surface parallax,early morning,"early winter — crystalline cold light, cool blue mornings",icy cyan + warm low sun,"Cinematic 16:9 establishing shot, 6-8 seconds. Subject: empty fairground wide shot — tents, flags, dusty paths, no crowds, no readable signage. Location: Rudraprayag, uttarakhand, India (the host destination of the Rudraprayag Kartik Purnima Mela festival — do NOT render the festival itself, only the place at this time of year). Time of day: early morning. Atmosphere: early winter — crystalline cold light, cool blue mornings. Colour palette: icy cyan + warm low sun. Shot type: static establishing with subtle water-surface parallax. Style: documentary register (BBC/National Geographic feel), naturalistic colour grading, soft contrast, slight film grain. Composition: rule-of-thirds horizon, depth via foreground-midground-distance layering. Reference month: November.","no people, no human figures or silhouettes in foreground, no religious figures, sadhus, priests, monks, no specific religious attire (saffron robes, ceremonial clothing), no ritual objects (deities, idols, palanquins, ceremonial fire close-ups), no temple interiors or sanctum imagery, no signage with readable text, no on-screen graphics or overlays, no synthetic / cartoony rendering, no time-of-day mismatch (respect the requested mood)",https://pub-d8970c901de34c218926ebf4be1ed09a.r2.dev/destinations/rudraprayag.jpg,https://pub-bcda9bac2f63408880ee3f23aa3548e5.r2.dev/rudraprayag.mp4,https://www.nakshiq.com/en/festivals/rudraprayag-kartik-purnima-mela,https://www.nakshiq.com/hi/festivals/rudraprayag-kartik-purnima-mela,6,16:9,
C,6204e70d-5d18-4493-8b60-b0907bb24de3,morni-mango-blossom-festival,Morni Mango Blossom Festival,morni-hills,Morni Hills,haryana,3,March,March (varies),"Aravalli foothills, dry-scrub plateau, monsoon-green fields","Aravalli foothills, dry-scrub plateau, monsoon-green fields establishing wide shot — no figures, no signage with text",low ground-level tracking through the foreground,afternoon to dusk,"pre-summer warmth, dust in the air, soft hazy light","warm earth tones, ochre","Cinematic 16:9 establishing shot, 6-8 seconds. Subject: Aravalli foothills, dry-scrub plateau, monsoon-green fields establishing wide shot — no figures, no signage with text. Location: Morni Hills, haryana, India (the host destination of the Morni Mango Blossom Festival festival — do NOT render the festival itself, only the place at this time of year). Time of day: afternoon to dusk. Atmosphere: pre-summer warmth, dust in the air, soft hazy light. Colour palette: warm earth tones, ochre. Shot type: low ground-level tracking through the foreground. Style: documentary register (BBC/National Geographic feel), naturalistic colour grading, soft contrast, slight film grain. Composition: rule-of-thirds horizon, depth via foreground-midground-distance layering. Reference month: March.","no people, no human figures or silhouettes in foreground, no religious figures, sadhus, priests, monks, no specific religious attire (saffron robes, ceremonial clothing), no ritual objects (deities, idols, palanquins, ceremonial fire close-ups), no temple interiors or sanctum imagery, no signage with readable text, no on-screen graphics or overlays, no synthetic / cartoony rendering, no time-of-day mismatch (respect the requested mood)",https://pub-d8970c901de34c218926ebf4be1ed09a.r2.dev/destinations/morni-hills.jpg,https://pub-bcda9bac2f63408880ee3f23aa3548e5.r2.dev/morni-hills.mp4,https://www.nakshiq.com/en/festivals/morni-mango-blossom-festival,https://www.nakshiq.com/hi/festivals/morni-mango-blossom-festival,6,16:9,
B,4801156c-bdf2-412d-8cc1-d0bde3e7202a,pinjore-heritage-festival,Pinjore Heritage Festival,pinjore-gardens,Pinjore Gardens,haryana,12,December,December (varies),"Aravalli foothills, dry-scrub plateau, monsoon-green fields","Aravalli foothills, dry-scrub plateau, monsoon-green fields establishing wide shot — no figures, no signage with text",low ground-level tracking through the foreground,blue hour + lantern light,"deep winter — frost, low mist, blue hour dominance",deep blue + amber pinpoints,"Cinematic 16:9 establishing shot, 6-8 seconds. Subject: Aravalli foothills, dry-scrub plateau, monsoon-green fields establishing wide shot — no figures, no signage with text. Location: Pinjore Gardens, haryana, India (the host destination of the Pinjore Heritage Festival festival — do NOT render the festival itself, only the place at this time of year). Time of day: blue hour + lantern light. Atmosphere: deep winter — frost, low mist, blue hour dominance. Colour palette: deep blue + amber pinpoints. Shot type: low ground-level tracking through the foreground. Style: documentary register (BBC/National Geographic feel), naturalistic colour grading, soft contrast, slight film grain. Composition: rule-of-thirds horizon, depth via foreground-midground-distance layering. Reference month: December.","no people, no human figures or silhouettes in foreground, no religious figures, sadhus, priests, monks, no specific religious attire (saffron robes, ceremonial clothing), no ritual objects (deities, idols, palanquins, ceremonial fire close-ups), no temple interiors or sanctum imagery, no signage with readable text, no on-screen graphics or overlays, no synthetic / cartoony rendering, no time-of-day mismatch (respect the requested mood)",https://pub-d8970c901de34c218926ebf4be1ed09a.r2.dev/destinations/pinjore-gardens.jpg,https://pub-bcda9bac2f63408880ee3f23aa3548e5.r2.dev/pinjore-gardens.mp4,https://www.nakshiq.com/en/festivals/pinjore-heritage-festival,https://www.nakshiq.com/hi/festivals/pinjore-heritage-festival,6,16:9,
C,3d26d374-6231-4254-b2f7-bb353e859e06,kanwar-yatra,Kanwar Yatra,haridwar,Haridwar,uttarakhand,7,July,July–August (Shravan month),"Ganga current at the foothills, stone ghats (no figures), Himalayan haze","long mountain road or trail receding into distance, no pilgrims visible",slow drone pull-back revealing the wider valley,post-rain twilight,"deep monsoon — saturated greens, wet roads reflecting light, low cloud",deep emerald + slate,"Cinematic 16:9 establishing shot, 6-8 seconds. Subject: long mountain road or trail receding into distance, no pilgrims visible. Location: Haridwar, uttarakhand, India (the host destination of the Kanwar Yatra festival — do NOT render the festival itself, only the place at this time of year). Time of day: post-rain twilight. Atmosphere: deep monsoon — saturated greens, wet roads reflecting light, low cloud. Colour palette: deep emerald + slate. Shot type: slow drone pull-back revealing the wider valley. Style: documentary register (BBC/National Geographic feel), naturalistic colour grading, soft contrast, slight film grain. Composition: rule-of-thirds horizon, depth via foreground-midground-distance layering. Reference month: July.","no people, no human figures or silhouettes in foreground, no religious figures, sadhus, priests, monks, no specific religious attire (saffron robes, ceremonial clothing), no ritual objects (deities, idols, palanquins, ceremonial fire close-ups), no temple interiors or sanctum imagery, no signage with readable text, no on-screen graphics or overlays, no synthetic / cartoony rendering, no time-of-day mismatch (respect the requested mood)",https://pub-d8970c901de34c218926ebf4be1ed09a.r2.dev/destinations/haridwar.jpg,https://pub-bcda9bac2f63408880ee3f23aa3548e5.r2.dev/haridwar.mp4,https://www.nakshiq.com/en/festivals/kanwar-yatra,https://www.nakshiq.com/hi/festivals/kanwar-yatra,6,16:9,
C,d67cb7ae-996c-44b1-9095-95d70168112c,malana-village-fair,Malana Village Fair,kasol,Kasol,himachal pradesh,8,August,August 15 (Independence Day),"Himalayan ridges, deodar slopes, prayer-flag-empty (no flags) ridgelines","empty fairground wide shot — tents, flags, dusty paths, no crowds, no readable signage",slow drone pull-back revealing the wider valley,afternoon shaft-light,"monsoon in the hills — mist drifts through deodar forest, sun shafts breaking cloud, wet stone glistens",saturated emerald + silver mist,"Cinematic 16:9 establishing shot, 6-8 seconds. Subject: empty fairground wide shot — tents, flags, dusty paths, no crowds, no readable signage. Location: Kasol, himachal pradesh, India (the host destination of the Malana Village Fair festival — do NOT render the festival itself, only the place at this time of year). Time of day: afternoon shaft-light. Atmosphere: monsoon in the hills — mist drifts through deodar forest, sun shafts breaking cloud, wet stone glistens. Colour palette: saturated emerald + silver mist. Shot type: slow drone pull-back revealing the wider valley. Style: documentary register (BBC/National Geographic feel), naturalistic colour grading, soft contrast, slight film grain. Composition: rule-of-thirds horizon, depth via foreground-midground-distance layering. Reference month: August.","no people, no human figures or silhouettes in foreground, no religious figures, sadhus, priests, monks, no specific religious attire (saffron robes, ceremonial clothing), no ritual objects (deities, idols, palanquins, ceremonial fire close-ups), no temple interiors or sanctum imagery, no signage with readable text, no on-screen graphics or overlays, no synthetic / cartoony rendering, no time-of-day mismatch (respect the requested mood)",https://pub-d8970c901de34c218926ebf4be1ed09a.r2.dev/destinations/kasol.jpg,https://pub-bcda9bac2f63408880ee3f23aa3548e5.r2.dev/kasol.mp4,https://www.nakshiq.com/en/festivals/malana-village-fair,https://www.nakshiq.com/hi/festivals/malana-village-fair,6,16:9,
C,c6faeb7b-12a5-4620-9468-097fcbfebfd3,dudhwa-tharu-cultural-festival,Dudhwa Tharu Cultural Festival,dudhwa-national-park,Dudhwa National Park,uttar pradesh,11,November,November (varies),"Ganga + Yamuna plains, ghats (water-and-stone, no figures), mustard fields","Ganga + Yamuna plains, ghats (water-and-stone, no figures), mustard fields establishing wide shot — no figures, no signage with text",low ground-level tracking through the foreground,early morning,"early winter — crystalline cold light, cool blue mornings",icy cyan + warm low sun,"Cinematic 16:9 establishing shot, 6-8 seconds. Subject: Ganga + Yamuna plains, ghats (water-and-stone, no figures), mustard fields establishing wide shot — no figures, no signage with text. Location: Dudhwa National Park, uttar pradesh, India (the host destination of the Dudhwa Tharu Cultural Festival festival — do NOT render the festival itself, only the place at this time of year). Time of day: early morning. Atmosphere: early winter — crystalline cold light, cool blue mornings. Colour palette: icy cyan + warm low sun. Shot type: low ground-level tracking through the foreground. Style: documentary register (BBC/National Geographic feel), naturalistic colour grading, soft contrast, slight film grain. Composition: rule-of-thirds horizon, depth via foreground-midground-distance layering. Reference month: November.","no people, no human figures or silhouettes in foreground, no religious figures, sadhus, priests, monks, no specific religious attire (saffron robes, ceremonial clothing), no ritual objects (deities, idols, palanquins, ceremonial fire close-ups), no temple interiors or sanctum imagery, no signage with readable text, no on-screen graphics or overlays, no synthetic / cartoony rendering, no time-of-day mismatch (respect the requested mood)",https://pub-d8970c901de34c218926ebf4be1ed09a.r2.dev/destinations/dudhwa-national-park.jpg,https://pub-bcda9bac2f63408880ee3f23aa3548e5.r2.dev/dudhwa-national-park.mp4,https://www.nakshiq.com/en/festivals/dudhwa-tharu-cultural-festival,https://www.nakshiq.com/hi/festivals/dudhwa-tharu-cultural-festival,6,16:9,
C,fe45662e-3b7c-41c5-9eb9-f9f2b88945b8,pithoragarh-hilljatra,Pithoragarh Hilljatra,pithoragarh,Pithoragarh,uttarakhand,4,April,April (Baisakhi),"Himalayan foothills, oak + rhododendron forest, river valleys","Himalayan foothills, oak + rhododendron forest, river valleys establishing wide shot — no figures, no signage with text",static establishing with subtle water-surface parallax,early morning,"alpine spring — clear cold air, snow-melt streams, distant high-altitude peaks",snow-white + emerald + cobalt sky,"Cinematic 16:9 establishing shot, 6-8 seconds. Subject: Himalayan foothills, oak + rhododendron forest, river valleys establishing wide shot — no figures, no signage with text. Location: Pithoragarh, uttarakhand, India (the host destination of the Pithoragarh Hilljatra festival — do NOT render the festival itself, only the place at this time of year). Time of day: early morning. Atmosphere: alpine spring — clear cold air, snow-melt streams, distant high-altitude peaks. Colour palette: snow-white + emerald + cobalt sky. Shot type: static establishing with subtle water-surface parallax. Style: documentary register (BBC/National Geographic feel), naturalistic colour grading, soft contrast, slight film grain. Composition: rule-of-thirds horizon, depth via foreground-midground-distance layering. Reference month: April.","no people, no human figures or silhouettes in foreground, no religious figures, sadhus, priests, monks, no specific religious attire (saffron robes, ceremonial clothing), no ritual objects (deities, idols, palanquins, ceremonial fire close-ups), no temple interiors or sanctum imagery, no signage with readable text, no on-screen graphics or overlays, no synthetic / cartoony rendering, no time-of-day mismatch (respect the requested mood)",https://pub-d8970c901de34c218926ebf4be1ed09a.r2.dev/destinations/pithoragarh.jpg,https://pub-bcda9bac2f63408880ee3f23aa3548e5.r2.dev/pithoragarh.mp4,https://www.nakshiq.com/en/festivals/pithoragarh-hilljatra,https://www.nakshiq.com/hi/festivals/pithoragarh-hilljatra,6,16:9,
C,93e74eb6-66be-4180-9939-c236c1566c13,chaukori-tea-festival,Chaukori Tea Festival,chaukori,Chaukori,uttarakhand,5,May,May (varies),"Himalayan foothills, oak + rhododendron forest, river valleys","Himalayan foothills, oak + rhododendron forest, river valleys establishing wide shot — no figures, no signage with text",static establishing with subtle water-surface parallax,early morning,"alpine spring — clear cold air, snow-melt streams, distant high-altitude peaks",snow-white + emerald + cobalt sky,"Cinematic 16:9 establishing shot, 6-8 seconds. Subject: Himalayan foothills, oak + rhododendron forest, river valleys establishing wide shot — no figures, no signage with text. Location: Chaukori, uttarakhand, India (the host destination of the Chaukori Tea Festival festival — do NOT render the festival itself, only the place at this time of year). Time of day: early morning. Atmosphere: alpine spring — clear cold air, snow-melt streams, distant high-altitude peaks. Colour palette: snow-white + emerald + cobalt sky. Shot type: static establishing with subtle water-surface parallax. Style: documentary register (BBC/National Geographic feel), naturalistic colour grading, soft contrast, slight film grain. Composition: rule-of-thirds horizon, depth via foreground-midground-distance layering. Reference month: May.","no people, no human figures or silhouettes in foreground, no religious figures, sadhus, priests, monks, no specific religious attire (saffron robes, ceremonial clothing), no ritual objects (deities, idols, palanquins, ceremonial fire close-ups), no temple interiors or sanctum imagery, no signage with readable text, no on-screen graphics or overlays, no synthetic / cartoony rendering, no time-of-day mismatch (respect the requested mood)",https://pub-d8970c901de34c218926ebf4be1ed09a.r2.dev/destinations/chaukori.jpg,https://pub-bcda9bac2f63408880ee3f23aa3548e5.r2.dev/chaukori.mp4,https://www.nakshiq.com/en/festivals/chaukori-tea-festival,https://www.nakshiq.com/hi/festivals/chaukori-tea-festival,6,16:9,
C,795462c7-b557-48d7-8715-4b540eaffb6b,kanatal-surkanda-devi-mela,Kanatal Surkanda Devi Mela,kanatal,Kanatal,uttarakhand,6,June,June (Ganga Dussehra),"Himalayan foothills, oak + rhododendron forest, river valleys","empty fairground wide shot — tents, flags, dusty paths, no crowds, no readable signage",static establishing with subtle water-surface parallax,early morning,"alpine spring — clear cold air, snow-melt streams, distant high-altitude peaks",snow-white + emerald + cobalt sky,"Cinematic 16:9 establishing shot, 6-8 seconds. Subject: empty fairground wide shot — tents, flags, dusty paths, no crowds, no readable signage. Location: Kanatal, uttarakhand, India (the host destination of the Kanatal Surkanda Devi Mela festival — do NOT render the festival itself, only the place at this time of year). Time of day: early morning. Atmosphere: alpine spring — clear cold air, snow-melt streams, distant high-altitude peaks. Colour palette: snow-white + emerald + cobalt sky. Shot type: static establishing with subtle water-surface parallax. Style: documentary register (BBC/National Geographic feel), naturalistic colour grading, soft contrast, slight film grain. Composition: rule-of-thirds horizon, depth via foreground-midground-distance layering. Reference month: June.","no people, no human figures or silhouettes in foreground, no religious figures, sadhus, priests, monks, no specific religious attire (saffron robes, ceremonial clothing), no ritual objects (deities, idols, palanquins, ceremonial fire close-ups), no temple interiors or sanctum imagery, no signage with readable text, no on-screen graphics or overlays, no synthetic / cartoony rendering, no time-of-day mismatch (respect the requested mood)",https://pub-d8970c901de34c218926ebf4be1ed09a.r2.dev/destinations/kanatal.jpg,https://pub-bcda9bac2f63408880ee3f23aa3548e5.r2.dev/kanatal.mp4,https://www.nakshiq.com/en/festivals/kanatal-surkanda-devi-mela,https://www.nakshiq.com/hi/festivals/kanatal-surkanda-devi-mela,6,16:9,
C,7a46a2ee-37e3-49c5-97d1-465da0861dd9,solan-shoolini-fair,Solan Shoolini Fair,solan,Solan,himachal pradesh,6,June,"June (mid-June, 8 days)","Himalayan ridges, deodar slopes, prayer-flag-empty (no flags) ridgelines","empty fairground wide shot — tents, flags, dusty paths, no crowds, no readable signage",slow drone pull-back revealing the wider valley,early morning,"alpine spring — clear cold air, snow-melt streams, distant high-altitude peaks",snow-white + emerald + cobalt sky,"Cinematic 16:9 establishing shot, 6-8 seconds. Subject: empty fairground wide shot — tents, flags, dusty paths, no crowds, no readable signage. Location: Solan, himachal pradesh, India (the host destination of the Solan Shoolini Fair festival — do NOT render the festival itself, only the place at this time of year). Time of day: early morning. Atmosphere: alpine spring — clear cold air, snow-melt streams, distant high-altitude peaks. Colour palette: snow-white + emerald + cobalt sky. Shot type: slow drone pull-back revealing the wider valley. Style: documentary register (BBC/National Geographic feel), naturalistic colour grading, soft contrast, slight film grain. Composition: rule-of-thirds horizon, depth via foreground-midground-distance layering. Reference month: June.","no people, no human figures or silhouettes in foreground, no religious figures, sadhus, priests, monks, no specific religious attire (saffron robes, ceremonial clothing), no ritual objects (deities, idols, palanquins, ceremonial fire close-ups), no temple interiors or sanctum imagery, no signage with readable text, no on-screen graphics or overlays, no synthetic / cartoony rendering, no time-of-day mismatch (respect the requested mood)",https://pub-d8970c901de34c218926ebf4be1ed09a.r2.dev/destinations/solan.jpg,https://pub-bcda9bac2f63408880ee3f23aa3548e5.r2.dev/solan.mp4,https://www.nakshiq.com/en/festivals/solan-shoolini-fair,https://www.nakshiq.com/hi/festivals/solan-shoolini-fair,6,16:9,
C,d2de2186-79de-4cf1-be2f-b51f12fd4c09,chail-cricket-festival,Chail Cricket Festival,chail,Chail,himachal pradesh,5,May,May (varies),"Himalayan ridges, deodar slopes, prayer-flag-empty (no flags) ridgelines","Himalayan ridges, deodar slopes, prayer-flag-empty (no flags) ridgelines establishing wide shot — no figures, no signage with text",slow drone pull-back revealing the wider valley,early morning,"alpine spring — clear cold air, snow-melt streams, distant high-altitude peaks",snow-white + emerald + cobalt sky,"Cinematic 16:9 establishing shot, 6-8 seconds. Subject: Himalayan ridges, deodar slopes, prayer-flag-empty (no flags) ridgelines establishing wide shot — no figures, no signage with text. Location: Chail, himachal pradesh, India (the host destination of the Chail Cricket Festival festival — do NOT render the festival itself, only the place at this time of year). Time of day: early morning. Atmosphere: alpine spring — clear cold air, snow-melt streams, distant high-altitude peaks. Colour palette: snow-white + emerald + cobalt sky. Shot type: slow drone pull-back revealing the wider valley. Style: documentary register (BBC/National Geographic feel), naturalistic colour grading, soft contrast, slight film grain. Composition: rule-of-thirds horizon, depth via foreground-midground-distance layering. Reference month: May.","no people, no human figures or silhouettes in foreground, no religious figures, sadhus, priests, monks, no specific religious attire (saffron robes, ceremonial clothing), no ritual objects (deities, idols, palanquins, ceremonial fire close-ups), no temple interiors or sanctum imagery, no signage with readable text, no on-screen graphics or overlays, no synthetic / cartoony rendering, no time-of-day mismatch (respect the requested mood)",https://pub-d8970c901de34c218926ebf4be1ed09a.r2.dev/destinations/chail.jpg,https://pub-bcda9bac2f63408880ee3f23aa3548e5.r2.dev/chail.mp4,https://www.nakshiq.com/en/festivals/chail-cricket-festival,https://www.nakshiq.com/hi/festivals/chail-cricket-festival,6,16:9,
A,90cabfea-02d4-40c0-b3c6-aacfe9a51248,kufri-winter-sports-festival,Kufri Winter Sports Festival,kufri,Kufri,himachal pradesh,1,January,January-February (varies),"Himalayan ridges, deodar slopes, prayer-flag-empty (no flags) ridgelines","Himalayan ridges, deodar slopes, prayer-flag-empty (no flags) ridgelines establishing wide shot — no figures, no signage with text",slow drone pull-back revealing the wider valley,blue hour,"deep winter in the hills — snow on ridges, frozen streams, low sun raking the slope",icy blue + warm tungsten pinpoints,"Cinematic 16:9 establishing shot, 6-8 seconds. Subject: Himalayan ridges, deodar slopes, prayer-flag-empty (no flags) ridgelines establishing wide shot — no figures, no signage with text. Location: Kufri, himachal pradesh, India (the host destination of the Kufri Winter Sports Festival festival — do NOT render the festival itself, only the place at this time of year). Time of day: blue hour. Atmosphere: deep winter in the hills — snow on ridges, frozen streams, low sun raking the slope. Colour palette: icy blue + warm tungsten pinpoints. Shot type: slow drone pull-back revealing the wider valley. Style: documentary register (BBC/National Geographic feel), naturalistic colour grading, soft contrast, slight film grain. Composition: rule-of-thirds horizon, depth via foreground-midground-distance layering. Reference month: January.","no people, no human figures or silhouettes in foreground, no religious figures, sadhus, priests, monks, no specific religious attire (saffron robes, ceremonial clothing), no ritual objects (deities, idols, palanquins, ceremonial fire close-ups), no temple interiors or sanctum imagery, no signage with readable text, no on-screen graphics or overlays, no synthetic / cartoony rendering, no time-of-day mismatch (respect the requested mood)",https://pub-d8970c901de34c218926ebf4be1ed09a.r2.dev/destinations/kufri.jpg,https://pub-bcda9bac2f63408880ee3f23aa3548e5.r2.dev/kufri.mp4,https://www.nakshiq.com/en/festivals/kufri-winter-sports-festival,https://www.nakshiq.com/hi/festivals/kufri-winter-sports-festival,6,16:9,
C,8b8e61ae-35b4-4c50-ad38-a3dfadb9a5c1,nako-lake-festival,Nako Lake Festival,nako,Nako,himachal pradesh,9,September,September (varies),"Himalayan ridges, deodar slopes, prayer-flag-empty (no flags) ridgelines","still lake, reflection of surrounding terrain, no boats or figures",slow drone pull-back revealing the wider valley,afternoon shaft-light,"monsoon in the hills — mist drifts through deodar forest, sun shafts breaking cloud, wet stone glistens",saturated emerald + silver mist,"Cinematic 16:9 establishing shot, 6-8 seconds. Subject: still lake, reflection of surrounding terrain, no boats or figures. Location: Nako, himachal pradesh, India (the host destination of the Nako Lake Festival festival — do NOT render the festival itself, only the place at this time of year). Time of day: afternoon shaft-light. Atmosphere: monsoon in the hills — mist drifts through deodar forest, sun shafts breaking cloud, wet stone glistens. Colour palette: saturated emerald + silver mist. Shot type: slow drone pull-back revealing the wider valley. Style: documentary register (BBC/National Geographic feel), naturalistic colour grading, soft contrast, slight film grain. Composition: rule-of-thirds horizon, depth via foreground-midground-distance layering. Reference month: September.","no people, no human figures or silhouettes in foreground, no religious figures, sadhus, priests, monks, no specific religious attire (saffron robes, ceremonial clothing), no ritual objects (deities, idols, palanquins, ceremonial fire close-ups), no temple interiors or sanctum imagery, no signage with readable text, no on-screen graphics or overlays, no synthetic / cartoony rendering, no time-of-day mismatch (respect the requested mood)",https://pub-d8970c901de34c218926ebf4be1ed09a.r2.dev/destinations/nako.jpg,https://pub-bcda9bac2f63408880ee3f23aa3548e5.r2.dev/nako.mp4,https://www.nakshiq.com/en/festivals/nako-lake-festival,https://www.nakshiq.com/hi/festivals/nako-lake-festival,6,16:9,
C,430ef61e-ff45-4ae5-929f-0bb12b7d4a4b,champawat-nanda-devi-fair,Champawat Nanda Devi Fair,champawat,Champawat,uttarakhand,9,September,September (Bhadra Ashtami),"Himalayan foothills, oak + rhododendron forest, river valleys","empty fairground wide shot — tents, flags, dusty paths, no crowds, no readable signage",static establishing with subtle water-surface parallax,afternoon shaft-light,"monsoon in the hills — mist drifts through deodar forest, sun shafts breaking cloud, wet stone glistens",saturated emerald + silver mist,"Cinematic 16:9 establishing shot, 6-8 seconds. Subject: empty fairground wide shot — tents, flags, dusty paths, no crowds, no readable signage. Location: Champawat, uttarakhand, India (the host destination of the Champawat Nanda Devi Fair festival — do NOT render the festival itself, only the place at this time of year). Time of day: afternoon shaft-light. Atmosphere: monsoon in the hills — mist drifts through deodar forest, sun shafts breaking cloud, wet stone glistens. Colour palette: saturated emerald + silver mist. Shot type: static establishing with subtle water-surface parallax. Style: documentary register (BBC/National Geographic feel), naturalistic colour grading, soft contrast, slight film grain. Composition: rule-of-thirds horizon, depth via foreground-midground-distance layering. Reference month: September.","no people, no human figures or silhouettes in foreground, no religious figures, sadhus, priests, monks, no specific religious attire (saffron robes, ceremonial clothing), no ritual objects (deities, idols, palanquins, ceremonial fire close-ups), no temple interiors or sanctum imagery, no signage with readable text, no on-screen graphics or overlays, no synthetic / cartoony rendering, no time-of-day mismatch (respect the requested mood)",https://pub-d8970c901de34c218926ebf4be1ed09a.r2.dev/destinations/champawat.jpg,https://pub-bcda9bac2f63408880ee3f23aa3548e5.r2.dev/champawat.mp4,https://www.nakshiq.com/en/festivals/champawat-nanda-devi-fair,https://www.nakshiq.com/hi/festivals/champawat-nanda-devi-fair,6,16:9,
C,65e1ea48-da32-41bc-a96e-616287e341cb,doodhpathri-meadow-festival,Doodhpathri Meadow Festival,doodhpathri,Doodhpathri,jammu kashmir,6,June,June (varies),"alpine meadows, deodar forests, lake reflections","alpine meadows, deodar forests, lake reflections establishing wide shot — no figures, no signage with text",static establishing with subtle water-surface parallax,early morning,"alpine spring — clear cold air, snow-melt streams, distant high-altitude peaks",snow-white + emerald + cobalt sky,"Cinematic 16:9 establishing shot, 6-8 seconds. Subject: alpine meadows, deodar forests, lake reflections establishing wide shot — no figures, no signage with text. Location: Doodhpathri, jammu kashmir, India (the host destination of the Doodhpathri Meadow Festival festival — do NOT render the festival itself, only the place at this time of year). Time of day: early morning. Atmosphere: alpine spring — clear cold air, snow-melt streams, distant high-altitude peaks. Colour palette: snow-white + emerald + cobalt sky. Shot type: static establishing with subtle water-surface parallax. Style: documentary register (BBC/National Geographic feel), naturalistic colour grading, soft contrast, slight film grain. Composition: rule-of-thirds horizon, depth via foreground-midground-distance layering. Reference month: June.","no people, no human figures or silhouettes in foreground, no religious figures, sadhus, priests, monks, no specific religious attire (saffron robes, ceremonial clothing), no ritual objects (deities, idols, palanquins, ceremonial fire close-ups), no temple interiors or sanctum imagery, no signage with readable text, no on-screen graphics or overlays, no synthetic / cartoony rendering, no time-of-day mismatch (respect the requested mood)",https://pub-d8970c901de34c218926ebf4be1ed09a.r2.dev/destinations/doodhpathri.jpg,https://pub-bcda9bac2f63408880ee3f23aa3548e5.r2.dev/doodhpathri.mp4,https://www.nakshiq.com/en/festivals/doodhpathri-meadow-festival,https://www.nakshiq.com/hi/festivals/doodhpathri-meadow-festival,6,16:9,
B,ad81db24-5bf6-45de-aba2-102e849348ba,guptkashi-vishwanath-temple-festival,Guptkashi Vishwanath Temple Festival,guptkashi,Guptkashi,uttarakhand,5,May,May (kapaat opening),"Himalayan foothills, oak + rhododendron forest, river valleys","temple-town exterior wide shot — sandstone or granite architecture, no figures, no idols visible",static establishing with subtle water-surface parallax,post-sunset twilight,"summer haze, heat shimmer over dry ground, warm tungsten dusk",burnt orange + deep blue,"Cinematic 16:9 establishing shot, 6-8 seconds. Subject: temple-town exterior wide shot — sandstone or granite architecture, no figures, no idols visible. Location: Guptkashi, uttarakhand, India (the host destination of the Guptkashi Vishwanath Temple Festival festival — do NOT render the festival itself, only the place at this time of year). Time of day: post-sunset twilight. Atmosphere: summer haze, heat shimmer over dry ground, warm tungsten dusk. Colour palette: burnt orange + deep blue. Shot type: static establishing with subtle water-surface parallax. Style: documentary register (BBC/National Geographic feel), naturalistic colour grading, soft contrast, slight film grain. Composition: rule-of-thirds horizon, depth via foreground-midground-distance layering. Reference month: May.","no people, no human figures or silhouettes in foreground, no religious figures, sadhus, priests, monks, no specific religious attire (saffron robes, ceremonial clothing), no ritual objects (deities, idols, palanquins, ceremonial fire close-ups), no temple interiors or sanctum imagery, no signage with readable text, no on-screen graphics or overlays, no synthetic / cartoony rendering, no time-of-day mismatch (respect the requested mood)",https://pub-d8970c901de34c218926ebf4be1ed09a.r2.dev/destinations/guptkashi.jpg,https://pub-bcda9bac2f63408880ee3f23aa3548e5.r2.dev/guptkashi.mp4,https://www.nakshiq.com/en/festivals/guptkashi-vishwanath-temple-festival,https://www.nakshiq.com/hi/festivals/guptkashi-vishwanath-temple-festival,6,16:9,"Religious site — exterior only, no idol or sanctum imagery."
C,be940991-410a-4a77-9c71-e41c890a71a4,kishtwar-saffron-festival,Kishtwar Saffron Festival,kishtwar,Kishtwar,jammu kashmir,10,October,October-November (harvest),"alpine meadows, deodar forests, lake reflections","alpine meadows, deodar forests, lake reflections establishing wide shot — no figures, no signage with text",static establishing with subtle water-surface parallax,morning golden hour,"post-monsoon clarity at altitude — crystalline cold air, autumn-tinged forest, distant snow",warm amber + cool cobalt,"Cinematic 16:9 establishing shot, 6-8 seconds. Subject: alpine meadows, deodar forests, lake reflections establishing wide shot — no figures, no signage with text. Location: Kishtwar, jammu kashmir, India (the host destination of the Kishtwar Saffron Festival festival — do NOT render the festival itself, only the place at this time of year). Time of day: morning golden hour. Atmosphere: post-monsoon clarity at altitude — crystalline cold air, autumn-tinged forest, distant snow. Colour palette: warm amber + cool cobalt. Shot type: static establishing with subtle water-surface parallax. Style: documentary register (BBC/National Geographic feel), naturalistic colour grading, soft contrast, slight film grain. Composition: rule-of-thirds horizon, depth via foreground-midground-distance layering. Reference month: October.","no people, no human figures or silhouettes in foreground, no religious figures, sadhus, priests, monks, no specific religious attire (saffron robes, ceremonial clothing), no ritual objects (deities, idols, palanquins, ceremonial fire close-ups), no temple interiors or sanctum imagery, no signage with readable text, no on-screen graphics or overlays, no synthetic / cartoony rendering, no time-of-day mismatch (respect the requested mood)",https://pub-d8970c901de34c218926ebf4be1ed09a.r2.dev/destinations/kishtwar.jpg,https://pub-bcda9bac2f63408880ee3f23aa3548e5.r2.dev/kishtwar.mp4,https://www.nakshiq.com/en/festivals/kishtwar-saffron-festival,https://www.nakshiq.com/hi/festivals/kishtwar-saffron-festival,6,16:9,
C,55deda2e-1e55-4e4f-8db3-379225d4f648,manikaran-guru-nanak-birthday,Manikaran Guru Nanak Birthday,manikaran,Manikaran,himachal pradesh,11,November,November (Kartik Purnima),"Himalayan ridges, deodar slopes, prayer-flag-empty (no flags) ridgelines","Himalayan ridges, deodar slopes, prayer-flag-empty (no flags) ridgelines establishing wide shot — no figures, no signage with text",slow drone pull-back revealing the wider valley,morning golden hour,"post-monsoon clarity at altitude — crystalline cold air, autumn-tinged forest, distant snow",warm amber + cool cobalt,"Cinematic 16:9 establishing shot, 6-8 seconds. Subject: Himalayan ridges, deodar slopes, prayer-flag-empty (no flags) ridgelines establishing wide shot — no figures, no signage with text. Location: Manikaran, himachal pradesh, India (the host destination of the Manikaran Guru Nanak Birthday festival — do NOT render the festival itself, only the place at this time of year). Time of day: morning golden hour. Atmosphere: post-monsoon clarity at altitude — crystalline cold air, autumn-tinged forest, distant snow. Colour palette: warm amber + cool cobalt. Shot type: slow drone pull-back revealing the wider valley. Style: documentary register (BBC/National Geographic feel), naturalistic colour grading, soft contrast, slight film grain. Composition: rule-of-thirds horizon, depth via foreground-midground-distance layering. Reference month: November.","no people, no human figures or silhouettes in foreground, no religious figures, sadhus, priests, monks, no specific religious attire (saffron robes, ceremonial clothing), no ritual objects (deities, idols, palanquins, ceremonial fire close-ups), no temple interiors or sanctum imagery, no signage with readable text, no on-screen graphics or overlays, no synthetic / cartoony rendering, no time-of-day mismatch (respect the requested mood)",https://pub-d8970c901de34c218926ebf4be1ed09a.r2.dev/destinations/manikaran.jpg,https://pub-bcda9bac2f63408880ee3f23aa3548e5.r2.dev/manikaran.mp4,https://www.nakshiq.com/en/festivals/manikaran-guru-nanak-birthday,https://www.nakshiq.com/hi/festivals/manikaran-guru-nanak-birthday,6,16:9,
C,8dcc2423-8612-410e-9bc4-6b497aa6a4db,sinthan-top-snow-festival,Sinthan Top Snow Festival,sinthan-top,Sinthan Top,jammu kashmir,1,January,January (varies),"alpine meadows, deodar forests, lake reflections","alpine meadows, deodar forests, lake reflections establishing wide shot — no figures, no signage with text",static establishing with subtle water-surface parallax,blue hour,"deep winter in the hills — snow on ridges, frozen streams, low sun raking the slope",icy blue + warm tungsten pinpoints,"Cinematic 16:9 establishing shot, 6-8 seconds. Subject: alpine meadows, deodar forests, lake reflections establishing wide shot — no figures, no signage with text. Location: Sinthan Top, jammu kashmir, India (the host destination of the Sinthan Top Snow Festival festival — do NOT render the festival itself, only the place at this time of year). Time of day: blue hour. Atmosphere: deep winter in the hills — snow on ridges, frozen streams, low sun raking the slope. Colour palette: icy blue + warm tungsten pinpoints. Shot type: static establishing with subtle water-surface parallax. Style: documentary register (BBC/National Geographic feel), naturalistic colour grading, soft contrast, slight film grain. Composition: rule-of-thirds horizon, depth via foreground-midground-distance layering. Reference month: January.","no people, no human figures or silhouettes in foreground, no religious figures, sadhus, priests, monks, no specific religious attire (saffron robes, ceremonial clothing), no ritual objects (deities, idols, palanquins, ceremonial fire close-ups), no temple interiors or sanctum imagery, no signage with readable text, no on-screen graphics or overlays, no synthetic / cartoony rendering, no time-of-day mismatch (respect the requested mood)",https://pub-d8970c901de34c218926ebf4be1ed09a.r2.dev/destinations/sinthan-top.jpg,https://pub-bcda9bac2f63408880ee3f23aa3548e5.r2.dev/sinthan-top.mp4,https://www.nakshiq.com/en/festivals/sinthan-top-snow-festival,https://www.nakshiq.com/hi/festivals/sinthan-top-snow-festival,6,16:9,High-altitude — respect actual seasonal access (some passes shut Oct-May).
C,ed1ecbca-380a-4ca7-a9c3-d54e715991f3,tosamaidan-wildflower-season,Tosamaidan Wildflower Season,tosamaidan,Tosamaidan,jammu kashmir,5,May,May-June,"alpine meadows, deodar forests, lake reflections","alpine meadows, deodar forests, lake reflections establishing wide shot — no figures, no signage with text",static establishing with subtle water-surface parallax,early morning,"alpine spring — clear cold air, snow-melt streams, distant high-altitude peaks",snow-white + emerald + cobalt sky,"Cinematic 16:9 establishing shot, 6-8 seconds. Subject: alpine meadows, deodar forests, lake reflections establishing wide shot — no figures, no signage with text. Location: Tosamaidan, jammu kashmir, India (the host destination of the Tosamaidan Wildflower Season festival — do NOT render the festival itself, only the place at this time of year). Time of day: early morning. Atmosphere: alpine spring — clear cold air, snow-melt streams, distant high-altitude peaks. Colour palette: snow-white + emerald + cobalt sky. Shot type: static establishing with subtle water-surface parallax. Style: documentary register (BBC/National Geographic feel), naturalistic colour grading, soft contrast, slight film grain. Composition: rule-of-thirds horizon, depth via foreground-midground-distance layering. Reference month: May.","no people, no human figures or silhouettes in foreground, no religious figures, sadhus, priests, monks, no specific religious attire (saffron robes, ceremonial clothing), no ritual objects (deities, idols, palanquins, ceremonial fire close-ups), no temple interiors or sanctum imagery, no signage with readable text, no on-screen graphics or overlays, no synthetic / cartoony rendering, no time-of-day mismatch (respect the requested mood)",https://pub-d8970c901de34c218926ebf4be1ed09a.r2.dev/destinations/tosamaidan.jpg,https://pub-bcda9bac2f63408880ee3f23aa3548e5.r2.dev/tosamaidan.mp4,https://www.nakshiq.com/en/festivals/tosamaidan-wildflower-season,https://www.nakshiq.com/hi/festivals/tosamaidan-wildflower-season,6,16:9,
C,2c209804-c230-4b95-a632-bd4448921e9c,yusmarg-shepherd-festival,Yusmarg Shepherd Festival,yusmarg,Yusmarg,jammu kashmir,7,July,July (varies),"alpine meadows, deodar forests, lake reflections","alpine meadows, deodar forests, lake reflections establishing wide shot — no figures, no signage with text",static establishing with subtle water-surface parallax,afternoon shaft-light,"monsoon in the hills — mist drifts through deodar forest, sun shafts breaking cloud, wet stone glistens",saturated emerald + silver mist,"Cinematic 16:9 establishing shot, 6-8 seconds. Subject: alpine meadows, deodar forests, lake reflections establishing wide shot — no figures, no signage with text. Location: Yusmarg, jammu kashmir, India (the host destination of the Yusmarg Shepherd Festival festival — do NOT render the festival itself, only the place at this time of year). Time of day: afternoon shaft-light. Atmosphere: monsoon in the hills — mist drifts through deodar forest, sun shafts breaking cloud, wet stone glistens. Colour palette: saturated emerald + silver mist. Shot type: static establishing with subtle water-surface parallax. Style: documentary register (BBC/National Geographic feel), naturalistic colour grading, soft contrast, slight film grain. Composition: rule-of-thirds horizon, depth via foreground-midground-distance layering. Reference month: July.","no people, no human figures or silhouettes in foreground, no religious figures, sadhus, priests, monks, no specific religious attire (saffron robes, ceremonial clothing), no ritual objects (deities, idols, palanquins, ceremonial fire close-ups), no temple interiors or sanctum imagery, no signage with readable text, no on-screen graphics or overlays, no synthetic / cartoony rendering, no time-of-day mismatch (respect the requested mood)",https://pub-d8970c901de34c218926ebf4be1ed09a.r2.dev/destinations/yusmarg.jpg,https://pub-bcda9bac2f63408880ee3f23aa3548e5.r2.dev/yusmarg.mp4,https://www.nakshiq.com/en/festivals/yusmarg-shepherd-festival,https://www.nakshiq.com/hi/festivals/yusmarg-shepherd-festival,6,16:9,
B,a9dca7b0-fd62-449a-9338-183fe2f9334d,badrinath-temple-opening-kapaat-kholna,Badrinath Temple Opening (Kapaat Kholna),badrinath,Badrinath,uttarakhand,5,May,Early May,"Himalayan foothills, oak + rhododendron forest, river valleys","temple-town exterior wide shot — sandstone or granite architecture, no figures, no idols visible",static establishing with subtle water-surface parallax,early morning,"alpine spring — clear cold air, snow-melt streams, distant high-altitude peaks",snow-white + emerald + cobalt sky,"Cinematic 16:9 establishing shot, 6-8 seconds. Subject: temple-town exterior wide shot — sandstone or granite architecture, no figures, no idols visible. Location: Badrinath, uttarakhand, India (the host destination of the Badrinath Temple Opening (Kapaat Kholna) festival — do NOT render the festival itself, only the place at this time of year). Time of day: early morning. Atmosphere: alpine spring — clear cold air, snow-melt streams, distant high-altitude peaks. Colour palette: snow-white + emerald + cobalt sky. Shot type: static establishing with subtle water-surface parallax. Style: documentary register (BBC/National Geographic feel), naturalistic colour grading, soft contrast, slight film grain. Composition: rule-of-thirds horizon, depth via foreground-midground-distance layering. Reference month: May.","no people, no human figures or silhouettes in foreground, no religious figures, sadhus, priests, monks, no specific religious attire (saffron robes, ceremonial clothing), no ritual objects (deities, idols, palanquins, ceremonial fire close-ups), no temple interiors or sanctum imagery, no signage with readable text, no on-screen graphics or overlays, no synthetic / cartoony rendering, no time-of-day mismatch (respect the requested mood)",https://pub-d8970c901de34c218926ebf4be1ed09a.r2.dev/destinations/badrinath.jpg,https://pub-bcda9bac2f63408880ee3f23aa3548e5.r2.dev/badrinath.mp4,https://www.nakshiq.com/en/festivals/badrinath-temple-opening-kapaat-kholna,https://www.nakshiq.com/hi/festivals/badrinath-temple-opening-kapaat-kholna,6,16:9,"Religious site — exterior only, no idol or sanctum imagery. High-altitude — respect actual seasonal access (some passes shut Oct-May)."
A,db7203f7-1522-469d-9093-72b10b20bb5e,badri-kedar-festival-badrinath,Badri-Kedar Festival,badrinath,Badrinath,uttarakhand,6,June,Mid June,"Himalayan foothills, oak + rhododendron forest, river valleys","Himalayan stone-built shrine exterior wide shot, glacial river in foreground, no figures, no signage",static establishing with subtle water-surface parallax,early morning,"alpine spring — clear cold air, snow-melt streams, distant high-altitude peaks",snow-white + emerald + cobalt sky,"Cinematic 16:9 establishing shot, 6-8 seconds. Subject: Himalayan stone-built shrine exterior wide shot, glacial river in foreground, no figures, no signage. Location: Badrinath, uttarakhand, India (the host destination of the Badri-Kedar Festival festival — do NOT render the festival itself, only the place at this time of year). Time of day: early morning. Atmosphere: alpine spring — clear cold air, snow-melt streams, distant high-altitude peaks. Colour palette: snow-white + emerald + cobalt sky. Shot type: static establishing with subtle water-surface parallax. Style: documentary register (BBC/National Geographic feel), naturalistic colour grading, soft contrast, slight film grain. Composition: rule-of-thirds horizon, depth via foreground-midground-distance layering. Reference month: June.","no people, no human figures or silhouettes in foreground, no religious figures, sadhus, priests, monks, no specific religious attire (saffron robes, ceremonial clothing), no ritual objects (deities, idols, palanquins, ceremonial fire close-ups), no temple interiors or sanctum imagery, no signage with readable text, no on-screen graphics or overlays, no synthetic / cartoony rendering, no time-of-day mismatch (respect the requested mood)",https://pub-d8970c901de34c218926ebf4be1ed09a.r2.dev/destinations/badrinath.jpg,https://pub-bcda9bac2f63408880ee3f23aa3548e5.r2.dev/badrinath.mp4,https://www.nakshiq.com/en/festivals/badri-kedar-festival-badrinath,https://www.nakshiq.com/hi/festivals/badri-kedar-festival-badrinath,6,16:9,
C,1481e32e-9429-4e5f-85a3-580e732050e3,mata-murti-ka-mela,Mata Murti Ka Mela,badrinath,Badrinath,uttarakhand,9,September,September,"Himalayan foothills, oak + rhododendron forest, river valleys","empty fairground wide shot — tents, flags, dusty paths, no crowds, no readable signage",static establishing with subtle water-surface parallax,afternoon shaft-light,"monsoon in the hills — mist drifts through deodar forest, sun shafts breaking cloud, wet stone glistens",saturated emerald + silver mist,"Cinematic 16:9 establishing shot, 6-8 seconds. Subject: empty fairground wide shot — tents, flags, dusty paths, no crowds, no readable signage. Location: Badrinath, uttarakhand, India (the host destination of the Mata Murti Ka Mela festival — do NOT render the festival itself, only the place at this time of year). Time of day: afternoon shaft-light. Atmosphere: monsoon in the hills — mist drifts through deodar forest, sun shafts breaking cloud, wet stone glistens. Colour palette: saturated emerald + silver mist. Shot type: static establishing with subtle water-surface parallax. Style: documentary register (BBC/National Geographic feel), naturalistic colour grading, soft contrast, slight film grain. Composition: rule-of-thirds horizon, depth via foreground-midground-distance layering. Reference month: September.","no people, no human figures or silhouettes in foreground, no religious figures, sadhus, priests, monks, no specific religious attire (saffron robes, ceremonial clothing), no ritual objects (deities, idols, palanquins, ceremonial fire close-ups), no temple interiors or sanctum imagery, no signage with readable text, no on-screen graphics or overlays, no synthetic / cartoony rendering, no time-of-day mismatch (respect the requested mood)",https://pub-d8970c901de34c218926ebf4be1ed09a.r2.dev/destinations/badrinath.jpg,https://pub-bcda9bac2f63408880ee3f23aa3548e5.r2.dev/badrinath.mp4,https://www.nakshiq.com/en/festivals/mata-murti-ka-mela,https://www.nakshiq.com/hi/festivals/mata-murti-ka-mela,6,16:9,
C,8ffef92f-69c6-4075-9373-fb135be526a4,ganga-dussehra,Ganga Dussehra,haridwar,Haridwar,uttarakhand,6,June,June (Jyeshtha Shukla Dashami),"Ganga current at the foothills, stone ghats (no figures), Himalayan haze","river current detail, ghats (architecture only, no figures), low mist on water",slow drone pull-back revealing the wider valley,overcast midday,"early monsoon — cumulus clouds, intermittent rain breaks, fresh greens",cool grey-green + saturated blue,"Cinematic 16:9 establishing shot, 6-8 seconds. Subject: river current detail, ghats (architecture only, no figures), low mist on water. Location: Haridwar, uttarakhand, India (the host destination of the Ganga Dussehra festival — do NOT render the festival itself, only the place at this time of year). Time of day: overcast midday. Atmosphere: early monsoon — cumulus clouds, intermittent rain breaks, fresh greens. Colour palette: cool grey-green + saturated blue. Shot type: slow drone pull-back revealing the wider valley. Style: documentary register (BBC/National Geographic feel), naturalistic colour grading, soft contrast, slight film grain. Composition: rule-of-thirds horizon, depth via foreground-midground-distance layering. Reference month: June.","no people, no human figures or silhouettes in foreground, no religious figures, sadhus, priests, monks, no specific religious attire (saffron robes, ceremonial clothing), no ritual objects (deities, idols, palanquins, ceremonial fire close-ups), no temple interiors or sanctum imagery, no signage with readable text, no on-screen graphics or overlays, no synthetic / cartoony rendering, no time-of-day mismatch (respect the requested mood)",https://pub-d8970c901de34c218926ebf4be1ed09a.r2.dev/destinations/haridwar.jpg,https://pub-bcda9bac2f63408880ee3f23aa3548e5.r2.dev/haridwar.mp4,https://www.nakshiq.com/en/festivals/ganga-dussehra,https://www.nakshiq.com/hi/festivals/ganga-dussehra,6,16:9,
C,774cac3d-a792-44e6-b081-fe209c5b03d3,wildlife-week,Wildlife Week,tadoba,Tadoba-Andhari Tiger Reserve,maharashtra,10,October,First week of October,"Western Ghats plateau, fort silhouettes, monsoon waterfalls","forest canopy from above, dust trails on a logging road, no animals or vehicles visible","static establishing, slight push-in, no figures in frame",evening golden hour,"autumn warmth, returning dust, soft sunset glow",warm gold + violet sky,"Cinematic 16:9 establishing shot, 6-8 seconds. Subject: forest canopy from above, dust trails on a logging road, no animals or vehicles visible. Location: Tadoba-Andhari Tiger Reserve, maharashtra, India (the host destination of the Wildlife Week festival — do NOT render the festival itself, only the place at this time of year). Time of day: evening golden hour. Atmosphere: autumn warmth, returning dust, soft sunset glow. Colour palette: warm gold + violet sky. Shot type: static establishing, slight push-in, no figures in frame. Style: documentary register (BBC/National Geographic feel), naturalistic colour grading, soft contrast, slight film grain. Composition: rule-of-thirds horizon, depth via foreground-midground-distance layering. Reference month: October.","no people, no human figures or silhouettes in foreground, no religious figures, sadhus, priests, monks, no specific religious attire (saffron robes, ceremonial clothing), no ritual objects (deities, idols, palanquins, ceremonial fire close-ups), no temple interiors or sanctum imagery, no signage with readable text, no on-screen graphics or overlays, no synthetic / cartoony rendering, no time-of-day mismatch (respect the requested mood)",https://pub-d8970c901de34c218926ebf4be1ed09a.r2.dev/destinations/tadoba.jpg,https://pub-bcda9bac2f63408880ee3f23aa3548e5.r2.dev/tadoba.mp4,https://www.nakshiq.com/en/festivals/wildlife-week,https://www.nakshiq.com/hi/festivals/wildlife-week,6,16:9,
A,21385797-86ea-41ff-aa23-3c073742c54f,ganga-aarti-at-har-ki-pauri-kumbh-legacy,Ganga Aarti at Har Ki Pauri (Kumbh legacy),haridwar,Haridwar,uttarakhand,1,January,Year-round (Maha Kumbh every 12 years),"Ganga current at the foothills, stone ghats (no figures), Himalayan haze","river current detail, ghats (architecture only, no figures), low mist on water",slow drone pull-back revealing the wider valley,blue hour pre-dawn,"winter clarity, low-angle sun, mist on rivers and lakes",cool blue + warm tungsten contrast,"Cinematic 16:9 establishing shot, 6-8 seconds. Subject: river current detail, ghats (architecture only, no figures), low mist on water. Location: Haridwar, uttarakhand, India (the host destination of the Ganga Aarti at Har Ki Pauri (Kumbh legacy) festival — do NOT render the festival itself, only the place at this time of year). Time of day: blue hour pre-dawn. Atmosphere: winter clarity, low-angle sun, mist on rivers and lakes. Colour palette: cool blue + warm tungsten contrast. Shot type: slow drone pull-back revealing the wider valley. Style: documentary register (BBC/National Geographic feel), naturalistic colour grading, soft contrast, slight film grain. Composition: rule-of-thirds horizon, depth via foreground-midground-distance layering. Reference month: January.","no people, no human figures or silhouettes in foreground, no religious figures, sadhus, priests, monks, no specific religious attire (saffron robes, ceremonial clothing), no ritual objects (deities, idols, palanquins, ceremonial fire close-ups), no temple interiors or sanctum imagery, no signage with readable text, no on-screen graphics or overlays, no synthetic / cartoony rendering, no time-of-day mismatch (respect the requested mood)",https://pub-d8970c901de34c218926ebf4be1ed09a.r2.dev/destinations/haridwar.jpg,https://pub-bcda9bac2f63408880ee3f23aa3548e5.r2.dev/haridwar.mp4,https://www.nakshiq.com/en/festivals/ganga-aarti-at-har-ki-pauri-kumbh-legacy,https://www.nakshiq.com/hi/festivals/ganga-aarti-at-har-ki-pauri-kumbh-legacy,6,16:9,
B,87c9ffb5-5598-442b-a4af-3792bb006c9b,gangotri-temple-opening-akshaya-tritiya,Gangotri Temple Opening (Akshaya Tritiya),gangotri,Gangotri,uttarakhand,5,May,Early May (Akshaya Tritiya),"Himalayan foothills, oak + rhododendron forest, river valleys","temple-town exterior wide shot — sandstone or granite architecture, no figures, no idols visible",static establishing with subtle water-surface parallax,early morning,"alpine spring — clear cold air, snow-melt streams, distant high-altitude peaks",snow-white + emerald + cobalt sky,"Cinematic 16:9 establishing shot, 6-8 seconds. Subject: temple-town exterior wide shot — sandstone or granite architecture, no figures, no idols visible. Location: Gangotri, uttarakhand, India (the host destination of the Gangotri Temple Opening (Akshaya Tritiya) festival — do NOT render the festival itself, only the place at this time of year). Time of day: early morning. Atmosphere: alpine spring — clear cold air, snow-melt streams, distant high-altitude peaks. Colour palette: snow-white + emerald + cobalt sky. Shot type: static establishing with subtle water-surface parallax. Style: documentary register (BBC/National Geographic feel), naturalistic colour grading, soft contrast, slight film grain. Composition: rule-of-thirds horizon, depth via foreground-midground-distance layering. Reference month: May.","no people, no human figures or silhouettes in foreground, no religious figures, sadhus, priests, monks, no specific religious attire (saffron robes, ceremonial clothing), no ritual objects (deities, idols, palanquins, ceremonial fire close-ups), no temple interiors or sanctum imagery, no signage with readable text, no on-screen graphics or overlays, no synthetic / cartoony rendering, no time-of-day mismatch (respect the requested mood)",https://pub-d8970c901de34c218926ebf4be1ed09a.r2.dev/destinations/gangotri.jpg,https://pub-bcda9bac2f63408880ee3f23aa3548e5.r2.dev/gangotri.mp4,https://www.nakshiq.com/en/festivals/gangotri-temple-opening-akshaya-tritiya,https://www.nakshiq.com/hi/festivals/gangotri-temple-opening-akshaya-tritiya,6,16:9,"Religious site — exterior only, no idol or sanctum imagery."
A,7526224f-6215-481c-ae8f-f7a4253a7ddb,gangotri-diwali-temple-closing,Gangotri Diwali (Temple Closing),gangotri,Gangotri,uttarakhand,10,October,Late October / early November (Diwali),"Himalayan foothills, oak + rhododendron forest, river valleys","temple-town exterior wide shot — sandstone or granite architecture, no figures, no idols visible",static establishing with subtle water-surface parallax,morning golden hour,"post-monsoon clarity at altitude — crystalline cold air, autumn-tinged forest, distant snow",warm amber + cool cobalt,"Cinematic 16:9 establishing shot, 6-8 seconds. Subject: temple-town exterior wide shot — sandstone or granite architecture, no figures, no idols visible. Location: Gangotri, uttarakhand, India (the host destination of the Gangotri Diwali (Temple Closing) festival — do NOT render the festival itself, only the place at this time of year). Time of day: morning golden hour. Atmosphere: post-monsoon clarity at altitude — crystalline cold air, autumn-tinged forest, distant snow. Colour palette: warm amber + cool cobalt. Shot type: static establishing with subtle water-surface parallax. Style: documentary register (BBC/National Geographic feel), naturalistic colour grading, soft contrast, slight film grain. Composition: rule-of-thirds horizon, depth via foreground-midground-distance layering. Reference month: October.","no people, no human figures or silhouettes in foreground, no religious figures, sadhus, priests, monks, no specific religious attire (saffron robes, ceremonial clothing), no ritual objects (deities, idols, palanquins, ceremonial fire close-ups), no temple interiors or sanctum imagery, no signage with readable text, no on-screen graphics or overlays, no synthetic / cartoony rendering, no time-of-day mismatch (respect the requested mood)",https://pub-d8970c901de34c218926ebf4be1ed09a.r2.dev/destinations/gangotri.jpg,https://pub-bcda9bac2f63408880ee3f23aa3548e5.r2.dev/gangotri.mp4,https://www.nakshiq.com/en/festivals/gangotri-diwali-temple-closing,https://www.nakshiq.com/hi/festivals/gangotri-diwali-temple-closing,6,16:9,"Religious site — exterior only, no idol or sanctum imagery."
C,b3728a3a-a4db-49cf-b51a-ab796b518060,darjeeling-tea-tourism-festival,Darjeeling Tea & Tourism Festival,darjeeling,Darjeeling,west bengal,11,November,Late November – early December,"Bengal delta, mangrove waterways, jute-field horizons","Bengal delta, mangrove waterways, jute-field horizons establishing wide shot — no figures, no signage with text",low ground-level tracking through the foreground,morning golden hour,"post-monsoon clarity at altitude — crystalline cold air, autumn-tinged forest, distant snow",warm amber + cool cobalt,"Cinematic 16:9 establishing shot, 6-8 seconds. Subject: Bengal delta, mangrove waterways, jute-field horizons establishing wide shot — no figures, no signage with text. Location: Darjeeling, west bengal, India (the host destination of the Darjeeling Tea & Tourism Festival festival — do NOT render the festival itself, only the place at this time of year). Time of day: morning golden hour. Atmosphere: post-monsoon clarity at altitude — crystalline cold air, autumn-tinged forest, distant snow. Colour palette: warm amber + cool cobalt. Shot type: low ground-level tracking through the foreground. Style: documentary register (BBC/National Geographic feel), naturalistic colour grading, soft contrast, slight film grain. Composition: rule-of-thirds horizon, depth via foreground-midground-distance layering. Reference month: November.","no people, no human figures or silhouettes in foreground, no religious figures, sadhus, priests, monks, no specific religious attire (saffron robes, ceremonial clothing), no ritual objects (deities, idols, palanquins, ceremonial fire close-ups), no temple interiors or sanctum imagery, no signage with readable text, no on-screen graphics or overlays, no synthetic / cartoony rendering, no time-of-day mismatch (respect the requested mood)",https://pub-d8970c901de34c218926ebf4be1ed09a.r2.dev/destinations/darjeeling.jpg,https://pub-bcda9bac2f63408880ee3f23aa3548e5.r2.dev/darjeeling.mp4,https://www.nakshiq.com/en/festivals/darjeeling-tea-tourism-festival,https://www.nakshiq.com/hi/festivals/darjeeling-tea-tourism-festival,6,16:9,
C,8f3f709a-22fa-4bf5-b087-fde4a8475552,tihar-deepawali,Tihar (Deepawali),darjeeling,Darjeeling,west bengal,10,October,October–November,"Bengal delta, mangrove waterways, jute-field horizons","architecture exterior with distant warm pinpoint lights, no figures",low ground-level tracking through the foreground,morning golden hour,"post-monsoon clarity at altitude — crystalline cold air, autumn-tinged forest, distant snow",warm amber + cool cobalt,"Cinematic 16:9 establishing shot, 6-8 seconds. Subject: architecture exterior with distant warm pinpoint lights, no figures. Location: Darjeeling, west bengal, India (the host destination of the Tihar (Deepawali) festival — do NOT render the festival itself, only the place at this time of year). Time of day: morning golden hour. Atmosphere: post-monsoon clarity at altitude — crystalline cold air, autumn-tinged forest, distant snow. Colour palette: warm amber + cool cobalt. Shot type: low ground-level tracking through the foreground. Style: documentary register (BBC/National Geographic feel), naturalistic colour grading, soft contrast, slight film grain. Composition: rule-of-thirds horizon, depth via foreground-midground-distance layering. Reference month: October.","no people, no human figures or silhouettes in foreground, no religious figures, sadhus, priests, monks, no specific religious attire (saffron robes, ceremonial clothing), no ritual objects (deities, idols, palanquins, ceremonial fire close-ups), no temple interiors or sanctum imagery, no signage with readable text, no on-screen graphics or overlays, no synthetic / cartoony rendering, no time-of-day mismatch (respect the requested mood)",https://pub-d8970c901de34c218926ebf4be1ed09a.r2.dev/destinations/darjeeling.jpg,https://pub-bcda9bac2f63408880ee3f23aa3548e5.r2.dev/darjeeling.mp4,https://www.nakshiq.com/en/festivals/tihar-deepawali,https://www.nakshiq.com/hi/festivals/tihar-deepawali,6,16:9,
A,096a574e-1951-4299-9115-34cd891106ff,losar-tibetan-new-year-darjeeling,Losar (Tibetan New Year),darjeeling,Darjeeling,west bengal,2,February,February–March,"Bengal delta, mangrove waterways, jute-field horizons","monastery exterior wide shot at altitude, empty courtyard, no flags or figures visible, light on stone",low ground-level tracking through the foreground,blue hour,"deep winter in the hills — snow on ridges, frozen streams, low sun raking the slope",icy blue + warm tungsten pinpoints,"Cinematic 16:9 establishing shot, 6-8 seconds. Subject: monastery exterior wide shot at altitude, empty courtyard, no flags or figures visible, light on stone. Location: Darjeeling, west bengal, India (the host destination of the Losar (Tibetan New Year) festival — do NOT render the festival itself, only the place at this time of year). Time of day: blue hour. Atmosphere: deep winter in the hills — snow on ridges, frozen streams, low sun raking the slope. Colour palette: icy blue + warm tungsten pinpoints. Shot type: low ground-level tracking through the foreground. Style: documentary register (BBC/National Geographic feel), naturalistic colour grading, soft contrast, slight film grain. Composition: rule-of-thirds horizon, depth via foreground-midground-distance layering. Reference month: February.","no people, no human figures or silhouettes in foreground, no religious figures, sadhus, priests, monks, no specific religious attire (saffron robes, ceremonial clothing), no ritual objects (deities, idols, palanquins, ceremonial fire close-ups), no temple interiors or sanctum imagery, no signage with readable text, no on-screen graphics or overlays, no synthetic / cartoony rendering, no time-of-day mismatch (respect the requested mood)",https://pub-d8970c901de34c218926ebf4be1ed09a.r2.dev/destinations/darjeeling.jpg,https://pub-bcda9bac2f63408880ee3f23aa3548e5.r2.dev/darjeeling.mp4,https://www.nakshiq.com/en/festivals/losar-tibetan-new-year-darjeeling,https://www.nakshiq.com/hi/festivals/losar-tibetan-new-year-darjeeling,6,16:9,
A,ec9f190f-199e-430f-bdac-09be1f083531,pang-lhabsol-gangtok,Pang Lhabsol,gangtok,Gangtok,sikkim,8,August,August (15th day of 7th Tibetan month),"cloud forests, terraced ridges, Kanchenjunga distant peaks","cloud forests, terraced ridges, Kanchenjunga distant peaks establishing wide shot — no figures, no signage with text",slow drone pull-back revealing the wider valley,afternoon shaft-light,"monsoon in the hills — mist drifts through deodar forest, sun shafts breaking cloud, wet stone glistens",saturated emerald + silver mist,"Cinematic 16:9 establishing shot, 6-8 seconds. Subject: cloud forests, terraced ridges, Kanchenjunga distant peaks establishing wide shot — no figures, no signage with text. Location: Gangtok, sikkim, India (the host destination of the Pang Lhabsol festival — do NOT render the festival itself, only the place at this time of year). Time of day: afternoon shaft-light. Atmosphere: monsoon in the hills — mist drifts through deodar forest, sun shafts breaking cloud, wet stone glistens. Colour palette: saturated emerald + silver mist. Shot type: slow drone pull-back revealing the wider valley. Style: documentary register (BBC/National Geographic feel), naturalistic colour grading, soft contrast, slight film grain. Composition: rule-of-thirds horizon, depth via foreground-midground-distance layering. Reference month: August.","no people, no human figures or silhouettes in foreground, no religious figures, sadhus, priests, monks, no specific religious attire (saffron robes, ceremonial clothing), no ritual objects (deities, idols, palanquins, ceremonial fire close-ups), no temple interiors or sanctum imagery, no signage with readable text, no on-screen graphics or overlays, no synthetic / cartoony rendering, no time-of-day mismatch (respect the requested mood)",https://pub-d8970c901de34c218926ebf4be1ed09a.r2.dev/destinations/gangtok.jpg,https://pub-bcda9bac2f63408880ee3f23aa3548e5.r2.dev/gangtok.mp4,https://www.nakshiq.com/en/festivals/pang-lhabsol-gangtok,https://www.nakshiq.com/hi/festivals/pang-lhabsol-gangtok,6,16:9,
C,bc2ed0e7-f9fe-4480-809f-4ba2cbda3d07,losar-tibetansikkimese-new-year,Losar (Tibetan/Sikkimese New Year),gangtok,Gangtok,sikkim,2,February,February–March,"cloud forests, terraced ridges, Kanchenjunga distant peaks","monastery exterior wide shot at altitude, empty courtyard, no flags or figures visible, light on stone",slow drone pull-back revealing the wider valley,blue hour,"deep winter in the hills — snow on ridges, frozen streams, low sun raking the slope",icy blue + warm tungsten pinpoints,"Cinematic 16:9 establishing shot, 6-8 seconds. Subject: monastery exterior wide shot at altitude, empty courtyard, no flags or figures visible, light on stone. Location: Gangtok, sikkim, India (the host destination of the Losar (Tibetan/Sikkimese New Year) festival — do NOT render the festival itself, only the place at this time of year). Time of day: blue hour. Atmosphere: deep winter in the hills — snow on ridges, frozen streams, low sun raking the slope. Colour palette: icy blue + warm tungsten pinpoints. Shot type: slow drone pull-back revealing the wider valley. Style: documentary register (BBC/National Geographic feel), naturalistic colour grading, soft contrast, slight film grain. Composition: rule-of-thirds horizon, depth via foreground-midground-distance layering. Reference month: February.","no people, no human figures or silhouettes in foreground, no religious figures, sadhus, priests, monks, no specific religious attire (saffron robes, ceremonial clothing), no ritual objects (deities, idols, palanquins, ceremonial fire close-ups), no temple interiors or sanctum imagery, no signage with readable text, no on-screen graphics or overlays, no synthetic / cartoony rendering, no time-of-day mismatch (respect the requested mood)",https://pub-d8970c901de34c218926ebf4be1ed09a.r2.dev/destinations/gangtok.jpg,https://pub-bcda9bac2f63408880ee3f23aa3548e5.r2.dev/gangtok.mp4,https://www.nakshiq.com/en/festivals/losar-tibetansikkimese-new-year,https://www.nakshiq.com/hi/festivals/losar-tibetansikkimese-new-year,6,16:9,
A,e516e222-b98a-40c3-89bf-e4766650a420,saga-dawa-gangtok,Saga Dawa,gangtok,Gangtok,sikkim,6,June,May–June (full moon of 4th Tibetan month),"cloud forests, terraced ridges, Kanchenjunga distant peaks","monastery exterior wide shot at altitude, empty courtyard, no flags or figures visible, light on stone",slow drone pull-back revealing the wider valley,early morning,"alpine spring — clear cold air, snow-melt streams, distant high-altitude peaks",snow-white + emerald + cobalt sky,"Cinematic 16:9 establishing shot, 6-8 seconds. Subject: monastery exterior wide shot at altitude, empty courtyard, no flags or figures visible, light on stone. Location: Gangtok, sikkim, India (the host destination of the Saga Dawa festival — do NOT render the festival itself, only the place at this time of year). Time of day: early morning. Atmosphere: alpine spring — clear cold air, snow-melt streams, distant high-altitude peaks. Colour palette: snow-white + emerald + cobalt sky. Shot type: slow drone pull-back revealing the wider valley. Style: documentary register (BBC/National Geographic feel), naturalistic colour grading, soft contrast, slight film grain. Composition: rule-of-thirds horizon, depth via foreground-midground-distance layering. Reference month: June.","no people, no human figures or silhouettes in foreground, no religious figures, sadhus, priests, monks, no specific religious attire (saffron robes, ceremonial clothing), no ritual objects (deities, idols, palanquins, ceremonial fire close-ups), no temple interiors or sanctum imagery, no signage with readable text, no on-screen graphics or overlays, no synthetic / cartoony rendering, no time-of-day mismatch (respect the requested mood)",https://pub-d8970c901de34c218926ebf4be1ed09a.r2.dev/destinations/gangtok.jpg,https://pub-bcda9bac2f63408880ee3f23aa3548e5.r2.dev/gangtok.mp4,https://www.nakshiq.com/en/festivals/saga-dawa-gangtok,https://www.nakshiq.com/hi/festivals/saga-dawa-gangtok,6,16:9,
C,88d3c054-c854-4c17-802c-4c4d55f49003,khajuraho-dance-festival,Khajuraho Dance Festival,khajuraho,Khajuraho,madhya pradesh,2,February,Late February (one week),"Khajuraho temple complex exterior wide shot — distant compositional shot only (no detail of carvings), dawn light, no figures","ancient stone amphitheater steps, distant lights, no performers in frame","static establishing, slight push-in, no figures in frame",early golden hour,"late-winter clarity, crisp light, dry air",warm amber + cold shadow,"Cinematic 16:9 establishing shot, 6-8 seconds. Subject: ancient stone amphitheater steps, distant lights, no performers in frame. Location: Khajuraho, madhya pradesh, India (the host destination of the Khajuraho Dance Festival festival — do NOT render the festival itself, only the place at this time of year). Time of day: early golden hour. Atmosphere: late-winter clarity, crisp light, dry air. Colour palette: warm amber + cold shadow. Shot type: static establishing, slight push-in, no figures in frame. Style: documentary register (BBC/National Geographic feel), naturalistic colour grading, soft contrast, slight film grain. Composition: rule-of-thirds horizon, depth via foreground-midground-distance layering. Reference month: February.","no people, no human figures or silhouettes in foreground, no religious figures, sadhus, priests, monks, no specific religious attire (saffron robes, ceremonial clothing), no ritual objects (deities, idols, palanquins, ceremonial fire close-ups), no temple interiors or sanctum imagery, no signage with readable text, no on-screen graphics or overlays, no synthetic / cartoony rendering, no time-of-day mismatch (respect the requested mood)",https://pub-d8970c901de34c218926ebf4be1ed09a.r2.dev/destinations/khajuraho.jpg,https://pub-bcda9bac2f63408880ee3f23aa3548e5.r2.dev/khajuraho.mp4,https://www.nakshiq.com/en/festivals/khajuraho-dance-festival,https://www.nakshiq.com/hi/festivals/khajuraho-dance-festival,6,16:9,
A,c352c66c-5586-4cb1-a105-a3c4145c3021,maha-shivaratri-at-kandariya-mahadeva,Maha Shivaratri at Kandariya Mahadeva,khajuraho,Khajuraho,madhya pradesh,3,March,February–March,"Khajuraho temple complex exterior wide shot — distant compositional shot only (no detail of carvings), dawn light, no figures","Khajuraho temple complex exterior wide shot — distant compositional shot only (no detail of carvings), dawn light, no figures establishing wide shot — no figures, no signage with text","static establishing, slight push-in, no figures in frame",afternoon to dusk,"pre-summer warmth, dust in the air, soft hazy light","warm earth tones, ochre","Cinematic 16:9 establishing shot, 6-8 seconds. Subject: Khajuraho temple complex exterior wide shot — distant compositional shot only (no detail of carvings), dawn light, no figures establishing wide shot — no figures, no signage with text. Location: Khajuraho, madhya pradesh, India (the host destination of the Maha Shivaratri at Kandariya Mahadeva festival — do NOT render the festival itself, only the place at this time of year). Time of day: afternoon to dusk. Atmosphere: pre-summer warmth, dust in the air, soft hazy light. Colour palette: warm earth tones, ochre. Shot type: static establishing, slight push-in, no figures in frame. Style: documentary register (BBC/National Geographic feel), naturalistic colour grading, soft contrast, slight film grain. Composition: rule-of-thirds horizon, depth via foreground-midground-distance layering. Reference month: March.","no people, no human figures or silhouettes in foreground, no religious figures, sadhus, priests, monks, no specific religious attire (saffron robes, ceremonial clothing), no ritual objects (deities, idols, palanquins, ceremonial fire close-ups), no temple interiors or sanctum imagery, no signage with readable text, no on-screen graphics or overlays, no synthetic / cartoony rendering, no time-of-day mismatch (respect the requested mood)",https://pub-d8970c901de34c218926ebf4be1ed09a.r2.dev/destinations/khajuraho.jpg,https://pub-bcda9bac2f63408880ee3f23aa3548e5.r2.dev/khajuraho.mp4,https://www.nakshiq.com/en/festivals/maha-shivaratri-at-kandariya-mahadeva,https://www.nakshiq.com/hi/festivals/maha-shivaratri-at-kandariya-mahadeva,6,16:9,
B,d501bce0-471d-4e7f-8a85-b8a60ab7a6f0,ram-raja-temple-festival-ram-navami,Ram Raja Temple Festival (Ram Navami),orchha,Orchha,madhya pradesh,4,April,March–April (Chaitra Shukla Navami),"Vindhya plateau, sandstone outcrops, sal forest","temple-town exterior wide shot — sandstone or granite architecture, no figures, no idols visible",slow drone pull-back revealing the wider valley,evening golden hour,"pre-monsoon heat, light softening at dusk, dramatic cloud build-up",saturated warm orange,"Cinematic 16:9 establishing shot, 6-8 seconds. Subject: temple-town exterior wide shot — sandstone or granite architecture, no figures, no idols visible. Location: Orchha, madhya pradesh, India (the host destination of the Ram Raja Temple Festival (Ram Navami) festival — do NOT render the festival itself, only the place at this time of year). Time of day: evening golden hour. Atmosphere: pre-monsoon heat, light softening at dusk, dramatic cloud build-up. Colour palette: saturated warm orange. Shot type: slow drone pull-back revealing the wider valley. Style: documentary register (BBC/National Geographic feel), naturalistic colour grading, soft contrast, slight film grain. Composition: rule-of-thirds horizon, depth via foreground-midground-distance layering. Reference month: April.","no people, no human figures or silhouettes in foreground, no religious figures, sadhus, priests, monks, no specific religious attire (saffron robes, ceremonial clothing), no ritual objects (deities, idols, palanquins, ceremonial fire close-ups), no temple interiors or sanctum imagery, no signage with readable text, no on-screen graphics or overlays, no synthetic / cartoony rendering, no time-of-day mismatch (respect the requested mood)",https://pub-d8970c901de34c218926ebf4be1ed09a.r2.dev/destinations/orchha.jpg,https://pub-bcda9bac2f63408880ee3f23aa3548e5.r2.dev/orchha.mp4,https://www.nakshiq.com/en/festivals/ram-raja-temple-festival-ram-navami,https://www.nakshiq.com/hi/festivals/ram-raja-temple-festival-ram-navami,6,16:9,"Religious site — exterior only, no idol or sanctum imagery."
C,bf38251c-9d5b-4dc3-8a05-2fea94c53372,orchha-festival,Orchha Festival,orchha,Orchha,madhya pradesh,3,March,March,"Vindhya plateau, sandstone outcrops, sal forest","Vindhya plateau, sandstone outcrops, sal forest establishing wide shot — no figures, no signage with text",slow drone pull-back revealing the wider valley,afternoon to dusk,"pre-summer warmth, dust in the air, soft hazy light","warm earth tones, ochre","Cinematic 16:9 establishing shot, 6-8 seconds. Subject: Vindhya plateau, sandstone outcrops, sal forest establishing wide shot — no figures, no signage with text. Location: Orchha, madhya pradesh, India (the host destination of the Orchha Festival festival — do NOT render the festival itself, only the place at this time of year). Time of day: afternoon to dusk. Atmosphere: pre-summer warmth, dust in the air, soft hazy light. Colour palette: warm earth tones, ochre. Shot type: slow drone pull-back revealing the wider valley. Style: documentary register (BBC/National Geographic feel), naturalistic colour grading, soft contrast, slight film grain. Composition: rule-of-thirds horizon, depth via foreground-midground-distance layering. Reference month: March.","no people, no human figures or silhouettes in foreground, no religious figures, sadhus, priests, monks, no specific religious attire (saffron robes, ceremonial clothing), no ritual objects (deities, idols, palanquins, ceremonial fire close-ups), no temple interiors or sanctum imagery, no signage with readable text, no on-screen graphics or overlays, no synthetic / cartoony rendering, no time-of-day mismatch (respect the requested mood)",https://pub-d8970c901de34c218926ebf4be1ed09a.r2.dev/destinations/orchha.jpg,https://pub-bcda9bac2f63408880ee3f23aa3548e5.r2.dev/orchha.mp4,https://www.nakshiq.com/en/festivals/orchha-festival,https://www.nakshiq.com/hi/festivals/orchha-festival,6,16:9,
C,d76decc6-3c6b-4372-9ee3-e21ce1caf95b,torgya-festival,Torgya Festival,tawang,Tawang,arunachal pradesh,1,January,Late January (29th day of 11th Tibetan month),"deep cloud forest, mist-shrouded valleys, river gorges","deep cloud forest, mist-shrouded valleys, river gorges establishing wide shot — no figures, no signage with text",static establishing with subtle water-surface parallax,blue hour,"deep winter in the hills — snow on ridges, frozen streams, low sun raking the slope",icy blue + warm tungsten pinpoints,"Cinematic 16:9 establishing shot, 6-8 seconds. Subject: deep cloud forest, mist-shrouded valleys, river gorges establishing wide shot — no figures, no signage with text. Location: Tawang, arunachal pradesh, India (the host destination of the Torgya Festival festival — do NOT render the festival itself, only the place at this time of year). Time of day: blue hour. Atmosphere: deep winter in the hills — snow on ridges, frozen streams, low sun raking the slope. Colour palette: icy blue + warm tungsten pinpoints. Shot type: static establishing with subtle water-surface parallax. Style: documentary register (BBC/National Geographic feel), naturalistic colour grading, soft contrast, slight film grain. Composition: rule-of-thirds horizon, depth via foreground-midground-distance layering. Reference month: January.","no people, no human figures or silhouettes in foreground, no religious figures, sadhus, priests, monks, no specific religious attire (saffron robes, ceremonial clothing), no ritual objects (deities, idols, palanquins, ceremonial fire close-ups), no temple interiors or sanctum imagery, no signage with readable text, no on-screen graphics or overlays, no synthetic / cartoony rendering, no time-of-day mismatch (respect the requested mood)",https://pub-d8970c901de34c218926ebf4be1ed09a.r2.dev/destinations/tawang.jpg,https://pub-bcda9bac2f63408880ee3f23aa3548e5.r2.dev/tawang.mp4,https://www.nakshiq.com/en/festivals/torgya-festival,https://www.nakshiq.com/hi/festivals/torgya-festival,6,16:9,
C,d6aec9b1-ba7b-4ce4-a58a-301a68db0306,losar-monpa-new-year,Losar (Monpa New Year),tawang,Tawang,arunachal pradesh,2,February,February–March,"deep cloud forest, mist-shrouded valleys, river gorges","monastery exterior wide shot at altitude, empty courtyard, no flags or figures visible, light on stone",static establishing with subtle water-surface parallax,blue hour,"deep winter in the hills — snow on ridges, frozen streams, low sun raking the slope",icy blue + warm tungsten pinpoints,"Cinematic 16:9 establishing shot, 6-8 seconds. Subject: monastery exterior wide shot at altitude, empty courtyard, no flags or figures visible, light on stone. Location: Tawang, arunachal pradesh, India (the host destination of the Losar (Monpa New Year) festival — do NOT render the festival itself, only the place at this time of year). Time of day: blue hour. Atmosphere: deep winter in the hills — snow on ridges, frozen streams, low sun raking the slope. Colour palette: icy blue + warm tungsten pinpoints. Shot type: static establishing with subtle water-surface parallax. Style: documentary register (BBC/National Geographic feel), naturalistic colour grading, soft contrast, slight film grain. Composition: rule-of-thirds horizon, depth via foreground-midground-distance layering. Reference month: February.","no people, no human figures or silhouettes in foreground, no religious figures, sadhus, priests, monks, no specific religious attire (saffron robes, ceremonial clothing), no ritual objects (deities, idols, palanquins, ceremonial fire close-ups), no temple interiors or sanctum imagery, no signage with readable text, no on-screen graphics or overlays, no synthetic / cartoony rendering, no time-of-day mismatch (respect the requested mood)",https://pub-d8970c901de34c218926ebf4be1ed09a.r2.dev/destinations/tawang.jpg,https://pub-bcda9bac2f63408880ee3f23aa3548e5.r2.dev/tawang.mp4,https://www.nakshiq.com/en/festivals/losar-monpa-new-year,https://www.nakshiq.com/hi/festivals/losar-monpa-new-year,6,16:9,
A,1d9fc9ba-203d-4692-8ecc-5267faddeb35,pang-lhabsol-pelling,Pang Lhabsol,pelling,Pelling,sikkim,8,August,August (15th day of 7th Tibetan month),"cloud forests, terraced ridges, Kanchenjunga distant peaks","cloud forests, terraced ridges, Kanchenjunga distant peaks establishing wide shot — no figures, no signage with text",slow drone pull-back revealing the wider valley,afternoon shaft-light,"monsoon in the hills — mist drifts through deodar forest, sun shafts breaking cloud, wet stone glistens",saturated emerald + silver mist,"Cinematic 16:9 establishing shot, 6-8 seconds. Subject: cloud forests, terraced ridges, Kanchenjunga distant peaks establishing wide shot — no figures, no signage with text. Location: Pelling, sikkim, India (the host destination of the Pang Lhabsol festival — do NOT render the festival itself, only the place at this time of year). Time of day: afternoon shaft-light. Atmosphere: monsoon in the hills — mist drifts through deodar forest, sun shafts breaking cloud, wet stone glistens. Colour palette: saturated emerald + silver mist. Shot type: slow drone pull-back revealing the wider valley. Style: documentary register (BBC/National Geographic feel), naturalistic colour grading, soft contrast, slight film grain. Composition: rule-of-thirds horizon, depth via foreground-midground-distance layering. Reference month: August.","no people, no human figures or silhouettes in foreground, no religious figures, sadhus, priests, monks, no specific religious attire (saffron robes, ceremonial clothing), no ritual objects (deities, idols, palanquins, ceremonial fire close-ups), no temple interiors or sanctum imagery, no signage with readable text, no on-screen graphics or overlays, no synthetic / cartoony rendering, no time-of-day mismatch (respect the requested mood)",https://pub-d8970c901de34c218926ebf4be1ed09a.r2.dev/destinations/pelling.jpg,https://pub-bcda9bac2f63408880ee3f23aa3548e5.r2.dev/pelling.mp4,https://www.nakshiq.com/en/festivals/pang-lhabsol-pelling,https://www.nakshiq.com/hi/festivals/pang-lhabsol-pelling,6,16:9,
A,75b61796-0ee6-4d2f-b866-011045cb1e10,saga-dawa-pelling,Saga Dawa,pelling,Pelling,sikkim,6,June,May–June (full moon),"cloud forests, terraced ridges, Kanchenjunga distant peaks","monastery exterior wide shot at altitude, empty courtyard, no flags or figures visible, light on stone",slow drone pull-back revealing the wider valley,early morning,"alpine spring — clear cold air, snow-melt streams, distant high-altitude peaks",snow-white + emerald + cobalt sky,"Cinematic 16:9 establishing shot, 6-8 seconds. Subject: monastery exterior wide shot at altitude, empty courtyard, no flags or figures visible, light on stone. Location: Pelling, sikkim, India (the host destination of the Saga Dawa festival — do NOT render the festival itself, only the place at this time of year). Time of day: early morning. Atmosphere: alpine spring — clear cold air, snow-melt streams, distant high-altitude peaks. Colour palette: snow-white + emerald + cobalt sky. Shot type: slow drone pull-back revealing the wider valley. Style: documentary register (BBC/National Geographic feel), naturalistic colour grading, soft contrast, slight film grain. Composition: rule-of-thirds horizon, depth via foreground-midground-distance layering. Reference month: June.","no people, no human figures or silhouettes in foreground, no religious figures, sadhus, priests, monks, no specific religious attire (saffron robes, ceremonial clothing), no ritual objects (deities, idols, palanquins, ceremonial fire close-ups), no temple interiors or sanctum imagery, no signage with readable text, no on-screen graphics or overlays, no synthetic / cartoony rendering, no time-of-day mismatch (respect the requested mood)",https://pub-d8970c901de34c218926ebf4be1ed09a.r2.dev/destinations/pelling.jpg,https://pub-bcda9bac2f63408880ee3f23aa3548e5.r2.dev/pelling.mp4,https://www.nakshiq.com/en/festivals/saga-dawa-pelling,https://www.nakshiq.com/hi/festivals/saga-dawa-pelling,6,16:9,
A,8a1b6e4a-4c8a-41a3-b475-1ddc27eeaee7,kullu-dussehra-kullu,Kullu Dussehra,kullu,Kullu,himachal pradesh,10,October,"October (starts on Vijayadashami, runs 7 days)","Himalayan ridges, deodar slopes, prayer-flag-empty (no flags) ridgelines","Himalayan ridges, deodar slopes, prayer-flag-empty (no flags) ridgelines establishing wide shot — no figures, no signage with text",slow drone pull-back revealing the wider valley,evening golden hour,"autumn warmth, returning dust, soft sunset glow",warm gold + violet sky,"Cinematic 16:9 establishing shot, 6-8 seconds. Subject: Himalayan ridges, deodar slopes, prayer-flag-empty (no flags) ridgelines establishing wide shot — no figures, no signage with text. Location: Kullu, himachal pradesh, India (the host destination of the Kullu Dussehra festival — do NOT render the festival itself, only the place at this time of year). Time of day: evening golden hour. Atmosphere: autumn warmth, returning dust, soft sunset glow. Colour palette: warm gold + violet sky. Shot type: slow drone pull-back revealing the wider valley. Style: documentary register (BBC/National Geographic feel), naturalistic colour grading, soft contrast, slight film grain. Composition: rule-of-thirds horizon, depth via foreground-midground-distance layering. Reference month: October.","no people, no human figures or silhouettes in foreground, no religious figures, sadhus, priests, monks, no specific religious attire (saffron robes, ceremonial clothing), no ritual objects (deities, idols, palanquins, ceremonial fire close-ups), no temple interiors or sanctum imagery, no signage with readable text, no on-screen graphics or overlays, no synthetic / cartoony rendering, no time-of-day mismatch (respect the requested mood)",https://pub-d8970c901de34c218926ebf4be1ed09a.r2.dev/destinations/kullu.jpg,https://pub-bcda9bac2f63408880ee3f23aa3548e5.r2.dev/kullu.mp4,https://www.nakshiq.com/en/festivals/kullu-dussehra-kullu,https://www.nakshiq.com/hi/festivals/kullu-dussehra-kullu,6,16:9,
A,5d4720ed-41b3-4b53-9c2f-81f1cea1c9f6,kullu-winter-carnival,Kullu Winter Carnival,kullu,Kullu,himachal pradesh,1,January,January,"Himalayan ridges, deodar slopes, prayer-flag-empty (no flags) ridgelines","empty fairground wide shot — tents, flags, dusty paths, no crowds, no readable signage",slow drone pull-back revealing the wider valley,blue hour pre-dawn,"winter clarity, low-angle sun, mist on rivers and lakes",cool blue + warm tungsten contrast,"Cinematic 16:9 establishing shot, 6-8 seconds. Subject: empty fairground wide shot — tents, flags, dusty paths, no crowds, no readable signage. Location: Kullu, himachal pradesh, India (the host destination of the Kullu Winter Carnival festival — do NOT render the festival itself, only the place at this time of year). Time of day: blue hour pre-dawn. Atmosphere: winter clarity, low-angle sun, mist on rivers and lakes. Colour palette: cool blue + warm tungsten contrast. Shot type: slow drone pull-back revealing the wider valley. Style: documentary register (BBC/National Geographic feel), naturalistic colour grading, soft contrast, slight film grain. Composition: rule-of-thirds horizon, depth via foreground-midground-distance layering. Reference month: January.","no people, no human figures or silhouettes in foreground, no religious figures, sadhus, priests, monks, no specific religious attire (saffron robes, ceremonial clothing), no ritual objects (deities, idols, palanquins, ceremonial fire close-ups), no temple interiors or sanctum imagery, no signage with readable text, no on-screen graphics or overlays, no synthetic / cartoony rendering, no time-of-day mismatch (respect the requested mood)",https://pub-d8970c901de34c218926ebf4be1ed09a.r2.dev/destinations/kullu.jpg,https://pub-bcda9bac2f63408880ee3f23aa3548e5.r2.dev/kullu.mp4,https://www.nakshiq.com/en/festivals/kullu-winter-carnival,https://www.nakshiq.com/hi/festivals/kullu-winter-carnival,6,16:9,
C,75ef3802-7016-4995-b19a-4c0e2d0d1f3d,buddha-purnima-vesak,Buddha Purnima (Vesak),sarnath,Sarnath,uttar pradesh,5,May,May (full moon of Vaishakha),"Ganga + Yamuna plains, ghats (water-and-stone, no figures), mustard fields","Ganga + Yamuna plains, ghats (water-and-stone, no figures), mustard fields establishing wide shot — no figures, no signage with text",low ground-level tracking through the foreground,post-sunset twilight,"summer haze, heat shimmer over dry ground, warm tungsten dusk",burnt orange + deep blue,"Cinematic 16:9 establishing shot, 6-8 seconds. Subject: Ganga + Yamuna plains, ghats (water-and-stone, no figures), mustard fields establishing wide shot — no figures, no signage with text. Location: Sarnath, uttar pradesh, India (the host destination of the Buddha Purnima (Vesak) festival — do NOT render the festival itself, only the place at this time of year). Time of day: post-sunset twilight. Atmosphere: summer haze, heat shimmer over dry ground, warm tungsten dusk. Colour palette: burnt orange + deep blue. Shot type: low ground-level tracking through the foreground. Style: documentary register (BBC/National Geographic feel), naturalistic colour grading, soft contrast, slight film grain. Composition: rule-of-thirds horizon, depth via foreground-midground-distance layering. Reference month: May.","no people, no human figures or silhouettes in foreground, no religious figures, sadhus, priests, monks, no specific religious attire (saffron robes, ceremonial clothing), no ritual objects (deities, idols, palanquins, ceremonial fire close-ups), no temple interiors or sanctum imagery, no signage with readable text, no on-screen graphics or overlays, no synthetic / cartoony rendering, no time-of-day mismatch (respect the requested mood)",https://pub-d8970c901de34c218926ebf4be1ed09a.r2.dev/destinations/sarnath.jpg,https://pub-bcda9bac2f63408880ee3f23aa3548e5.r2.dev/sarnath.mp4,https://www.nakshiq.com/en/festivals/buddha-purnima-vesak,https://www.nakshiq.com/hi/festivals/buddha-purnima-vesak,6,16:9,
C,5e099cca-a01b-48b1-80df-702988483a6a,sarnath-light-sound-show-season,Sarnath Light & Sound Show Season,sarnath,Sarnath,uttar pradesh,11,November,November–February,"Ganga + Yamuna plains, ghats (water-and-stone, no figures), mustard fields","Ganga + Yamuna plains, ghats (water-and-stone, no figures), mustard fields establishing wide shot — no figures, no signage with text",low ground-level tracking through the foreground,early morning,"early winter — crystalline cold light, cool blue mornings",icy cyan + warm low sun,"Cinematic 16:9 establishing shot, 6-8 seconds. Subject: Ganga + Yamuna plains, ghats (water-and-stone, no figures), mustard fields establishing wide shot — no figures, no signage with text. Location: Sarnath, uttar pradesh, India (the host destination of the Sarnath Light & Sound Show Season festival — do NOT render the festival itself, only the place at this time of year). Time of day: early morning. Atmosphere: early winter — crystalline cold light, cool blue mornings. Colour palette: icy cyan + warm low sun. Shot type: low ground-level tracking through the foreground. Style: documentary register (BBC/National Geographic feel), naturalistic colour grading, soft contrast, slight film grain. Composition: rule-of-thirds horizon, depth via foreground-midground-distance layering. Reference month: November.","no people, no human figures or silhouettes in foreground, no religious figures, sadhus, priests, monks, no specific religious attire (saffron robes, ceremonial clothing), no ritual objects (deities, idols, palanquins, ceremonial fire close-ups), no temple interiors or sanctum imagery, no signage with readable text, no on-screen graphics or overlays, no synthetic / cartoony rendering, no time-of-day mismatch (respect the requested mood)",https://pub-d8970c901de34c218926ebf4be1ed09a.r2.dev/destinations/sarnath.jpg,https://pub-bcda9bac2f63408880ee3f23aa3548e5.r2.dev/sarnath.mp4,https://www.nakshiq.com/en/festivals/sarnath-light-sound-show-season,https://www.nakshiq.com/hi/festivals/sarnath-light-sound-show-season,6,16:9,
C,17a0f623-2397-45fd-b2d6-69d8e1d1b55d,urs-of-sheikh-salim-chishti,Urs of Sheikh Salim Chishti,fatehpur-sikri,Fatehpur Sikri,uttar pradesh,9,September,September–October (1st–6th Rabi-ul-Awwal),"Ganga + Yamuna plains, ghats (water-and-stone, no figures), mustard fields","Ganga + Yamuna plains, ghats (water-and-stone, no figures), mustard fields establishing wide shot — no figures, no signage with text",low ground-level tracking through the foreground,afternoon clearing,"post-monsoon — lush green, crisp clarity, distant cumulus",vibrant greens + cobalt sky,"Cinematic 16:9 establishing shot, 6-8 seconds. Subject: Ganga + Yamuna plains, ghats (water-and-stone, no figures), mustard fields establishing wide shot — no figures, no signage with text. Location: Fatehpur Sikri, uttar pradesh, India (the host destination of the Urs of Sheikh Salim Chishti festival — do NOT render the festival itself, only the place at this time of year). Time of day: afternoon clearing. Atmosphere: post-monsoon — lush green, crisp clarity, distant cumulus. Colour palette: vibrant greens + cobalt sky. Shot type: low ground-level tracking through the foreground. Style: documentary register (BBC/National Geographic feel), naturalistic colour grading, soft contrast, slight film grain. Composition: rule-of-thirds horizon, depth via foreground-midground-distance layering. Reference month: September.","no people, no human figures or silhouettes in foreground, no religious figures, sadhus, priests, monks, no specific religious attire (saffron robes, ceremonial clothing), no ritual objects (deities, idols, palanquins, ceremonial fire close-ups), no temple interiors or sanctum imagery, no signage with readable text, no on-screen graphics or overlays, no synthetic / cartoony rendering, no time-of-day mismatch (respect the requested mood)",https://pub-d8970c901de34c218926ebf4be1ed09a.r2.dev/destinations/fatehpur-sikri.jpg,https://pub-bcda9bac2f63408880ee3f23aa3548e5.r2.dev/fatehpur-sikri.mp4,https://www.nakshiq.com/en/festivals/urs-of-sheikh-salim-chishti,https://www.nakshiq.com/hi/festivals/urs-of-sheikh-salim-chishti,6,16:9,
C,9dc1a1d4-5fa9-43c5-b9fc-da6abdf0326d,eid-ul-fitr-at-buland-darwaza,Eid ul-Fitr at Buland Darwaza,fatehpur-sikri,Fatehpur Sikri,uttar pradesh,4,April,April–May (varies),"Ganga + Yamuna plains, ghats (water-and-stone, no figures), mustard fields","Ganga + Yamuna plains, ghats (water-and-stone, no figures), mustard fields establishing wide shot — no figures, no signage with text",low ground-level tracking through the foreground,evening golden hour,"pre-monsoon heat, light softening at dusk, dramatic cloud build-up",saturated warm orange,"Cinematic 16:9 establishing shot, 6-8 seconds. Subject: Ganga + Yamuna plains, ghats (water-and-stone, no figures), mustard fields establishing wide shot — no figures, no signage with text. Location: Fatehpur Sikri, uttar pradesh, India (the host destination of the Eid ul-Fitr at Buland Darwaza festival — do NOT render the festival itself, only the place at this time of year). Time of day: evening golden hour. Atmosphere: pre-monsoon heat, light softening at dusk, dramatic cloud build-up. Colour palette: saturated warm orange. Shot type: low ground-level tracking through the foreground. Style: documentary register (BBC/National Geographic feel), naturalistic colour grading, soft contrast, slight film grain. Composition: rule-of-thirds horizon, depth via foreground-midground-distance layering. Reference month: April.","no people, no human figures or silhouettes in foreground, no religious figures, sadhus, priests, monks, no specific religious attire (saffron robes, ceremonial clothing), no ritual objects (deities, idols, palanquins, ceremonial fire close-ups), no temple interiors or sanctum imagery, no signage with readable text, no on-screen graphics or overlays, no synthetic / cartoony rendering, no time-of-day mismatch (respect the requested mood)",https://pub-d8970c901de34c218926ebf4be1ed09a.r2.dev/destinations/fatehpur-sikri.jpg,https://pub-bcda9bac2f63408880ee3f23aa3548e5.r2.dev/fatehpur-sikri.mp4,https://www.nakshiq.com/en/festivals/eid-ul-fitr-at-buland-darwaza,https://www.nakshiq.com/hi/festivals/eid-ul-fitr-at-buland-darwaza,6,16:9,
C,d824d794-ada9-43cc-bfc7-8755216929d4,nanda-devi-mela,Nanda Devi Mela,ranikhet,Ranikhet,uttarakhand,9,September,September,"Himalayan foothills, oak + rhododendron forest, river valleys","empty fairground wide shot — tents, flags, dusty paths, no crowds, no readable signage",static establishing with subtle water-surface parallax,afternoon shaft-light,"monsoon in the hills — mist drifts through deodar forest, sun shafts breaking cloud, wet stone glistens",saturated emerald + silver mist,"Cinematic 16:9 establishing shot, 6-8 seconds. Subject: empty fairground wide shot — tents, flags, dusty paths, no crowds, no readable signage. Location: Ranikhet, uttarakhand, India (the host destination of the Nanda Devi Mela festival — do NOT render the festival itself, only the place at this time of year). Time of day: afternoon shaft-light. Atmosphere: monsoon in the hills — mist drifts through deodar forest, sun shafts breaking cloud, wet stone glistens. Colour palette: saturated emerald + silver mist. Shot type: static establishing with subtle water-surface parallax. Style: documentary register (BBC/National Geographic feel), naturalistic colour grading, soft contrast, slight film grain. Composition: rule-of-thirds horizon, depth via foreground-midground-distance layering. Reference month: September.","no people, no human figures or silhouettes in foreground, no religious figures, sadhus, priests, monks, no specific religious attire (saffron robes, ceremonial clothing), no ritual objects (deities, idols, palanquins, ceremonial fire close-ups), no temple interiors or sanctum imagery, no signage with readable text, no on-screen graphics or overlays, no synthetic / cartoony rendering, no time-of-day mismatch (respect the requested mood)",https://pub-d8970c901de34c218926ebf4be1ed09a.r2.dev/destinations/ranikhet.jpg,https://pub-bcda9bac2f63408880ee3f23aa3548e5.r2.dev/ranikhet.mp4,https://www.nakshiq.com/en/festivals/nanda-devi-mela,https://www.nakshiq.com/hi/festivals/nanda-devi-mela,6,16:9,
C,dd9fcc46-ab61-4f92-b97d-711cd840fe2f,uttarayani-mela,Uttarayani Mela,ranikhet,Ranikhet,uttarakhand,1,January,January 14 (Makar Sankranti),"Himalayan foothills, oak + rhododendron forest, river valleys","empty fairground wide shot — tents, flags, dusty paths, no crowds, no readable signage",static establishing with subtle water-surface parallax,blue hour,"deep winter in the hills — snow on ridges, frozen streams, low sun raking the slope",icy blue + warm tungsten pinpoints,"Cinematic 16:9 establishing shot, 6-8 seconds. Subject: empty fairground wide shot — tents, flags, dusty paths, no crowds, no readable signage. Location: Ranikhet, uttarakhand, India (the host destination of the Uttarayani Mela festival — do NOT render the festival itself, only the place at this time of year). Time of day: blue hour. Atmosphere: deep winter in the hills — snow on ridges, frozen streams, low sun raking the slope. Colour palette: icy blue + warm tungsten pinpoints. Shot type: static establishing with subtle water-surface parallax. Style: documentary register (BBC/National Geographic feel), naturalistic colour grading, soft contrast, slight film grain. Composition: rule-of-thirds horizon, depth via foreground-midground-distance layering. Reference month: January.","no people, no human figures or silhouettes in foreground, no religious figures, sadhus, priests, monks, no specific religious attire (saffron robes, ceremonial clothing), no ritual objects (deities, idols, palanquins, ceremonial fire close-ups), no temple interiors or sanctum imagery, no signage with readable text, no on-screen graphics or overlays, no synthetic / cartoony rendering, no time-of-day mismatch (respect the requested mood)",https://pub-d8970c901de34c218926ebf4be1ed09a.r2.dev/destinations/ranikhet.jpg,https://pub-bcda9bac2f63408880ee3f23aa3548e5.r2.dev/ranikhet.mp4,https://www.nakshiq.com/en/festivals/uttarayani-mela,https://www.nakshiq.com/hi/festivals/uttarayani-mela,6,16:9,
A,25ff3d52-00c2-4fae-bb1a-b053a03454c9,magh-mela-uttarkashi,Magh Mela,uttarkashi,Uttarkashi,uttarakhand,1,January,January (Makar Sankranti to Basant Panchami),"Himalayan foothills, oak + rhododendron forest, river valleys","empty fairground wide shot — tents, flags, dusty paths, no crowds, no readable signage",static establishing with subtle water-surface parallax,blue hour pre-dawn,"winter clarity, low-angle sun, mist on rivers and lakes",cool blue + warm tungsten contrast,"Cinematic 16:9 establishing shot, 6-8 seconds. Subject: empty fairground wide shot — tents, flags, dusty paths, no crowds, no readable signage. Location: Uttarkashi, uttarakhand, India (the host destination of the Magh Mela festival — do NOT render the festival itself, only the place at this time of year). Time of day: blue hour pre-dawn. Atmosphere: winter clarity, low-angle sun, mist on rivers and lakes. Colour palette: cool blue + warm tungsten contrast. Shot type: static establishing with subtle water-surface parallax. Style: documentary register (BBC/National Geographic feel), naturalistic colour grading, soft contrast, slight film grain. Composition: rule-of-thirds horizon, depth via foreground-midground-distance layering. Reference month: January.","no people, no human figures or silhouettes in foreground, no religious figures, sadhus, priests, monks, no specific religious attire (saffron robes, ceremonial clothing), no ritual objects (deities, idols, palanquins, ceremonial fire close-ups), no temple interiors or sanctum imagery, no signage with readable text, no on-screen graphics or overlays, no synthetic / cartoony rendering, no time-of-day mismatch (respect the requested mood)",https://pub-d8970c901de34c218926ebf4be1ed09a.r2.dev/destinations/uttarkashi.jpg,https://pub-bcda9bac2f63408880ee3f23aa3548e5.r2.dev/uttarkashi.mp4,https://www.nakshiq.com/en/festivals/magh-mela-uttarkashi,https://www.nakshiq.com/hi/festivals/magh-mela-uttarkashi,6,16:9,
A,3e096f6d-6b2d-426e-a33e-7fc0be4522a7,uttarkashi-mahadev-temple-festival-maha-shivaratri,Uttarkashi Mahadev Temple Festival (Maha Shivaratri),uttarkashi,Uttarkashi,uttarakhand,3,March,February–March,"Himalayan foothills, oak + rhododendron forest, river valleys","temple-town exterior wide shot — sandstone or granite architecture, no figures, no idols visible",static establishing with subtle water-surface parallax,afternoon to dusk,"pre-summer warmth, dust in the air, soft hazy light","warm earth tones, ochre","Cinematic 16:9 establishing shot, 6-8 seconds. Subject: temple-town exterior wide shot — sandstone or granite architecture, no figures, no idols visible. Location: Uttarkashi, uttarakhand, India (the host destination of the Uttarkashi Mahadev Temple Festival (Maha Shivaratri) festival — do NOT render the festival itself, only the place at this time of year). Time of day: afternoon to dusk. Atmosphere: pre-summer warmth, dust in the air, soft hazy light. Colour palette: warm earth tones, ochre. Shot type: static establishing with subtle water-surface parallax. Style: documentary register (BBC/National Geographic feel), naturalistic colour grading, soft contrast, slight film grain. Composition: rule-of-thirds horizon, depth via foreground-midground-distance layering. Reference month: March.","no people, no human figures or silhouettes in foreground, no religious figures, sadhus, priests, monks, no specific religious attire (saffron robes, ceremonial clothing), no ritual objects (deities, idols, palanquins, ceremonial fire close-ups), no temple interiors or sanctum imagery, no signage with readable text, no on-screen graphics or overlays, no synthetic / cartoony rendering, no time-of-day mismatch (respect the requested mood)",https://pub-d8970c901de34c218926ebf4be1ed09a.r2.dev/destinations/uttarkashi.jpg,https://pub-bcda9bac2f63408880ee3f23aa3548e5.r2.dev/uttarkashi.mp4,https://www.nakshiq.com/en/festivals/uttarkashi-mahadev-temple-festival-maha-shivaratri,https://www.nakshiq.com/hi/festivals/uttarkashi-mahadev-temple-festival-maha-shivaratri,6,16:9,"Religious site — exterior only, no idol or sanctum imagery."
C,08d05798-b15f-4385-8813-c76db28702d4,sauji-fair,Sauji Fair,palampur,Palampur,himachal pradesh,3,March,March–April (Chaitra Navratri),"Himalayan ridges, deodar slopes, prayer-flag-empty (no flags) ridgelines","empty fairground wide shot — tents, flags, dusty paths, no crowds, no readable signage",slow drone pull-back revealing the wider valley,afternoon to dusk,"pre-summer warmth, dust in the air, soft hazy light","warm earth tones, ochre","Cinematic 16:9 establishing shot, 6-8 seconds. Subject: empty fairground wide shot — tents, flags, dusty paths, no crowds, no readable signage. Location: Palampur, himachal pradesh, India (the host destination of the Sauji Fair festival — do NOT render the festival itself, only the place at this time of year). Time of day: afternoon to dusk. Atmosphere: pre-summer warmth, dust in the air, soft hazy light. Colour palette: warm earth tones, ochre. Shot type: slow drone pull-back revealing the wider valley. Style: documentary register (BBC/National Geographic feel), naturalistic colour grading, soft contrast, slight film grain. Composition: rule-of-thirds horizon, depth via foreground-midground-distance layering. Reference month: March.","no people, no human figures or silhouettes in foreground, no religious figures, sadhus, priests, monks, no specific religious attire (saffron robes, ceremonial clothing), no ritual objects (deities, idols, palanquins, ceremonial fire close-ups), no temple interiors or sanctum imagery, no signage with readable text, no on-screen graphics or overlays, no synthetic / cartoony rendering, no time-of-day mismatch (respect the requested mood)",https://pub-d8970c901de34c218926ebf4be1ed09a.r2.dev/destinations/palampur.jpg,https://pub-bcda9bac2f63408880ee3f23aa3548e5.r2.dev/palampur.mp4,https://www.nakshiq.com/en/festivals/sauji-fair,https://www.nakshiq.com/hi/festivals/sauji-fair,6,16:9,
C,121ab303-5244-4eed-a53d-29c23b0303fd,tea-festival-kangra-tea,Tea Festival (Kangra Tea),palampur,Palampur,himachal pradesh,4,April,April,"Himalayan ridges, deodar slopes, prayer-flag-empty (no flags) ridgelines","Himalayan ridges, deodar slopes, prayer-flag-empty (no flags) ridgelines establishing wide shot — no figures, no signage with text",slow drone pull-back revealing the wider valley,evening golden hour,"pre-monsoon heat, light softening at dusk, dramatic cloud build-up",saturated warm orange,"Cinematic 16:9 establishing shot, 6-8 seconds. Subject: Himalayan ridges, deodar slopes, prayer-flag-empty (no flags) ridgelines establishing wide shot — no figures, no signage with text. Location: Palampur, himachal pradesh, India (the host destination of the Tea Festival (Kangra Tea) festival — do NOT render the festival itself, only the place at this time of year). Time of day: evening golden hour. Atmosphere: pre-monsoon heat, light softening at dusk, dramatic cloud build-up. Colour palette: saturated warm orange. Shot type: slow drone pull-back revealing the wider valley. Style: documentary register (BBC/National Geographic feel), naturalistic colour grading, soft contrast, slight film grain. Composition: rule-of-thirds horizon, depth via foreground-midground-distance layering. Reference month: April.","no people, no human figures or silhouettes in foreground, no religious figures, sadhus, priests, monks, no specific religious attire (saffron robes, ceremonial clothing), no ritual objects (deities, idols, palanquins, ceremonial fire close-ups), no temple interiors or sanctum imagery, no signage with readable text, no on-screen graphics or overlays, no synthetic / cartoony rendering, no time-of-day mismatch (respect the requested mood)",https://pub-d8970c901de34c218926ebf4be1ed09a.r2.dev/destinations/palampur.jpg,https://pub-bcda9bac2f63408880ee3f23aa3548e5.r2.dev/palampur.mp4,https://www.nakshiq.com/en/festivals/tea-festival-kangra-tea,https://www.nakshiq.com/hi/festivals/tea-festival-kangra-tea,6,16:9,
A,7e2381f8-aeba-4191-a370-4c805313fc2d,tungnath-temple-opening-tungnath,Tungnath Temple Opening,tungnath,Tungnath,uttarakhand,5,May,May (Akshaya Tritiya),"Himalayan foothills, oak + rhododendron forest, river valleys","temple-town exterior wide shot — sandstone or granite architecture, no figures, no idols visible",static establishing with subtle water-surface parallax,early morning,"alpine spring — clear cold air, snow-melt streams, distant high-altitude peaks",snow-white + emerald + cobalt sky,"Cinematic 16:9 establishing shot, 6-8 seconds. Subject: temple-town exterior wide shot — sandstone or granite architecture, no figures, no idols visible. Location: Tungnath, uttarakhand, India (the host destination of the Tungnath Temple Opening festival — do NOT render the festival itself, only the place at this time of year). Time of day: early morning. Atmosphere: alpine spring — clear cold air, snow-melt streams, distant high-altitude peaks. Colour palette: snow-white + emerald + cobalt sky. Shot type: static establishing with subtle water-surface parallax. Style: documentary register (BBC/National Geographic feel), naturalistic colour grading, soft contrast, slight film grain. Composition: rule-of-thirds horizon, depth via foreground-midground-distance layering. Reference month: May.","no people, no human figures or silhouettes in foreground, no religious figures, sadhus, priests, monks, no specific religious attire (saffron robes, ceremonial clothing), no ritual objects (deities, idols, palanquins, ceremonial fire close-ups), no temple interiors or sanctum imagery, no signage with readable text, no on-screen graphics or overlays, no synthetic / cartoony rendering, no time-of-day mismatch (respect the requested mood)",https://pub-d8970c901de34c218926ebf4be1ed09a.r2.dev/destinations/tungnath.jpg,https://pub-bcda9bac2f63408880ee3f23aa3548e5.r2.dev/tungnath.mp4,https://www.nakshiq.com/en/festivals/tungnath-temple-opening-tungnath,https://www.nakshiq.com/hi/festivals/tungnath-temple-opening-tungnath,6,16:9,"Religious site — exterior only, no idol or sanctum imagery."
A,16f98aaa-2690-4519-ba10-e7f66ff5a74a,maha-shivaratri-at-tungnath,Maha Shivaratri at Tungnath,tungnath,Tungnath,uttarakhand,3,March,February–March,"Himalayan foothills, oak + rhododendron forest, river valleys","Himalayan stone-built shrine exterior wide shot, glacial river in foreground, no figures, no signage",static establishing with subtle water-surface parallax,afternoon to dusk,"pre-summer warmth, dust in the air, soft hazy light","warm earth tones, ochre","Cinematic 16:9 establishing shot, 6-8 seconds. Subject: Himalayan stone-built shrine exterior wide shot, glacial river in foreground, no figures, no signage. Location: Tungnath, uttarakhand, India (the host destination of the Maha Shivaratri at Tungnath festival — do NOT render the festival itself, only the place at this time of year). Time of day: afternoon to dusk. Atmosphere: pre-summer warmth, dust in the air, soft hazy light. Colour palette: warm earth tones, ochre. Shot type: static establishing with subtle water-surface parallax. Style: documentary register (BBC/National Geographic feel), naturalistic colour grading, soft contrast, slight film grain. Composition: rule-of-thirds horizon, depth via foreground-midground-distance layering. Reference month: March.","no people, no human figures or silhouettes in foreground, no religious figures, sadhus, priests, monks, no specific religious attire (saffron robes, ceremonial clothing), no ritual objects (deities, idols, palanquins, ceremonial fire close-ups), no temple interiors or sanctum imagery, no signage with readable text, no on-screen graphics or overlays, no synthetic / cartoony rendering, no time-of-day mismatch (respect the requested mood)",https://pub-d8970c901de34c218926ebf4be1ed09a.r2.dev/destinations/tungnath.jpg,https://pub-bcda9bac2f63408880ee3f23aa3548e5.r2.dev/tungnath.mp4,https://www.nakshiq.com/en/festivals/maha-shivaratri-at-tungnath,https://www.nakshiq.com/hi/festivals/maha-shivaratri-at-tungnath,6,16:9,
A,8032ca41-1463-426e-b883-b35f9ca73e5c,nanda-devi-raj-jat-yatra-roopkund,Nanda Devi Raj Jat Yatra,roopkund,Roopkund,uttarakhand,8,August,August–September (once every 12 years; annual shorter version),"Himalayan foothills, oak + rhododendron forest, river valleys","long mountain road or trail receding into distance, no pilgrims visible",static establishing with subtle water-surface parallax,afternoon shaft-light,"monsoon in the hills — mist drifts through deodar forest, sun shafts breaking cloud, wet stone glistens",saturated emerald + silver mist,"Cinematic 16:9 establishing shot, 6-8 seconds. Subject: long mountain road or trail receding into distance, no pilgrims visible. Location: Roopkund, uttarakhand, India (the host destination of the Nanda Devi Raj Jat Yatra festival — do NOT render the festival itself, only the place at this time of year). Time of day: afternoon shaft-light. Atmosphere: monsoon in the hills — mist drifts through deodar forest, sun shafts breaking cloud, wet stone glistens. Colour palette: saturated emerald + silver mist. Shot type: static establishing with subtle water-surface parallax. Style: documentary register (BBC/National Geographic feel), naturalistic colour grading, soft contrast, slight film grain. Composition: rule-of-thirds horizon, depth via foreground-midground-distance layering. Reference month: August.","no people, no human figures or silhouettes in foreground, no religious figures, sadhus, priests, monks, no specific religious attire (saffron robes, ceremonial clothing), no ritual objects (deities, idols, palanquins, ceremonial fire close-ups), no temple interiors or sanctum imagery, no signage with readable text, no on-screen graphics or overlays, no synthetic / cartoony rendering, no time-of-day mismatch (respect the requested mood)",https://pub-d8970c901de34c218926ebf4be1ed09a.r2.dev/destinations/roopkund.jpg,https://pub-bcda9bac2f63408880ee3f23aa3548e5.r2.dev/roopkund.mp4,https://www.nakshiq.com/en/festivals/nanda-devi-raj-jat-yatra-roopkund,https://www.nakshiq.com/hi/festivals/nanda-devi-raj-jat-yatra-roopkund,6,16:9,
C,b300cd92-b73c-426a-943f-1b4597739196,nanda-ashtami-trek-gathering,Nanda Ashtami Trek Gathering,roopkund,Roopkund,uttarakhand,9,September,September,"Himalayan foothills, oak + rhododendron forest, river valleys","Himalayan foothills, oak + rhododendron forest, river valleys establishing wide shot — no figures, no signage with text",static establishing with subtle water-surface parallax,afternoon shaft-light,"monsoon in the hills — mist drifts through deodar forest, sun shafts breaking cloud, wet stone glistens",saturated emerald + silver mist,"Cinematic 16:9 establishing shot, 6-8 seconds. Subject: Himalayan foothills, oak + rhododendron forest, river valleys establishing wide shot — no figures, no signage with text. Location: Roopkund, uttarakhand, India (the host destination of the Nanda Ashtami Trek Gathering festival — do NOT render the festival itself, only the place at this time of year). Time of day: afternoon shaft-light. Atmosphere: monsoon in the hills — mist drifts through deodar forest, sun shafts breaking cloud, wet stone glistens. Colour palette: saturated emerald + silver mist. Shot type: static establishing with subtle water-surface parallax. Style: documentary register (BBC/National Geographic feel), naturalistic colour grading, soft contrast, slight film grain. Composition: rule-of-thirds horizon, depth via foreground-midground-distance layering. Reference month: September.","no people, no human figures or silhouettes in foreground, no religious figures, sadhus, priests, monks, no specific religious attire (saffron robes, ceremonial clothing), no ritual objects (deities, idols, palanquins, ceremonial fire close-ups), no temple interiors or sanctum imagery, no signage with readable text, no on-screen graphics or overlays, no synthetic / cartoony rendering, no time-of-day mismatch (respect the requested mood)",https://pub-d8970c901de34c218926ebf4be1ed09a.r2.dev/destinations/roopkund.jpg,https://pub-bcda9bac2f63408880ee3f23aa3548e5.r2.dev/roopkund.mp4,https://www.nakshiq.com/en/festivals/nanda-ashtami-trek-gathering,https://www.nakshiq.com/hi/festivals/nanda-ashtami-trek-gathering,6,16:9,
B,732e5a99-61e1-4f91-8276-65f56e0018a0,yamunotri-temple-opening-akshaya-tritiya,Yamunotri Temple Opening (Akshaya Tritiya),yamunotri,Yamunotri,uttarakhand,5,May,Early May (Akshaya Tritiya),"Himalayan foothills, oak + rhododendron forest, river valleys","temple-town exterior wide shot — sandstone or granite architecture, no figures, no idols visible",static establishing with subtle water-surface parallax,early morning,"alpine spring — clear cold air, snow-melt streams, distant high-altitude peaks",snow-white + emerald + cobalt sky,"Cinematic 16:9 establishing shot, 6-8 seconds. Subject: temple-town exterior wide shot — sandstone or granite architecture, no figures, no idols visible. Location: Yamunotri, uttarakhand, India (the host destination of the Yamunotri Temple Opening (Akshaya Tritiya) festival — do NOT render the festival itself, only the place at this time of year). Time of day: early morning. Atmosphere: alpine spring — clear cold air, snow-melt streams, distant high-altitude peaks. Colour palette: snow-white + emerald + cobalt sky. Shot type: static establishing with subtle water-surface parallax. Style: documentary register (BBC/National Geographic feel), naturalistic colour grading, soft contrast, slight film grain. Composition: rule-of-thirds horizon, depth via foreground-midground-distance layering. Reference month: May.","no people, no human figures or silhouettes in foreground, no religious figures, sadhus, priests, monks, no specific religious attire (saffron robes, ceremonial clothing), no ritual objects (deities, idols, palanquins, ceremonial fire close-ups), no temple interiors or sanctum imagery, no signage with readable text, no on-screen graphics or overlays, no synthetic / cartoony rendering, no time-of-day mismatch (respect the requested mood)",https://pub-d8970c901de34c218926ebf4be1ed09a.r2.dev/destinations/yamunotri.jpg,https://pub-bcda9bac2f63408880ee3f23aa3548e5.r2.dev/yamunotri.mp4,https://www.nakshiq.com/en/festivals/yamunotri-temple-opening-akshaya-tritiya,https://www.nakshiq.com/hi/festivals/yamunotri-temple-opening-akshaya-tritiya,6,16:9,"Religious site — exterior only, no idol or sanctum imagery."
C,94d28ae3-97a2-4ecd-bcd2-83d56704bf55,yamuna-chhath,Yamuna Chhath,yamunotri,Yamunotri,uttarakhand,4,April,April (Chaitra Shukla Shashthi),"Himalayan foothills, oak + rhododendron forest, river valleys","river current detail, ghats (architecture only, no figures), low mist on water",static establishing with subtle water-surface parallax,early morning,"alpine spring — clear cold air, snow-melt streams, distant high-altitude peaks",snow-white + emerald + cobalt sky,"Cinematic 16:9 establishing shot, 6-8 seconds. Subject: river current detail, ghats (architecture only, no figures), low mist on water. Location: Yamunotri, uttarakhand, India (the host destination of the Yamuna Chhath festival — do NOT render the festival itself, only the place at this time of year). Time of day: early morning. Atmosphere: alpine spring — clear cold air, snow-melt streams, distant high-altitude peaks. Colour palette: snow-white + emerald + cobalt sky. Shot type: static establishing with subtle water-surface parallax. Style: documentary register (BBC/National Geographic feel), naturalistic colour grading, soft contrast, slight film grain. Composition: rule-of-thirds horizon, depth via foreground-midground-distance layering. Reference month: April.","no people, no human figures or silhouettes in foreground, no religious figures, sadhus, priests, monks, no specific religious attire (saffron robes, ceremonial clothing), no ritual objects (deities, idols, palanquins, ceremonial fire close-ups), no temple interiors or sanctum imagery, no signage with readable text, no on-screen graphics or overlays, no synthetic / cartoony rendering, no time-of-day mismatch (respect the requested mood)",https://pub-d8970c901de34c218926ebf4be1ed09a.r2.dev/destinations/yamunotri.jpg,https://pub-bcda9bac2f63408880ee3f23aa3548e5.r2.dev/yamunotri.mp4,https://www.nakshiq.com/en/festivals/yamuna-chhath,https://www.nakshiq.com/hi/festivals/yamuna-chhath,6,16:9,
C,d62b40f2-92d5-41bb-a39d-8a720d7bfc67,bissu-mela-jaunsar-bawar-new-year,Bissu Mela (Jaunsar-Bawar New Year),chakrata,Chakrata,uttarakhand,4,April,April 14,"Himalayan foothills, oak + rhododendron forest, river valleys","empty fairground wide shot — tents, flags, dusty paths, no crowds, no readable signage",static establishing with subtle water-surface parallax,early morning,"alpine spring — clear cold air, snow-melt streams, distant high-altitude peaks",snow-white + emerald + cobalt sky,"Cinematic 16:9 establishing shot, 6-8 seconds. Subject: empty fairground wide shot — tents, flags, dusty paths, no crowds, no readable signage. Location: Chakrata, uttarakhand, India (the host destination of the Bissu Mela (Jaunsar-Bawar New Year) festival — do NOT render the festival itself, only the place at this time of year). Time of day: early morning. Atmosphere: alpine spring — clear cold air, snow-melt streams, distant high-altitude peaks. Colour palette: snow-white + emerald + cobalt sky. Shot type: static establishing with subtle water-surface parallax. Style: documentary register (BBC/National Geographic feel), naturalistic colour grading, soft contrast, slight film grain. Composition: rule-of-thirds horizon, depth via foreground-midground-distance layering. Reference month: April.","no people, no human figures or silhouettes in foreground, no religious figures, sadhus, priests, monks, no specific religious attire (saffron robes, ceremonial clothing), no ritual objects (deities, idols, palanquins, ceremonial fire close-ups), no temple interiors or sanctum imagery, no signage with readable text, no on-screen graphics or overlays, no synthetic / cartoony rendering, no time-of-day mismatch (respect the requested mood)",https://pub-d8970c901de34c218926ebf4be1ed09a.r2.dev/destinations/chakrata.jpg,https://pub-bcda9bac2f63408880ee3f23aa3548e5.r2.dev/chakrata.mp4,https://www.nakshiq.com/en/festivals/bissu-mela-jaunsar-bawar-new-year,https://www.nakshiq.com/hi/festivals/bissu-mela-jaunsar-bawar-new-year,6,16:9,
A,9651cf39-4d9d-4bdd-9dea-1abb5e979141,magh-mela-jaunsar,Magh Mela (Jaunsar),chakrata,Chakrata,uttarakhand,1,January,January (Makar Sankranti),"Himalayan foothills, oak + rhododendron forest, river valleys","empty fairground wide shot — tents, flags, dusty paths, no crowds, no readable signage",static establishing with subtle water-surface parallax,blue hour,"deep winter in the hills — snow on ridges, frozen streams, low sun raking the slope",icy blue + warm tungsten pinpoints,"Cinematic 16:9 establishing shot, 6-8 seconds. Subject: empty fairground wide shot — tents, flags, dusty paths, no crowds, no readable signage. Location: Chakrata, uttarakhand, India (the host destination of the Magh Mela (Jaunsar) festival — do NOT render the festival itself, only the place at this time of year). Time of day: blue hour. Atmosphere: deep winter in the hills — snow on ridges, frozen streams, low sun raking the slope. Colour palette: icy blue + warm tungsten pinpoints. Shot type: static establishing with subtle water-surface parallax. Style: documentary register (BBC/National Geographic feel), naturalistic colour grading, soft contrast, slight film grain. Composition: rule-of-thirds horizon, depth via foreground-midground-distance layering. Reference month: January.","no people, no human figures or silhouettes in foreground, no religious figures, sadhus, priests, monks, no specific religious attire (saffron robes, ceremonial clothing), no ritual objects (deities, idols, palanquins, ceremonial fire close-ups), no temple interiors or sanctum imagery, no signage with readable text, no on-screen graphics or overlays, no synthetic / cartoony rendering, no time-of-day mismatch (respect the requested mood)",https://pub-d8970c901de34c218926ebf4be1ed09a.r2.dev/destinations/chakrata.jpg,https://pub-bcda9bac2f63408880ee3f23aa3548e5.r2.dev/chakrata.mp4,https://www.nakshiq.com/en/festivals/magh-mela-jaunsar,https://www.nakshiq.com/hi/festivals/magh-mela-jaunsar,6,16:9,
C,4b2f62cf-0c18-4b3b-a922-11e140a1addb,jageshwar-monsoon-mela,Jageshwar Monsoon Mela,almora,Almora,uttarakhand,7,July,July-August (Shravan),"Himalayan foothills, oak + rhododendron forest, river valleys","empty fairground wide shot — tents, flags, dusty paths, no crowds, no readable signage",static establishing with subtle water-surface parallax,afternoon shaft-light,"monsoon in the hills — mist drifts through deodar forest, sun shafts breaking cloud, wet stone glistens",saturated emerald + silver mist,"Cinematic 16:9 establishing shot, 6-8 seconds. Subject: empty fairground wide shot — tents, flags, dusty paths, no crowds, no readable signage. Location: Almora, uttarakhand, India (the host destination of the Jageshwar Monsoon Mela festival — do NOT render the festival itself, only the place at this time of year). Time of day: afternoon shaft-light. Atmosphere: monsoon in the hills — mist drifts through deodar forest, sun shafts breaking cloud, wet stone glistens. Colour palette: saturated emerald + silver mist. Shot type: static establishing with subtle water-surface parallax. Style: documentary register (BBC/National Geographic feel), naturalistic colour grading, soft contrast, slight film grain. Composition: rule-of-thirds horizon, depth via foreground-midground-distance layering. Reference month: July.","no people, no human figures or silhouettes in foreground, no religious figures, sadhus, priests, monks, no specific religious attire (saffron robes, ceremonial clothing), no ritual objects (deities, idols, palanquins, ceremonial fire close-ups), no temple interiors or sanctum imagery, no signage with readable text, no on-screen graphics or overlays, no synthetic / cartoony rendering, no time-of-day mismatch (respect the requested mood)",https://pub-d8970c901de34c218926ebf4be1ed09a.r2.dev/destinations/almora.jpg,https://pub-bcda9bac2f63408880ee3f23aa3548e5.r2.dev/almora.mp4,https://www.nakshiq.com/en/festivals/jageshwar-monsoon-mela,https://www.nakshiq.com/hi/festivals/jageshwar-monsoon-mela,6,16:9,"Monsoon month — saturated greens and wet textures, NOT dry-season look."
C,97042cd5-9c34-4a70-9708-8f97298c68f4,mussoorie-winterline-carnival,Mussoorie Winterline Carnival,mussoorie,Mussoorie,uttarakhand,12,December,December (varies),"Himalayan foothills, oak + rhododendron forest, river valleys","empty fairground wide shot — tents, flags, dusty paths, no crowds, no readable signage",static establishing with subtle water-surface parallax,blue hour,"deep winter in the hills — snow on ridges, frozen streams, low sun raking the slope",icy blue + warm tungsten pinpoints,"Cinematic 16:9 establishing shot, 6-8 seconds. Subject: empty fairground wide shot — tents, flags, dusty paths, no crowds, no readable signage. Location: Mussoorie, uttarakhand, India (the host destination of the Mussoorie Winterline Carnival festival — do NOT render the festival itself, only the place at this time of year). Time of day: blue hour. Atmosphere: deep winter in the hills — snow on ridges, frozen streams, low sun raking the slope. Colour palette: icy blue + warm tungsten pinpoints. Shot type: static establishing with subtle water-surface parallax. Style: documentary register (BBC/National Geographic feel), naturalistic colour grading, soft contrast, slight film grain. Composition: rule-of-thirds horizon, depth via foreground-midground-distance layering. Reference month: December.","no people, no human figures or silhouettes in foreground, no religious figures, sadhus, priests, monks, no specific religious attire (saffron robes, ceremonial clothing), no ritual objects (deities, idols, palanquins, ceremonial fire close-ups), no temple interiors or sanctum imagery, no signage with readable text, no on-screen graphics or overlays, no synthetic / cartoony rendering, no time-of-day mismatch (respect the requested mood)",https://pub-d8970c901de34c218926ebf4be1ed09a.r2.dev/destinations/mussoorie.jpg,https://pub-bcda9bac2f63408880ee3f23aa3548e5.r2.dev/mussoorie.mp4,https://www.nakshiq.com/en/festivals/mussoorie-winterline-carnival,https://www.nakshiq.com/hi/festivals/mussoorie-winterline-carnival,6,16:9,
C,fc7a152d-b2a1-4047-ad15-679d75e1fc92,nainital-autumn-festival,Nainital Autumn Festival,nainital,Nainital,uttarakhand,10,October,October-November (varies),"Himalayan foothills, oak + rhododendron forest, river valleys","Himalayan foothills, oak + rhododendron forest, river valleys establishing wide shot — no figures, no signage with text",static establishing with subtle water-surface parallax,morning golden hour,"post-monsoon clarity at altitude — crystalline cold air, autumn-tinged forest, distant snow",warm amber + cool cobalt,"Cinematic 16:9 establishing shot, 6-8 seconds. Subject: Himalayan foothills, oak + rhododendron forest, river valleys establishing wide shot — no figures, no signage with text. Location: Nainital, uttarakhand, India (the host destination of the Nainital Autumn Festival festival — do NOT render the festival itself, only the place at this time of year). Time of day: morning golden hour. Atmosphere: post-monsoon clarity at altitude — crystalline cold air, autumn-tinged forest, distant snow. Colour palette: warm amber + cool cobalt. Shot type: static establishing with subtle water-surface parallax. Style: documentary register (BBC/National Geographic feel), naturalistic colour grading, soft contrast, slight film grain. Composition: rule-of-thirds horizon, depth via foreground-midground-distance layering. Reference month: October.","no people, no human figures or silhouettes in foreground, no religious figures, sadhus, priests, monks, no specific religious attire (saffron robes, ceremonial clothing), no ritual objects (deities, idols, palanquins, ceremonial fire close-ups), no temple interiors or sanctum imagery, no signage with readable text, no on-screen graphics or overlays, no synthetic / cartoony rendering, no time-of-day mismatch (respect the requested mood)",https://pub-d8970c901de34c218926ebf4be1ed09a.r2.dev/destinations/nainital.jpg,https://pub-bcda9bac2f63408880ee3f23aa3548e5.r2.dev/nainital.mp4,https://www.nakshiq.com/en/festivals/nainital-autumn-festival,https://www.nakshiq.com/hi/festivals/nainital-autumn-festival,6,16:9,
C,f7c5b85f-7d90-4ae0-ba18-9cecefb82b2f,nanda-devi-mahotsav,Nanda Devi Mahotsav,nainital,Nainital,uttarakhand,9,September,September (Bhadra Ashtami),"Himalayan foothills, oak + rhododendron forest, river valleys","Himalayan stone-built shrine exterior wide shot, glacial river in foreground, no figures, no signage",static establishing with subtle water-surface parallax,afternoon shaft-light,"monsoon in the hills — mist drifts through deodar forest, sun shafts breaking cloud, wet stone glistens",saturated emerald + silver mist,"Cinematic 16:9 establishing shot, 6-8 seconds. Subject: Himalayan stone-built shrine exterior wide shot, glacial river in foreground, no figures, no signage. Location: Nainital, uttarakhand, India (the host destination of the Nanda Devi Mahotsav festival — do NOT render the festival itself, only the place at this time of year). Time of day: afternoon shaft-light. Atmosphere: monsoon in the hills — mist drifts through deodar forest, sun shafts breaking cloud, wet stone glistens. Colour palette: saturated emerald + silver mist. Shot type: static establishing with subtle water-surface parallax. Style: documentary register (BBC/National Geographic feel), naturalistic colour grading, soft contrast, slight film grain. Composition: rule-of-thirds horizon, depth via foreground-midground-distance layering. Reference month: September.","no people, no human figures or silhouettes in foreground, no religious figures, sadhus, priests, monks, no specific religious attire (saffron robes, ceremonial clothing), no ritual objects (deities, idols, palanquins, ceremonial fire close-ups), no temple interiors or sanctum imagery, no signage with readable text, no on-screen graphics or overlays, no synthetic / cartoony rendering, no time-of-day mismatch (respect the requested mood)",https://pub-d8970c901de34c218926ebf4be1ed09a.r2.dev/destinations/nainital.jpg,https://pub-bcda9bac2f63408880ee3f23aa3548e5.r2.dev/nainital.mp4,https://www.nakshiq.com/en/festivals/nanda-devi-mahotsav,https://www.nakshiq.com/hi/festivals/nanda-devi-mahotsav,6,16:9,
C,545c00d4-8681-4b3b-9f85-7aae8fdd0a9e,chitkul-pahari-fair,Chitkul Pahari Fair,chitkul,Chitkul,himachal pradesh,9,September,September (after harvest),"Himalayan ridges, deodar slopes, prayer-flag-empty (no flags) ridgelines","empty fairground wide shot — tents, flags, dusty paths, no crowds, no readable signage",slow drone pull-back revealing the wider valley,afternoon shaft-light,"monsoon in the hills — mist drifts through deodar forest, sun shafts breaking cloud, wet stone glistens",saturated emerald + silver mist,"Cinematic 16:9 establishing shot, 6-8 seconds. Subject: empty fairground wide shot — tents, flags, dusty paths, no crowds, no readable signage. Location: Chitkul, himachal pradesh, India (the host destination of the Chitkul Pahari Fair festival — do NOT render the festival itself, only the place at this time of year). Time of day: afternoon shaft-light. Atmosphere: monsoon in the hills — mist drifts through deodar forest, sun shafts breaking cloud, wet stone glistens. Colour palette: saturated emerald + silver mist. Shot type: slow drone pull-back revealing the wider valley. Style: documentary register (BBC/National Geographic feel), naturalistic colour grading, soft contrast, slight film grain. Composition: rule-of-thirds horizon, depth via foreground-midground-distance layering. Reference month: September.","no people, no human figures or silhouettes in foreground, no religious figures, sadhus, priests, monks, no specific religious attire (saffron robes, ceremonial clothing), no ritual objects (deities, idols, palanquins, ceremonial fire close-ups), no temple interiors or sanctum imagery, no signage with readable text, no on-screen graphics or overlays, no synthetic / cartoony rendering, no time-of-day mismatch (respect the requested mood)",https://pub-d8970c901de34c218926ebf4be1ed09a.r2.dev/destinations/chitkul.jpg,https://pub-bcda9bac2f63408880ee3f23aa3548e5.r2.dev/chitkul.mp4,https://www.nakshiq.com/en/festivals/chitkul-pahari-fair,https://www.nakshiq.com/hi/festivals/chitkul-pahari-fair,6,16:9,
C,e03d4f10-7573-4e2a-bd16-ddd703dcf4d6,phulech-festival,Phulech Festival,kalpa,Kalpa,himachal pradesh,9,September,September (varies),"Himalayan ridges, deodar slopes, prayer-flag-empty (no flags) ridgelines","Himalayan ridges, deodar slopes, prayer-flag-empty (no flags) ridgelines establishing wide shot — no figures, no signage with text",slow drone pull-back revealing the wider valley,afternoon shaft-light,"monsoon in the hills — mist drifts through deodar forest, sun shafts breaking cloud, wet stone glistens",saturated emerald + silver mist,"Cinematic 16:9 establishing shot, 6-8 seconds. Subject: Himalayan ridges, deodar slopes, prayer-flag-empty (no flags) ridgelines establishing wide shot — no figures, no signage with text. Location: Kalpa, himachal pradesh, India (the host destination of the Phulech Festival festival — do NOT render the festival itself, only the place at this time of year). Time of day: afternoon shaft-light. Atmosphere: monsoon in the hills — mist drifts through deodar forest, sun shafts breaking cloud, wet stone glistens. Colour palette: saturated emerald + silver mist. Shot type: slow drone pull-back revealing the wider valley. Style: documentary register (BBC/National Geographic feel), naturalistic colour grading, soft contrast, slight film grain. Composition: rule-of-thirds horizon, depth via foreground-midground-distance layering. Reference month: September.","no people, no human figures or silhouettes in foreground, no religious figures, sadhus, priests, monks, no specific religious attire (saffron robes, ceremonial clothing), no ritual objects (deities, idols, palanquins, ceremonial fire close-ups), no temple interiors or sanctum imagery, no signage with readable text, no on-screen graphics or overlays, no synthetic / cartoony rendering, no time-of-day mismatch (respect the requested mood)",https://pub-d8970c901de34c218926ebf4be1ed09a.r2.dev/destinations/kalpa.jpg,https://pub-bcda9bac2f63408880ee3f23aa3548e5.r2.dev/kalpa.mp4,https://www.nakshiq.com/en/festivals/phulech-festival,https://www.nakshiq.com/hi/festivals/phulech-festival,6,16:9,
C,f728df74-afa5-4a8a-9644-4f490343b97d,kinnaur-dussehra-fulaich,Kinnaur Dussehra (Fulaich),kalpa,Kalpa,himachal pradesh,10,October,October (post-Dussehra),"Himalayan ridges, deodar slopes, prayer-flag-empty (no flags) ridgelines","Himalayan ridges, deodar slopes, prayer-flag-empty (no flags) ridgelines establishing wide shot — no figures, no signage with text",slow drone pull-back revealing the wider valley,morning golden hour,"post-monsoon clarity at altitude — crystalline cold air, autumn-tinged forest, distant snow",warm amber + cool cobalt,"Cinematic 16:9 establishing shot, 6-8 seconds. Subject: Himalayan ridges, deodar slopes, prayer-flag-empty (no flags) ridgelines establishing wide shot — no figures, no signage with text. Location: Kalpa, himachal pradesh, India (the host destination of the Kinnaur Dussehra (Fulaich) festival — do NOT render the festival itself, only the place at this time of year). Time of day: morning golden hour. Atmosphere: post-monsoon clarity at altitude — crystalline cold air, autumn-tinged forest, distant snow. Colour palette: warm amber + cool cobalt. Shot type: slow drone pull-back revealing the wider valley. Style: documentary register (BBC/National Geographic feel), naturalistic colour grading, soft contrast, slight film grain. Composition: rule-of-thirds horizon, depth via foreground-midground-distance layering. Reference month: October.","no people, no human figures or silhouettes in foreground, no religious figures, sadhus, priests, monks, no specific religious attire (saffron robes, ceremonial clothing), no ritual objects (deities, idols, palanquins, ceremonial fire close-ups), no temple interiors or sanctum imagery, no signage with readable text, no on-screen graphics or overlays, no synthetic / cartoony rendering, no time-of-day mismatch (respect the requested mood)",https://pub-d8970c901de34c218926ebf4be1ed09a.r2.dev/destinations/kalpa.jpg,https://pub-bcda9bac2f63408880ee3f23aa3548e5.r2.dev/kalpa.mp4,https://www.nakshiq.com/en/festivals/kinnaur-dussehra-fulaich,https://www.nakshiq.com/hi/festivals/kinnaur-dussehra-fulaich,6,16:9,
A,905fc970-3533-485c-a494-238c6637831e,tungnath-temple-opening-chopta,Tungnath Temple Opening,chopta,Chopta,uttarakhand,5,May,May (Akshaya Tritiya),"Himalayan foothills, oak + rhododendron forest, river valleys","temple-town exterior wide shot — sandstone or granite architecture, no figures, no idols visible",static establishing with subtle water-surface parallax,early morning,"alpine spring — clear cold air, snow-melt streams, distant high-altitude peaks",snow-white + emerald + cobalt sky,"Cinematic 16:9 establishing shot, 6-8 seconds. Subject: temple-town exterior wide shot — sandstone or granite architecture, no figures, no idols visible. Location: Chopta, uttarakhand, India (the host destination of the Tungnath Temple Opening festival — do NOT render the festival itself, only the place at this time of year). Time of day: early morning. Atmosphere: alpine spring — clear cold air, snow-melt streams, distant high-altitude peaks. Colour palette: snow-white + emerald + cobalt sky. Shot type: static establishing with subtle water-surface parallax. Style: documentary register (BBC/National Geographic feel), naturalistic colour grading, soft contrast, slight film grain. Composition: rule-of-thirds horizon, depth via foreground-midground-distance layering. Reference month: May.","no people, no human figures or silhouettes in foreground, no religious figures, sadhus, priests, monks, no specific religious attire (saffron robes, ceremonial clothing), no ritual objects (deities, idols, palanquins, ceremonial fire close-ups), no temple interiors or sanctum imagery, no signage with readable text, no on-screen graphics or overlays, no synthetic / cartoony rendering, no time-of-day mismatch (respect the requested mood)",https://pub-d8970c901de34c218926ebf4be1ed09a.r2.dev/destinations/chopta.jpg,https://pub-bcda9bac2f63408880ee3f23aa3548e5.r2.dev/chopta.mp4,https://www.nakshiq.com/en/festivals/tungnath-temple-opening-chopta,https://www.nakshiq.com/hi/festivals/tungnath-temple-opening-chopta,6,16:9,"Religious site — exterior only, no idol or sanctum imagery."
C,70817792-c7c7-4a9e-9859-a0e2137ad38f,kargil-vijay-diwas,Kargil Vijay Diwas,kargil,Kargil,ladakh,7,July,July 26,"high-altitude desert, ochre ridges, glaciated peaks","high-altitude desert, ochre ridges, glaciated peaks establishing wide shot — no figures, no signage with text",slow drone push-in along the horizon line,morning light on the ridge,"high-altitude summer — clear cold air, sharp shadows, no monsoon (rain-shadow region)",ochre + deep blue sky + ice-white peaks,"Cinematic 16:9 establishing shot, 6-8 seconds. Subject: high-altitude desert, ochre ridges, glaciated peaks establishing wide shot — no figures, no signage with text. Location: Kargil, ladakh, India (the host destination of the Kargil Vijay Diwas festival — do NOT render the festival itself, only the place at this time of year). Time of day: morning light on the ridge. Atmosphere: high-altitude summer — clear cold air, sharp shadows, no monsoon (rain-shadow region). Colour palette: ochre + deep blue sky + ice-white peaks. Shot type: slow drone push-in along the horizon line. Style: documentary register (BBC/National Geographic feel), naturalistic colour grading, soft contrast, slight film grain. Composition: rule-of-thirds horizon, depth via foreground-midground-distance layering. Reference month: July.","no people, no human figures or silhouettes in foreground, no religious figures, sadhus, priests, monks, no specific religious attire (saffron robes, ceremonial clothing), no ritual objects (deities, idols, palanquins, ceremonial fire close-ups), no temple interiors or sanctum imagery, no signage with readable text, no on-screen graphics or overlays, no synthetic / cartoony rendering, no time-of-day mismatch (respect the requested mood)",https://pub-d8970c901de34c218926ebf4be1ed09a.r2.dev/destinations/kargil.jpg,https://pub-bcda9bac2f63408880ee3f23aa3548e5.r2.dev/kargil.mp4,https://www.nakshiq.com/en/festivals/kargil-vijay-diwas,https://www.nakshiq.com/hi/festivals/kargil-vijay-diwas,6,16:9,
C,cb04d7b2-f68c-463e-a7a8-2ba1b03e86aa,munshi-aziz-bhat-memorial-festival,Munshi Aziz Bhat Memorial Festival,kargil,Kargil,ladakh,8,August,August 14,"high-altitude desert, ochre ridges, glaciated peaks","high-altitude desert, ochre ridges, glaciated peaks establishing wide shot — no figures, no signage with text",slow drone push-in along the horizon line,morning light on the ridge,"high-altitude summer — clear cold air, sharp shadows, no monsoon (rain-shadow region)",ochre + deep blue sky + ice-white peaks,"Cinematic 16:9 establishing shot, 6-8 seconds. Subject: high-altitude desert, ochre ridges, glaciated peaks establishing wide shot — no figures, no signage with text. Location: Kargil, ladakh, India (the host destination of the Munshi Aziz Bhat Memorial Festival festival — do NOT render the festival itself, only the place at this time of year). Time of day: morning light on the ridge. Atmosphere: high-altitude summer — clear cold air, sharp shadows, no monsoon (rain-shadow region). Colour palette: ochre + deep blue sky + ice-white peaks. Shot type: slow drone push-in along the horizon line. Style: documentary register (BBC/National Geographic feel), naturalistic colour grading, soft contrast, slight film grain. Composition: rule-of-thirds horizon, depth via foreground-midground-distance layering. Reference month: August.","no people, no human figures or silhouettes in foreground, no religious figures, sadhus, priests, monks, no specific religious attire (saffron robes, ceremonial clothing), no ritual objects (deities, idols, palanquins, ceremonial fire close-ups), no temple interiors or sanctum imagery, no signage with readable text, no on-screen graphics or overlays, no synthetic / cartoony rendering, no time-of-day mismatch (respect the requested mood)",https://pub-d8970c901de34c218926ebf4be1ed09a.r2.dev/destinations/kargil.jpg,https://pub-bcda9bac2f63408880ee3f23aa3548e5.r2.dev/kargil.mp4,https://www.nakshiq.com/en/festivals/munshi-aziz-bhat-memorial-festival,https://www.nakshiq.com/hi/festivals/munshi-aziz-bhat-memorial-festival,6,16:9,
C,2d6f096e-4cfd-41c4-88fb-22d2a4056067,lamayuru-yuru-kabgyat,Lamayuru Yuru Kabgyat,lamayuru,Lamayuru,ladakh,6,June,"June (Tibetan 17th-18th day, 5th month)","high-altitude desert, ochre ridges, glaciated peaks","high-altitude desert, ochre ridges, glaciated peaks establishing wide shot — no figures, no signage with text",slow drone push-in along the horizon line,morning light on the ridge,"high-altitude summer — clear cold air, sharp shadows, no monsoon (rain-shadow region)",ochre + deep blue sky + ice-white peaks,"Cinematic 16:9 establishing shot, 6-8 seconds. Subject: high-altitude desert, ochre ridges, glaciated peaks establishing wide shot — no figures, no signage with text. Location: Lamayuru, ladakh, India (the host destination of the Lamayuru Yuru Kabgyat festival — do NOT render the festival itself, only the place at this time of year). Time of day: morning light on the ridge. Atmosphere: high-altitude summer — clear cold air, sharp shadows, no monsoon (rain-shadow region). Colour palette: ochre + deep blue sky + ice-white peaks. Shot type: slow drone push-in along the horizon line. Style: documentary register (BBC/National Geographic feel), naturalistic colour grading, soft contrast, slight film grain. Composition: rule-of-thirds horizon, depth via foreground-midground-distance layering. Reference month: June.","no people, no human figures or silhouettes in foreground, no religious figures, sadhus, priests, monks, no specific religious attire (saffron robes, ceremonial clothing), no ritual objects (deities, idols, palanquins, ceremonial fire close-ups), no temple interiors or sanctum imagery, no signage with readable text, no on-screen graphics or overlays, no synthetic / cartoony rendering, no time-of-day mismatch (respect the requested mood)",https://pub-d8970c901de34c218926ebf4be1ed09a.r2.dev/destinations/lamayuru.jpg,https://pub-bcda9bac2f63408880ee3f23aa3548e5.r2.dev/lamayuru.mp4,https://www.nakshiq.com/en/festivals/lamayuru-yuru-kabgyat,https://www.nakshiq.com/hi/festivals/lamayuru-yuru-kabgyat,6,16:9,
C,0f01501a-f637-4999-9537-bca5db2d6947,ghepan-festival,Ghepan Festival,sissu,Sissu,himachal pradesh,6,June,June (varies),"Himalayan ridges, deodar slopes, prayer-flag-empty (no flags) ridgelines","Himalayan ridges, deodar slopes, prayer-flag-empty (no flags) ridgelines establishing wide shot — no figures, no signage with text",slow drone pull-back revealing the wider valley,early morning,"alpine spring — clear cold air, snow-melt streams, distant high-altitude peaks",snow-white + emerald + cobalt sky,"Cinematic 16:9 establishing shot, 6-8 seconds. Subject: Himalayan ridges, deodar slopes, prayer-flag-empty (no flags) ridgelines establishing wide shot — no figures, no signage with text. Location: Sissu, himachal pradesh, India (the host destination of the Ghepan Festival festival — do NOT render the festival itself, only the place at this time of year). Time of day: early morning. Atmosphere: alpine spring — clear cold air, snow-melt streams, distant high-altitude peaks. Colour palette: snow-white + emerald + cobalt sky. Shot type: slow drone pull-back revealing the wider valley. Style: documentary register (BBC/National Geographic feel), naturalistic colour grading, soft contrast, slight film grain. Composition: rule-of-thirds horizon, depth via foreground-midground-distance layering. Reference month: June.","no people, no human figures or silhouettes in foreground, no religious figures, sadhus, priests, monks, no specific religious attire (saffron robes, ceremonial clothing), no ritual objects (deities, idols, palanquins, ceremonial fire close-ups), no temple interiors or sanctum imagery, no signage with readable text, no on-screen graphics or overlays, no synthetic / cartoony rendering, no time-of-day mismatch (respect the requested mood)",https://pub-d8970c901de34c218926ebf4be1ed09a.r2.dev/destinations/sissu.jpg,https://pub-bcda9bac2f63408880ee3f23aa3548e5.r2.dev/sissu.mp4,https://www.nakshiq.com/en/festivals/ghepan-festival,https://www.nakshiq.com/hi/festivals/ghepan-festival,6,16:9,
C,da2bb8a2-0c69-445a-8fae-9a15c9f0bafe,bangus-spring-bloom-festival,Bangus Spring Bloom Festival,bangus-valley,Bangus Valley,jammu kashmir,5,May,May (varies),"alpine meadows, deodar forests, lake reflections","vast flower-bed geometric rows, slow drift through colour fields, no people",static establishing with subtle water-surface parallax,early morning,"alpine spring — clear cold air, snow-melt streams, distant high-altitude peaks",snow-white + emerald + cobalt sky,"Cinematic 16:9 establishing shot, 6-8 seconds. Subject: vast flower-bed geometric rows, slow drift through colour fields, no people. Location: Bangus Valley, jammu kashmir, India (the host destination of the Bangus Spring Bloom Festival festival — do NOT render the festival itself, only the place at this time of year). Time of day: early morning. Atmosphere: alpine spring — clear cold air, snow-melt streams, distant high-altitude peaks. Colour palette: snow-white + emerald + cobalt sky. Shot type: static establishing with subtle water-surface parallax. Style: documentary register (BBC/National Geographic feel), naturalistic colour grading, soft contrast, slight film grain. Composition: rule-of-thirds horizon, depth via foreground-midground-distance layering. Reference month: May.","no people, no human figures or silhouettes in foreground, no religious figures, sadhus, priests, monks, no specific religious attire (saffron robes, ceremonial clothing), no ritual objects (deities, idols, palanquins, ceremonial fire close-ups), no temple interiors or sanctum imagery, no signage with readable text, no on-screen graphics or overlays, no synthetic / cartoony rendering, no time-of-day mismatch (respect the requested mood)",https://pub-d8970c901de34c218926ebf4be1ed09a.r2.dev/destinations/bangus-valley.jpg,https://pub-bcda9bac2f63408880ee3f23aa3548e5.r2.dev/bangus-valley.mp4,https://www.nakshiq.com/en/festivals/bangus-spring-bloom-festival,https://www.nakshiq.com/hi/festivals/bangus-spring-bloom-festival,6,16:9,
A,01f49377-5e0c-46c7-98b5-3b8e6f961f78,losar-tibetan-new-year-dharamshala,Losar (Tibetan New Year),dharamshala,Dharamshala,himachal pradesh,2,February,February / March,"Himalayan ridges, deodar slopes, prayer-flag-empty (no flags) ridgelines","monastery exterior wide shot at altitude, empty courtyard, no flags or figures visible, light on stone",slow drone pull-back revealing the wider valley,early golden hour,"late-winter clarity, crisp light, dry air",warm amber + cold shadow,"Cinematic 16:9 establishing shot, 6-8 seconds. Subject: monastery exterior wide shot at altitude, empty courtyard, no flags or figures visible, light on stone. Location: Dharamshala, himachal pradesh, India (the host destination of the Losar (Tibetan New Year) festival — do NOT render the festival itself, only the place at this time of year). Time of day: early golden hour. Atmosphere: late-winter clarity, crisp light, dry air. Colour palette: warm amber + cold shadow. Shot type: slow drone pull-back revealing the wider valley. Style: documentary register (BBC/National Geographic feel), naturalistic colour grading, soft contrast, slight film grain. Composition: rule-of-thirds horizon, depth via foreground-midground-distance layering. Reference month: February.","no people, no human figures or silhouettes in foreground, no religious figures, sadhus, priests, monks, no specific religious attire (saffron robes, ceremonial clothing), no ritual objects (deities, idols, palanquins, ceremonial fire close-ups), no temple interiors or sanctum imagery, no signage with readable text, no on-screen graphics or overlays, no synthetic / cartoony rendering, no time-of-day mismatch (respect the requested mood)",https://pub-d8970c901de34c218926ebf4be1ed09a.r2.dev/destinations/dharamshala.jpg,https://pub-bcda9bac2f63408880ee3f23aa3548e5.r2.dev/dharamshala.mp4,https://www.nakshiq.com/en/festivals/losar-tibetan-new-year-dharamshala,https://www.nakshiq.com/hi/festivals/losar-tibetan-new-year-dharamshala,6,16:9,
C,6a10e33b-02c5-4399-a1ae-a718cb806872,verinag-spring-festival,Verinag Spring Festival,verinag,Verinag,jammu kashmir,4,April,April (varies),"alpine meadows, deodar forests, lake reflections","open meadow with early-bloom wildflowers, no people",static establishing with subtle water-surface parallax,early morning,"alpine spring — clear cold air, snow-melt streams, distant high-altitude peaks",snow-white + emerald + cobalt sky,"Cinematic 16:9 establishing shot, 6-8 seconds. Subject: open meadow with early-bloom wildflowers, no people. Location: Verinag, jammu kashmir, India (the host destination of the Verinag Spring Festival festival — do NOT render the festival itself, only the place at this time of year). Time of day: early morning. Atmosphere: alpine spring — clear cold air, snow-melt streams, distant high-altitude peaks. Colour palette: snow-white + emerald + cobalt sky. Shot type: static establishing with subtle water-surface parallax. Style: documentary register (BBC/National Geographic feel), naturalistic colour grading, soft contrast, slight film grain. Composition: rule-of-thirds horizon, depth via foreground-midground-distance layering. Reference month: April.","no people, no human figures or silhouettes in foreground, no religious figures, sadhus, priests, monks, no specific religious attire (saffron robes, ceremonial clothing), no ritual objects (deities, idols, palanquins, ceremonial fire close-ups), no temple interiors or sanctum imagery, no signage with readable text, no on-screen graphics or overlays, no synthetic / cartoony rendering, no time-of-day mismatch (respect the requested mood)",https://pub-d8970c901de34c218926ebf4be1ed09a.r2.dev/destinations/verinag.jpg,https://pub-bcda9bac2f63408880ee3f23aa3548e5.r2.dev/verinag.mp4,https://www.nakshiq.com/en/festivals/verinag-spring-festival,https://www.nakshiq.com/hi/festivals/verinag-spring-festival,6,16:9,
C,fe7e9df0-97df-4287-81e5-96f3a5ef6557,brij-festival,Brij Festival,bharatpur,Bharatpur,rajasthan,3,March,March (before Holi),"Thar desert dunes, fort silhouettes, ochre stone","Thar desert dunes, fort silhouettes, ochre stone establishing wide shot — no figures, no signage with text",slow drone push-in along the horizon line,afternoon to dusk,"pre-summer warmth, dust in the air, soft hazy light","warm earth tones, ochre","Cinematic 16:9 establishing shot, 6-8 seconds. Subject: Thar desert dunes, fort silhouettes, ochre stone establishing wide shot — no figures, no signage with text. Location: Bharatpur, rajasthan, India (the host destination of the Brij Festival festival — do NOT render the festival itself, only the place at this time of year). Time of day: afternoon to dusk. Atmosphere: pre-summer warmth, dust in the air, soft hazy light. Colour palette: warm earth tones, ochre. Shot type: slow drone push-in along the horizon line. Style: documentary register (BBC/National Geographic feel), naturalistic colour grading, soft contrast, slight film grain. Composition: rule-of-thirds horizon, depth via foreground-midground-distance layering. Reference month: March.","no people, no human figures or silhouettes in foreground, no religious figures, sadhus, priests, monks, no specific religious attire (saffron robes, ceremonial clothing), no ritual objects (deities, idols, palanquins, ceremonial fire close-ups), no temple interiors or sanctum imagery, no signage with readable text, no on-screen graphics or overlays, no synthetic / cartoony rendering, no time-of-day mismatch (respect the requested mood)",https://pub-d8970c901de34c218926ebf4be1ed09a.r2.dev/destinations/bharatpur.jpg,https://pub-bcda9bac2f63408880ee3f23aa3548e5.r2.dev/bharatpur.mp4,https://www.nakshiq.com/en/festivals/brij-festival,https://www.nakshiq.com/hi/festivals/brij-festival,6,16:9,
A,b55ada24-4569-4875-b90b-f11384689905,lathmar-holi,Lathmar Holi,vrindavan,Vrindavan,uttar pradesh,3,March,March (7 days before Holi),"Ganga + Yamuna plains, ghats (water-and-stone, no figures), mustard fields","open meadow with early-bloom wildflowers, no people",low ground-level tracking through the foreground,afternoon to dusk,"pre-summer warmth, dust in the air, soft hazy light","warm earth tones, ochre","Cinematic 16:9 establishing shot, 6-8 seconds. Subject: open meadow with early-bloom wildflowers, no people. Location: Vrindavan, uttar pradesh, India (the host destination of the Lathmar Holi festival — do NOT render the festival itself, only the place at this time of year). Time of day: afternoon to dusk. Atmosphere: pre-summer warmth, dust in the air, soft hazy light. Colour palette: warm earth tones, ochre. Shot type: low ground-level tracking through the foreground. Style: documentary register (BBC/National Geographic feel), naturalistic colour grading, soft contrast, slight film grain. Composition: rule-of-thirds horizon, depth via foreground-midground-distance layering. Reference month: March.","no people, no human figures or silhouettes in foreground, no religious figures, sadhus, priests, monks, no specific religious attire (saffron robes, ceremonial clothing), no ritual objects (deities, idols, palanquins, ceremonial fire close-ups), no temple interiors or sanctum imagery, no signage with readable text, no on-screen graphics or overlays, no synthetic / cartoony rendering, no time-of-day mismatch (respect the requested mood)",https://pub-d8970c901de34c218926ebf4be1ed09a.r2.dev/destinations/vrindavan.jpg,https://pub-bcda9bac2f63408880ee3f23aa3548e5.r2.dev/vrindavan.mp4,https://www.nakshiq.com/en/festivals/lathmar-holi,https://www.nakshiq.com/hi/festivals/lathmar-holi,6,16:9,
C,55a8bf98-19c7-401c-b9f5-852682576e96,janmashtami,Janmashtami,vrindavan,Vrindavan,uttar pradesh,8,August,August / September,"Ganga + Yamuna plains, ghats (water-and-stone, no figures), mustard fields","Ganga + Yamuna plains, ghats (water-and-stone, no figures), mustard fields establishing wide shot — no figures, no signage with text",low ground-level tracking through the foreground,late morning shaft-light,"monsoon green, valley mist, sun shafts breaking through cloud",lush green + silver mist,"Cinematic 16:9 establishing shot, 6-8 seconds. Subject: Ganga + Yamuna plains, ghats (water-and-stone, no figures), mustard fields establishing wide shot — no figures, no signage with text. Location: Vrindavan, uttar pradesh, India (the host destination of the Janmashtami festival — do NOT render the festival itself, only the place at this time of year). Time of day: late morning shaft-light. Atmosphere: monsoon green, valley mist, sun shafts breaking through cloud. Colour palette: lush green + silver mist. Shot type: low ground-level tracking through the foreground. Style: documentary register (BBC/National Geographic feel), naturalistic colour grading, soft contrast, slight film grain. Composition: rule-of-thirds horizon, depth via foreground-midground-distance layering. Reference month: August.","no people, no human figures or silhouettes in foreground, no religious figures, sadhus, priests, monks, no specific religious attire (saffron robes, ceremonial clothing), no ritual objects (deities, idols, palanquins, ceremonial fire close-ups), no temple interiors or sanctum imagery, no signage with readable text, no on-screen graphics or overlays, no synthetic / cartoony rendering, no time-of-day mismatch (respect the requested mood)",https://pub-d8970c901de34c218926ebf4be1ed09a.r2.dev/destinations/vrindavan.jpg,https://pub-bcda9bac2f63408880ee3f23aa3548e5.r2.dev/vrindavan.mp4,https://www.nakshiq.com/en/festivals/janmashtami,https://www.nakshiq.com/hi/festivals/janmashtami,6,16:9,
A,3c7c6bcd-e7b6-42f6-8f43-af7008334ce1,hornbill-festival,Hornbill Festival,kohima,Kohima,nagaland,12,December,Dec 1-10,"hill villages on ridges, terraced fields, fog drifts","hill villages on ridges, terraced fields, fog drifts establishing wide shot — no figures, no signage with text",slow drone pull-back revealing the wider valley,blue hour + lantern light,"deep winter — frost, low mist, blue hour dominance",deep blue + amber pinpoints,"Cinematic 16:9 establishing shot, 6-8 seconds. Subject: hill villages on ridges, terraced fields, fog drifts establishing wide shot — no figures, no signage with text. Location: Kohima, nagaland, India (the host destination of the Hornbill Festival festival — do NOT render the festival itself, only the place at this time of year). Time of day: blue hour + lantern light. Atmosphere: deep winter — frost, low mist, blue hour dominance. Colour palette: deep blue + amber pinpoints. Shot type: slow drone pull-back revealing the wider valley. Style: documentary register (BBC/National Geographic feel), naturalistic colour grading, soft contrast, slight film grain. Composition: rule-of-thirds horizon, depth via foreground-midground-distance layering. Reference month: December.","no people, no human figures or silhouettes in foreground, no religious figures, sadhus, priests, monks, no specific religious attire (saffron robes, ceremonial clothing), no ritual objects (deities, idols, palanquins, ceremonial fire close-ups), no temple interiors or sanctum imagery, no signage with readable text, no on-screen graphics or overlays, no synthetic / cartoony rendering, no time-of-day mismatch (respect the requested mood)",https://pub-d8970c901de34c218926ebf4be1ed09a.r2.dev/destinations/kohima.jpg,https://pub-bcda9bac2f63408880ee3f23aa3548e5.r2.dev/kohima.mp4,https://www.nakshiq.com/en/festivals/hornbill-festival,https://www.nakshiq.com/hi/festivals/hornbill-festival,6,16:9,
A,e9dcf72b-4dfa-46d1-88d3-c48baa6bbc49,ziro-music-festival,Ziro Music Festival,ziro-valley,Ziro Valley,arunachal pradesh,9,September,Last week of September,"deep cloud forest, mist-shrouded valleys, river gorges","ancient stone amphitheater steps, distant lights, no performers in frame",static establishing with subtle water-surface parallax,afternoon shaft-light,"monsoon in the hills — mist drifts through deodar forest, sun shafts breaking cloud, wet stone glistens",saturated emerald + silver mist,"Cinematic 16:9 establishing shot, 6-8 seconds. Subject: ancient stone amphitheater steps, distant lights, no performers in frame. Location: Ziro Valley, arunachal pradesh, India (the host destination of the Ziro Music Festival festival — do NOT render the festival itself, only the place at this time of year). Time of day: afternoon shaft-light. Atmosphere: monsoon in the hills — mist drifts through deodar forest, sun shafts breaking cloud, wet stone glistens. Colour palette: saturated emerald + silver mist. Shot type: static establishing with subtle water-surface parallax. Style: documentary register (BBC/National Geographic feel), naturalistic colour grading, soft contrast, slight film grain. Composition: rule-of-thirds horizon, depth via foreground-midground-distance layering. Reference month: September.","no people, no human figures or silhouettes in foreground, no religious figures, sadhus, priests, monks, no specific religious attire (saffron robes, ceremonial clothing), no ritual objects (deities, idols, palanquins, ceremonial fire close-ups), no temple interiors or sanctum imagery, no signage with readable text, no on-screen graphics or overlays, no synthetic / cartoony rendering, no time-of-day mismatch (respect the requested mood)",https://pub-d8970c901de34c218926ebf4be1ed09a.r2.dev/destinations/ziro-valley.jpg,https://pub-bcda9bac2f63408880ee3f23aa3548e5.r2.dev/ziro-valley.mp4,https://www.nakshiq.com/en/festivals/ziro-music-festival,https://www.nakshiq.com/hi/festivals/ziro-music-festival,6,16:9,
C,2f02f3ad-101b-4867-b45d-527f5eab5fd6,bihu-rongalibohag,Bihu (Rongali/Bohag),guwahati,Guwahati,assam,4,April,Mid-April (around Apr 14-15),"Brahmaputra river plains, tea-garden geometry, low mist","Brahmaputra river plains, tea-garden geometry, low mist establishing wide shot — no figures, no signage with text",static establishing with subtle water-surface parallax,evening golden hour,"pre-monsoon heat, light softening at dusk, dramatic cloud build-up",saturated warm orange,"Cinematic 16:9 establishing shot, 6-8 seconds. Subject: Brahmaputra river plains, tea-garden geometry, low mist establishing wide shot — no figures, no signage with text. Location: Guwahati, assam, India (the host destination of the Bihu (Rongali/Bohag) festival — do NOT render the festival itself, only the place at this time of year). Time of day: evening golden hour. Atmosphere: pre-monsoon heat, light softening at dusk, dramatic cloud build-up. Colour palette: saturated warm orange. Shot type: static establishing with subtle water-surface parallax. Style: documentary register (BBC/National Geographic feel), naturalistic colour grading, soft contrast, slight film grain. Composition: rule-of-thirds horizon, depth via foreground-midground-distance layering. Reference month: April.","no people, no human figures or silhouettes in foreground, no religious figures, sadhus, priests, monks, no specific religious attire (saffron robes, ceremonial clothing), no ritual objects (deities, idols, palanquins, ceremonial fire close-ups), no temple interiors or sanctum imagery, no signage with readable text, no on-screen graphics or overlays, no synthetic / cartoony rendering, no time-of-day mismatch (respect the requested mood)",https://pub-d8970c901de34c218926ebf4be1ed09a.r2.dev/destinations/guwahati.jpg,https://pub-bcda9bac2f63408880ee3f23aa3548e5.r2.dev/guwahati.mp4,https://www.nakshiq.com/en/festivals/bihu-rongalibohag,https://www.nakshiq.com/hi/festivals/bihu-rongalibohag,6,16:9,
C,dd994769-d5ac-4b85-b976-aaf250637306,sangai-festival,Sangai Festival,imphal,Imphal,manipur,11,November,Nov 21-30,"Loktak floating phumdis, valley mist, distant ridges","Loktak floating phumdis, valley mist, distant ridges establishing wide shot — no figures, no signage with text",slow drone pull-back revealing the wider valley,early morning,"early winter — crystalline cold light, cool blue mornings",icy cyan + warm low sun,"Cinematic 16:9 establishing shot, 6-8 seconds. Subject: Loktak floating phumdis, valley mist, distant ridges establishing wide shot — no figures, no signage with text. Location: Imphal, manipur, India (the host destination of the Sangai Festival festival — do NOT render the festival itself, only the place at this time of year). Time of day: early morning. Atmosphere: early winter — crystalline cold light, cool blue mornings. Colour palette: icy cyan + warm low sun. Shot type: slow drone pull-back revealing the wider valley. Style: documentary register (BBC/National Geographic feel), naturalistic colour grading, soft contrast, slight film grain. Composition: rule-of-thirds horizon, depth via foreground-midground-distance layering. Reference month: November.","no people, no human figures or silhouettes in foreground, no religious figures, sadhus, priests, monks, no specific religious attire (saffron robes, ceremonial clothing), no ritual objects (deities, idols, palanquins, ceremonial fire close-ups), no temple interiors or sanctum imagery, no signage with readable text, no on-screen graphics or overlays, no synthetic / cartoony rendering, no time-of-day mismatch (respect the requested mood)",https://pub-d8970c901de34c218926ebf4be1ed09a.r2.dev/destinations/imphal.jpg,https://pub-bcda9bac2f63408880ee3f23aa3548e5.r2.dev/imphal.mp4,https://www.nakshiq.com/en/festivals/sangai-festival,https://www.nakshiq.com/hi/festivals/sangai-festival,6,16:9,
C,9c58a58b-82f9-46b1-a63c-d16ad0f86d0b,chapchar-kut,Chapchar Kut,aizawl,Aizawl,mizoram,3,March,First week of March,"ridgeline towns, dense forest, monsoon clouds","ridgeline towns, dense forest, monsoon clouds establishing wide shot — no figures, no signage with text",slow drone pull-back revealing the wider valley,afternoon to dusk,"pre-summer warmth, dust in the air, soft hazy light","warm earth tones, ochre","Cinematic 16:9 establishing shot, 6-8 seconds. Subject: ridgeline towns, dense forest, monsoon clouds establishing wide shot — no figures, no signage with text. Location: Aizawl, mizoram, India (the host destination of the Chapchar Kut festival — do NOT render the festival itself, only the place at this time of year). Time of day: afternoon to dusk. Atmosphere: pre-summer warmth, dust in the air, soft hazy light. Colour palette: warm earth tones, ochre. Shot type: slow drone pull-back revealing the wider valley. Style: documentary register (BBC/National Geographic feel), naturalistic colour grading, soft contrast, slight film grain. Composition: rule-of-thirds horizon, depth via foreground-midground-distance layering. Reference month: March.","no people, no human figures or silhouettes in foreground, no religious figures, sadhus, priests, monks, no specific religious attire (saffron robes, ceremonial clothing), no ritual objects (deities, idols, palanquins, ceremonial fire close-ups), no temple interiors or sanctum imagery, no signage with readable text, no on-screen graphics or overlays, no synthetic / cartoony rendering, no time-of-day mismatch (respect the requested mood)",https://pub-d8970c901de34c218926ebf4be1ed09a.r2.dev/destinations/aizawl.jpg,https://pub-bcda9bac2f63408880ee3f23aa3548e5.r2.dev/aizawl.mp4,https://www.nakshiq.com/en/festivals/chapchar-kut,https://www.nakshiq.com/hi/festivals/chapchar-kut,6,16:9,
C,91846627-9091-4393-b4ed-f54fb73896e8,wangala-100-drums-festival,Wangala (100 Drums Festival),tura,Tura,meghalaya,11,November,Second week of November,"limestone karst, monsoon green, root-bridge gorges (empty)","limestone karst, monsoon green, root-bridge gorges (empty) establishing wide shot — no figures, no signage with text",slow drone pull-back revealing the wider valley,early morning,"early winter — crystalline cold light, cool blue mornings",icy cyan + warm low sun,"Cinematic 16:9 establishing shot, 6-8 seconds. Subject: limestone karst, monsoon green, root-bridge gorges (empty) establishing wide shot — no figures, no signage with text. Location: Tura, meghalaya, India (the host destination of the Wangala (100 Drums Festival) festival — do NOT render the festival itself, only the place at this time of year). Time of day: early morning. Atmosphere: early winter — crystalline cold light, cool blue mornings. Colour palette: icy cyan + warm low sun. Shot type: slow drone pull-back revealing the wider valley. Style: documentary register (BBC/National Geographic feel), naturalistic colour grading, soft contrast, slight film grain. Composition: rule-of-thirds horizon, depth via foreground-midground-distance layering. Reference month: November.","no people, no human figures or silhouettes in foreground, no religious figures, sadhus, priests, monks, no specific religious attire (saffron robes, ceremonial clothing), no ritual objects (deities, idols, palanquins, ceremonial fire close-ups), no temple interiors or sanctum imagery, no signage with readable text, no on-screen graphics or overlays, no synthetic / cartoony rendering, no time-of-day mismatch (respect the requested mood)",https://pub-d8970c901de34c218926ebf4be1ed09a.r2.dev/destinations/tura.jpg,https://pub-bcda9bac2f63408880ee3f23aa3548e5.r2.dev/tura.mp4,https://www.nakshiq.com/en/festivals/wangala-100-drums-festival,https://www.nakshiq.com/hi/festivals/wangala-100-drums-festival,6,16:9,
A,27699607-fa4c-46eb-8a32-c8193420e4be,saga-dawa-gangtok,Saga Dawa,gangtok,Gangtok,sikkim,5,May,Full moon of 4th Tibetan month (May-Jun),"cloud forests, terraced ridges, Kanchenjunga distant peaks","monastery exterior wide shot at altitude, empty courtyard, no flags or figures visible, light on stone",slow drone pull-back revealing the wider valley,early morning,"alpine spring — clear cold air, snow-melt streams, distant high-altitude peaks",snow-white + emerald + cobalt sky,"Cinematic 16:9 establishing shot, 6-8 seconds. Subject: monastery exterior wide shot at altitude, empty courtyard, no flags or figures visible, light on stone. Location: Gangtok, sikkim, India (the host destination of the Saga Dawa festival — do NOT render the festival itself, only the place at this time of year). Time of day: early morning. Atmosphere: alpine spring — clear cold air, snow-melt streams, distant high-altitude peaks. Colour palette: snow-white + emerald + cobalt sky. Shot type: slow drone pull-back revealing the wider valley. Style: documentary register (BBC/National Geographic feel), naturalistic colour grading, soft contrast, slight film grain. Composition: rule-of-thirds horizon, depth via foreground-midground-distance layering. Reference month: May.","no people, no human figures or silhouettes in foreground, no religious figures, sadhus, priests, monks, no specific religious attire (saffron robes, ceremonial clothing), no ritual objects (deities, idols, palanquins, ceremonial fire close-ups), no temple interiors or sanctum imagery, no signage with readable text, no on-screen graphics or overlays, no synthetic / cartoony rendering, no time-of-day mismatch (respect the requested mood)",https://pub-d8970c901de34c218926ebf4be1ed09a.r2.dev/destinations/gangtok.jpg,https://pub-bcda9bac2f63408880ee3f23aa3548e5.r2.dev/gangtok.mp4,https://www.nakshiq.com/en/festivals/saga-dawa-gangtok,https://www.nakshiq.com/hi/festivals/saga-dawa-gangtok,6,16:9,
C,a83234c2-02d2-403c-8f4e-936d238bb79a,losar,Losar,gangtok,Gangtok,sikkim,2,February,Feb-Mar (Tibetan calendar),"cloud forests, terraced ridges, Kanchenjunga distant peaks","monastery exterior wide shot at altitude, empty courtyard, no flags or figures visible, light on stone",slow drone pull-back revealing the wider valley,blue hour,"deep winter in the hills — snow on ridges, frozen streams, low sun raking the slope",icy blue + warm tungsten pinpoints,"Cinematic 16:9 establishing shot, 6-8 seconds. Subject: monastery exterior wide shot at altitude, empty courtyard, no flags or figures visible, light on stone. Location: Gangtok, sikkim, India (the host destination of the Losar festival — do NOT render the festival itself, only the place at this time of year). Time of day: blue hour. Atmosphere: deep winter in the hills — snow on ridges, frozen streams, low sun raking the slope. Colour palette: icy blue + warm tungsten pinpoints. Shot type: slow drone pull-back revealing the wider valley. Style: documentary register (BBC/National Geographic feel), naturalistic colour grading, soft contrast, slight film grain. Composition: rule-of-thirds horizon, depth via foreground-midground-distance layering. Reference month: February.","no people, no human figures or silhouettes in foreground, no religious figures, sadhus, priests, monks, no specific religious attire (saffron robes, ceremonial clothing), no ritual objects (deities, idols, palanquins, ceremonial fire close-ups), no temple interiors or sanctum imagery, no signage with readable text, no on-screen graphics or overlays, no synthetic / cartoony rendering, no time-of-day mismatch (respect the requested mood)",https://pub-d8970c901de34c218926ebf4be1ed09a.r2.dev/destinations/gangtok.jpg,https://pub-bcda9bac2f63408880ee3f23aa3548e5.r2.dev/gangtok.mp4,https://www.nakshiq.com/en/festivals/losar,https://www.nakshiq.com/hi/festivals/losar,6,16:9,
C,86c42ae2-336a-46bd-b760-dd1006dbc78e,moatsu,Moatsu,mokokchung,Mokokchung,nagaland,5,May,May 1-3,"hill villages on ridges, terraced fields, fog drifts","hill villages on ridges, terraced fields, fog drifts establishing wide shot — no figures, no signage with text",slow drone pull-back revealing the wider valley,post-sunset twilight,"summer haze, heat shimmer over dry ground, warm tungsten dusk",burnt orange + deep blue,"Cinematic 16:9 establishing shot, 6-8 seconds. Subject: hill villages on ridges, terraced fields, fog drifts establishing wide shot — no figures, no signage with text. Location: Mokokchung, nagaland, India (the host destination of the Moatsu festival — do NOT render the festival itself, only the place at this time of year). Time of day: post-sunset twilight. Atmosphere: summer haze, heat shimmer over dry ground, warm tungsten dusk. Colour palette: burnt orange + deep blue. Shot type: slow drone pull-back revealing the wider valley. Style: documentary register (BBC/National Geographic feel), naturalistic colour grading, soft contrast, slight film grain. Composition: rule-of-thirds horizon, depth via foreground-midground-distance layering. Reference month: May.","no people, no human figures or silhouettes in foreground, no religious figures, sadhus, priests, monks, no specific religious attire (saffron robes, ceremonial clothing), no ritual objects (deities, idols, palanquins, ceremonial fire close-ups), no temple interiors or sanctum imagery, no signage with readable text, no on-screen graphics or overlays, no synthetic / cartoony rendering, no time-of-day mismatch (respect the requested mood)",https://pub-d8970c901de34c218926ebf4be1ed09a.r2.dev/destinations/mokokchung.jpg,https://pub-bcda9bac2f63408880ee3f23aa3548e5.r2.dev/mokokchung.mp4,https://www.nakshiq.com/en/festivals/moatsu,https://www.nakshiq.com/hi/festivals/moatsu,6,16:9,
C,5d91d4af-1c7e-4d8b-8d18-eaccdfce04f8,sekrenyi,Sekrenyi,kohima,Kohima,nagaland,2,February,Feb 25 (Angami calendar),"hill villages on ridges, terraced fields, fog drifts","hill villages on ridges, terraced fields, fog drifts establishing wide shot — no figures, no signage with text",slow drone pull-back revealing the wider valley,early golden hour,"late-winter clarity, crisp light, dry air",warm amber + cold shadow,"Cinematic 16:9 establishing shot, 6-8 seconds. Subject: hill villages on ridges, terraced fields, fog drifts establishing wide shot — no figures, no signage with text. Location: Kohima, nagaland, India (the host destination of the Sekrenyi festival — do NOT render the festival itself, only the place at this time of year). Time of day: early golden hour. Atmosphere: late-winter clarity, crisp light, dry air. Colour palette: warm amber + cold shadow. Shot type: slow drone pull-back revealing the wider valley. Style: documentary register (BBC/National Geographic feel), naturalistic colour grading, soft contrast, slight film grain. Composition: rule-of-thirds horizon, depth via foreground-midground-distance layering. Reference month: February.","no people, no human figures or silhouettes in foreground, no religious figures, sadhus, priests, monks, no specific religious attire (saffron robes, ceremonial clothing), no ritual objects (deities, idols, palanquins, ceremonial fire close-ups), no temple interiors or sanctum imagery, no signage with readable text, no on-screen graphics or overlays, no synthetic / cartoony rendering, no time-of-day mismatch (respect the requested mood)",https://pub-d8970c901de34c218926ebf4be1ed09a.r2.dev/destinations/kohima.jpg,https://pub-bcda9bac2f63408880ee3f23aa3548e5.r2.dev/kohima.mp4,https://www.nakshiq.com/en/festivals/sekrenyi,https://www.nakshiq.com/hi/festivals/sekrenyi,6,16:9,
C,60d295aa-3711-4972-953e-75a176e4bc86,nongkrem-dance,Nongkrem Dance,shillong,Shillong,meghalaya,11,November,November (5 days),"limestone karst, monsoon green, root-bridge gorges (empty)","ancient stone amphitheater steps, distant lights, no performers in frame",slow drone pull-back revealing the wider valley,early morning,"early winter — crystalline cold light, cool blue mornings",icy cyan + warm low sun,"Cinematic 16:9 establishing shot, 6-8 seconds. Subject: ancient stone amphitheater steps, distant lights, no performers in frame. Location: Shillong, meghalaya, India (the host destination of the Nongkrem Dance festival — do NOT render the festival itself, only the place at this time of year). Time of day: early morning. Atmosphere: early winter — crystalline cold light, cool blue mornings. Colour palette: icy cyan + warm low sun. Shot type: slow drone pull-back revealing the wider valley. Style: documentary register (BBC/National Geographic feel), naturalistic colour grading, soft contrast, slight film grain. Composition: rule-of-thirds horizon, depth via foreground-midground-distance layering. Reference month: November.","no people, no human figures or silhouettes in foreground, no religious figures, sadhus, priests, monks, no specific religious attire (saffron robes, ceremonial clothing), no ritual objects (deities, idols, palanquins, ceremonial fire close-ups), no temple interiors or sanctum imagery, no signage with readable text, no on-screen graphics or overlays, no synthetic / cartoony rendering, no time-of-day mismatch (respect the requested mood)",https://pub-d8970c901de34c218926ebf4be1ed09a.r2.dev/destinations/shillong.jpg,https://pub-bcda9bac2f63408880ee3f23aa3548e5.r2.dev/shillong.mp4,https://www.nakshiq.com/en/festivals/nongkrem-dance,https://www.nakshiq.com/hi/festivals/nongkrem-dance,6,16:9,
C,71d98d87-1cc8-4b79-9149-792f8e4af3e3,cherry-blossom-festival,Cherry Blossom Festival,shillong,Shillong,meghalaya,11,November,Mid-November,"limestone karst, monsoon green, root-bridge gorges (empty)","limestone karst, monsoon green, root-bridge gorges (empty) establishing wide shot — no figures, no signage with text",slow drone pull-back revealing the wider valley,early morning,"early winter — crystalline cold light, cool blue mornings",icy cyan + warm low sun,"Cinematic 16:9 establishing shot, 6-8 seconds. Subject: limestone karst, monsoon green, root-bridge gorges (empty) establishing wide shot — no figures, no signage with text. Location: Shillong, meghalaya, India (the host destination of the Cherry Blossom Festival festival — do NOT render the festival itself, only the place at this time of year). Time of day: early morning. Atmosphere: early winter — crystalline cold light, cool blue mornings. Colour palette: icy cyan + warm low sun. Shot type: slow drone pull-back revealing the wider valley. Style: documentary register (BBC/National Geographic feel), naturalistic colour grading, soft contrast, slight film grain. Composition: rule-of-thirds horizon, depth via foreground-midground-distance layering. Reference month: November.","no people, no human figures or silhouettes in foreground, no religious figures, sadhus, priests, monks, no specific religious attire (saffron robes, ceremonial clothing), no ritual objects (deities, idols, palanquins, ceremonial fire close-ups), no temple interiors or sanctum imagery, no signage with readable text, no on-screen graphics or overlays, no synthetic / cartoony rendering, no time-of-day mismatch (respect the requested mood)",https://pub-d8970c901de34c218926ebf4be1ed09a.r2.dev/destinations/shillong.jpg,https://pub-bcda9bac2f63408880ee3f23aa3548e5.r2.dev/shillong.mp4,https://www.nakshiq.com/en/festivals/cherry-blossom-festival,https://www.nakshiq.com/hi/festivals/cherry-blossom-festival,6,16:9,
C,647ff66d-b255-478f-932c-312bed5e118c,me-dam-me-phi,Me-Dam-Me-Phi,sivasagar,Sivasagar,assam,1,January,January 31,"Brahmaputra river plains, tea-garden geometry, low mist","Brahmaputra river plains, tea-garden geometry, low mist establishing wide shot — no figures, no signage with text",static establishing with subtle water-surface parallax,blue hour pre-dawn,"winter clarity, low-angle sun, mist on rivers and lakes",cool blue + warm tungsten contrast,"Cinematic 16:9 establishing shot, 6-8 seconds. Subject: Brahmaputra river plains, tea-garden geometry, low mist establishing wide shot — no figures, no signage with text. Location: Sivasagar, assam, India (the host destination of the Me-Dam-Me-Phi festival — do NOT render the festival itself, only the place at this time of year). Time of day: blue hour pre-dawn. Atmosphere: winter clarity, low-angle sun, mist on rivers and lakes. Colour palette: cool blue + warm tungsten contrast. Shot type: static establishing with subtle water-surface parallax. Style: documentary register (BBC/National Geographic feel), naturalistic colour grading, soft contrast, slight film grain. Composition: rule-of-thirds horizon, depth via foreground-midground-distance layering. Reference month: January.","no people, no human figures or silhouettes in foreground, no religious figures, sadhus, priests, monks, no specific religious attire (saffron robes, ceremonial clothing), no ritual objects (deities, idols, palanquins, ceremonial fire close-ups), no temple interiors or sanctum imagery, no signage with readable text, no on-screen graphics or overlays, no synthetic / cartoony rendering, no time-of-day mismatch (respect the requested mood)",https://pub-d8970c901de34c218926ebf4be1ed09a.r2.dev/destinations/sivasagar.jpg,https://pub-bcda9bac2f63408880ee3f23aa3548e5.r2.dev/sivasagar.mp4,https://www.nakshiq.com/en/festivals/me-dam-me-phi,https://www.nakshiq.com/hi/festivals/me-dam-me-phi,6,16:9,
C,15544957-c987-4f5a-a716-cdff875eaeb0,aoling-festival,Aoling Festival,mon,Mon,nagaland,4,April,April 1-6,"hill villages on ridges, terraced fields, fog drifts","hill villages on ridges, terraced fields, fog drifts establishing wide shot — no figures, no signage with text",slow drone pull-back revealing the wider valley,evening golden hour,"pre-monsoon heat, light softening at dusk, dramatic cloud build-up",saturated warm orange,"Cinematic 16:9 establishing shot, 6-8 seconds. Subject: hill villages on ridges, terraced fields, fog drifts establishing wide shot — no figures, no signage with text. Location: Mon, nagaland, India (the host destination of the Aoling Festival festival — do NOT render the festival itself, only the place at this time of year). Time of day: evening golden hour. Atmosphere: pre-monsoon heat, light softening at dusk, dramatic cloud build-up. Colour palette: saturated warm orange. Shot type: slow drone pull-back revealing the wider valley. Style: documentary register (BBC/National Geographic feel), naturalistic colour grading, soft contrast, slight film grain. Composition: rule-of-thirds horizon, depth via foreground-midground-distance layering. Reference month: April.","no people, no human figures or silhouettes in foreground, no religious figures, sadhus, priests, monks, no specific religious attire (saffron robes, ceremonial clothing), no ritual objects (deities, idols, palanquins, ceremonial fire close-ups), no temple interiors or sanctum imagery, no signage with readable text, no on-screen graphics or overlays, no synthetic / cartoony rendering, no time-of-day mismatch (respect the requested mood)",https://pub-d8970c901de34c218926ebf4be1ed09a.r2.dev/destinations/mon.jpg,https://pub-bcda9bac2f63408880ee3f23aa3548e5.r2.dev/mon.mp4,https://www.nakshiq.com/en/festivals/aoling-festival,https://www.nakshiq.com/hi/festivals/aoling-festival,6,16:9,
C,7c1c885d-2a0e-473b-9454-ecd690126f80,ambubachi-mela,Ambubachi Mela,guwahati,Guwahati,assam,6,June,"June (3 days, varies)","Brahmaputra river plains, tea-garden geometry, low mist","empty fairground wide shot — tents, flags, dusty paths, no crowds, no readable signage",static establishing with subtle water-surface parallax,overcast midday,"early monsoon — cumulus clouds, intermittent rain breaks, fresh greens",cool grey-green + saturated blue,"Cinematic 16:9 establishing shot, 6-8 seconds. Subject: empty fairground wide shot — tents, flags, dusty paths, no crowds, no readable signage. Location: Guwahati, assam, India (the host destination of the Ambubachi Mela festival — do NOT render the festival itself, only the place at this time of year). Time of day: overcast midday. Atmosphere: early monsoon — cumulus clouds, intermittent rain breaks, fresh greens. Colour palette: cool grey-green + saturated blue. Shot type: static establishing with subtle water-surface parallax. Style: documentary register (BBC/National Geographic feel), naturalistic colour grading, soft contrast, slight film grain. Composition: rule-of-thirds horizon, depth via foreground-midground-distance layering. Reference month: June.","no people, no human figures or silhouettes in foreground, no religious figures, sadhus, priests, monks, no specific religious attire (saffron robes, ceremonial clothing), no ritual objects (deities, idols, palanquins, ceremonial fire close-ups), no temple interiors or sanctum imagery, no signage with readable text, no on-screen graphics or overlays, no synthetic / cartoony rendering, no time-of-day mismatch (respect the requested mood)",https://pub-d8970c901de34c218926ebf4be1ed09a.r2.dev/destinations/guwahati.jpg,https://pub-bcda9bac2f63408880ee3f23aa3548e5.r2.dev/guwahati.mp4,https://www.nakshiq.com/en/festivals/ambubachi-mela,https://www.nakshiq.com/hi/festivals/ambubachi-mela,6,16:9,
C,c34d8246-69e4-40f1-808a-37358962a71b,ganesh-chaturthi,Ganesh Chaturthi,mumbai,Mumbai,maharashtra,8,August,August/September (10 days),"Marine Drive curve at first light, monsoon-wet stone or dry dust depending on month","Marine Drive curve at first light, monsoon-wet stone or dry dust depending on month establishing wide shot — no figures, no signage with text",static establishing with subtle parallax,late morning shaft-light,"monsoon green, valley mist, sun shafts breaking through cloud",lush green + silver mist,"Cinematic 16:9 establishing shot, 6-8 seconds. Subject: Marine Drive curve at first light, monsoon-wet stone or dry dust depending on month establishing wide shot — no figures, no signage with text. Location: Mumbai, maharashtra, India (the host destination of the Ganesh Chaturthi festival — do NOT render the festival itself, only the place at this time of year). Time of day: late morning shaft-light. Atmosphere: monsoon green, valley mist, sun shafts breaking through cloud. Colour palette: lush green + silver mist. Shot type: static establishing with subtle parallax. Style: documentary register (BBC/National Geographic feel), naturalistic colour grading, soft contrast, slight film grain. Composition: rule-of-thirds horizon, depth via foreground-midground-distance layering. Reference month: August.","no people, no human figures or silhouettes in foreground, no religious figures, sadhus, priests, monks, no specific religious attire (saffron robes, ceremonial clothing), no ritual objects (deities, idols, palanquins, ceremonial fire close-ups), no temple interiors or sanctum imagery, no signage with readable text, no on-screen graphics or overlays, no synthetic / cartoony rendering, no time-of-day mismatch (respect the requested mood)",https://pub-d8970c901de34c218926ebf4be1ed09a.r2.dev/destinations/mumbai.jpg,https://pub-bcda9bac2f63408880ee3f23aa3548e5.r2.dev/mumbai.mp4,https://www.nakshiq.com/en/festivals/ganesh-chaturthi,https://www.nakshiq.com/hi/festivals/ganesh-chaturthi,6,16:9,
C,9b4d8fe4-b675-47bb-8b94-2c46a4b2b137,ganesh-chaturthi-ganeshotsav,Ganesh Chaturthi (Ganeshotsav),pune,Pune,maharashtra,8,August,August/September (10 days),"Western Ghats plateau, fort silhouettes, monsoon waterfalls","Western Ghats plateau, fort silhouettes, monsoon waterfalls establishing wide shot — no figures, no signage with text","static establishing, slight push-in, no figures in frame",late morning shaft-light,"monsoon green, valley mist, sun shafts breaking through cloud",lush green + silver mist,"Cinematic 16:9 establishing shot, 6-8 seconds. Subject: Western Ghats plateau, fort silhouettes, monsoon waterfalls establishing wide shot — no figures, no signage with text. Location: Pune, maharashtra, India (the host destination of the Ganesh Chaturthi (Ganeshotsav) festival — do NOT render the festival itself, only the place at this time of year). Time of day: late morning shaft-light. Atmosphere: monsoon green, valley mist, sun shafts breaking through cloud. Colour palette: lush green + silver mist. Shot type: static establishing, slight push-in, no figures in frame. Style: documentary register (BBC/National Geographic feel), naturalistic colour grading, soft contrast, slight film grain. Composition: rule-of-thirds horizon, depth via foreground-midground-distance layering. Reference month: August.","no people, no human figures or silhouettes in foreground, no religious figures, sadhus, priests, monks, no specific religious attire (saffron robes, ceremonial clothing), no ritual objects (deities, idols, palanquins, ceremonial fire close-ups), no temple interiors or sanctum imagery, no signage with readable text, no on-screen graphics or overlays, no synthetic / cartoony rendering, no time-of-day mismatch (respect the requested mood)",https://pub-d8970c901de34c218926ebf4be1ed09a.r2.dev/destinations/pune.jpg,https://pub-bcda9bac2f63408880ee3f23aa3548e5.r2.dev/pune.mp4,https://www.nakshiq.com/en/festivals/ganesh-chaturthi-ganeshotsav,https://www.nakshiq.com/hi/festivals/ganesh-chaturthi-ganeshotsav,6,16:9,
C,3d33aca1-3fda-464a-b83a-92a54408d34a,elephanta-festival,Elephanta Festival,elephanta-caves,Elephanta Caves,maharashtra,2,February,February (2 days),"Western Ghats plateau, fort silhouettes, monsoon waterfalls","Western Ghats plateau, fort silhouettes, monsoon waterfalls establishing wide shot — no figures, no signage with text","static establishing, slight push-in, no figures in frame",early golden hour,"late-winter clarity, crisp light, dry air",warm amber + cold shadow,"Cinematic 16:9 establishing shot, 6-8 seconds. Subject: Western Ghats plateau, fort silhouettes, monsoon waterfalls establishing wide shot — no figures, no signage with text. Location: Elephanta Caves, maharashtra, India (the host destination of the Elephanta Festival festival — do NOT render the festival itself, only the place at this time of year). Time of day: early golden hour. Atmosphere: late-winter clarity, crisp light, dry air. Colour palette: warm amber + cold shadow. Shot type: static establishing, slight push-in, no figures in frame. Style: documentary register (BBC/National Geographic feel), naturalistic colour grading, soft contrast, slight film grain. Composition: rule-of-thirds horizon, depth via foreground-midground-distance layering. Reference month: February.","no people, no human figures or silhouettes in foreground, no religious figures, sadhus, priests, monks, no specific religious attire (saffron robes, ceremonial clothing), no ritual objects (deities, idols, palanquins, ceremonial fire close-ups), no temple interiors or sanctum imagery, no signage with readable text, no on-screen graphics or overlays, no synthetic / cartoony rendering, no time-of-day mismatch (respect the requested mood)",https://pub-d8970c901de34c218926ebf4be1ed09a.r2.dev/destinations/elephanta-caves.jpg,https://pub-bcda9bac2f63408880ee3f23aa3548e5.r2.dev/elephanta-caves.mp4,https://www.nakshiq.com/en/festivals/elephanta-festival,https://www.nakshiq.com/hi/festivals/elephanta-festival,6,16:9,
A,1ee7c11a-1927-48b5-a073-5f4594454397,kumbh-mela,Kumbh Mela,nashik,Nashik,maharashtra,8,August,Next: ~2027 (every 12 years),"Western Ghats plateau, fort silhouettes, monsoon waterfalls","empty fairground wide shot — tents, flags, dusty paths, no crowds, no readable signage","static establishing, slight push-in, no figures in frame",late morning shaft-light,"monsoon green, valley mist, sun shafts breaking through cloud",lush green + silver mist,"Cinematic 16:9 establishing shot, 6-8 seconds. Subject: empty fairground wide shot — tents, flags, dusty paths, no crowds, no readable signage. Location: Nashik, maharashtra, India (the host destination of the Kumbh Mela festival — do NOT render the festival itself, only the place at this time of year). Time of day: late morning shaft-light. Atmosphere: monsoon green, valley mist, sun shafts breaking through cloud. Colour palette: lush green + silver mist. Shot type: static establishing, slight push-in, no figures in frame. Style: documentary register (BBC/National Geographic feel), naturalistic colour grading, soft contrast, slight film grain. Composition: rule-of-thirds horizon, depth via foreground-midground-distance layering. Reference month: August.","no people, no human figures or silhouettes in foreground, no religious figures, sadhus, priests, monks, no specific religious attire (saffron robes, ceremonial clothing), no ritual objects (deities, idols, palanquins, ceremonial fire close-ups), no temple interiors or sanctum imagery, no signage with readable text, no on-screen graphics or overlays, no synthetic / cartoony rendering, no time-of-day mismatch (respect the requested mood)",https://pub-d8970c901de34c218926ebf4be1ed09a.r2.dev/destinations/nashik.jpg,https://pub-bcda9bac2f63408880ee3f23aa3548e5.r2.dev/nashik.mp4,https://www.nakshiq.com/en/festivals/kumbh-mela,https://www.nakshiq.com/hi/festivals/kumbh-mela,6,16:9,
C,c5267cc5-362e-45ab-b585-f393492ab8fa,sulafest,SulaFest,nashik,Nashik,maharashtra,2,February,February (2 days),"Western Ghats plateau, fort silhouettes, monsoon waterfalls","Western Ghats plateau, fort silhouettes, monsoon waterfalls establishing wide shot — no figures, no signage with text","static establishing, slight push-in, no figures in frame",early golden hour,"late-winter clarity, crisp light, dry air",warm amber + cold shadow,"Cinematic 16:9 establishing shot, 6-8 seconds. Subject: Western Ghats plateau, fort silhouettes, monsoon waterfalls establishing wide shot — no figures, no signage with text. Location: Nashik, maharashtra, India (the host destination of the SulaFest festival — do NOT render the festival itself, only the place at this time of year). Time of day: early golden hour. Atmosphere: late-winter clarity, crisp light, dry air. Colour palette: warm amber + cold shadow. Shot type: static establishing, slight push-in, no figures in frame. Style: documentary register (BBC/National Geographic feel), naturalistic colour grading, soft contrast, slight film grain. Composition: rule-of-thirds horizon, depth via foreground-midground-distance layering. Reference month: February.","no people, no human figures or silhouettes in foreground, no religious figures, sadhus, priests, monks, no specific religious attire (saffron robes, ceremonial clothing), no ritual objects (deities, idols, palanquins, ceremonial fire close-ups), no temple interiors or sanctum imagery, no signage with readable text, no on-screen graphics or overlays, no synthetic / cartoony rendering, no time-of-day mismatch (respect the requested mood)",https://pub-d8970c901de34c218926ebf4be1ed09a.r2.dev/destinations/nashik.jpg,https://pub-bcda9bac2f63408880ee3f23aa3548e5.r2.dev/nashik.mp4,https://www.nakshiq.com/en/festivals/sulafest,https://www.nakshiq.com/hi/festivals/sulafest,6,16:9,
C,130b7d8e-37b2-48ce-bf08-fcd0a3b03b32,kaas-plateau-wildflower-bloom,Kaas Plateau Wildflower Bloom,satara,Satara,maharashtra,9,September,September-October (4-6 weeks),"Western Ghats plateau, fort silhouettes, monsoon waterfalls","vast flower-bed geometric rows, slow drift through colour fields, no people","static establishing, slight push-in, no figures in frame",afternoon clearing,"post-monsoon — lush green, crisp clarity, distant cumulus",vibrant greens + cobalt sky,"Cinematic 16:9 establishing shot, 6-8 seconds. Subject: vast flower-bed geometric rows, slow drift through colour fields, no people. Location: Satara, maharashtra, India (the host destination of the Kaas Plateau Wildflower Bloom festival — do NOT render the festival itself, only the place at this time of year). Time of day: afternoon clearing. Atmosphere: post-monsoon — lush green, crisp clarity, distant cumulus. Colour palette: vibrant greens + cobalt sky. Shot type: static establishing, slight push-in, no figures in frame. Style: documentary register (BBC/National Geographic feel), naturalistic colour grading, soft contrast, slight film grain. Composition: rule-of-thirds horizon, depth via foreground-midground-distance layering. Reference month: September.","no people, no human figures or silhouettes in foreground, no religious figures, sadhus, priests, monks, no specific religious attire (saffron robes, ceremonial clothing), no ritual objects (deities, idols, palanquins, ceremonial fire close-ups), no temple interiors or sanctum imagery, no signage with readable text, no on-screen graphics or overlays, no synthetic / cartoony rendering, no time-of-day mismatch (respect the requested mood)",https://pub-d8970c901de34c218926ebf4be1ed09a.r2.dev/destinations/satara.jpg,https://pub-bcda9bac2f63408880ee3f23aa3548e5.r2.dev/satara.mp4,https://www.nakshiq.com/en/festivals/kaas-plateau-wildflower-bloom,https://www.nakshiq.com/hi/festivals/kaas-plateau-wildflower-bloom,6,16:9,
C,046aa7b8-2109-409b-9180-703fd9905b5f,pandharpur-wari,Pandharpur Wari,pune,Pune,maharashtra,7,July,June/July (18-day walk),"Western Ghats plateau, fort silhouettes, monsoon waterfalls","Western Ghats plateau, fort silhouettes, monsoon waterfalls establishing wide shot — no figures, no signage with text","static establishing, slight push-in, no figures in frame",post-rain twilight,"deep monsoon — saturated greens, wet roads reflecting light, low cloud",deep emerald + slate,"Cinematic 16:9 establishing shot, 6-8 seconds. Subject: Western Ghats plateau, fort silhouettes, monsoon waterfalls establishing wide shot — no figures, no signage with text. Location: Pune, maharashtra, India (the host destination of the Pandharpur Wari festival — do NOT render the festival itself, only the place at this time of year). Time of day: post-rain twilight. Atmosphere: deep monsoon — saturated greens, wet roads reflecting light, low cloud. Colour palette: deep emerald + slate. Shot type: static establishing, slight push-in, no figures in frame. Style: documentary register (BBC/National Geographic feel), naturalistic colour grading, soft contrast, slight film grain. Composition: rule-of-thirds horizon, depth via foreground-midground-distance layering. Reference month: July.","no people, no human figures or silhouettes in foreground, no religious figures, sadhus, priests, monks, no specific religious attire (saffron robes, ceremonial clothing), no ritual objects (deities, idols, palanquins, ceremonial fire close-ups), no temple interiors or sanctum imagery, no signage with readable text, no on-screen graphics or overlays, no synthetic / cartoony rendering, no time-of-day mismatch (respect the requested mood)",https://pub-d8970c901de34c218926ebf4be1ed09a.r2.dev/destinations/pune.jpg,https://pub-bcda9bac2f63408880ee3f23aa3548e5.r2.dev/pune.mp4,https://www.nakshiq.com/en/festivals/pandharpur-wari,https://www.nakshiq.com/hi/festivals/pandharpur-wari,6,16:9,
C,113949dc-c9fb-40b3-9798-4687f43c5c9e,nag-panchami-battis-shirala,Nag Panchami (Battis Shirala),kolhapur,Kolhapur,maharashtra,8,August,July/August,"Western Ghats plateau, fort silhouettes, monsoon waterfalls","Western Ghats plateau, fort silhouettes, monsoon waterfalls establishing wide shot — no figures, no signage with text","static establishing, slight push-in, no figures in frame",late morning shaft-light,"monsoon green, valley mist, sun shafts breaking through cloud",lush green + silver mist,"Cinematic 16:9 establishing shot, 6-8 seconds. Subject: Western Ghats plateau, fort silhouettes, monsoon waterfalls establishing wide shot — no figures, no signage with text. Location: Kolhapur, maharashtra, India (the host destination of the Nag Panchami (Battis Shirala) festival — do NOT render the festival itself, only the place at this time of year). Time of day: late morning shaft-light. Atmosphere: monsoon green, valley mist, sun shafts breaking through cloud. Colour palette: lush green + silver mist. Shot type: static establishing, slight push-in, no figures in frame. Style: documentary register (BBC/National Geographic feel), naturalistic colour grading, soft contrast, slight film grain. Composition: rule-of-thirds horizon, depth via foreground-midground-distance layering. Reference month: August.","no people, no human figures or silhouettes in foreground, no religious figures, sadhus, priests, monks, no specific religious attire (saffron robes, ceremonial clothing), no ritual objects (deities, idols, palanquins, ceremonial fire close-ups), no temple interiors or sanctum imagery, no signage with readable text, no on-screen graphics or overlays, no synthetic / cartoony rendering, no time-of-day mismatch (respect the requested mood)",https://pub-d8970c901de34c218926ebf4be1ed09a.r2.dev/destinations/kolhapur.jpg,https://pub-bcda9bac2f63408880ee3f23aa3548e5.r2.dev/kolhapur.mp4,https://www.nakshiq.com/en/festivals/nag-panchami-battis-shirala,https://www.nakshiq.com/hi/festivals/nag-panchami-battis-shirala,6,16:9,
A,97f98f61-30f6-48cf-b4f8-23b640112894,navratri-at-mahalaxmi-temple,Navratri at Mahalaxmi Temple,kolhapur,Kolhapur,maharashtra,10,October,October (9 nights),"Western Ghats plateau, fort silhouettes, monsoon waterfalls","temple-town exterior wide shot — sandstone or granite architecture, no figures, no idols visible","static establishing, slight push-in, no figures in frame",evening golden hour,"autumn warmth, returning dust, soft sunset glow",warm gold + violet sky,"Cinematic 16:9 establishing shot, 6-8 seconds. Subject: temple-town exterior wide shot — sandstone or granite architecture, no figures, no idols visible. Location: Kolhapur, maharashtra, India (the host destination of the Navratri at Mahalaxmi Temple festival — do NOT render the festival itself, only the place at this time of year). Time of day: evening golden hour. Atmosphere: autumn warmth, returning dust, soft sunset glow. Colour palette: warm gold + violet sky. Shot type: static establishing, slight push-in, no figures in frame. Style: documentary register (BBC/National Geographic feel), naturalistic colour grading, soft contrast, slight film grain. Composition: rule-of-thirds horizon, depth via foreground-midground-distance layering. Reference month: October.","no people, no human figures or silhouettes in foreground, no religious figures, sadhus, priests, monks, no specific religious attire (saffron robes, ceremonial clothing), no ritual objects (deities, idols, palanquins, ceremonial fire close-ups), no temple interiors or sanctum imagery, no signage with readable text, no on-screen graphics or overlays, no synthetic / cartoony rendering, no time-of-day mismatch (respect the requested mood)",https://pub-d8970c901de34c218926ebf4be1ed09a.r2.dev/destinations/kolhapur.jpg,https://pub-bcda9bac2f63408880ee3f23aa3548e5.r2.dev/kolhapur.mp4,https://www.nakshiq.com/en/festivals/navratri-at-mahalaxmi-temple,https://www.nakshiq.com/hi/festivals/navratri-at-mahalaxmi-temple,6,16:9,"Religious site — exterior only, no idol or sanctum imagery."
A,53b5e07c-e44e-4a00-a8f6-7295e5f29356,goa-carnival,Goa Carnival,panaji,Panaji,goa,2,February,February (3 days before Lent),"Konkan coast, laterite cliffs, palm-fringed beach","empty fairground wide shot — tents, flags, dusty paths, no crowds, no readable signage",static establishing with subtle water-surface parallax,early golden hour,"late-winter clarity, crisp light, dry air",warm amber + cold shadow,"Cinematic 16:9 establishing shot, 6-8 seconds. Subject: empty fairground wide shot — tents, flags, dusty paths, no crowds, no readable signage. Location: Panaji, goa, India (the host destination of the Goa Carnival festival — do NOT render the festival itself, only the place at this time of year). Time of day: early golden hour. Atmosphere: late-winter clarity, crisp light, dry air. Colour palette: warm amber + cold shadow. Shot type: static establishing with subtle water-surface parallax. Style: documentary register (BBC/National Geographic feel), naturalistic colour grading, soft contrast, slight film grain. Composition: rule-of-thirds horizon, depth via foreground-midground-distance layering. Reference month: February.","no people, no human figures or silhouettes in foreground, no religious figures, sadhus, priests, monks, no specific religious attire (saffron robes, ceremonial clothing), no ritual objects (deities, idols, palanquins, ceremonial fire close-ups), no temple interiors or sanctum imagery, no signage with readable text, no on-screen graphics or overlays, no synthetic / cartoony rendering, no time-of-day mismatch (respect the requested mood)",https://pub-d8970c901de34c218926ebf4be1ed09a.r2.dev/destinations/panaji.jpg,https://pub-bcda9bac2f63408880ee3f23aa3548e5.r2.dev/panaji.mp4,https://www.nakshiq.com/en/festivals/goa-carnival,https://www.nakshiq.com/hi/festivals/goa-carnival,6,16:9,
A,3e40c907-8bbd-4f0a-82e8-62bec27812c8,shigmo-goan-holi,Shigmo (Goan Holi),panaji,Panaji,goa,3,March,March (full moon),"Konkan coast, laterite cliffs, palm-fringed beach","open meadow with early-bloom wildflowers, no people",static establishing with subtle water-surface parallax,afternoon to dusk,"pre-summer warmth, dust in the air, soft hazy light","warm earth tones, ochre","Cinematic 16:9 establishing shot, 6-8 seconds. Subject: open meadow with early-bloom wildflowers, no people. Location: Panaji, goa, India (the host destination of the Shigmo (Goan Holi) festival — do NOT render the festival itself, only the place at this time of year). Time of day: afternoon to dusk. Atmosphere: pre-summer warmth, dust in the air, soft hazy light. Colour palette: warm earth tones, ochre. Shot type: static establishing with subtle water-surface parallax. Style: documentary register (BBC/National Geographic feel), naturalistic colour grading, soft contrast, slight film grain. Composition: rule-of-thirds horizon, depth via foreground-midground-distance layering. Reference month: March.","no people, no human figures or silhouettes in foreground, no religious figures, sadhus, priests, monks, no specific religious attire (saffron robes, ceremonial clothing), no ritual objects (deities, idols, palanquins, ceremonial fire close-ups), no temple interiors or sanctum imagery, no signage with readable text, no on-screen graphics or overlays, no synthetic / cartoony rendering, no time-of-day mismatch (respect the requested mood)",https://pub-d8970c901de34c218926ebf4be1ed09a.r2.dev/destinations/panaji.jpg,https://pub-bcda9bac2f63408880ee3f23aa3548e5.r2.dev/panaji.mp4,https://www.nakshiq.com/en/festivals/shigmo-goan-holi,https://www.nakshiq.com/hi/festivals/shigmo-goan-holi,6,16:9,
C,c8dfcff2-f573-4701-9cdf-3ef28548bced,feast-of-st-francis-xavier,Feast of St Francis Xavier,old-goa,Old Goa,goa,12,December,December 3,"Konkan coast, laterite cliffs, palm-fringed beach","Konkan coast, laterite cliffs, palm-fringed beach establishing wide shot — no figures, no signage with text",static establishing with subtle water-surface parallax,blue hour + lantern light,"deep winter — frost, low mist, blue hour dominance",deep blue + amber pinpoints,"Cinematic 16:9 establishing shot, 6-8 seconds. Subject: Konkan coast, laterite cliffs, palm-fringed beach establishing wide shot — no figures, no signage with text. Location: Old Goa, goa, India (the host destination of the Feast of St Francis Xavier festival — do NOT render the festival itself, only the place at this time of year). Time of day: blue hour + lantern light. Atmosphere: deep winter — frost, low mist, blue hour dominance. Colour palette: deep blue + amber pinpoints. Shot type: static establishing with subtle water-surface parallax. Style: documentary register (BBC/National Geographic feel), naturalistic colour grading, soft contrast, slight film grain. Composition: rule-of-thirds horizon, depth via foreground-midground-distance layering. Reference month: December.","no people, no human figures or silhouettes in foreground, no religious figures, sadhus, priests, monks, no specific religious attire (saffron robes, ceremonial clothing), no ritual objects (deities, idols, palanquins, ceremonial fire close-ups), no temple interiors or sanctum imagery, no signage with readable text, no on-screen graphics or overlays, no synthetic / cartoony rendering, no time-of-day mismatch (respect the requested mood)",https://pub-d8970c901de34c218926ebf4be1ed09a.r2.dev/destinations/old-goa.jpg,https://pub-bcda9bac2f63408880ee3f23aa3548e5.r2.dev/old-goa.mp4,https://www.nakshiq.com/en/festivals/feast-of-st-francis-xavier,https://www.nakshiq.com/hi/festivals/feast-of-st-francis-xavier,6,16:9,
A,470e4c91-0005-491d-bc9d-83d851ddf709,sunburn-festival,Sunburn Festival,calangute-baga,Calangute-Baga,goa,12,December,December (3 days),"Konkan coast, laterite cliffs, palm-fringed beach","Konkan coast, laterite cliffs, palm-fringed beach establishing wide shot — no figures, no signage with text",static establishing with subtle water-surface parallax,blue hour + lantern light,"deep winter — frost, low mist, blue hour dominance",deep blue + amber pinpoints,"Cinematic 16:9 establishing shot, 6-8 seconds. Subject: Konkan coast, laterite cliffs, palm-fringed beach establishing wide shot — no figures, no signage with text. Location: Calangute-Baga, goa, India (the host destination of the Sunburn Festival festival — do NOT render the festival itself, only the place at this time of year). Time of day: blue hour + lantern light. Atmosphere: deep winter — frost, low mist, blue hour dominance. Colour palette: deep blue + amber pinpoints. Shot type: static establishing with subtle water-surface parallax. Style: documentary register (BBC/National Geographic feel), naturalistic colour grading, soft contrast, slight film grain. Composition: rule-of-thirds horizon, depth via foreground-midground-distance layering. Reference month: December.","no people, no human figures or silhouettes in foreground, no religious figures, sadhus, priests, monks, no specific religious attire (saffron robes, ceremonial clothing), no ritual objects (deities, idols, palanquins, ceremonial fire close-ups), no temple interiors or sanctum imagery, no signage with readable text, no on-screen graphics or overlays, no synthetic / cartoony rendering, no time-of-day mismatch (respect the requested mood)",https://pub-d8970c901de34c218926ebf4be1ed09a.r2.dev/destinations/calangute-baga.jpg,https://pub-bcda9bac2f63408880ee3f23aa3548e5.r2.dev/calangute-baga.mp4,https://www.nakshiq.com/en/festivals/sunburn-festival,https://www.nakshiq.com/hi/festivals/sunburn-festival,6,16:9,
C,e674a234-51f4-46c1-950d-da7cf00879eb,bonderam-festival,Bonderam Festival,chorao-divar,Chorao & Divar Islands,goa,8,August,4th Saturday of August,"Konkan coast, laterite cliffs, palm-fringed beach","Konkan coast, laterite cliffs, palm-fringed beach establishing wide shot — no figures, no signage with text",static establishing with subtle water-surface parallax,late morning shaft-light,"monsoon green, valley mist, sun shafts breaking through cloud",lush green + silver mist,"Cinematic 16:9 establishing shot, 6-8 seconds. Subject: Konkan coast, laterite cliffs, palm-fringed beach establishing wide shot — no figures, no signage with text. Location: Chorao & Divar Islands, goa, India (the host destination of the Bonderam Festival festival — do NOT render the festival itself, only the place at this time of year). Time of day: late morning shaft-light. Atmosphere: monsoon green, valley mist, sun shafts breaking through cloud. Colour palette: lush green + silver mist. Shot type: static establishing with subtle water-surface parallax. Style: documentary register (BBC/National Geographic feel), naturalistic colour grading, soft contrast, slight film grain. Composition: rule-of-thirds horizon, depth via foreground-midground-distance layering. Reference month: August.","no people, no human figures or silhouettes in foreground, no religious figures, sadhus, priests, monks, no specific religious attire (saffron robes, ceremonial clothing), no ritual objects (deities, idols, palanquins, ceremonial fire close-ups), no temple interiors or sanctum imagery, no signage with readable text, no on-screen graphics or overlays, no synthetic / cartoony rendering, no time-of-day mismatch (respect the requested mood)",https://pub-d8970c901de34c218926ebf4be1ed09a.r2.dev/destinations/chorao-divar.jpg,https://pub-bcda9bac2f63408880ee3f23aa3548e5.r2.dev/chorao-divar.mp4,https://www.nakshiq.com/en/festivals/bonderam-festival,https://www.nakshiq.com/hi/festivals/bonderam-festival,6,16:9,
C,e81969dc-ba1a-46ff-b66c-6f499a6f5996,sao-joao-festival,Sao Joao Festival,palolem,Palolem,goa,6,June,June 24 (St John's Day),"Konkan coast, laterite cliffs, palm-fringed beach","Konkan coast, laterite cliffs, palm-fringed beach establishing wide shot — no figures, no signage with text",static establishing with subtle water-surface parallax,overcast midday,"early monsoon — cumulus clouds, intermittent rain breaks, fresh greens",cool grey-green + saturated blue,"Cinematic 16:9 establishing shot, 6-8 seconds. Subject: Konkan coast, laterite cliffs, palm-fringed beach establishing wide shot — no figures, no signage with text. Location: Palolem, goa, India (the host destination of the Sao Joao Festival festival — do NOT render the festival itself, only the place at this time of year). Time of day: overcast midday. Atmosphere: early monsoon — cumulus clouds, intermittent rain breaks, fresh greens. Colour palette: cool grey-green + saturated blue. Shot type: static establishing with subtle water-surface parallax. Style: documentary register (BBC/National Geographic feel), naturalistic colour grading, soft contrast, slight film grain. Composition: rule-of-thirds horizon, depth via foreground-midground-distance layering. Reference month: June.","no people, no human figures or silhouettes in foreground, no religious figures, sadhus, priests, monks, no specific religious attire (saffron robes, ceremonial clothing), no ritual objects (deities, idols, palanquins, ceremonial fire close-ups), no temple interiors or sanctum imagery, no signage with readable text, no on-screen graphics or overlays, no synthetic / cartoony rendering, no time-of-day mismatch (respect the requested mood)",https://pub-d8970c901de34c218926ebf4be1ed09a.r2.dev/destinations/palolem.jpg,https://pub-bcda9bac2f63408880ee3f23aa3548e5.r2.dev/palolem.mp4,https://www.nakshiq.com/en/festivals/sao-joao-festival,https://www.nakshiq.com/hi/festivals/sao-joao-festival,6,16:9,
A,31a96eca-9667-4e35-b6e0-3d551f2e21e4,mysore-dasara,Mysore Dasara,mysore,Mysore,karnataka,10,October,September-October (10 days ending Vijayadashami),"Western Ghats canopy, Hampi boulders, coastal lagoons","Western Ghats canopy, Hampi boulders, coastal lagoons establishing wide shot — no figures, no signage with text",static establishing with subtle water-surface parallax,evening golden hour,"autumn warmth, returning dust, soft sunset glow",warm gold + violet sky,"Cinematic 16:9 establishing shot, 6-8 seconds. Subject: Western Ghats canopy, Hampi boulders, coastal lagoons establishing wide shot — no figures, no signage with text. Location: Mysore, karnataka, India (the host destination of the Mysore Dasara festival — do NOT render the festival itself, only the place at this time of year). Time of day: evening golden hour. Atmosphere: autumn warmth, returning dust, soft sunset glow. Colour palette: warm gold + violet sky. Shot type: static establishing with subtle water-surface parallax. Style: documentary register (BBC/National Geographic feel), naturalistic colour grading, soft contrast, slight film grain. Composition: rule-of-thirds horizon, depth via foreground-midground-distance layering. Reference month: October.","no people, no human figures or silhouettes in foreground, no religious figures, sadhus, priests, monks, no specific religious attire (saffron robes, ceremonial clothing), no ritual objects (deities, idols, palanquins, ceremonial fire close-ups), no temple interiors or sanctum imagery, no signage with readable text, no on-screen graphics or overlays, no synthetic / cartoony rendering, no time-of-day mismatch (respect the requested mood)",https://pub-d8970c901de34c218926ebf4be1ed09a.r2.dev/destinations/mysore.jpg,https://pub-bcda9bac2f63408880ee3f23aa3548e5.r2.dev/mysore.mp4,https://www.nakshiq.com/en/festivals/mysore-dasara,https://www.nakshiq.com/hi/festivals/mysore-dasara,6,16:9,
A,7179e2d6-e1b1-41d5-a75f-deade19b18c0,mysore-dasara-exhibition,Mysore Dasara Exhibition,mysore,Mysore,karnataka,10,October,September-October (runs 45 days),"Western Ghats canopy, Hampi boulders, coastal lagoons","Western Ghats canopy, Hampi boulders, coastal lagoons establishing wide shot — no figures, no signage with text",static establishing with subtle water-surface parallax,evening golden hour,"autumn warmth, returning dust, soft sunset glow",warm gold + violet sky,"Cinematic 16:9 establishing shot, 6-8 seconds. Subject: Western Ghats canopy, Hampi boulders, coastal lagoons establishing wide shot — no figures, no signage with text. Location: Mysore, karnataka, India (the host destination of the Mysore Dasara Exhibition festival — do NOT render the festival itself, only the place at this time of year). Time of day: evening golden hour. Atmosphere: autumn warmth, returning dust, soft sunset glow. Colour palette: warm gold + violet sky. Shot type: static establishing with subtle water-surface parallax. Style: documentary register (BBC/National Geographic feel), naturalistic colour grading, soft contrast, slight film grain. Composition: rule-of-thirds horizon, depth via foreground-midground-distance layering. Reference month: October.","no people, no human figures or silhouettes in foreground, no religious figures, sadhus, priests, monks, no specific religious attire (saffron robes, ceremonial clothing), no ritual objects (deities, idols, palanquins, ceremonial fire close-ups), no temple interiors or sanctum imagery, no signage with readable text, no on-screen graphics or overlays, no synthetic / cartoony rendering, no time-of-day mismatch (respect the requested mood)",https://pub-d8970c901de34c218926ebf4be1ed09a.r2.dev/destinations/mysore.jpg,https://pub-bcda9bac2f63408880ee3f23aa3548e5.r2.dev/mysore.mp4,https://www.nakshiq.com/en/festivals/mysore-dasara-exhibition,https://www.nakshiq.com/hi/festivals/mysore-dasara-exhibition,6,16:9,
A,f2f73bb0-7745-4bb5-9fd9-d954bb6107c4,hampi-utsav-vijaya-utsav,Hampi Utsav (Vijaya Utsav),hampi,Hampi,karnataka,11,November,First week of November (3 days),"Tungabhadra boulder field, ruined temple gopurams exterior, no figures","Tungabhadra boulder field, ruined temple gopurams exterior, no figures establishing wide shot — no figures, no signage with text","static establishing, slight push-in, no figures in frame",early morning,"early winter — crystalline cold light, cool blue mornings",icy cyan + warm low sun,"Cinematic 16:9 establishing shot, 6-8 seconds. Subject: Tungabhadra boulder field, ruined temple gopurams exterior, no figures establishing wide shot — no figures, no signage with text. Location: Hampi, karnataka, India (the host destination of the Hampi Utsav (Vijaya Utsav) festival — do NOT render the festival itself, only the place at this time of year). Time of day: early morning. Atmosphere: early winter — crystalline cold light, cool blue mornings. Colour palette: icy cyan + warm low sun. Shot type: static establishing, slight push-in, no figures in frame. Style: documentary register (BBC/National Geographic feel), naturalistic colour grading, soft contrast, slight film grain. Composition: rule-of-thirds horizon, depth via foreground-midground-distance layering. Reference month: November.","no people, no human figures or silhouettes in foreground, no religious figures, sadhus, priests, monks, no specific religious attire (saffron robes, ceremonial clothing), no ritual objects (deities, idols, palanquins, ceremonial fire close-ups), no temple interiors or sanctum imagery, no signage with readable text, no on-screen graphics or overlays, no synthetic / cartoony rendering, no time-of-day mismatch (respect the requested mood)",https://pub-d8970c901de34c218926ebf4be1ed09a.r2.dev/destinations/hampi.jpg,https://pub-bcda9bac2f63408880ee3f23aa3548e5.r2.dev/hampi.mp4,https://www.nakshiq.com/en/festivals/hampi-utsav-vijaya-utsav,https://www.nakshiq.com/hi/festivals/hampi-utsav-vijaya-utsav,6,16:9,
C,5e65175c-8075-43b9-84f2-a5c1c0270957,karaga-festival,Karaga Festival,bengaluru,Bengaluru,karnataka,4,April,March-April (9 nights),"Western Ghats canopy, Hampi boulders, coastal lagoons","Western Ghats canopy, Hampi boulders, coastal lagoons establishing wide shot — no figures, no signage with text",static establishing with subtle water-surface parallax,evening golden hour,"pre-monsoon heat, light softening at dusk, dramatic cloud build-up",saturated warm orange,"Cinematic 16:9 establishing shot, 6-8 seconds. Subject: Western Ghats canopy, Hampi boulders, coastal lagoons establishing wide shot — no figures, no signage with text. Location: Bengaluru, karnataka, India (the host destination of the Karaga Festival festival — do NOT render the festival itself, only the place at this time of year). Time of day: evening golden hour. Atmosphere: pre-monsoon heat, light softening at dusk, dramatic cloud build-up. Colour palette: saturated warm orange. Shot type: static establishing with subtle water-surface parallax. Style: documentary register (BBC/National Geographic feel), naturalistic colour grading, soft contrast, slight film grain. Composition: rule-of-thirds horizon, depth via foreground-midground-distance layering. Reference month: April.","no people, no human figures or silhouettes in foreground, no religious figures, sadhus, priests, monks, no specific religious attire (saffron robes, ceremonial clothing), no ritual objects (deities, idols, palanquins, ceremonial fire close-ups), no temple interiors or sanctum imagery, no signage with readable text, no on-screen graphics or overlays, no synthetic / cartoony rendering, no time-of-day mismatch (respect the requested mood)",https://pub-d8970c901de34c218926ebf4be1ed09a.r2.dev/destinations/bengaluru.jpg,https://pub-bcda9bac2f63408880ee3f23aa3548e5.r2.dev/bengaluru.mp4,https://www.nakshiq.com/en/festivals/karaga-festival,https://www.nakshiq.com/hi/festivals/karaga-festival,6,16:9,
C,5e26ecf9-9fbc-44f8-922a-29f8f5639b47,kadalekai-parishe-groundnut-fair,Kadalekai Parishe (Groundnut Fair),bengaluru,Bengaluru,karnataka,11,November,"Late November (1 day, full moon)","Western Ghats canopy, Hampi boulders, coastal lagoons","empty fairground wide shot — tents, flags, dusty paths, no crowds, no readable signage",static establishing with subtle water-surface parallax,early morning,"early winter — crystalline cold light, cool blue mornings",icy cyan + warm low sun,"Cinematic 16:9 establishing shot, 6-8 seconds. Subject: empty fairground wide shot — tents, flags, dusty paths, no crowds, no readable signage. Location: Bengaluru, karnataka, India (the host destination of the Kadalekai Parishe (Groundnut Fair) festival — do NOT render the festival itself, only the place at this time of year). Time of day: early morning. Atmosphere: early winter — crystalline cold light, cool blue mornings. Colour palette: icy cyan + warm low sun. Shot type: static establishing with subtle water-surface parallax. Style: documentary register (BBC/National Geographic feel), naturalistic colour grading, soft contrast, slight film grain. Composition: rule-of-thirds horizon, depth via foreground-midground-distance layering. Reference month: November.","no people, no human figures or silhouettes in foreground, no religious figures, sadhus, priests, monks, no specific religious attire (saffron robes, ceremonial clothing), no ritual objects (deities, idols, palanquins, ceremonial fire close-ups), no temple interiors or sanctum imagery, no signage with readable text, no on-screen graphics or overlays, no synthetic / cartoony rendering, no time-of-day mismatch (respect the requested mood)",https://pub-d8970c901de34c218926ebf4be1ed09a.r2.dev/destinations/bengaluru.jpg,https://pub-bcda9bac2f63408880ee3f23aa3548e5.r2.dev/bengaluru.mp4,https://www.nakshiq.com/en/festivals/kadalekai-parishe-groundnut-fair,https://www.nakshiq.com/hi/festivals/kadalekai-parishe-groundnut-fair,6,16:9,
C,9c2e5858-6b0a-4ab6-ae49-9cc5bc71ce85,kambala-buffalo-race,Kambala (Buffalo Race),mangalore,Mangalore,karnataka,12,December,November-March (multiple events),"Western Ghats canopy, Hampi boulders, coastal lagoons","Western Ghats canopy, Hampi boulders, coastal lagoons establishing wide shot — no figures, no signage with text",static establishing with subtle water-surface parallax,blue hour + lantern light,"deep winter — frost, low mist, blue hour dominance",deep blue + amber pinpoints,"Cinematic 16:9 establishing shot, 6-8 seconds. Subject: Western Ghats canopy, Hampi boulders, coastal lagoons establishing wide shot — no figures, no signage with text. Location: Mangalore, karnataka, India (the host destination of the Kambala (Buffalo Race) festival — do NOT render the festival itself, only the place at this time of year). Time of day: blue hour + lantern light. Atmosphere: deep winter — frost, low mist, blue hour dominance. Colour palette: deep blue + amber pinpoints. Shot type: static establishing with subtle water-surface parallax. Style: documentary register (BBC/National Geographic feel), naturalistic colour grading, soft contrast, slight film grain. Composition: rule-of-thirds horizon, depth via foreground-midground-distance layering. Reference month: December.","no people, no human figures or silhouettes in foreground, no religious figures, sadhus, priests, monks, no specific religious attire (saffron robes, ceremonial clothing), no ritual objects (deities, idols, palanquins, ceremonial fire close-ups), no temple interiors or sanctum imagery, no signage with readable text, no on-screen graphics or overlays, no synthetic / cartoony rendering, no time-of-day mismatch (respect the requested mood)",https://pub-d8970c901de34c218926ebf4be1ed09a.r2.dev/destinations/mangalore.jpg,https://pub-bcda9bac2f63408880ee3f23aa3548e5.r2.dev/mangalore.mp4,https://www.nakshiq.com/en/festivals/kambala-buffalo-race,https://www.nakshiq.com/hi/festivals/kambala-buffalo-race,6,16:9,
C,322a6a67-22a4-4679-9305-7179b165766a,paryaya-festival,Paryaya Festival,udupi,Udupi,karnataka,1,January,"January (every 2 years, even years)","Western Ghats canopy, Hampi boulders, coastal lagoons","Western Ghats canopy, Hampi boulders, coastal lagoons establishing wide shot — no figures, no signage with text",static establishing with subtle water-surface parallax,blue hour pre-dawn,"winter clarity, low-angle sun, mist on rivers and lakes",cool blue + warm tungsten contrast,"Cinematic 16:9 establishing shot, 6-8 seconds. Subject: Western Ghats canopy, Hampi boulders, coastal lagoons establishing wide shot — no figures, no signage with text. Location: Udupi, karnataka, India (the host destination of the Paryaya Festival festival — do NOT render the festival itself, only the place at this time of year). Time of day: blue hour pre-dawn. Atmosphere: winter clarity, low-angle sun, mist on rivers and lakes. Colour palette: cool blue + warm tungsten contrast. Shot type: static establishing with subtle water-surface parallax. Style: documentary register (BBC/National Geographic feel), naturalistic colour grading, soft contrast, slight film grain. Composition: rule-of-thirds horizon, depth via foreground-midground-distance layering. Reference month: January.","no people, no human figures or silhouettes in foreground, no religious figures, sadhus, priests, monks, no specific religious attire (saffron robes, ceremonial clothing), no ritual objects (deities, idols, palanquins, ceremonial fire close-ups), no temple interiors or sanctum imagery, no signage with readable text, no on-screen graphics or overlays, no synthetic / cartoony rendering, no time-of-day mismatch (respect the requested mood)",https://pub-d8970c901de34c218926ebf4be1ed09a.r2.dev/destinations/udupi.jpg,https://pub-bcda9bac2f63408880ee3f23aa3548e5.r2.dev/udupi.mp4,https://www.nakshiq.com/en/festivals/paryaya-festival,https://www.nakshiq.com/hi/festivals/paryaya-festival,6,16:9,
C,20281549-3fae-40d4-afb7-050fcbebc0a9,vairamudi-festival,Vairamudi Festival,belur,Belur,karnataka,4,April,March-April (3 days),"Western Ghats canopy, Hampi boulders, coastal lagoons","Western Ghats canopy, Hampi boulders, coastal lagoons establishing wide shot — no figures, no signage with text",static establishing with subtle water-surface parallax,evening golden hour,"pre-monsoon heat, light softening at dusk, dramatic cloud build-up",saturated warm orange,"Cinematic 16:9 establishing shot, 6-8 seconds. Subject: Western Ghats canopy, Hampi boulders, coastal lagoons establishing wide shot — no figures, no signage with text. Location: Belur, karnataka, India (the host destination of the Vairamudi Festival festival — do NOT render the festival itself, only the place at this time of year). Time of day: evening golden hour. Atmosphere: pre-monsoon heat, light softening at dusk, dramatic cloud build-up. Colour palette: saturated warm orange. Shot type: static establishing with subtle water-surface parallax. Style: documentary register (BBC/National Geographic feel), naturalistic colour grading, soft contrast, slight film grain. Composition: rule-of-thirds horizon, depth via foreground-midground-distance layering. Reference month: April.","no people, no human figures or silhouettes in foreground, no religious figures, sadhus, priests, monks, no specific religious attire (saffron robes, ceremonial clothing), no ritual objects (deities, idols, palanquins, ceremonial fire close-ups), no temple interiors or sanctum imagery, no signage with readable text, no on-screen graphics or overlays, no synthetic / cartoony rendering, no time-of-day mismatch (respect the requested mood)",https://pub-d8970c901de34c218926ebf4be1ed09a.r2.dev/destinations/belur.jpg,https://pub-bcda9bac2f63408880ee3f23aa3548e5.r2.dev/belur.mp4,https://www.nakshiq.com/en/festivals/vairamudi-festival,https://www.nakshiq.com/hi/festivals/vairamudi-festival,6,16:9,
B,9cc56834-5d71-4632-a8d6-ac6509b07165,banashankari-temple-fair,Banashankari Temple Fair,badami,Badami,karnataka,2,February,January-February (during Ratha Saptami),"Western Ghats canopy, Hampi boulders, coastal lagoons","empty fairground wide shot — tents, flags, dusty paths, no crowds, no readable signage",static establishing with subtle water-surface parallax,early golden hour,"late-winter clarity, crisp light, dry air",warm amber + cold shadow,"Cinematic 16:9 establishing shot, 6-8 seconds. Subject: empty fairground wide shot — tents, flags, dusty paths, no crowds, no readable signage. Location: Badami, karnataka, India (the host destination of the Banashankari Temple Fair festival — do NOT render the festival itself, only the place at this time of year). Time of day: early golden hour. Atmosphere: late-winter clarity, crisp light, dry air. Colour palette: warm amber + cold shadow. Shot type: static establishing with subtle water-surface parallax. Style: documentary register (BBC/National Geographic feel), naturalistic colour grading, soft contrast, slight film grain. Composition: rule-of-thirds horizon, depth via foreground-midground-distance layering. Reference month: February.","no people, no human figures or silhouettes in foreground, no religious figures, sadhus, priests, monks, no specific religious attire (saffron robes, ceremonial clothing), no ritual objects (deities, idols, palanquins, ceremonial fire close-ups), no temple interiors or sanctum imagery, no signage with readable text, no on-screen graphics or overlays, no synthetic / cartoony rendering, no time-of-day mismatch (respect the requested mood)",https://pub-d8970c901de34c218926ebf4be1ed09a.r2.dev/destinations/badami.jpg,https://pub-bcda9bac2f63408880ee3f23aa3548e5.r2.dev/badami.mp4,https://www.nakshiq.com/en/festivals/banashankari-temple-fair,https://www.nakshiq.com/hi/festivals/banashankari-temple-fair,6,16:9,"Religious site — exterior only, no idol or sanctum imagery."
C,3d6b7e66-0496-44fe-9079-d4c7f811843e,cauvery-sankriti-tula-sankramana,Cauvery Sankriti (Tula Sankramana),coorg,Coorg (Kodagu),karnataka,10,October,October 17-18,"Western Ghats canopy, Hampi boulders, coastal lagoons","Western Ghats canopy, Hampi boulders, coastal lagoons establishing wide shot — no figures, no signage with text",static establishing with subtle water-surface parallax,evening golden hour,"autumn warmth, returning dust, soft sunset glow",warm gold + violet sky,"Cinematic 16:9 establishing shot, 6-8 seconds. Subject: Western Ghats canopy, Hampi boulders, coastal lagoons establishing wide shot — no figures, no signage with text. Location: Coorg (Kodagu), karnataka, India (the host destination of the Cauvery Sankriti (Tula Sankramana) festival — do NOT render the festival itself, only the place at this time of year). Time of day: evening golden hour. Atmosphere: autumn warmth, returning dust, soft sunset glow. Colour palette: warm gold + violet sky. Shot type: static establishing with subtle water-surface parallax. Style: documentary register (BBC/National Geographic feel), naturalistic colour grading, soft contrast, slight film grain. Composition: rule-of-thirds horizon, depth via foreground-midground-distance layering. Reference month: October.","no people, no human figures or silhouettes in foreground, no religious figures, sadhus, priests, monks, no specific religious attire (saffron robes, ceremonial clothing), no ritual objects (deities, idols, palanquins, ceremonial fire close-ups), no temple interiors or sanctum imagery, no signage with readable text, no on-screen graphics or overlays, no synthetic / cartoony rendering, no time-of-day mismatch (respect the requested mood)",https://pub-d8970c901de34c218926ebf4be1ed09a.r2.dev/destinations/coorg.jpg,https://pub-bcda9bac2f63408880ee3f23aa3548e5.r2.dev/coorg.mp4,https://www.nakshiq.com/en/festivals/cauvery-sankriti-tula-sankramana,https://www.nakshiq.com/hi/festivals/cauvery-sankriti-tula-sankramana,6,16:9,
C,c5890ac6-532a-4188-a945-ef1395c2fd22,siddheshwara-jatre,Siddheshwara Jatre,bijapur,Bijapur (Vijayapura),karnataka,12,December,December (5 days),"Western Ghats canopy, Hampi boulders, coastal lagoons","Western Ghats canopy, Hampi boulders, coastal lagoons establishing wide shot — no figures, no signage with text",static establishing with subtle water-surface parallax,blue hour + lantern light,"deep winter — frost, low mist, blue hour dominance",deep blue + amber pinpoints,"Cinematic 16:9 establishing shot, 6-8 seconds. Subject: Western Ghats canopy, Hampi boulders, coastal lagoons establishing wide shot — no figures, no signage with text. Location: Bijapur (Vijayapura), karnataka, India (the host destination of the Siddheshwara Jatre festival — do NOT render the festival itself, only the place at this time of year). Time of day: blue hour + lantern light. Atmosphere: deep winter — frost, low mist, blue hour dominance. Colour palette: deep blue + amber pinpoints. Shot type: static establishing with subtle water-surface parallax. Style: documentary register (BBC/National Geographic feel), naturalistic colour grading, soft contrast, slight film grain. Composition: rule-of-thirds horizon, depth via foreground-midground-distance layering. Reference month: December.","no people, no human figures or silhouettes in foreground, no religious figures, sadhus, priests, monks, no specific religious attire (saffron robes, ceremonial clothing), no ritual objects (deities, idols, palanquins, ceremonial fire close-ups), no temple interiors or sanctum imagery, no signage with readable text, no on-screen graphics or overlays, no synthetic / cartoony rendering, no time-of-day mismatch (respect the requested mood)",https://pub-d8970c901de34c218926ebf4be1ed09a.r2.dev/destinations/bijapur.jpg,https://pub-bcda9bac2f63408880ee3f23aa3548e5.r2.dev/bijapur.mp4,https://www.nakshiq.com/en/festivals/siddheshwara-jatre,https://www.nakshiq.com/hi/festivals/siddheshwara-jatre,6,16:9,
C,94ab208a-b7c8-4176-956f-6bb78c021339,pattadakal-dance-festival,Pattadakal Dance Festival,pattadakal,Pattadakal,karnataka,2,February,January-February (3 days),"Western Ghats canopy, Hampi boulders, coastal lagoons","ancient stone amphitheater steps, distant lights, no performers in frame",static establishing with subtle water-surface parallax,early golden hour,"late-winter clarity, crisp light, dry air",warm amber + cold shadow,"Cinematic 16:9 establishing shot, 6-8 seconds. Subject: ancient stone amphitheater steps, distant lights, no performers in frame. Location: Pattadakal, karnataka, India (the host destination of the Pattadakal Dance Festival festival — do NOT render the festival itself, only the place at this time of year). Time of day: early golden hour. Atmosphere: late-winter clarity, crisp light, dry air. Colour palette: warm amber + cold shadow. Shot type: static establishing with subtle water-surface parallax. Style: documentary register (BBC/National Geographic feel), naturalistic colour grading, soft contrast, slight film grain. Composition: rule-of-thirds horizon, depth via foreground-midground-distance layering. Reference month: February.","no people, no human figures or silhouettes in foreground, no religious figures, sadhus, priests, monks, no specific religious attire (saffron robes, ceremonial clothing), no ritual objects (deities, idols, palanquins, ceremonial fire close-ups), no temple interiors or sanctum imagery, no signage with readable text, no on-screen graphics or overlays, no synthetic / cartoony rendering, no time-of-day mismatch (respect the requested mood)",https://pub-d8970c901de34c218926ebf4be1ed09a.r2.dev/destinations/pattadakal.jpg,https://pub-bcda9bac2f63408880ee3f23aa3548e5.r2.dev/pattadakal.mp4,https://www.nakshiq.com/en/festivals/pattadakal-dance-festival,https://www.nakshiq.com/hi/festivals/pattadakal-dance-festival,6,16:9,
C,412cae0f-57f4-409b-b8d6-910d321aad6e,mahamastakabhisheka,Mahamastakabhisheka,shravanabelagola,Shravanabelagola,karnataka,2,February,Once every 12 years (next: ~2030),"Western Ghats canopy, Hampi boulders, coastal lagoons","Western Ghats canopy, Hampi boulders, coastal lagoons establishing wide shot — no figures, no signage with text",static establishing with subtle water-surface parallax,early golden hour,"late-winter clarity, crisp light, dry air",warm amber + cold shadow,"Cinematic 16:9 establishing shot, 6-8 seconds. Subject: Western Ghats canopy, Hampi boulders, coastal lagoons establishing wide shot — no figures, no signage with text. Location: Shravanabelagola, karnataka, India (the host destination of the Mahamastakabhisheka festival — do NOT render the festival itself, only the place at this time of year). Time of day: early golden hour. Atmosphere: late-winter clarity, crisp light, dry air. Colour palette: warm amber + cold shadow. Shot type: static establishing with subtle water-surface parallax. Style: documentary register (BBC/National Geographic feel), naturalistic colour grading, soft contrast, slight film grain. Composition: rule-of-thirds horizon, depth via foreground-midground-distance layering. Reference month: February.","no people, no human figures or silhouettes in foreground, no religious figures, sadhus, priests, monks, no specific religious attire (saffron robes, ceremonial clothing), no ritual objects (deities, idols, palanquins, ceremonial fire close-ups), no temple interiors or sanctum imagery, no signage with readable text, no on-screen graphics or overlays, no synthetic / cartoony rendering, no time-of-day mismatch (respect the requested mood)",https://pub-d8970c901de34c218926ebf4be1ed09a.r2.dev/destinations/shravanabelagola.jpg,https://pub-bcda9bac2f63408880ee3f23aa3548e5.r2.dev/shravanabelagola.mp4,https://www.nakshiq.com/en/festivals/mahamastakabhisheka,https://www.nakshiq.com/hi/festivals/mahamastakabhisheka,6,16:9,
C,ab093f11-4451-4d26-86db-34f3f5943dbc,laksha-deepotsava,Laksha Deepotsava,dharmasthala,Dharmasthala,karnataka,11,November,November (5 days),"Western Ghats canopy, Hampi boulders, coastal lagoons","Western Ghats canopy, Hampi boulders, coastal lagoons establishing wide shot — no figures, no signage with text",static establishing with subtle water-surface parallax,early morning,"early winter — crystalline cold light, cool blue mornings",icy cyan + warm low sun,"Cinematic 16:9 establishing shot, 6-8 seconds. Subject: Western Ghats canopy, Hampi boulders, coastal lagoons establishing wide shot — no figures, no signage with text. Location: Dharmasthala, karnataka, India (the host destination of the Laksha Deepotsava festival — do NOT render the festival itself, only the place at this time of year). Time of day: early morning. Atmosphere: early winter — crystalline cold light, cool blue mornings. Colour palette: icy cyan + warm low sun. Shot type: static establishing with subtle water-surface parallax. Style: documentary register (BBC/National Geographic feel), naturalistic colour grading, soft contrast, slight film grain. Composition: rule-of-thirds horizon, depth via foreground-midground-distance layering. Reference month: November.","no people, no human figures or silhouettes in foreground, no religious figures, sadhus, priests, monks, no specific religious attire (saffron robes, ceremonial clothing), no ritual objects (deities, idols, palanquins, ceremonial fire close-ups), no temple interiors or sanctum imagery, no signage with readable text, no on-screen graphics or overlays, no synthetic / cartoony rendering, no time-of-day mismatch (respect the requested mood)",https://pub-d8970c901de34c218926ebf4be1ed09a.r2.dev/destinations/dharmasthala.jpg,https://pub-bcda9bac2f63408880ee3f23aa3548e5.r2.dev/dharmasthala.mp4,https://www.nakshiq.com/en/festivals/laksha-deepotsava,https://www.nakshiq.com/hi/festivals/laksha-deepotsava,6,16:9,
B,fd725b5a-7ba3-4a3b-9f6f-d2717ff97b95,shivratri-at-mahabaleshwar-temple,Shivratri at Mahabaleshwar Temple,gokarna,Gokarna,karnataka,3,March,February-March (1 night),"Western Ghats canopy, Hampi boulders, coastal lagoons","temple-town exterior wide shot — sandstone or granite architecture, no figures, no idols visible",static establishing with subtle water-surface parallax,afternoon to dusk,"pre-summer warmth, dust in the air, soft hazy light","warm earth tones, ochre","Cinematic 16:9 establishing shot, 6-8 seconds. Subject: temple-town exterior wide shot — sandstone or granite architecture, no figures, no idols visible. Location: Gokarna, karnataka, India (the host destination of the Shivratri at Mahabaleshwar Temple festival — do NOT render the festival itself, only the place at this time of year). Time of day: afternoon to dusk. Atmosphere: pre-summer warmth, dust in the air, soft hazy light. Colour palette: warm earth tones, ochre. Shot type: static establishing with subtle water-surface parallax. Style: documentary register (BBC/National Geographic feel), naturalistic colour grading, soft contrast, slight film grain. Composition: rule-of-thirds horizon, depth via foreground-midground-distance layering. Reference month: March.","no people, no human figures or silhouettes in foreground, no religious figures, sadhus, priests, monks, no specific religious attire (saffron robes, ceremonial clothing), no ritual objects (deities, idols, palanquins, ceremonial fire close-ups), no temple interiors or sanctum imagery, no signage with readable text, no on-screen graphics or overlays, no synthetic / cartoony rendering, no time-of-day mismatch (respect the requested mood)",https://pub-d8970c901de34c218926ebf4be1ed09a.r2.dev/destinations/gokarna.jpg,https://pub-bcda9bac2f63408880ee3f23aa3548e5.r2.dev/gokarna.mp4,https://www.nakshiq.com/en/festivals/shivratri-at-mahabaleshwar-temple,https://www.nakshiq.com/hi/festivals/shivratri-at-mahabaleshwar-temple,6,16:9,"Religious site — exterior only, no idol or sanctum imagery."
C,36cd3a66-f157-4c4a-aa33-78b9994ac301,coffee-blossom-festival,Coffee Blossom Festival,chikmagalur,Chikmagalur,karnataka,3,March,March (weekend event),"Western Ghats canopy, Hampi boulders, coastal lagoons","Western Ghats canopy, Hampi boulders, coastal lagoons establishing wide shot — no figures, no signage with text",static establishing with subtle water-surface parallax,afternoon to dusk,"pre-summer warmth, dust in the air, soft hazy light","warm earth tones, ochre","Cinematic 16:9 establishing shot, 6-8 seconds. Subject: Western Ghats canopy, Hampi boulders, coastal lagoons establishing wide shot — no figures, no signage with text. Location: Chikmagalur, karnataka, India (the host destination of the Coffee Blossom Festival festival — do NOT render the festival itself, only the place at this time of year). Time of day: afternoon to dusk. Atmosphere: pre-summer warmth, dust in the air, soft hazy light. Colour palette: warm earth tones, ochre. Shot type: static establishing with subtle water-surface parallax. Style: documentary register (BBC/National Geographic feel), naturalistic colour grading, soft contrast, slight film grain. Composition: rule-of-thirds horizon, depth via foreground-midground-distance layering. Reference month: March.","no people, no human figures or silhouettes in foreground, no religious figures, sadhus, priests, monks, no specific religious attire (saffron robes, ceremonial clothing), no ritual objects (deities, idols, palanquins, ceremonial fire close-ups), no temple interiors or sanctum imagery, no signage with readable text, no on-screen graphics or overlays, no synthetic / cartoony rendering, no time-of-day mismatch (respect the requested mood)",https://pub-d8970c901de34c218926ebf4be1ed09a.r2.dev/destinations/chikmagalur.jpg,https://pub-bcda9bac2f63408880ee3f23aa3548e5.r2.dev/chikmagalur.mp4,https://www.nakshiq.com/en/festivals/coffee-blossom-festival,https://www.nakshiq.com/hi/festivals/coffee-blossom-festival,6,16:9,
C,3f9f4a49-6a56-4291-861c-5a6e3093b5ca,maha-shivratri-at-murudeshwar,Maha Shivratri at Murudeshwar,murudeshwar,Murudeshwar,karnataka,3,March,February-March,"Western Ghats canopy, Hampi boulders, coastal lagoons","Western Ghats canopy, Hampi boulders, coastal lagoons establishing wide shot — no figures, no signage with text",static establishing with subtle water-surface parallax,afternoon to dusk,"pre-summer warmth, dust in the air, soft hazy light","warm earth tones, ochre","Cinematic 16:9 establishing shot, 6-8 seconds. Subject: Western Ghats canopy, Hampi boulders, coastal lagoons establishing wide shot — no figures, no signage with text. Location: Murudeshwar, karnataka, India (the host destination of the Maha Shivratri at Murudeshwar festival — do NOT render the festival itself, only the place at this time of year). Time of day: afternoon to dusk. Atmosphere: pre-summer warmth, dust in the air, soft hazy light. Colour palette: warm earth tones, ochre. Shot type: static establishing with subtle water-surface parallax. Style: documentary register (BBC/National Geographic feel), naturalistic colour grading, soft contrast, slight film grain. Composition: rule-of-thirds horizon, depth via foreground-midground-distance layering. Reference month: March.","no people, no human figures or silhouettes in foreground, no religious figures, sadhus, priests, monks, no specific religious attire (saffron robes, ceremonial clothing), no ritual objects (deities, idols, palanquins, ceremonial fire close-ups), no temple interiors or sanctum imagery, no signage with readable text, no on-screen graphics or overlays, no synthetic / cartoony rendering, no time-of-day mismatch (respect the requested mood)",https://pub-d8970c901de34c218926ebf4be1ed09a.r2.dev/destinations/murudeshwar.jpg,https://pub-bcda9bac2f63408880ee3f23aa3548e5.r2.dev/murudeshwar.mp4,https://www.nakshiq.com/en/festivals/maha-shivratri-at-murudeshwar,https://www.nakshiq.com/hi/festivals/maha-shivratri-at-murudeshwar,6,16:9,
C,18326a2f-d206-4f58-a1ce-fceebcf46a27,nehru-trophy-boat-race,Nehru Trophy Boat Race,alleppey,Alleppey (Alappuzha),kerala,8,August,Second Saturday of August,"backwater canals, coconut palm rows, monsoon-wet stone","still water surface ripples, distant lantern-lit boats, no occupants visible",static establishing with subtle water-surface parallax,late morning shaft-light,"monsoon green, valley mist, sun shafts breaking through cloud",lush green + silver mist,"Cinematic 16:9 establishing shot, 6-8 seconds. Subject: still water surface ripples, distant lantern-lit boats, no occupants visible. Location: Alleppey (Alappuzha), kerala, India (the host destination of the Nehru Trophy Boat Race festival — do NOT render the festival itself, only the place at this time of year). Time of day: late morning shaft-light. Atmosphere: monsoon green, valley mist, sun shafts breaking through cloud. Colour palette: lush green + silver mist. Shot type: static establishing with subtle water-surface parallax. Style: documentary register (BBC/National Geographic feel), naturalistic colour grading, soft contrast, slight film grain. Composition: rule-of-thirds horizon, depth via foreground-midground-distance layering. Reference month: August.","no people, no human figures or silhouettes in foreground, no religious figures, sadhus, priests, monks, no specific religious attire (saffron robes, ceremonial clothing), no ritual objects (deities, idols, palanquins, ceremonial fire close-ups), no temple interiors or sanctum imagery, no signage with readable text, no on-screen graphics or overlays, no synthetic / cartoony rendering, no time-of-day mismatch (respect the requested mood)",https://pub-d8970c901de34c218926ebf4be1ed09a.r2.dev/destinations/alleppey.jpg,https://pub-bcda9bac2f63408880ee3f23aa3548e5.r2.dev/alleppey.mp4,https://www.nakshiq.com/en/festivals/nehru-trophy-boat-race,https://www.nakshiq.com/hi/festivals/nehru-trophy-boat-race,6,16:9,
A,92d79365-2738-489e-b82b-61b227d37790,alleppey-houseboat-onam,Alleppey Houseboat Onam,alleppey,Alleppey (Alappuzha),kerala,9,September,August-September (10 days),"backwater canals, coconut palm rows, monsoon-wet stone","ripening fields wide shot, no harvesters visible, distant grain stacks",static establishing with subtle water-surface parallax,afternoon clearing,"post-monsoon — lush green, crisp clarity, distant cumulus",vibrant greens + cobalt sky,"Cinematic 16:9 establishing shot, 6-8 seconds. Subject: ripening fields wide shot, no harvesters visible, distant grain stacks. Location: Alleppey (Alappuzha), kerala, India (the host destination of the Alleppey Houseboat Onam festival — do NOT render the festival itself, only the place at this time of year). Time of day: afternoon clearing. Atmosphere: post-monsoon — lush green, crisp clarity, distant cumulus. Colour palette: vibrant greens + cobalt sky. Shot type: static establishing with subtle water-surface parallax. Style: documentary register (BBC/National Geographic feel), naturalistic colour grading, soft contrast, slight film grain. Composition: rule-of-thirds horizon, depth via foreground-midground-distance layering. Reference month: September.","no people, no human figures or silhouettes in foreground, no religious figures, sadhus, priests, monks, no specific religious attire (saffron robes, ceremonial clothing), no ritual objects (deities, idols, palanquins, ceremonial fire close-ups), no temple interiors or sanctum imagery, no signage with readable text, no on-screen graphics or overlays, no synthetic / cartoony rendering, no time-of-day mismatch (respect the requested mood)",https://pub-d8970c901de34c218926ebf4be1ed09a.r2.dev/destinations/alleppey.jpg,https://pub-bcda9bac2f63408880ee3f23aa3548e5.r2.dev/alleppey.mp4,https://www.nakshiq.com/en/festivals/alleppey-houseboat-onam,https://www.nakshiq.com/hi/festivals/alleppey-houseboat-onam,6,16:9,"Monsoon month — saturated greens and wet textures, NOT dry-season look."
C,06e1c7ea-59f1-437c-9e86-c0c28117bdf3,thrissur-pooram,Thrissur Pooram,thrissur,Thrissur,kerala,4,April,"April-May (one day, full moon)","backwater canals, coconut palm rows, monsoon-wet stone","backwater canals, coconut palm rows, monsoon-wet stone establishing wide shot — no figures, no signage with text",static establishing with subtle water-surface parallax,evening golden hour,"pre-monsoon heat, light softening at dusk, dramatic cloud build-up",saturated warm orange,"Cinematic 16:9 establishing shot, 6-8 seconds. Subject: backwater canals, coconut palm rows, monsoon-wet stone establishing wide shot — no figures, no signage with text. Location: Thrissur, kerala, India (the host destination of the Thrissur Pooram festival — do NOT render the festival itself, only the place at this time of year). Time of day: evening golden hour. Atmosphere: pre-monsoon heat, light softening at dusk, dramatic cloud build-up. Colour palette: saturated warm orange. Shot type: static establishing with subtle water-surface parallax. Style: documentary register (BBC/National Geographic feel), naturalistic colour grading, soft contrast, slight film grain. Composition: rule-of-thirds horizon, depth via foreground-midground-distance layering. Reference month: April.","no people, no human figures or silhouettes in foreground, no religious figures, sadhus, priests, monks, no specific religious attire (saffron robes, ceremonial clothing), no ritual objects (deities, idols, palanquins, ceremonial fire close-ups), no temple interiors or sanctum imagery, no signage with readable text, no on-screen graphics or overlays, no synthetic / cartoony rendering, no time-of-day mismatch (respect the requested mood)",https://pub-d8970c901de34c218926ebf4be1ed09a.r2.dev/destinations/thrissur.jpg,https://pub-bcda9bac2f63408880ee3f23aa3548e5.r2.dev/thrissur.mp4,https://www.nakshiq.com/en/festivals/thrissur-pooram,https://www.nakshiq.com/hi/festivals/thrissur-pooram,6,16:9,
C,938c2e8b-8418-4256-a871-dfb7b6ed4b25,kochi-muziris-biennale,Kochi-Muziris Biennale,kochi,Kochi (Fort Kochi),kerala,12,December,December to March (3 months),"backwater canals, coconut palm rows, monsoon-wet stone","backwater canals, coconut palm rows, monsoon-wet stone establishing wide shot — no figures, no signage with text",static establishing with subtle water-surface parallax,blue hour + lantern light,"deep winter — frost, low mist, blue hour dominance",deep blue + amber pinpoints,"Cinematic 16:9 establishing shot, 6-8 seconds. Subject: backwater canals, coconut palm rows, monsoon-wet stone establishing wide shot — no figures, no signage with text. Location: Kochi (Fort Kochi), kerala, India (the host destination of the Kochi-Muziris Biennale festival — do NOT render the festival itself, only the place at this time of year). Time of day: blue hour + lantern light. Atmosphere: deep winter — frost, low mist, blue hour dominance. Colour palette: deep blue + amber pinpoints. Shot type: static establishing with subtle water-surface parallax. Style: documentary register (BBC/National Geographic feel), naturalistic colour grading, soft contrast, slight film grain. Composition: rule-of-thirds horizon, depth via foreground-midground-distance layering. Reference month: December.","no people, no human figures or silhouettes in foreground, no religious figures, sadhus, priests, monks, no specific religious attire (saffron robes, ceremonial clothing), no ritual objects (deities, idols, palanquins, ceremonial fire close-ups), no temple interiors or sanctum imagery, no signage with readable text, no on-screen graphics or overlays, no synthetic / cartoony rendering, no time-of-day mismatch (respect the requested mood)",https://pub-d8970c901de34c218926ebf4be1ed09a.r2.dev/destinations/kochi.jpg,https://pub-bcda9bac2f63408880ee3f23aa3548e5.r2.dev/kochi.mp4,https://www.nakshiq.com/en/festivals/kochi-muziris-biennale,https://www.nakshiq.com/hi/festivals/kochi-muziris-biennale,6,16:9,
C,0ef977cb-d15a-46af-8d01-e6a279b427d7,cochin-carnival,Cochin Carnival,kochi,Kochi (Fort Kochi),kerala,12,December,December 25 - January 1 (week-long),"backwater canals, coconut palm rows, monsoon-wet stone","empty fairground wide shot — tents, flags, dusty paths, no crowds, no readable signage",static establishing with subtle water-surface parallax,blue hour + lantern light,"deep winter — frost, low mist, blue hour dominance",deep blue + amber pinpoints,"Cinematic 16:9 establishing shot, 6-8 seconds. Subject: empty fairground wide shot — tents, flags, dusty paths, no crowds, no readable signage. Location: Kochi (Fort Kochi), kerala, India (the host destination of the Cochin Carnival festival — do NOT render the festival itself, only the place at this time of year). Time of day: blue hour + lantern light. Atmosphere: deep winter — frost, low mist, blue hour dominance. Colour palette: deep blue + amber pinpoints. Shot type: static establishing with subtle water-surface parallax. Style: documentary register (BBC/National Geographic feel), naturalistic colour grading, soft contrast, slight film grain. Composition: rule-of-thirds horizon, depth via foreground-midground-distance layering. Reference month: December.","no people, no human figures or silhouettes in foreground, no religious figures, sadhus, priests, monks, no specific religious attire (saffron robes, ceremonial clothing), no ritual objects (deities, idols, palanquins, ceremonial fire close-ups), no temple interiors or sanctum imagery, no signage with readable text, no on-screen graphics or overlays, no synthetic / cartoony rendering, no time-of-day mismatch (respect the requested mood)",https://pub-d8970c901de34c218926ebf4be1ed09a.r2.dev/destinations/kochi.jpg,https://pub-bcda9bac2f63408880ee3f23aa3548e5.r2.dev/kochi.mp4,https://www.nakshiq.com/en/festivals/cochin-carnival,https://www.nakshiq.com/hi/festivals/cochin-carnival,6,16:9,
C,d15733f1-d1fd-4a11-82fc-7eec5c819313,theyyam-season,Theyyam Season,kannur,Kannur,kerala,11,November,November to May (6 months),"backwater canals, coconut palm rows, monsoon-wet stone","backwater canals, coconut palm rows, monsoon-wet stone establishing wide shot — no figures, no signage with text",static establishing with subtle water-surface parallax,early morning,"early winter — crystalline cold light, cool blue mornings",icy cyan + warm low sun,"Cinematic 16:9 establishing shot, 6-8 seconds. Subject: backwater canals, coconut palm rows, monsoon-wet stone establishing wide shot — no figures, no signage with text. Location: Kannur, kerala, India (the host destination of the Theyyam Season festival — do NOT render the festival itself, only the place at this time of year). Time of day: early morning. Atmosphere: early winter — crystalline cold light, cool blue mornings. Colour palette: icy cyan + warm low sun. Shot type: static establishing with subtle water-surface parallax. Style: documentary register (BBC/National Geographic feel), naturalistic colour grading, soft contrast, slight film grain. Composition: rule-of-thirds horizon, depth via foreground-midground-distance layering. Reference month: November.","no people, no human figures or silhouettes in foreground, no religious figures, sadhus, priests, monks, no specific religious attire (saffron robes, ceremonial clothing), no ritual objects (deities, idols, palanquins, ceremonial fire close-ups), no temple interiors or sanctum imagery, no signage with readable text, no on-screen graphics or overlays, no synthetic / cartoony rendering, no time-of-day mismatch (respect the requested mood)",https://pub-d8970c901de34c218926ebf4be1ed09a.r2.dev/destinations/kannur.jpg,https://pub-bcda9bac2f63408880ee3f23aa3548e5.r2.dev/kannur.mp4,https://www.nakshiq.com/en/festivals/theyyam-season,https://www.nakshiq.com/hi/festivals/theyyam-season,6,16:9,
C,189f32db-deae-4d25-a4ad-05d3b6294a17,wayanad-food-festival,Wayanad Food Festival,wayanad,Wayanad,kerala,12,December,December (3 days),"backwater canals, coconut palm rows, monsoon-wet stone","empty market street — clay pots and steam, no vendors or customers visible",static establishing with subtle water-surface parallax,blue hour + lantern light,"deep winter — frost, low mist, blue hour dominance",deep blue + amber pinpoints,"Cinematic 16:9 establishing shot, 6-8 seconds. Subject: empty market street — clay pots and steam, no vendors or customers visible. Location: Wayanad, kerala, India (the host destination of the Wayanad Food Festival festival — do NOT render the festival itself, only the place at this time of year). Time of day: blue hour + lantern light. Atmosphere: deep winter — frost, low mist, blue hour dominance. Colour palette: deep blue + amber pinpoints. Shot type: static establishing with subtle water-surface parallax. Style: documentary register (BBC/National Geographic feel), naturalistic colour grading, soft contrast, slight film grain. Composition: rule-of-thirds horizon, depth via foreground-midground-distance layering. Reference month: December.","no people, no human figures or silhouettes in foreground, no religious figures, sadhus, priests, monks, no specific religious attire (saffron robes, ceremonial clothing), no ritual objects (deities, idols, palanquins, ceremonial fire close-ups), no temple interiors or sanctum imagery, no signage with readable text, no on-screen graphics or overlays, no synthetic / cartoony rendering, no time-of-day mismatch (respect the requested mood)",https://pub-d8970c901de34c218926ebf4be1ed09a.r2.dev/destinations/wayanad.jpg,https://pub-bcda9bac2f63408880ee3f23aa3548e5.r2.dev/wayanad.mp4,https://www.nakshiq.com/en/festivals/wayanad-food-festival,https://www.nakshiq.com/hi/festivals/wayanad-food-festival,6,16:9,
C,bd195538-dcff-44cc-92bb-bce770eb6e10,neelakurinji-bloom,Neelakurinji Bloom,munnar,Munnar,kerala,9,September,August-October (once every 12 years),"Munnar tea-garden geometric terraces, monsoon mist or winter clarity","vast flower-bed geometric rows, slow drift through colour fields, no people",static establishing with subtle parallax,afternoon shaft-light,"monsoon in the hills — mist drifts through deodar forest, sun shafts breaking cloud, wet stone glistens",saturated emerald + silver mist,"Cinematic 16:9 establishing shot, 6-8 seconds. Subject: vast flower-bed geometric rows, slow drift through colour fields, no people. Location: Munnar, kerala, India (the host destination of the Neelakurinji Bloom festival — do NOT render the festival itself, only the place at this time of year). Time of day: afternoon shaft-light. Atmosphere: monsoon in the hills — mist drifts through deodar forest, sun shafts breaking cloud, wet stone glistens. Colour palette: saturated emerald + silver mist. Shot type: static establishing with subtle parallax. Style: documentary register (BBC/National Geographic feel), naturalistic colour grading, soft contrast, slight film grain. Composition: rule-of-thirds horizon, depth via foreground-midground-distance layering. Reference month: September.","no people, no human figures or silhouettes in foreground, no religious figures, sadhus, priests, monks, no specific religious attire (saffron robes, ceremonial clothing), no ritual objects (deities, idols, palanquins, ceremonial fire close-ups), no temple interiors or sanctum imagery, no signage with readable text, no on-screen graphics or overlays, no synthetic / cartoony rendering, no time-of-day mismatch (respect the requested mood)",https://pub-d8970c901de34c218926ebf4be1ed09a.r2.dev/destinations/munnar.jpg,https://pub-bcda9bac2f63408880ee3f23aa3548e5.r2.dev/munnar.mp4,https://www.nakshiq.com/en/festivals/neelakurinji-bloom,https://www.nakshiq.com/hi/festivals/neelakurinji-bloom,6,16:9,
C,66f7a30e-d96d-4f1f-bebf-c2010955b36e,malabar-mahotsavam,Malabar Mahotsavam,kozhikode,Kozhikode (Calicut),kerala,1,January,January (3 days),"backwater canals, coconut palm rows, monsoon-wet stone","backwater canals, coconut palm rows, monsoon-wet stone establishing wide shot — no figures, no signage with text",static establishing with subtle water-surface parallax,blue hour pre-dawn,"winter clarity, low-angle sun, mist on rivers and lakes",cool blue + warm tungsten contrast,"Cinematic 16:9 establishing shot, 6-8 seconds. Subject: backwater canals, coconut palm rows, monsoon-wet stone establishing wide shot — no figures, no signage with text. Location: Kozhikode (Calicut), kerala, India (the host destination of the Malabar Mahotsavam festival — do NOT render the festival itself, only the place at this time of year). Time of day: blue hour pre-dawn. Atmosphere: winter clarity, low-angle sun, mist on rivers and lakes. Colour palette: cool blue + warm tungsten contrast. Shot type: static establishing with subtle water-surface parallax. Style: documentary register (BBC/National Geographic feel), naturalistic colour grading, soft contrast, slight film grain. Composition: rule-of-thirds horizon, depth via foreground-midground-distance layering. Reference month: January.","no people, no human figures or silhouettes in foreground, no religious figures, sadhus, priests, monks, no specific religious attire (saffron robes, ceremonial clothing), no ritual objects (deities, idols, palanquins, ceremonial fire close-ups), no temple interiors or sanctum imagery, no signage with readable text, no on-screen graphics or overlays, no synthetic / cartoony rendering, no time-of-day mismatch (respect the requested mood)",https://pub-d8970c901de34c218926ebf4be1ed09a.r2.dev/destinations/kozhikode.jpg,https://pub-bcda9bac2f63408880ee3f23aa3548e5.r2.dev/kozhikode.mp4,https://www.nakshiq.com/en/festivals/malabar-mahotsavam,https://www.nakshiq.com/hi/festivals/malabar-mahotsavam,6,16:9,
C,177c6157-33f7-4acf-b58b-6ce8ed8c3654,ashtamudi-craft-coir-festival,Ashtamudi Craft & Coir Festival,kollam,Kollam,kerala,2,February,February (5 days),"backwater canals, coconut palm rows, monsoon-wet stone","empty workshop interior — looms, dye-pots, raw cotton bales, no figures",static establishing with subtle water-surface parallax,early golden hour,"late-winter clarity, crisp light, dry air",warm amber + cold shadow,"Cinematic 16:9 establishing shot, 6-8 seconds. Subject: empty workshop interior — looms, dye-pots, raw cotton bales, no figures. Location: Kollam, kerala, India (the host destination of the Ashtamudi Craft & Coir Festival festival — do NOT render the festival itself, only the place at this time of year). Time of day: early golden hour. Atmosphere: late-winter clarity, crisp light, dry air. Colour palette: warm amber + cold shadow. Shot type: static establishing with subtle water-surface parallax. Style: documentary register (BBC/National Geographic feel), naturalistic colour grading, soft contrast, slight film grain. Composition: rule-of-thirds horizon, depth via foreground-midground-distance layering. Reference month: February.","no people, no human figures or silhouettes in foreground, no religious figures, sadhus, priests, monks, no specific religious attire (saffron robes, ceremonial clothing), no ritual objects (deities, idols, palanquins, ceremonial fire close-ups), no temple interiors or sanctum imagery, no signage with readable text, no on-screen graphics or overlays, no synthetic / cartoony rendering, no time-of-day mismatch (respect the requested mood)",https://pub-d8970c901de34c218926ebf4be1ed09a.r2.dev/destinations/kollam.jpg,https://pub-bcda9bac2f63408880ee3f23aa3548e5.r2.dev/kollam.mp4,https://www.nakshiq.com/en/festivals/ashtamudi-craft-coir-festival,https://www.nakshiq.com/hi/festivals/ashtamudi-craft-coir-festival,6,16:9,
C,aa89697f-84d4-4cff-9050-bd94705404ef,aranmula-boat-race,Aranmula Boat Race,alleppey,Alleppey (Alappuzha),kerala,9,September,September (Onam period),"backwater canals, coconut palm rows, monsoon-wet stone","still water surface ripples, distant lantern-lit boats, no occupants visible",static establishing with subtle water-surface parallax,afternoon clearing,"post-monsoon — lush green, crisp clarity, distant cumulus",vibrant greens + cobalt sky,"Cinematic 16:9 establishing shot, 6-8 seconds. Subject: still water surface ripples, distant lantern-lit boats, no occupants visible. Location: Alleppey (Alappuzha), kerala, India (the host destination of the Aranmula Boat Race festival — do NOT render the festival itself, only the place at this time of year). Time of day: afternoon clearing. Atmosphere: post-monsoon — lush green, crisp clarity, distant cumulus. Colour palette: vibrant greens + cobalt sky. Shot type: static establishing with subtle water-surface parallax. Style: documentary register (BBC/National Geographic feel), naturalistic colour grading, soft contrast, slight film grain. Composition: rule-of-thirds horizon, depth via foreground-midground-distance layering. Reference month: September.","no people, no human figures or silhouettes in foreground, no religious figures, sadhus, priests, monks, no specific religious attire (saffron robes, ceremonial clothing), no ritual objects (deities, idols, palanquins, ceremonial fire close-ups), no temple interiors or sanctum imagery, no signage with readable text, no on-screen graphics or overlays, no synthetic / cartoony rendering, no time-of-day mismatch (respect the requested mood)",https://pub-d8970c901de34c218926ebf4be1ed09a.r2.dev/destinations/alleppey.jpg,https://pub-bcda9bac2f63408880ee3f23aa3548e5.r2.dev/alleppey.mp4,https://www.nakshiq.com/en/festivals/aranmula-boat-race,https://www.nakshiq.com/hi/festivals/aranmula-boat-race,6,16:9,
C,6b4cc055-dfed-4e4e-8b65-c8677438458e,periyar-flower-show,Periyar Flower Show,thekkady,Thekkady (Periyar),kerala,1,January,January (3 days),"backwater canals, coconut palm rows, monsoon-wet stone","vast flower-bed geometric rows, slow drift through colour fields, no people",static establishing with subtle water-surface parallax,blue hour pre-dawn,"winter clarity, low-angle sun, mist on rivers and lakes",cool blue + warm tungsten contrast,"Cinematic 16:9 establishing shot, 6-8 seconds. Subject: vast flower-bed geometric rows, slow drift through colour fields, no people. Location: Thekkady (Periyar), kerala, India (the host destination of the Periyar Flower Show festival — do NOT render the festival itself, only the place at this time of year). Time of day: blue hour pre-dawn. Atmosphere: winter clarity, low-angle sun, mist on rivers and lakes. Colour palette: cool blue + warm tungsten contrast. Shot type: static establishing with subtle water-surface parallax. Style: documentary register (BBC/National Geographic feel), naturalistic colour grading, soft contrast, slight film grain. Composition: rule-of-thirds horizon, depth via foreground-midground-distance layering. Reference month: January.","no people, no human figures or silhouettes in foreground, no religious figures, sadhus, priests, monks, no specific religious attire (saffron robes, ceremonial clothing), no ritual objects (deities, idols, palanquins, ceremonial fire close-ups), no temple interiors or sanctum imagery, no signage with readable text, no on-screen graphics or overlays, no synthetic / cartoony rendering, no time-of-day mismatch (respect the requested mood)",https://pub-d8970c901de34c218926ebf4be1ed09a.r2.dev/destinations/thekkady.jpg,https://pub-bcda9bac2f63408880ee3f23aa3548e5.r2.dev/thekkady.mp4,https://www.nakshiq.com/en/festivals/periyar-flower-show,https://www.nakshiq.com/hi/festivals/periyar-flower-show,6,16:9,
A,2ff73362-df88-4cc9-bfbb-ac33423b650a,attukal-pongala,Attukal Pongala,trivandrum,Thiruvananthapuram (Trivandrum),kerala,3,March,February-March (1 day),"backwater canals, coconut palm rows, monsoon-wet stone","backwater canals, coconut palm rows, monsoon-wet stone establishing wide shot — no figures, no signage with text",static establishing with subtle water-surface parallax,afternoon to dusk,"pre-summer warmth, dust in the air, soft hazy light","warm earth tones, ochre","Cinematic 16:9 establishing shot, 6-8 seconds. Subject: backwater canals, coconut palm rows, monsoon-wet stone establishing wide shot — no figures, no signage with text. Location: Thiruvananthapuram (Trivandrum), kerala, India (the host destination of the Attukal Pongala festival — do NOT render the festival itself, only the place at this time of year). Time of day: afternoon to dusk. Atmosphere: pre-summer warmth, dust in the air, soft hazy light. Colour palette: warm earth tones, ochre. Shot type: static establishing with subtle water-surface parallax. Style: documentary register (BBC/National Geographic feel), naturalistic colour grading, soft contrast, slight film grain. Composition: rule-of-thirds horizon, depth via foreground-midground-distance layering. Reference month: March.","no people, no human figures or silhouettes in foreground, no religious figures, sadhus, priests, monks, no specific religious attire (saffron robes, ceremonial clothing), no ritual objects (deities, idols, palanquins, ceremonial fire close-ups), no temple interiors or sanctum imagery, no signage with readable text, no on-screen graphics or overlays, no synthetic / cartoony rendering, no time-of-day mismatch (respect the requested mood)",https://pub-d8970c901de34c218926ebf4be1ed09a.r2.dev/destinations/trivandrum.jpg,https://pub-bcda9bac2f63408880ee3f23aa3548e5.r2.dev/trivandrum.mp4,https://www.nakshiq.com/en/festivals/attukal-pongala,https://www.nakshiq.com/hi/festivals/attukal-pongala,6,16:9,
C,4992d1e0-f369-427f-897e-8b589bc58690,guruvayur-ekadashi,Guruvayur Ekadashi,guruvayur,Guruvayur,kerala,11,November,November-December (11th day of waning moon),"backwater canals, coconut palm rows, monsoon-wet stone","backwater canals, coconut palm rows, monsoon-wet stone establishing wide shot — no figures, no signage with text",static establishing with subtle water-surface parallax,early morning,"early winter — crystalline cold light, cool blue mornings",icy cyan + warm low sun,"Cinematic 16:9 establishing shot, 6-8 seconds. Subject: backwater canals, coconut palm rows, monsoon-wet stone establishing wide shot — no figures, no signage with text. Location: Guruvayur, kerala, India (the host destination of the Guruvayur Ekadashi festival — do NOT render the festival itself, only the place at this time of year). Time of day: early morning. Atmosphere: early winter — crystalline cold light, cool blue mornings. Colour palette: icy cyan + warm low sun. Shot type: static establishing with subtle water-surface parallax. Style: documentary register (BBC/National Geographic feel), naturalistic colour grading, soft contrast, slight film grain. Composition: rule-of-thirds horizon, depth via foreground-midground-distance layering. Reference month: November.","no people, no human figures or silhouettes in foreground, no religious figures, sadhus, priests, monks, no specific religious attire (saffron robes, ceremonial clothing), no ritual objects (deities, idols, palanquins, ceremonial fire close-ups), no temple interiors or sanctum imagery, no signage with readable text, no on-screen graphics or overlays, no synthetic / cartoony rendering, no time-of-day mismatch (respect the requested mood)",https://pub-d8970c901de34c218926ebf4be1ed09a.r2.dev/destinations/guruvayur.jpg,https://pub-bcda9bac2f63408880ee3f23aa3548e5.r2.dev/guruvayur.mp4,https://www.nakshiq.com/en/festivals/guruvayur-ekadashi,https://www.nakshiq.com/hi/festivals/guruvayur-ekadashi,6,16:9,
B,d0a56b54-b0a5-4b6b-a196-50eeb7dd2b79,bekal-fort-festival,Bekal Fort Festival,bekal,Bekal,kerala,1,January,January (3 days),"Bekal Fort wave-washed laterite ramparts, distant Arabian Sea, no figures","Bekal Fort wave-washed laterite ramparts, distant Arabian Sea, no figures establishing wide shot — no figures, no signage with text","static establishing, slight push-in, no figures in frame",blue hour pre-dawn,"winter clarity, low-angle sun, mist on rivers and lakes",cool blue + warm tungsten contrast,"Cinematic 16:9 establishing shot, 6-8 seconds. Subject: Bekal Fort wave-washed laterite ramparts, distant Arabian Sea, no figures establishing wide shot — no figures, no signage with text. Location: Bekal, kerala, India (the host destination of the Bekal Fort Festival festival — do NOT render the festival itself, only the place at this time of year). Time of day: blue hour pre-dawn. Atmosphere: winter clarity, low-angle sun, mist on rivers and lakes. Colour palette: cool blue + warm tungsten contrast. Shot type: static establishing, slight push-in, no figures in frame. Style: documentary register (BBC/National Geographic feel), naturalistic colour grading, soft contrast, slight film grain. Composition: rule-of-thirds horizon, depth via foreground-midground-distance layering. Reference month: January.","no people, no human figures or silhouettes in foreground, no religious figures, sadhus, priests, monks, no specific religious attire (saffron robes, ceremonial clothing), no ritual objects (deities, idols, palanquins, ceremonial fire close-ups), no temple interiors or sanctum imagery, no signage with readable text, no on-screen graphics or overlays, no synthetic / cartoony rendering, no time-of-day mismatch (respect the requested mood)",https://pub-d8970c901de34c218926ebf4be1ed09a.r2.dev/destinations/bekal.jpg,https://pub-bcda9bac2f63408880ee3f23aa3548e5.r2.dev/bekal.mp4,https://www.nakshiq.com/en/festivals/bekal-fort-festival,https://www.nakshiq.com/hi/festivals/bekal-fort-festival,6,16:9,
C,85598891-975e-4c41-938e-f7a71d4be8b6,varkala-sivagiri-pilgrimage,Varkala Sivagiri Pilgrimage,varkala,Varkala,kerala,12,December,December 30 - January 1,"backwater canals, coconut palm rows, monsoon-wet stone","long mountain road or trail receding into distance, no pilgrims visible",static establishing with subtle water-surface parallax,blue hour + lantern light,"deep winter — frost, low mist, blue hour dominance",deep blue + amber pinpoints,"Cinematic 16:9 establishing shot, 6-8 seconds. Subject: long mountain road or trail receding into distance, no pilgrims visible. Location: Varkala, kerala, India (the host destination of the Varkala Sivagiri Pilgrimage festival — do NOT render the festival itself, only the place at this time of year). Time of day: blue hour + lantern light. Atmosphere: deep winter — frost, low mist, blue hour dominance. Colour palette: deep blue + amber pinpoints. Shot type: static establishing with subtle water-surface parallax. Style: documentary register (BBC/National Geographic feel), naturalistic colour grading, soft contrast, slight film grain. Composition: rule-of-thirds horizon, depth via foreground-midground-distance layering. Reference month: December.","no people, no human figures or silhouettes in foreground, no religious figures, sadhus, priests, monks, no specific religious attire (saffron robes, ceremonial clothing), no ritual objects (deities, idols, palanquins, ceremonial fire close-ups), no temple interiors or sanctum imagery, no signage with readable text, no on-screen graphics or overlays, no synthetic / cartoony rendering, no time-of-day mismatch (respect the requested mood)",https://pub-d8970c901de34c218926ebf4be1ed09a.r2.dev/destinations/varkala.jpg,https://pub-bcda9bac2f63408880ee3f23aa3548e5.r2.dev/varkala.mp4,https://www.nakshiq.com/en/festivals/varkala-sivagiri-pilgrimage,https://www.nakshiq.com/hi/festivals/varkala-sivagiri-pilgrimage,6,16:9,
C,6f97d0ef-a76f-4498-80d5-122d3bcdfe67,chalakudy-river-festival,Chalakudy River Festival,athirapally,Athirapally Falls,kerala,11,November,November (2 days),"backwater canals, coconut palm rows, monsoon-wet stone","river current detail, ghats (architecture only, no figures), low mist on water",static establishing with subtle water-surface parallax,early morning,"early winter — crystalline cold light, cool blue mornings",icy cyan + warm low sun,"Cinematic 16:9 establishing shot, 6-8 seconds. Subject: river current detail, ghats (architecture only, no figures), low mist on water. Location: Athirapally Falls, kerala, India (the host destination of the Chalakudy River Festival festival — do NOT render the festival itself, only the place at this time of year). Time of day: early morning. Atmosphere: early winter — crystalline cold light, cool blue mornings. Colour palette: icy cyan + warm low sun. Shot type: static establishing with subtle water-surface parallax. Style: documentary register (BBC/National Geographic feel), naturalistic colour grading, soft contrast, slight film grain. Composition: rule-of-thirds horizon, depth via foreground-midground-distance layering. Reference month: November.","no people, no human figures or silhouettes in foreground, no religious figures, sadhus, priests, monks, no specific religious attire (saffron robes, ceremonial clothing), no ritual objects (deities, idols, palanquins, ceremonial fire close-ups), no temple interiors or sanctum imagery, no signage with readable text, no on-screen graphics or overlays, no synthetic / cartoony rendering, no time-of-day mismatch (respect the requested mood)",https://pub-d8970c901de34c218926ebf4be1ed09a.r2.dev/destinations/athirapally.jpg,https://pub-bcda9bac2f63408880ee3f23aa3548e5.r2.dev/athirapally.mp4,https://www.nakshiq.com/en/festivals/chalakudy-river-festival,https://www.nakshiq.com/hi/festivals/chalakudy-river-festival,6,16:9,
C,0a4d1487-2505-4948-9063-19a3b8344cbe,kovalam-literary-festival,Kovalam Literary Festival,kovalam,Kovalam,kerala,12,December,December (3 days),"backwater canals, coconut palm rows, monsoon-wet stone","Mughal-era palace courtyard exterior, light filtering through stone arches, empty stone benches",static establishing with subtle water-surface parallax,blue hour + lantern light,"deep winter — frost, low mist, blue hour dominance",deep blue + amber pinpoints,"Cinematic 16:9 establishing shot, 6-8 seconds. Subject: Mughal-era palace courtyard exterior, light filtering through stone arches, empty stone benches. Location: Kovalam, kerala, India (the host destination of the Kovalam Literary Festival festival — do NOT render the festival itself, only the place at this time of year). Time of day: blue hour + lantern light. Atmosphere: deep winter — frost, low mist, blue hour dominance. Colour palette: deep blue + amber pinpoints. Shot type: static establishing with subtle water-surface parallax. Style: documentary register (BBC/National Geographic feel), naturalistic colour grading, soft contrast, slight film grain. Composition: rule-of-thirds horizon, depth via foreground-midground-distance layering. Reference month: December.","no people, no human figures or silhouettes in foreground, no religious figures, sadhus, priests, monks, no specific religious attire (saffron robes, ceremonial clothing), no ritual objects (deities, idols, palanquins, ceremonial fire close-ups), no temple interiors or sanctum imagery, no signage with readable text, no on-screen graphics or overlays, no synthetic / cartoony rendering, no time-of-day mismatch (respect the requested mood)",https://pub-d8970c901de34c218926ebf4be1ed09a.r2.dev/destinations/kovalam.jpg,https://pub-bcda9bac2f63408880ee3f23aa3548e5.r2.dev/kovalam.mp4,https://www.nakshiq.com/en/festivals/kovalam-literary-festival,https://www.nakshiq.com/hi/festivals/kovalam-literary-festival,6,16:9,
C,4e71bb19-f2e2-4664-bc6b-17ea6ca7221e,chithirai-festival,Chithirai Festival,madurai,Madurai,tamil nadu,4,April,April-May (12 days),"Meenakshi temple gopurams (exterior only, no idols), surrounding streets at low light","Meenakshi temple gopurams (exterior only, no idols), surrounding streets at low light establishing wide shot — no figures, no signage with text","static establishing, slight push-in, no figures in frame",evening golden hour,"pre-monsoon heat, light softening at dusk, dramatic cloud build-up",saturated warm orange,"Cinematic 16:9 establishing shot, 6-8 seconds. Subject: Meenakshi temple gopurams (exterior only, no idols), surrounding streets at low light establishing wide shot — no figures, no signage with text. Location: Madurai, tamil nadu, India (the host destination of the Chithirai Festival festival — do NOT render the festival itself, only the place at this time of year). Time of day: evening golden hour. Atmosphere: pre-monsoon heat, light softening at dusk, dramatic cloud build-up. Colour palette: saturated warm orange. Shot type: static establishing, slight push-in, no figures in frame. Style: documentary register (BBC/National Geographic feel), naturalistic colour grading, soft contrast, slight film grain. Composition: rule-of-thirds horizon, depth via foreground-midground-distance layering. Reference month: April.","no people, no human figures or silhouettes in foreground, no religious figures, sadhus, priests, monks, no specific religious attire (saffron robes, ceremonial clothing), no ritual objects (deities, idols, palanquins, ceremonial fire close-ups), no temple interiors or sanctum imagery, no signage with readable text, no on-screen graphics or overlays, no synthetic / cartoony rendering, no time-of-day mismatch (respect the requested mood)",https://pub-d8970c901de34c218926ebf4be1ed09a.r2.dev/destinations/madurai.jpg,https://pub-bcda9bac2f63408880ee3f23aa3548e5.r2.dev/madurai.mp4,https://www.nakshiq.com/en/festivals/chithirai-festival,https://www.nakshiq.com/hi/festivals/chithirai-festival,6,16:9,
A,d3c76ad7-a1d1-49ca-967f-32039b30f96d,float-festival-teppam,Float Festival (Teppam),madurai,Madurai,tamil nadu,1,January,January-February (full moon night),"Meenakshi temple gopurams (exterior only, no idols), surrounding streets at low light","still water surface ripples, distant lantern-lit boats, no occupants visible","static establishing, slight push-in, no figures in frame",blue hour pre-dawn,"winter clarity, low-angle sun, mist on rivers and lakes",cool blue + warm tungsten contrast,"Cinematic 16:9 establishing shot, 6-8 seconds. Subject: still water surface ripples, distant lantern-lit boats, no occupants visible. Location: Madurai, tamil nadu, India (the host destination of the Float Festival (Teppam) festival — do NOT render the festival itself, only the place at this time of year). Time of day: blue hour pre-dawn. Atmosphere: winter clarity, low-angle sun, mist on rivers and lakes. Colour palette: cool blue + warm tungsten contrast. Shot type: static establishing, slight push-in, no figures in frame. Style: documentary register (BBC/National Geographic feel), naturalistic colour grading, soft contrast, slight film grain. Composition: rule-of-thirds horizon, depth via foreground-midground-distance layering. Reference month: January.","no people, no human figures or silhouettes in foreground, no religious figures, sadhus, priests, monks, no specific religious attire (saffron robes, ceremonial clothing), no ritual objects (deities, idols, palanquins, ceremonial fire close-ups), no temple interiors or sanctum imagery, no signage with readable text, no on-screen graphics or overlays, no synthetic / cartoony rendering, no time-of-day mismatch (respect the requested mood)",https://pub-d8970c901de34c218926ebf4be1ed09a.r2.dev/destinations/madurai.jpg,https://pub-bcda9bac2f63408880ee3f23aa3548e5.r2.dev/madurai.mp4,https://www.nakshiq.com/en/festivals/float-festival-teppam,https://www.nakshiq.com/hi/festivals/float-festival-teppam,6,16:9,
C,e75b2094-29b9-44cc-a798-f06cd6d3036b,margazhi-music-season,Margazhi Music Season,chennai,Chennai,tamil nadu,12,December,December 15 - January 15 (month-long),"Marina beach wide shot at first light, distant horizon, no figures","Marina beach wide shot at first light, distant horizon, no figures establishing wide shot — no figures, no signage with text",static establishing with subtle parallax,blue hour + lantern light,"deep winter — frost, low mist, blue hour dominance",deep blue + amber pinpoints,"Cinematic 16:9 establishing shot, 6-8 seconds. Subject: Marina beach wide shot at first light, distant horizon, no figures establishing wide shot — no figures, no signage with text. Location: Chennai, tamil nadu, India (the host destination of the Margazhi Music Season festival — do NOT render the festival itself, only the place at this time of year). Time of day: blue hour + lantern light. Atmosphere: deep winter — frost, low mist, blue hour dominance. Colour palette: deep blue + amber pinpoints. Shot type: static establishing with subtle parallax. Style: documentary register (BBC/National Geographic feel), naturalistic colour grading, soft contrast, slight film grain. Composition: rule-of-thirds horizon, depth via foreground-midground-distance layering. Reference month: December.","no people, no human figures or silhouettes in foreground, no religious figures, sadhus, priests, monks, no specific religious attire (saffron robes, ceremonial clothing), no ritual objects (deities, idols, palanquins, ceremonial fire close-ups), no temple interiors or sanctum imagery, no signage with readable text, no on-screen graphics or overlays, no synthetic / cartoony rendering, no time-of-day mismatch (respect the requested mood)",https://pub-d8970c901de34c218926ebf4be1ed09a.r2.dev/destinations/chennai.jpg,https://pub-bcda9bac2f63408880ee3f23aa3548e5.r2.dev/chennai.mp4,https://www.nakshiq.com/en/festivals/margazhi-music-season,https://www.nakshiq.com/hi/festivals/margazhi-music-season,6,16:9,
A,af5a0b84-6ed9-4efc-aec6-891cbf0e8222,pongal-chennai,Pongal,chennai,Chennai,tamil nadu,1,January,January 14-17 (4 days),"Marina beach wide shot at first light, distant horizon, no figures","ripening fields wide shot, no harvesters visible, distant grain stacks",static establishing with subtle parallax,blue hour pre-dawn,"winter clarity, low-angle sun, mist on rivers and lakes",cool blue + warm tungsten contrast,"Cinematic 16:9 establishing shot, 6-8 seconds. Subject: ripening fields wide shot, no harvesters visible, distant grain stacks. Location: Chennai, tamil nadu, India (the host destination of the Pongal festival — do NOT render the festival itself, only the place at this time of year). Time of day: blue hour pre-dawn. Atmosphere: winter clarity, low-angle sun, mist on rivers and lakes. Colour palette: cool blue + warm tungsten contrast. Shot type: static establishing with subtle parallax. Style: documentary register (BBC/National Geographic feel), naturalistic colour grading, soft contrast, slight film grain. Composition: rule-of-thirds horizon, depth via foreground-midground-distance layering. Reference month: January.","no people, no human figures or silhouettes in foreground, no religious figures, sadhus, priests, monks, no specific religious attire (saffron robes, ceremonial clothing), no ritual objects (deities, idols, palanquins, ceremonial fire close-ups), no temple interiors or sanctum imagery, no signage with readable text, no on-screen graphics or overlays, no synthetic / cartoony rendering, no time-of-day mismatch (respect the requested mood)",https://pub-d8970c901de34c218926ebf4be1ed09a.r2.dev/destinations/chennai.jpg,https://pub-bcda9bac2f63408880ee3f23aa3548e5.r2.dev/chennai.mp4,https://www.nakshiq.com/en/festivals/pongal-chennai,https://www.nakshiq.com/hi/festivals/pongal-chennai,6,16:9,
C,911b0b37-8373-4d1d-8db7-5eb80ec6d3da,natyanjali-dance-festival,Natyanjali Dance Festival,chidambaram,Chidambaram,tamil nadu,2,February,February-March (5 days during Maha Shivaratri),"Coromandel coast, granite temple towers (exterior only), dry scrub","ancient stone amphitheater steps, distant lights, no performers in frame",static establishing with subtle water-surface parallax,early golden hour,"late-winter clarity, crisp light, dry air",warm amber + cold shadow,"Cinematic 16:9 establishing shot, 6-8 seconds. Subject: ancient stone amphitheater steps, distant lights, no performers in frame. Location: Chidambaram, tamil nadu, India (the host destination of the Natyanjali Dance Festival festival — do NOT render the festival itself, only the place at this time of year). Time of day: early golden hour. Atmosphere: late-winter clarity, crisp light, dry air. Colour palette: warm amber + cold shadow. Shot type: static establishing with subtle water-surface parallax. Style: documentary register (BBC/National Geographic feel), naturalistic colour grading, soft contrast, slight film grain. Composition: rule-of-thirds horizon, depth via foreground-midground-distance layering. Reference month: February.","no people, no human figures or silhouettes in foreground, no religious figures, sadhus, priests, monks, no specific religious attire (saffron robes, ceremonial clothing), no ritual objects (deities, idols, palanquins, ceremonial fire close-ups), no temple interiors or sanctum imagery, no signage with readable text, no on-screen graphics or overlays, no synthetic / cartoony rendering, no time-of-day mismatch (respect the requested mood)",https://pub-d8970c901de34c218926ebf4be1ed09a.r2.dev/destinations/chidambaram.jpg,https://pub-bcda9bac2f63408880ee3f23aa3548e5.r2.dev/chidambaram.mp4,https://www.nakshiq.com/en/festivals/natyanjali-dance-festival,https://www.nakshiq.com/hi/festivals/natyanjali-dance-festival,6,16:9,
C,7eb02557-973a-4df4-8864-b7e90de4acac,ooty-flower-show,Ooty Flower Show,ooty,Ooty (Udagamandalam),tamil nadu,5,May,May (3 days),"Nilgiri tea-garden ridges, eucalyptus stands, cloud-shadow play","vast flower-bed geometric rows, slow drift through colour fields, no people",slow drone pull-back revealing the wider valley,early morning,"alpine spring — clear cold air, snow-melt streams, distant high-altitude peaks",snow-white + emerald + cobalt sky,"Cinematic 16:9 establishing shot, 6-8 seconds. Subject: vast flower-bed geometric rows, slow drift through colour fields, no people. Location: Ooty (Udagamandalam), tamil nadu, India (the host destination of the Ooty Flower Show festival — do NOT render the festival itself, only the place at this time of year). Time of day: early morning. Atmosphere: alpine spring — clear cold air, snow-melt streams, distant high-altitude peaks. Colour palette: snow-white + emerald + cobalt sky. Shot type: slow drone pull-back revealing the wider valley. Style: documentary register (BBC/National Geographic feel), naturalistic colour grading, soft contrast, slight film grain. Composition: rule-of-thirds horizon, depth via foreground-midground-distance layering. Reference month: May.","no people, no human figures or silhouettes in foreground, no religious figures, sadhus, priests, monks, no specific religious attire (saffron robes, ceremonial clothing), no ritual objects (deities, idols, palanquins, ceremonial fire close-ups), no temple interiors or sanctum imagery, no signage with readable text, no on-screen graphics or overlays, no synthetic / cartoony rendering, no time-of-day mismatch (respect the requested mood)",https://pub-d8970c901de34c218926ebf4be1ed09a.r2.dev/destinations/ooty.jpg,https://pub-bcda9bac2f63408880ee3f23aa3548e5.r2.dev/ooty.mp4,https://www.nakshiq.com/en/festivals/ooty-flower-show,https://www.nakshiq.com/hi/festivals/ooty-flower-show,6,16:9,
B,82752683-e05d-49aa-ac01-80541aa4258d,brihadeeswara-temple-festival,Brihadeeswara Temple Festival,thanjavur,Thanjavur (Tanjore),tamil nadu,2,February,February (10 days),"Brihadeeswarar temple exterior wide shot, courtyard geometry, no figures","temple-town exterior wide shot — sandstone or granite architecture, no figures, no idols visible","static establishing, slight push-in, no figures in frame",early golden hour,"late-winter clarity, crisp light, dry air",warm amber + cold shadow,"Cinematic 16:9 establishing shot, 6-8 seconds. Subject: temple-town exterior wide shot — sandstone or granite architecture, no figures, no idols visible. Location: Thanjavur (Tanjore), tamil nadu, India (the host destination of the Brihadeeswara Temple Festival festival — do NOT render the festival itself, only the place at this time of year). Time of day: early golden hour. Atmosphere: late-winter clarity, crisp light, dry air. Colour palette: warm amber + cold shadow. Shot type: static establishing, slight push-in, no figures in frame. Style: documentary register (BBC/National Geographic feel), naturalistic colour grading, soft contrast, slight film grain. Composition: rule-of-thirds horizon, depth via foreground-midground-distance layering. Reference month: February.","no people, no human figures or silhouettes in foreground, no religious figures, sadhus, priests, monks, no specific religious attire (saffron robes, ceremonial clothing), no ritual objects (deities, idols, palanquins, ceremonial fire close-ups), no temple interiors or sanctum imagery, no signage with readable text, no on-screen graphics or overlays, no synthetic / cartoony rendering, no time-of-day mismatch (respect the requested mood)",https://pub-d8970c901de34c218926ebf4be1ed09a.r2.dev/destinations/thanjavur.jpg,https://pub-bcda9bac2f63408880ee3f23aa3548e5.r2.dev/thanjavur.mp4,https://www.nakshiq.com/en/festivals/brihadeeswara-temple-festival,https://www.nakshiq.com/hi/festivals/brihadeeswara-temple-festival,6,16:9,"Religious site — exterior only, no idol or sanctum imagery."
A,cfb901a1-660f-4b75-b338-04200bb98bae,maha-shivaratri-rameswaram,Maha Shivaratri,rameswaram,Rameswaram,tamil nadu,3,March,February-March,"Coromandel coast, granite temple towers (exterior only), dry scrub","Coromandel coast, granite temple towers (exterior only), dry scrub establishing wide shot — no figures, no signage with text",static establishing with subtle water-surface parallax,afternoon to dusk,"pre-summer warmth, dust in the air, soft hazy light","warm earth tones, ochre","Cinematic 16:9 establishing shot, 6-8 seconds. Subject: Coromandel coast, granite temple towers (exterior only), dry scrub establishing wide shot — no figures, no signage with text. Location: Rameswaram, tamil nadu, India (the host destination of the Maha Shivaratri festival — do NOT render the festival itself, only the place at this time of year). Time of day: afternoon to dusk. Atmosphere: pre-summer warmth, dust in the air, soft hazy light. Colour palette: warm earth tones, ochre. Shot type: static establishing with subtle water-surface parallax. Style: documentary register (BBC/National Geographic feel), naturalistic colour grading, soft contrast, slight film grain. Composition: rule-of-thirds horizon, depth via foreground-midground-distance layering. Reference month: March.","no people, no human figures or silhouettes in foreground, no religious figures, sadhus, priests, monks, no specific religious attire (saffron robes, ceremonial clothing), no ritual objects (deities, idols, palanquins, ceremonial fire close-ups), no temple interiors or sanctum imagery, no signage with readable text, no on-screen graphics or overlays, no synthetic / cartoony rendering, no time-of-day mismatch (respect the requested mood)",https://pub-d8970c901de34c218926ebf4be1ed09a.r2.dev/destinations/rameswaram.jpg,https://pub-bcda9bac2f63408880ee3f23aa3548e5.r2.dev/rameswaram.mp4,https://www.nakshiq.com/en/festivals/maha-shivaratri-rameswaram,https://www.nakshiq.com/hi/festivals/maha-shivaratri-rameswaram,6,16:9,
C,c02103f7-5971-4216-b2e9-e897d9a7d568,bastille-day-celebration,Bastille Day Celebration,pondicherry,Pondicherry (Puducherry),tamil nadu,7,July,July 14 (1 day),"Coromandel coast, granite temple towers (exterior only), dry scrub","Coromandel coast, granite temple towers (exterior only), dry scrub establishing wide shot — no figures, no signage with text",static establishing with subtle water-surface parallax,post-rain twilight,"deep monsoon — saturated greens, wet roads reflecting light, low cloud",deep emerald + slate,"Cinematic 16:9 establishing shot, 6-8 seconds. Subject: Coromandel coast, granite temple towers (exterior only), dry scrub establishing wide shot — no figures, no signage with text. Location: Pondicherry (Puducherry), tamil nadu, India (the host destination of the Bastille Day Celebration festival — do NOT render the festival itself, only the place at this time of year). Time of day: post-rain twilight. Atmosphere: deep monsoon — saturated greens, wet roads reflecting light, low cloud. Colour palette: deep emerald + slate. Shot type: static establishing with subtle water-surface parallax. Style: documentary register (BBC/National Geographic feel), naturalistic colour grading, soft contrast, slight film grain. Composition: rule-of-thirds horizon, depth via foreground-midground-distance layering. Reference month: July.","no people, no human figures or silhouettes in foreground, no religious figures, sadhus, priests, monks, no specific religious attire (saffron robes, ceremonial clothing), no ritual objects (deities, idols, palanquins, ceremonial fire close-ups), no temple interiors or sanctum imagery, no signage with readable text, no on-screen graphics or overlays, no synthetic / cartoony rendering, no time-of-day mismatch (respect the requested mood)",https://pub-d8970c901de34c218926ebf4be1ed09a.r2.dev/destinations/pondicherry.jpg,https://pub-bcda9bac2f63408880ee3f23aa3548e5.r2.dev/pondicherry.mp4,https://www.nakshiq.com/en/festivals/bastille-day-celebration,https://www.nakshiq.com/hi/festivals/bastille-day-celebration,6,16:9,
C,7cda6cc4-48cd-43bf-a978-3fcbca303b10,vivekananda-jayanti-national-youth-day,Vivekananda Jayanti / National Youth Day,kanyakumari,Kanyakumari,tamil nadu,1,January,January 12,"Coromandel coast, granite temple towers (exterior only), dry scrub","Coromandel coast, granite temple towers (exterior only), dry scrub establishing wide shot — no figures, no signage with text",static establishing with subtle water-surface parallax,blue hour pre-dawn,"winter clarity, low-angle sun, mist on rivers and lakes",cool blue + warm tungsten contrast,"Cinematic 16:9 establishing shot, 6-8 seconds. Subject: Coromandel coast, granite temple towers (exterior only), dry scrub establishing wide shot — no figures, no signage with text. Location: Kanyakumari, tamil nadu, India (the host destination of the Vivekananda Jayanti / National Youth Day festival — do NOT render the festival itself, only the place at this time of year). Time of day: blue hour pre-dawn. Atmosphere: winter clarity, low-angle sun, mist on rivers and lakes. Colour palette: cool blue + warm tungsten contrast. Shot type: static establishing with subtle water-surface parallax. Style: documentary register (BBC/National Geographic feel), naturalistic colour grading, soft contrast, slight film grain. Composition: rule-of-thirds horizon, depth via foreground-midground-distance layering. Reference month: January.","no people, no human figures or silhouettes in foreground, no religious figures, sadhus, priests, monks, no specific religious attire (saffron robes, ceremonial clothing), no ritual objects (deities, idols, palanquins, ceremonial fire close-ups), no temple interiors or sanctum imagery, no signage with readable text, no on-screen graphics or overlays, no synthetic / cartoony rendering, no time-of-day mismatch (respect the requested mood)",https://pub-d8970c901de34c218926ebf4be1ed09a.r2.dev/destinations/kanyakumari.jpg,https://pub-bcda9bac2f63408880ee3f23aa3548e5.r2.dev/kanyakumari.mp4,https://www.nakshiq.com/en/festivals/vivekananda-jayanti-national-youth-day,https://www.nakshiq.com/hi/festivals/vivekananda-jayanti-national-youth-day,6,16:9,
C,c88e6ddb-d8b9-42de-ae57-e29db206af16,mahamaham-festival,Mahamaham Festival,kumbakonam,Kumbakonam,tamil nadu,2,February,Once every 12 years (when Jupiter enters Leo),"Coromandel coast, granite temple towers (exterior only), dry scrub","Coromandel coast, granite temple towers (exterior only), dry scrub establishing wide shot — no figures, no signage with text",static establishing with subtle water-surface parallax,early golden hour,"late-winter clarity, crisp light, dry air",warm amber + cold shadow,"Cinematic 16:9 establishing shot, 6-8 seconds. Subject: Coromandel coast, granite temple towers (exterior only), dry scrub establishing wide shot — no figures, no signage with text. Location: Kumbakonam, tamil nadu, India (the host destination of the Mahamaham Festival festival — do NOT render the festival itself, only the place at this time of year). Time of day: early golden hour. Atmosphere: late-winter clarity, crisp light, dry air. Colour palette: warm amber + cold shadow. Shot type: static establishing with subtle water-surface parallax. Style: documentary register (BBC/National Geographic feel), naturalistic colour grading, soft contrast, slight film grain. Composition: rule-of-thirds horizon, depth via foreground-midground-distance layering. Reference month: February.","no people, no human figures or silhouettes in foreground, no religious figures, sadhus, priests, monks, no specific religious attire (saffron robes, ceremonial clothing), no ritual objects (deities, idols, palanquins, ceremonial fire close-ups), no temple interiors or sanctum imagery, no signage with readable text, no on-screen graphics or overlays, no synthetic / cartoony rendering, no time-of-day mismatch (respect the requested mood)",https://pub-d8970c901de34c218926ebf4be1ed09a.r2.dev/destinations/kumbakonam.jpg,https://pub-bcda9bac2f63408880ee3f23aa3548e5.r2.dev/kumbakonam.mp4,https://www.nakshiq.com/en/festivals/mahamaham-festival,https://www.nakshiq.com/hi/festivals/mahamaham-festival,6,16:9,
C,9c727e39-ce29-4faa-85d5-5f3866d42e04,vaikunta-ekadashi,Vaikunta Ekadashi,srirangam,Srirangam,tamil nadu,12,December,December (1 day — 11th day of Margazhi),"Coromandel coast, granite temple towers (exterior only), dry scrub","Coromandel coast, granite temple towers (exterior only), dry scrub establishing wide shot — no figures, no signage with text",static establishing with subtle water-surface parallax,blue hour + lantern light,"deep winter — frost, low mist, blue hour dominance",deep blue + amber pinpoints,"Cinematic 16:9 establishing shot, 6-8 seconds. Subject: Coromandel coast, granite temple towers (exterior only), dry scrub establishing wide shot — no figures, no signage with text. Location: Srirangam, tamil nadu, India (the host destination of the Vaikunta Ekadashi festival — do NOT render the festival itself, only the place at this time of year). Time of day: blue hour + lantern light. Atmosphere: deep winter — frost, low mist, blue hour dominance. Colour palette: deep blue + amber pinpoints. Shot type: static establishing with subtle water-surface parallax. Style: documentary register (BBC/National Geographic feel), naturalistic colour grading, soft contrast, slight film grain. Composition: rule-of-thirds horizon, depth via foreground-midground-distance layering. Reference month: December.","no people, no human figures or silhouettes in foreground, no religious figures, sadhus, priests, monks, no specific religious attire (saffron robes, ceremonial clothing), no ritual objects (deities, idols, palanquins, ceremonial fire close-ups), no temple interiors or sanctum imagery, no signage with readable text, no on-screen graphics or overlays, no synthetic / cartoony rendering, no time-of-day mismatch (respect the requested mood)",https://pub-d8970c901de34c218926ebf4be1ed09a.r2.dev/destinations/srirangam.jpg,https://pub-bcda9bac2f63408880ee3f23aa3548e5.r2.dev/srirangam.mp4,https://www.nakshiq.com/en/festivals/vaikunta-ekadashi,https://www.nakshiq.com/hi/festivals/vaikunta-ekadashi,6,16:9,
B,310f4960-533a-4bb4-b1c4-57cf0246e023,chettinad-heritage-walk-festival,Chettinad Heritage Walk Festival,chettinad,Chettinad,tamil nadu,12,December,December (2 days),"Coromandel coast, granite temple towers (exterior only), dry scrub","Coromandel coast, granite temple towers (exterior only), dry scrub establishing wide shot — no figures, no signage with text",static establishing with subtle water-surface parallax,blue hour + lantern light,"deep winter — frost, low mist, blue hour dominance",deep blue + amber pinpoints,"Cinematic 16:9 establishing shot, 6-8 seconds. Subject: Coromandel coast, granite temple towers (exterior only), dry scrub establishing wide shot — no figures, no signage with text. Location: Chettinad, tamil nadu, India (the host destination of the Chettinad Heritage Walk Festival festival — do NOT render the festival itself, only the place at this time of year). Time of day: blue hour + lantern light. Atmosphere: deep winter — frost, low mist, blue hour dominance. Colour palette: deep blue + amber pinpoints. Shot type: static establishing with subtle water-surface parallax. Style: documentary register (BBC/National Geographic feel), naturalistic colour grading, soft contrast, slight film grain. Composition: rule-of-thirds horizon, depth via foreground-midground-distance layering. Reference month: December.","no people, no human figures or silhouettes in foreground, no religious figures, sadhus, priests, monks, no specific religious attire (saffron robes, ceremonial clothing), no ritual objects (deities, idols, palanquins, ceremonial fire close-ups), no temple interiors or sanctum imagery, no signage with readable text, no on-screen graphics or overlays, no synthetic / cartoony rendering, no time-of-day mismatch (respect the requested mood)",https://pub-d8970c901de34c218926ebf4be1ed09a.r2.dev/destinations/chettinad.jpg,https://pub-bcda9bac2f63408880ee3f23aa3548e5.r2.dev/chettinad.mp4,https://www.nakshiq.com/en/festivals/chettinad-heritage-walk-festival,https://www.nakshiq.com/hi/festivals/chettinad-heritage-walk-festival,6,16:9,
C,159722c8-dcfa-4a3d-bb4c-7465cc71f9c9,toda-tribal-festival,Toda Tribal Festival,kotagiri,Kotagiri,tamil nadu,1,January,January,"Coromandel coast, granite temple towers (exterior only), dry scrub","forest-village clearing, no figures, smoke from distant hearths",static establishing with subtle water-surface parallax,blue hour,"deep winter in the hills — snow on ridges, frozen streams, low sun raking the slope",icy blue + warm tungsten pinpoints,"Cinematic 16:9 establishing shot, 6-8 seconds. Subject: forest-village clearing, no figures, smoke from distant hearths. Location: Kotagiri, tamil nadu, India (the host destination of the Toda Tribal Festival festival — do NOT render the festival itself, only the place at this time of year). Time of day: blue hour. Atmosphere: deep winter in the hills — snow on ridges, frozen streams, low sun raking the slope. Colour palette: icy blue + warm tungsten pinpoints. Shot type: static establishing with subtle water-surface parallax. Style: documentary register (BBC/National Geographic feel), naturalistic colour grading, soft contrast, slight film grain. Composition: rule-of-thirds horizon, depth via foreground-midground-distance layering. Reference month: January.","no people, no human figures or silhouettes in foreground, no religious figures, sadhus, priests, monks, no specific religious attire (saffron robes, ceremonial clothing), no ritual objects (deities, idols, palanquins, ceremonial fire close-ups), no temple interiors or sanctum imagery, no signage with readable text, no on-screen graphics or overlays, no synthetic / cartoony rendering, no time-of-day mismatch (respect the requested mood)",https://pub-d8970c901de34c218926ebf4be1ed09a.r2.dev/destinations/kotagiri.jpg,https://pub-bcda9bac2f63408880ee3f23aa3548e5.r2.dev/kotagiri.mp4,https://www.nakshiq.com/en/festivals/toda-tribal-festival,https://www.nakshiq.com/hi/festivals/toda-tribal-festival,6,16:9,Tribal community — do NOT render figures or attire; landscape and structures only.
C,d059ce65-8003-492d-a5d2-741ae42b02ff,aadi-festival-at-the-falls,Aadi Festival at the Falls,courtallam,Courtallam (Kutralam),tamil nadu,7,July,July-August (Aadi month),"Coromandel coast, granite temple towers (exterior only), dry scrub","Coromandel coast, granite temple towers (exterior only), dry scrub establishing wide shot — no figures, no signage with text",static establishing with subtle water-surface parallax,post-rain twilight,"deep monsoon — saturated greens, wet roads reflecting light, low cloud",deep emerald + slate,"Cinematic 16:9 establishing shot, 6-8 seconds. Subject: Coromandel coast, granite temple towers (exterior only), dry scrub establishing wide shot — no figures, no signage with text. Location: Courtallam (Kutralam), tamil nadu, India (the host destination of the Aadi Festival at the Falls festival — do NOT render the festival itself, only the place at this time of year). Time of day: post-rain twilight. Atmosphere: deep monsoon — saturated greens, wet roads reflecting light, low cloud. Colour palette: deep emerald + slate. Shot type: static establishing with subtle water-surface parallax. Style: documentary register (BBC/National Geographic feel), naturalistic colour grading, soft contrast, slight film grain. Composition: rule-of-thirds horizon, depth via foreground-midground-distance layering. Reference month: July.","no people, no human figures or silhouettes in foreground, no religious figures, sadhus, priests, monks, no specific religious attire (saffron robes, ceremonial clothing), no ritual objects (deities, idols, palanquins, ceremonial fire close-ups), no temple interiors or sanctum imagery, no signage with readable text, no on-screen graphics or overlays, no synthetic / cartoony rendering, no time-of-day mismatch (respect the requested mood)",https://pub-d8970c901de34c218926ebf4be1ed09a.r2.dev/destinations/courtallam.jpg,https://pub-bcda9bac2f63408880ee3f23aa3548e5.r2.dev/courtallam.mp4,https://www.nakshiq.com/en/festivals/aadi-festival-at-the-falls,https://www.nakshiq.com/hi/festivals/aadi-festival-at-the-falls,6,16:9,
C,feea792f-afc6-4e1e-a582-70c75611395e,hogenakkal-mela,Hogenakkal Mela,hogenakkal,Hogenakkal Falls,tamil nadu,10,October,October (weekend event),"Coromandel coast, granite temple towers (exterior only), dry scrub","empty fairground wide shot — tents, flags, dusty paths, no crowds, no readable signage",static establishing with subtle water-surface parallax,evening golden hour,"autumn warmth, returning dust, soft sunset glow",warm gold + violet sky,"Cinematic 16:9 establishing shot, 6-8 seconds. Subject: empty fairground wide shot — tents, flags, dusty paths, no crowds, no readable signage. Location: Hogenakkal Falls, tamil nadu, India (the host destination of the Hogenakkal Mela festival — do NOT render the festival itself, only the place at this time of year). Time of day: evening golden hour. Atmosphere: autumn warmth, returning dust, soft sunset glow. Colour palette: warm gold + violet sky. Shot type: static establishing with subtle water-surface parallax. Style: documentary register (BBC/National Geographic feel), naturalistic colour grading, soft contrast, slight film grain. Composition: rule-of-thirds horizon, depth via foreground-midground-distance layering. Reference month: October.","no people, no human figures or silhouettes in foreground, no religious figures, sadhus, priests, monks, no specific religious attire (saffron robes, ceremonial clothing), no ritual objects (deities, idols, palanquins, ceremonial fire close-ups), no temple interiors or sanctum imagery, no signage with readable text, no on-screen graphics or overlays, no synthetic / cartoony rendering, no time-of-day mismatch (respect the requested mood)",https://pub-d8970c901de34c218926ebf4be1ed09a.r2.dev/destinations/hogenakkal.jpg,https://pub-bcda9bac2f63408880ee3f23aa3548e5.r2.dev/hogenakkal.mp4,https://www.nakshiq.com/en/festivals/hogenakkal-mela,https://www.nakshiq.com/hi/festivals/hogenakkal-mela,6,16:9,
A,6349278b-effa-4632-869b-cef69918fbe1,mamallapuram-dance-festival,Mamallapuram Dance Festival,mahabalipuram,Mahabalipuram (Mamallapuram),tamil nadu,1,January,January-February (4 weeks),"Coromandel coast, granite temple towers (exterior only), dry scrub","ancient stone amphitheater steps, distant lights, no performers in frame",static establishing with subtle water-surface parallax,blue hour pre-dawn,"winter clarity, low-angle sun, mist on rivers and lakes",cool blue + warm tungsten contrast,"Cinematic 16:9 establishing shot, 6-8 seconds. Subject: ancient stone amphitheater steps, distant lights, no performers in frame. Location: Mahabalipuram (Mamallapuram), tamil nadu, India (the host destination of the Mamallapuram Dance Festival festival — do NOT render the festival itself, only the place at this time of year). Time of day: blue hour pre-dawn. Atmosphere: winter clarity, low-angle sun, mist on rivers and lakes. Colour palette: cool blue + warm tungsten contrast. Shot type: static establishing with subtle water-surface parallax. Style: documentary register (BBC/National Geographic feel), naturalistic colour grading, soft contrast, slight film grain. Composition: rule-of-thirds horizon, depth via foreground-midground-distance layering. Reference month: January.","no people, no human figures or silhouettes in foreground, no religious figures, sadhus, priests, monks, no specific religious attire (saffron robes, ceremonial clothing), no ritual objects (deities, idols, palanquins, ceremonial fire close-ups), no temple interiors or sanctum imagery, no signage with readable text, no on-screen graphics or overlays, no synthetic / cartoony rendering, no time-of-day mismatch (respect the requested mood)",https://pub-d8970c901de34c218926ebf4be1ed09a.r2.dev/destinations/mahabalipuram.jpg,https://pub-bcda9bac2f63408880ee3f23aa3548e5.r2.dev/mahabalipuram.mp4,https://www.nakshiq.com/en/festivals/mamallapuram-dance-festival,https://www.nakshiq.com/hi/festivals/mamallapuram-dance-festival,6,16:9,
C,48d600c1-599b-4d27-ab3f-cc8b81ed20d6,auroville-anniversary,Auroville Anniversary,auroville,Auroville,puducherry,2,February,February 28,"French-quarter colonnades, Bay-of-Bengal shoreline","French-quarter colonnades, Bay-of-Bengal shoreline establishing wide shot — no figures, no signage with text",static establishing with subtle parallax,early golden hour,"late-winter clarity, crisp light, dry air",warm amber + cold shadow,"Cinematic 16:9 establishing shot, 6-8 seconds. Subject: French-quarter colonnades, Bay-of-Bengal shoreline establishing wide shot — no figures, no signage with text. Location: Auroville, puducherry, India (the host destination of the Auroville Anniversary festival — do NOT render the festival itself, only the place at this time of year). Time of day: early golden hour. Atmosphere: late-winter clarity, crisp light, dry air. Colour palette: warm amber + cold shadow. Shot type: static establishing with subtle parallax. Style: documentary register (BBC/National Geographic feel), naturalistic colour grading, soft contrast, slight film grain. Composition: rule-of-thirds horizon, depth via foreground-midground-distance layering. Reference month: February.","no people, no human figures or silhouettes in foreground, no religious figures, sadhus, priests, monks, no specific religious attire (saffron robes, ceremonial clothing), no ritual objects (deities, idols, palanquins, ceremonial fire close-ups), no temple interiors or sanctum imagery, no signage with readable text, no on-screen graphics or overlays, no synthetic / cartoony rendering, no time-of-day mismatch (respect the requested mood)",https://pub-d8970c901de34c218926ebf4be1ed09a.r2.dev/destinations/auroville.jpg,https://pub-bcda9bac2f63408880ee3f23aa3548e5.r2.dev/auroville.mp4,https://www.nakshiq.com/en/festivals/auroville-anniversary,https://www.nakshiq.com/hi/festivals/auroville-anniversary,6,16:9,
C,585aec2c-3e97-4b2b-8ab7-e444276c692b,srivari-brahmotsavam,Srivari Brahmotsavam,tirupati,Tirupati,andhra pradesh,10,October,Early October (9 days),"Deccan plateau, granite outcrops, dry scrub","Deccan plateau, granite outcrops, dry scrub establishing wide shot — no figures, no signage with text",static establishing with subtle parallax,evening golden hour,"autumn warmth, returning dust, soft sunset glow",warm gold + violet sky,"Cinematic 16:9 establishing shot, 6-8 seconds. Subject: Deccan plateau, granite outcrops, dry scrub establishing wide shot — no figures, no signage with text. Location: Tirupati, andhra pradesh, India (the host destination of the Srivari Brahmotsavam festival — do NOT render the festival itself, only the place at this time of year). Time of day: evening golden hour. Atmosphere: autumn warmth, returning dust, soft sunset glow. Colour palette: warm gold + violet sky. Shot type: static establishing with subtle parallax. Style: documentary register (BBC/National Geographic feel), naturalistic colour grading, soft contrast, slight film grain. Composition: rule-of-thirds horizon, depth via foreground-midground-distance layering. Reference month: October.","no people, no human figures or silhouettes in foreground, no religious figures, sadhus, priests, monks, no specific religious attire (saffron robes, ceremonial clothing), no ritual objects (deities, idols, palanquins, ceremonial fire close-ups), no temple interiors or sanctum imagery, no signage with readable text, no on-screen graphics or overlays, no synthetic / cartoony rendering, no time-of-day mismatch (respect the requested mood)",https://pub-d8970c901de34c218926ebf4be1ed09a.r2.dev/destinations/tirupati.jpg,https://pub-bcda9bac2f63408880ee3f23aa3548e5.r2.dev/tirupati.mp4,https://www.nakshiq.com/en/festivals/srivari-brahmotsavam,https://www.nakshiq.com/hi/festivals/srivari-brahmotsavam,6,16:9,
C,707ac77c-a3a7-4969-8246-9b54ea3a340a,vaikuntha-ekadasi,Vaikuntha Ekadasi,tirupati,Tirupati,andhra pradesh,12,December,Late December / Early January,"Deccan plateau, granite outcrops, dry scrub","Deccan plateau, granite outcrops, dry scrub establishing wide shot — no figures, no signage with text",static establishing with subtle parallax,blue hour + lantern light,"deep winter — frost, low mist, blue hour dominance",deep blue + amber pinpoints,"Cinematic 16:9 establishing shot, 6-8 seconds. Subject: Deccan plateau, granite outcrops, dry scrub establishing wide shot — no figures, no signage with text. Location: Tirupati, andhra pradesh, India (the host destination of the Vaikuntha Ekadasi festival — do NOT render the festival itself, only the place at this time of year). Time of day: blue hour + lantern light. Atmosphere: deep winter — frost, low mist, blue hour dominance. Colour palette: deep blue + amber pinpoints. Shot type: static establishing with subtle parallax. Style: documentary register (BBC/National Geographic feel), naturalistic colour grading, soft contrast, slight film grain. Composition: rule-of-thirds horizon, depth via foreground-midground-distance layering. Reference month: December.","no people, no human figures or silhouettes in foreground, no religious figures, sadhus, priests, monks, no specific religious attire (saffron robes, ceremonial clothing), no ritual objects (deities, idols, palanquins, ceremonial fire close-ups), no temple interiors or sanctum imagery, no signage with readable text, no on-screen graphics or overlays, no synthetic / cartoony rendering, no time-of-day mismatch (respect the requested mood)",https://pub-d8970c901de34c218926ebf4be1ed09a.r2.dev/destinations/tirupati.jpg,https://pub-bcda9bac2f63408880ee3f23aa3548e5.r2.dev/tirupati.mp4,https://www.nakshiq.com/en/festivals/vaikuntha-ekadasi,https://www.nakshiq.com/hi/festivals/vaikuntha-ekadasi,6,16:9,
A,83c6a37b-943f-41d7-bac3-fb904e22639a,maha-shivaratri-srikalahasti,Maha Shivaratri,srikalahasti,Srikalahasti,andhra pradesh,3,March,February/March (varies),"Deccan plateau, granite outcrops, dry scrub","Deccan plateau, granite outcrops, dry scrub establishing wide shot — no figures, no signage with text",static establishing with subtle parallax,afternoon to dusk,"pre-summer warmth, dust in the air, soft hazy light","warm earth tones, ochre","Cinematic 16:9 establishing shot, 6-8 seconds. Subject: Deccan plateau, granite outcrops, dry scrub establishing wide shot — no figures, no signage with text. Location: Srikalahasti, andhra pradesh, India (the host destination of the Maha Shivaratri festival — do NOT render the festival itself, only the place at this time of year). Time of day: afternoon to dusk. Atmosphere: pre-summer warmth, dust in the air, soft hazy light. Colour palette: warm earth tones, ochre. Shot type: static establishing with subtle parallax. Style: documentary register (BBC/National Geographic feel), naturalistic colour grading, soft contrast, slight film grain. Composition: rule-of-thirds horizon, depth via foreground-midground-distance layering. Reference month: March.","no people, no human figures or silhouettes in foreground, no religious figures, sadhus, priests, monks, no specific religious attire (saffron robes, ceremonial clothing), no ritual objects (deities, idols, palanquins, ceremonial fire close-ups), no temple interiors or sanctum imagery, no signage with readable text, no on-screen graphics or overlays, no synthetic / cartoony rendering, no time-of-day mismatch (respect the requested mood)",https://pub-d8970c901de34c218926ebf4be1ed09a.r2.dev/destinations/srikalahasti.jpg,https://pub-bcda9bac2f63408880ee3f23aa3548e5.r2.dev/srikalahasti.mp4,https://www.nakshiq.com/en/festivals/maha-shivaratri-srikalahasti,https://www.nakshiq.com/hi/festivals/maha-shivaratri-srikalahasti,6,16:9,
A,04c6553f-933d-4702-9073-a7636569375c,maha-shivaratri-at-mallikarjuna,Maha Shivaratri at Mallikarjuna,srisailam,Srisailam,andhra pradesh,3,March,February/March,"Deccan plateau, granite outcrops, dry scrub","Deccan plateau, granite outcrops, dry scrub establishing wide shot — no figures, no signage with text",static establishing with subtle parallax,afternoon to dusk,"pre-summer warmth, dust in the air, soft hazy light","warm earth tones, ochre","Cinematic 16:9 establishing shot, 6-8 seconds. Subject: Deccan plateau, granite outcrops, dry scrub establishing wide shot — no figures, no signage with text. Location: Srisailam, andhra pradesh, India (the host destination of the Maha Shivaratri at Mallikarjuna festival — do NOT render the festival itself, only the place at this time of year). Time of day: afternoon to dusk. Atmosphere: pre-summer warmth, dust in the air, soft hazy light. Colour palette: warm earth tones, ochre. Shot type: static establishing with subtle parallax. Style: documentary register (BBC/National Geographic feel), naturalistic colour grading, soft contrast, slight film grain. Composition: rule-of-thirds horizon, depth via foreground-midground-distance layering. Reference month: March.","no people, no human figures or silhouettes in foreground, no religious figures, sadhus, priests, monks, no specific religious attire (saffron robes, ceremonial clothing), no ritual objects (deities, idols, palanquins, ceremonial fire close-ups), no temple interiors or sanctum imagery, no signage with readable text, no on-screen graphics or overlays, no synthetic / cartoony rendering, no time-of-day mismatch (respect the requested mood)",https://pub-d8970c901de34c218926ebf4be1ed09a.r2.dev/destinations/srisailam.jpg,https://pub-bcda9bac2f63408880ee3f23aa3548e5.r2.dev/srisailam.mp4,https://www.nakshiq.com/en/festivals/maha-shivaratri-at-mallikarjuna,https://www.nakshiq.com/hi/festivals/maha-shivaratri-at-mallikarjuna,6,16:9,
C,f5d11891-45b0-4599-8617-30fe399dbe4f,vizag-utsav-deccan-festival,Vizag Utsav / Deccan Festival,visakhapatnam,Visakhapatnam,andhra pradesh,12,December,Late December (3 days),"Deccan plateau, granite outcrops, dry scrub","Deccan plateau, granite outcrops, dry scrub establishing wide shot — no figures, no signage with text",static establishing with subtle parallax,blue hour + lantern light,"deep winter — frost, low mist, blue hour dominance",deep blue + amber pinpoints,"Cinematic 16:9 establishing shot, 6-8 seconds. Subject: Deccan plateau, granite outcrops, dry scrub establishing wide shot — no figures, no signage with text. Location: Visakhapatnam, andhra pradesh, India (the host destination of the Vizag Utsav / Deccan Festival festival — do NOT render the festival itself, only the place at this time of year). Time of day: blue hour + lantern light. Atmosphere: deep winter — frost, low mist, blue hour dominance. Colour palette: deep blue + amber pinpoints. Shot type: static establishing with subtle parallax. Style: documentary register (BBC/National Geographic feel), naturalistic colour grading, soft contrast, slight film grain. Composition: rule-of-thirds horizon, depth via foreground-midground-distance layering. Reference month: December.","no people, no human figures or silhouettes in foreground, no religious figures, sadhus, priests, monks, no specific religious attire (saffron robes, ceremonial clothing), no ritual objects (deities, idols, palanquins, ceremonial fire close-ups), no temple interiors or sanctum imagery, no signage with readable text, no on-screen graphics or overlays, no synthetic / cartoony rendering, no time-of-day mismatch (respect the requested mood)",https://pub-d8970c901de34c218926ebf4be1ed09a.r2.dev/destinations/visakhapatnam.jpg,https://pub-bcda9bac2f63408880ee3f23aa3548e5.r2.dev/visakhapatnam.mp4,https://www.nakshiq.com/en/festivals/vizag-utsav-deccan-festival,https://www.nakshiq.com/hi/festivals/vizag-utsav-deccan-festival,6,16:9,
C,f87f28e1-eaf7-46d2-987e-d9966c0f1418,flamingo-festival,Flamingo Festival,pulicat-lake,Pulicat Lake,andhra pradesh,1,January,January (2 days),"Deccan plateau, granite outcrops, dry scrub","wetland reflections, water birds at distance in flight, reed-bed foreground",static establishing with subtle parallax,blue hour pre-dawn,"winter clarity, low-angle sun, mist on rivers and lakes",cool blue + warm tungsten contrast,"Cinematic 16:9 establishing shot, 6-8 seconds. Subject: wetland reflections, water birds at distance in flight, reed-bed foreground. Location: Pulicat Lake, andhra pradesh, India (the host destination of the Flamingo Festival festival — do NOT render the festival itself, only the place at this time of year). Time of day: blue hour pre-dawn. Atmosphere: winter clarity, low-angle sun, mist on rivers and lakes. Colour palette: cool blue + warm tungsten contrast. Shot type: static establishing with subtle parallax. Style: documentary register (BBC/National Geographic feel), naturalistic colour grading, soft contrast, slight film grain. Composition: rule-of-thirds horizon, depth via foreground-midground-distance layering. Reference month: January.","no people, no human figures or silhouettes in foreground, no religious figures, sadhus, priests, monks, no specific religious attire (saffron robes, ceremonial clothing), no ritual objects (deities, idols, palanquins, ceremonial fire close-ups), no temple interiors or sanctum imagery, no signage with readable text, no on-screen graphics or overlays, no synthetic / cartoony rendering, no time-of-day mismatch (respect the requested mood)",https://pub-d8970c901de34c218926ebf4be1ed09a.r2.dev/destinations/pulicat-lake.jpg,https://pub-bcda9bac2f63408880ee3f23aa3548e5.r2.dev/pulicat-lake.mp4,https://www.nakshiq.com/en/festivals/flamingo-festival,https://www.nakshiq.com/hi/festivals/flamingo-festival,6,16:9,
C,5a3705e8-5ec6-472a-91e9-c14fccd601a2,vijayawada-dussehra-durga-navaratri,Vijayawada Dussehra (Durga Navaratri),vijayawada,Vijayawada,andhra pradesh,10,October,October (10 days),"Deccan plateau, granite outcrops, dry scrub","Deccan plateau, granite outcrops, dry scrub establishing wide shot — no figures, no signage with text",static establishing with subtle parallax,evening golden hour,"autumn warmth, returning dust, soft sunset glow",warm gold + violet sky,"Cinematic 16:9 establishing shot, 6-8 seconds. Subject: Deccan plateau, granite outcrops, dry scrub establishing wide shot — no figures, no signage with text. Location: Vijayawada, andhra pradesh, India (the host destination of the Vijayawada Dussehra (Durga Navaratri) festival — do NOT render the festival itself, only the place at this time of year). Time of day: evening golden hour. Atmosphere: autumn warmth, returning dust, soft sunset glow. Colour palette: warm gold + violet sky. Shot type: static establishing with subtle parallax. Style: documentary register (BBC/National Geographic feel), naturalistic colour grading, soft contrast, slight film grain. Composition: rule-of-thirds horizon, depth via foreground-midground-distance layering. Reference month: October.","no people, no human figures or silhouettes in foreground, no religious figures, sadhus, priests, monks, no specific religious attire (saffron robes, ceremonial clothing), no ritual objects (deities, idols, palanquins, ceremonial fire close-ups), no temple interiors or sanctum imagery, no signage with readable text, no on-screen graphics or overlays, no synthetic / cartoony rendering, no time-of-day mismatch (respect the requested mood)",https://pub-d8970c901de34c218926ebf4be1ed09a.r2.dev/destinations/vijayawada.jpg,https://pub-bcda9bac2f63408880ee3f23aa3548e5.r2.dev/vijayawada.mp4,https://www.nakshiq.com/en/festivals/vijayawada-dussehra-durga-navaratri,https://www.nakshiq.com/hi/festivals/vijayawada-dussehra-durga-navaratri,6,16:9,
A,eb74709e-0128-4982-8895-60b6de31a8c1,sankranti-pongal,Sankranti / Pongal,vijayawada,Vijayawada,andhra pradesh,1,January,January 14-16,"Deccan plateau, granite outcrops, dry scrub","empty harvest field, distant glow from small communal fires (low + small, no figures)",static establishing with subtle parallax,blue hour pre-dawn,"winter clarity, low-angle sun, mist on rivers and lakes",cool blue + warm tungsten contrast,"Cinematic 16:9 establishing shot, 6-8 seconds. Subject: empty harvest field, distant glow from small communal fires (low + small, no figures). Location: Vijayawada, andhra pradesh, India (the host destination of the Sankranti / Pongal festival — do NOT render the festival itself, only the place at this time of year). Time of day: blue hour pre-dawn. Atmosphere: winter clarity, low-angle sun, mist on rivers and lakes. Colour palette: cool blue + warm tungsten contrast. Shot type: static establishing with subtle parallax. Style: documentary register (BBC/National Geographic feel), naturalistic colour grading, soft contrast, slight film grain. Composition: rule-of-thirds horizon, depth via foreground-midground-distance layering. Reference month: January.","no people, no human figures or silhouettes in foreground, no religious figures, sadhus, priests, monks, no specific religious attire (saffron robes, ceremonial clothing), no ritual objects (deities, idols, palanquins, ceremonial fire close-ups), no temple interiors or sanctum imagery, no signage with readable text, no on-screen graphics or overlays, no synthetic / cartoony rendering, no time-of-day mismatch (respect the requested mood)",https://pub-d8970c901de34c218926ebf4be1ed09a.r2.dev/destinations/vijayawada.jpg,https://pub-bcda9bac2f63408880ee3f23aa3548e5.r2.dev/vijayawada.mp4,https://www.nakshiq.com/en/festivals/sankranti-pongal,https://www.nakshiq.com/hi/festivals/sankranti-pongal,6,16:9,
C,dad9c5cb-5298-4eb9-b137-dd71e1a93576,godavari-pushkaralu,Godavari Pushkaralu,rajahmundry,Rajahmundry,andhra pradesh,7,July,Once every 12 years (next: 2027),"Deccan plateau, granite outcrops, dry scrub","river current detail, ghats (architecture only, no figures), low mist on water",static establishing with subtle parallax,post-rain twilight,"deep monsoon — saturated greens, wet roads reflecting light, low cloud",deep emerald + slate,"Cinematic 16:9 establishing shot, 6-8 seconds. Subject: river current detail, ghats (architecture only, no figures), low mist on water. Location: Rajahmundry, andhra pradesh, India (the host destination of the Godavari Pushkaralu festival — do NOT render the festival itself, only the place at this time of year). Time of day: post-rain twilight. Atmosphere: deep monsoon — saturated greens, wet roads reflecting light, low cloud. Colour palette: deep emerald + slate. Shot type: static establishing with subtle parallax. Style: documentary register (BBC/National Geographic feel), naturalistic colour grading, soft contrast, slight film grain. Composition: rule-of-thirds horizon, depth via foreground-midground-distance layering. Reference month: July.","no people, no human figures or silhouettes in foreground, no religious figures, sadhus, priests, monks, no specific religious attire (saffron robes, ceremonial clothing), no ritual objects (deities, idols, palanquins, ceremonial fire close-ups), no temple interiors or sanctum imagery, no signage with readable text, no on-screen graphics or overlays, no synthetic / cartoony rendering, no time-of-day mismatch (respect the requested mood)",https://pub-d8970c901de34c218926ebf4be1ed09a.r2.dev/destinations/rajahmundry.jpg,https://pub-bcda9bac2f63408880ee3f23aa3548e5.r2.dev/rajahmundry.mp4,https://www.nakshiq.com/en/festivals/godavari-pushkaralu,https://www.nakshiq.com/hi/festivals/godavari-pushkaralu,6,16:9,
C,60bde26d-149b-4700-97a6-78ebea4ab23a,kalamkari-utsav,Kalamkari Utsav,machilipatnam,Machilipatnam,andhra pradesh,1,January,January (3 days),"Deccan plateau, granite outcrops, dry scrub","empty workshop interior — looms, dye-pots, raw cotton bales, no figures",static establishing with subtle parallax,blue hour pre-dawn,"winter clarity, low-angle sun, mist on rivers and lakes",cool blue + warm tungsten contrast,"Cinematic 16:9 establishing shot, 6-8 seconds. Subject: empty workshop interior — looms, dye-pots, raw cotton bales, no figures. Location: Machilipatnam, andhra pradesh, India (the host destination of the Kalamkari Utsav festival — do NOT render the festival itself, only the place at this time of year). Time of day: blue hour pre-dawn. Atmosphere: winter clarity, low-angle sun, mist on rivers and lakes. Colour palette: cool blue + warm tungsten contrast. Shot type: static establishing with subtle parallax. Style: documentary register (BBC/National Geographic feel), naturalistic colour grading, soft contrast, slight film grain. Composition: rule-of-thirds horizon, depth via foreground-midground-distance layering. Reference month: January.","no people, no human figures or silhouettes in foreground, no religious figures, sadhus, priests, monks, no specific religious attire (saffron robes, ceremonial clothing), no ritual objects (deities, idols, palanquins, ceremonial fire close-ups), no temple interiors or sanctum imagery, no signage with readable text, no on-screen graphics or overlays, no synthetic / cartoony rendering, no time-of-day mismatch (respect the requested mood)",https://pub-d8970c901de34c218926ebf4be1ed09a.r2.dev/destinations/machilipatnam.jpg,https://pub-bcda9bac2f63408880ee3f23aa3548e5.r2.dev/machilipatnam.mp4,https://www.nakshiq.com/en/festivals/kalamkari-utsav,https://www.nakshiq.com/hi/festivals/kalamkari-utsav,6,16:9,
C,d4264e79-75d6-4e39-a65b-65b4ec5d26fc,bonalu,Bonalu,hyderabad,Hyderabad,telangana,7,July,July/August (2 weeks),"boulder-strewn Deccan, baoli stepwells, granite hills","boulder-strewn Deccan, baoli stepwells, granite hills establishing wide shot — no figures, no signage with text",static establishing with subtle parallax,post-rain twilight,"deep monsoon — saturated greens, wet roads reflecting light, low cloud",deep emerald + slate,"Cinematic 16:9 establishing shot, 6-8 seconds. Subject: boulder-strewn Deccan, baoli stepwells, granite hills establishing wide shot — no figures, no signage with text. Location: Hyderabad, telangana, India (the host destination of the Bonalu festival — do NOT render the festival itself, only the place at this time of year). Time of day: post-rain twilight. Atmosphere: deep monsoon — saturated greens, wet roads reflecting light, low cloud. Colour palette: deep emerald + slate. Shot type: static establishing with subtle parallax. Style: documentary register (BBC/National Geographic feel), naturalistic colour grading, soft contrast, slight film grain. Composition: rule-of-thirds horizon, depth via foreground-midground-distance layering. Reference month: July.","no people, no human figures or silhouettes in foreground, no religious figures, sadhus, priests, monks, no specific religious attire (saffron robes, ceremonial clothing), no ritual objects (deities, idols, palanquins, ceremonial fire close-ups), no temple interiors or sanctum imagery, no signage with readable text, no on-screen graphics or overlays, no synthetic / cartoony rendering, no time-of-day mismatch (respect the requested mood)",https://pub-d8970c901de34c218926ebf4be1ed09a.r2.dev/destinations/hyderabad.jpg,https://pub-bcda9bac2f63408880ee3f23aa3548e5.r2.dev/hyderabad.mp4,https://www.nakshiq.com/en/festivals/bonalu,https://www.nakshiq.com/hi/festivals/bonalu,6,16:9,
C,e07906d4-44b2-44f2-959e-1068c173e671,bathukamma,Bathukamma,hyderabad,Hyderabad,telangana,10,October,October (9 days),"boulder-strewn Deccan, baoli stepwells, granite hills","boulder-strewn Deccan, baoli stepwells, granite hills establishing wide shot — no figures, no signage with text",static establishing with subtle parallax,evening golden hour,"autumn warmth, returning dust, soft sunset glow",warm gold + violet sky,"Cinematic 16:9 establishing shot, 6-8 seconds. Subject: boulder-strewn Deccan, baoli stepwells, granite hills establishing wide shot — no figures, no signage with text. Location: Hyderabad, telangana, India (the host destination of the Bathukamma festival — do NOT render the festival itself, only the place at this time of year). Time of day: evening golden hour. Atmosphere: autumn warmth, returning dust, soft sunset glow. Colour palette: warm gold + violet sky. Shot type: static establishing with subtle parallax. Style: documentary register (BBC/National Geographic feel), naturalistic colour grading, soft contrast, slight film grain. Composition: rule-of-thirds horizon, depth via foreground-midground-distance layering. Reference month: October.","no people, no human figures or silhouettes in foreground, no religious figures, sadhus, priests, monks, no specific religious attire (saffron robes, ceremonial clothing), no ritual objects (deities, idols, palanquins, ceremonial fire close-ups), no temple interiors or sanctum imagery, no signage with readable text, no on-screen graphics or overlays, no synthetic / cartoony rendering, no time-of-day mismatch (respect the requested mood)",https://pub-d8970c901de34c218926ebf4be1ed09a.r2.dev/destinations/hyderabad.jpg,https://pub-bcda9bac2f63408880ee3f23aa3548e5.r2.dev/hyderabad.mp4,https://www.nakshiq.com/en/festivals/bathukamma,https://www.nakshiq.com/hi/festivals/bathukamma,6,16:9,
C,740a50f6-3d00-4206-9bc7-dfd80da7e146,hyderabadi-haleem-season,Hyderabadi Haleem Season,hyderabad,Hyderabad,telangana,3,March,Ramadan month (varies),"boulder-strewn Deccan, baoli stepwells, granite hills","boulder-strewn Deccan, baoli stepwells, granite hills establishing wide shot — no figures, no signage with text",static establishing with subtle parallax,afternoon to dusk,"pre-summer warmth, dust in the air, soft hazy light","warm earth tones, ochre","Cinematic 16:9 establishing shot, 6-8 seconds. Subject: boulder-strewn Deccan, baoli stepwells, granite hills establishing wide shot — no figures, no signage with text. Location: Hyderabad, telangana, India (the host destination of the Hyderabadi Haleem Season festival — do NOT render the festival itself, only the place at this time of year). Time of day: afternoon to dusk. Atmosphere: pre-summer warmth, dust in the air, soft hazy light. Colour palette: warm earth tones, ochre. Shot type: static establishing with subtle parallax. Style: documentary register (BBC/National Geographic feel), naturalistic colour grading, soft contrast, slight film grain. Composition: rule-of-thirds horizon, depth via foreground-midground-distance layering. Reference month: March.","no people, no human figures or silhouettes in foreground, no religious figures, sadhus, priests, monks, no specific religious attire (saffron robes, ceremonial clothing), no ritual objects (deities, idols, palanquins, ceremonial fire close-ups), no temple interiors or sanctum imagery, no signage with readable text, no on-screen graphics or overlays, no synthetic / cartoony rendering, no time-of-day mismatch (respect the requested mood)",https://pub-d8970c901de34c218926ebf4be1ed09a.r2.dev/destinations/hyderabad.jpg,https://pub-bcda9bac2f63408880ee3f23aa3548e5.r2.dev/hyderabad.mp4,https://www.nakshiq.com/en/festivals/hyderabadi-haleem-season,https://www.nakshiq.com/hi/festivals/hyderabadi-haleem-season,6,16:9,
C,e86c792c-ca1c-45d3-ab1f-5b47cadecb62,bathukamma-at-bhadrakali-lake,Bathukamma at Bhadrakali Lake,warangal,Warangal,telangana,10,October,October,"boulder-strewn Deccan, baoli stepwells, granite hills","still lake, reflection of surrounding terrain, no boats or figures",static establishing with subtle parallax,evening golden hour,"autumn warmth, returning dust, soft sunset glow",warm gold + violet sky,"Cinematic 16:9 establishing shot, 6-8 seconds. Subject: still lake, reflection of surrounding terrain, no boats or figures. Location: Warangal, telangana, India (the host destination of the Bathukamma at Bhadrakali Lake festival — do NOT render the festival itself, only the place at this time of year). Time of day: evening golden hour. Atmosphere: autumn warmth, returning dust, soft sunset glow. Colour palette: warm gold + violet sky. Shot type: static establishing with subtle parallax. Style: documentary register (BBC/National Geographic feel), naturalistic colour grading, soft contrast, slight film grain. Composition: rule-of-thirds horizon, depth via foreground-midground-distance layering. Reference month: October.","no people, no human figures or silhouettes in foreground, no religious figures, sadhus, priests, monks, no specific religious attire (saffron robes, ceremonial clothing), no ritual objects (deities, idols, palanquins, ceremonial fire close-ups), no temple interiors or sanctum imagery, no signage with readable text, no on-screen graphics or overlays, no synthetic / cartoony rendering, no time-of-day mismatch (respect the requested mood)",https://pub-d8970c901de34c218926ebf4be1ed09a.r2.dev/destinations/warangal.jpg,https://pub-bcda9bac2f63408880ee3f23aa3548e5.r2.dev/warangal.mp4,https://www.nakshiq.com/en/festivals/bathukamma-at-bhadrakali-lake,https://www.nakshiq.com/hi/festivals/bathukamma-at-bhadrakali-lake,6,16:9,
C,54dd5d3f-d3d9-42e8-99bd-2ffcc09edbda,sammakka-saralamma-jatara,Sammakka Saralamma Jatara,warangal,Warangal,telangana,2,February,"Biennial (February — even years, next: 2028)","boulder-strewn Deccan, baoli stepwells, granite hills","boulder-strewn Deccan, baoli stepwells, granite hills establishing wide shot — no figures, no signage with text",static establishing with subtle parallax,early golden hour,"late-winter clarity, crisp light, dry air",warm amber + cold shadow,"Cinematic 16:9 establishing shot, 6-8 seconds. Subject: boulder-strewn Deccan, baoli stepwells, granite hills establishing wide shot — no figures, no signage with text. Location: Warangal, telangana, India (the host destination of the Sammakka Saralamma Jatara festival — do NOT render the festival itself, only the place at this time of year). Time of day: early golden hour. Atmosphere: late-winter clarity, crisp light, dry air. Colour palette: warm amber + cold shadow. Shot type: static establishing with subtle parallax. Style: documentary register (BBC/National Geographic feel), naturalistic colour grading, soft contrast, slight film grain. Composition: rule-of-thirds horizon, depth via foreground-midground-distance layering. Reference month: February.","no people, no human figures or silhouettes in foreground, no religious figures, sadhus, priests, monks, no specific religious attire (saffron robes, ceremonial clothing), no ritual objects (deities, idols, palanquins, ceremonial fire close-ups), no temple interiors or sanctum imagery, no signage with readable text, no on-screen graphics or overlays, no synthetic / cartoony rendering, no time-of-day mismatch (respect the requested mood)",https://pub-d8970c901de34c218926ebf4be1ed09a.r2.dev/destinations/warangal.jpg,https://pub-bcda9bac2f63408880ee3f23aa3548e5.r2.dev/warangal.mp4,https://www.nakshiq.com/en/festivals/sammakka-saralamma-jatara,https://www.nakshiq.com/hi/festivals/sammakka-saralamma-jatara,6,16:9,
C,5a90e281-53bd-449b-a15b-1e4d96b46223,sri-rama-navami-bhadrachalam-kalyanam,Sri Rama Navami (Bhadrachalam Kalyanam),bhadrachalam,Bhadrachalam,telangana,4,April,April (varies),"boulder-strewn Deccan, baoli stepwells, granite hills","boulder-strewn Deccan, baoli stepwells, granite hills establishing wide shot — no figures, no signage with text",static establishing with subtle parallax,evening golden hour,"pre-monsoon heat, light softening at dusk, dramatic cloud build-up",saturated warm orange,"Cinematic 16:9 establishing shot, 6-8 seconds. Subject: boulder-strewn Deccan, baoli stepwells, granite hills establishing wide shot — no figures, no signage with text. Location: Bhadrachalam, telangana, India (the host destination of the Sri Rama Navami (Bhadrachalam Kalyanam) festival — do NOT render the festival itself, only the place at this time of year). Time of day: evening golden hour. Atmosphere: pre-monsoon heat, light softening at dusk, dramatic cloud build-up. Colour palette: saturated warm orange. Shot type: static establishing with subtle parallax. Style: documentary register (BBC/National Geographic feel), naturalistic colour grading, soft contrast, slight film grain. Composition: rule-of-thirds horizon, depth via foreground-midground-distance layering. Reference month: April.","no people, no human figures or silhouettes in foreground, no religious figures, sadhus, priests, monks, no specific religious attire (saffron robes, ceremonial clothing), no ritual objects (deities, idols, palanquins, ceremonial fire close-ups), no temple interiors or sanctum imagery, no signage with readable text, no on-screen graphics or overlays, no synthetic / cartoony rendering, no time-of-day mismatch (respect the requested mood)",https://pub-d8970c901de34c218926ebf4be1ed09a.r2.dev/destinations/bhadrachalam.jpg,https://pub-bcda9bac2f63408880ee3f23aa3548e5.r2.dev/bhadrachalam.mp4,https://www.nakshiq.com/en/festivals/sri-rama-navami-bhadrachalam-kalyanam,https://www.nakshiq.com/hi/festivals/sri-rama-navami-bhadrachalam-kalyanam,6,16:9,
C,619e50b7-2f0b-42e3-bf37-7d24973b26ac,vaikuntha-ekadasi-at-bhadrachalam,Vaikuntha Ekadasi at Bhadrachalam,bhadrachalam,Bhadrachalam,telangana,12,December,Late December,"boulder-strewn Deccan, baoli stepwells, granite hills","boulder-strewn Deccan, baoli stepwells, granite hills establishing wide shot — no figures, no signage with text",static establishing with subtle parallax,blue hour + lantern light,"deep winter — frost, low mist, blue hour dominance",deep blue + amber pinpoints,"Cinematic 16:9 establishing shot, 6-8 seconds. Subject: boulder-strewn Deccan, baoli stepwells, granite hills establishing wide shot — no figures, no signage with text. Location: Bhadrachalam, telangana, India (the host destination of the Vaikuntha Ekadasi at Bhadrachalam festival — do NOT render the festival itself, only the place at this time of year). Time of day: blue hour + lantern light. Atmosphere: deep winter — frost, low mist, blue hour dominance. Colour palette: deep blue + amber pinpoints. Shot type: static establishing with subtle parallax. Style: documentary register (BBC/National Geographic feel), naturalistic colour grading, soft contrast, slight film grain. Composition: rule-of-thirds horizon, depth via foreground-midground-distance layering. Reference month: December.","no people, no human figures or silhouettes in foreground, no religious figures, sadhus, priests, monks, no specific religious attire (saffron robes, ceremonial clothing), no ritual objects (deities, idols, palanquins, ceremonial fire close-ups), no temple interiors or sanctum imagery, no signage with readable text, no on-screen graphics or overlays, no synthetic / cartoony rendering, no time-of-day mismatch (respect the requested mood)",https://pub-d8970c901de34c218926ebf4be1ed09a.r2.dev/destinations/bhadrachalam.jpg,https://pub-bcda9bac2f63408880ee3f23aa3548e5.r2.dev/bhadrachalam.mp4,https://www.nakshiq.com/en/festivals/vaikuntha-ekadasi-at-bhadrachalam,https://www.nakshiq.com/hi/festivals/vaikuntha-ekadasi-at-bhadrachalam,6,16:9,
C,23395fcb-aed3-497e-b5b9-f41ca46408c4,vasant-panchami,Vasant Panchami,basara,Basara,telangana,2,February,January/February,"boulder-strewn Deccan, baoli stepwells, granite hills","boulder-strewn Deccan, baoli stepwells, granite hills establishing wide shot — no figures, no signage with text",static establishing with subtle parallax,early golden hour,"late-winter clarity, crisp light, dry air",warm amber + cold shadow,"Cinematic 16:9 establishing shot, 6-8 seconds. Subject: boulder-strewn Deccan, baoli stepwells, granite hills establishing wide shot — no figures, no signage with text. Location: Basara, telangana, India (the host destination of the Vasant Panchami festival — do NOT render the festival itself, only the place at this time of year). Time of day: early golden hour. Atmosphere: late-winter clarity, crisp light, dry air. Colour palette: warm amber + cold shadow. Shot type: static establishing with subtle parallax. Style: documentary register (BBC/National Geographic feel), naturalistic colour grading, soft contrast, slight film grain. Composition: rule-of-thirds horizon, depth via foreground-midground-distance layering. Reference month: February.","no people, no human figures or silhouettes in foreground, no religious figures, sadhus, priests, monks, no specific religious attire (saffron robes, ceremonial clothing), no ritual objects (deities, idols, palanquins, ceremonial fire close-ups), no temple interiors or sanctum imagery, no signage with readable text, no on-screen graphics or overlays, no synthetic / cartoony rendering, no time-of-day mismatch (respect the requested mood)",https://pub-d8970c901de34c218926ebf4be1ed09a.r2.dev/destinations/basara.jpg,https://pub-bcda9bac2f63408880ee3f23aa3548e5.r2.dev/basara.mp4,https://www.nakshiq.com/en/festivals/vasant-panchami,https://www.nakshiq.com/hi/festivals/vasant-panchami,6,16:9,
C,c25e0019-24f0-4b4c-9b09-cf012666cd3f,christmas-at-medak-cathedral,Christmas at Medak Cathedral,medak,Medak,telangana,12,December,December 24-25,"boulder-strewn Deccan, baoli stepwells, granite hills","boulder-strewn Deccan, baoli stepwells, granite hills establishing wide shot — no figures, no signage with text",static establishing with subtle parallax,blue hour + lantern light,"deep winter — frost, low mist, blue hour dominance",deep blue + amber pinpoints,"Cinematic 16:9 establishing shot, 6-8 seconds. Subject: boulder-strewn Deccan, baoli stepwells, granite hills establishing wide shot — no figures, no signage with text. Location: Medak, telangana, India (the host destination of the Christmas at Medak Cathedral festival — do NOT render the festival itself, only the place at this time of year). Time of day: blue hour + lantern light. Atmosphere: deep winter — frost, low mist, blue hour dominance. Colour palette: deep blue + amber pinpoints. Shot type: static establishing with subtle parallax. Style: documentary register (BBC/National Geographic feel), naturalistic colour grading, soft contrast, slight film grain. Composition: rule-of-thirds horizon, depth via foreground-midground-distance layering. Reference month: December.","no people, no human figures or silhouettes in foreground, no religious figures, sadhus, priests, monks, no specific religious attire (saffron robes, ceremonial clothing), no ritual objects (deities, idols, palanquins, ceremonial fire close-ups), no temple interiors or sanctum imagery, no signage with readable text, no on-screen graphics or overlays, no synthetic / cartoony rendering, no time-of-day mismatch (respect the requested mood)",https://pub-d8970c901de34c218926ebf4be1ed09a.r2.dev/destinations/medak.jpg,https://pub-bcda9bac2f63408880ee3f23aa3548e5.r2.dev/medak.mp4,https://www.nakshiq.com/en/festivals/christmas-at-medak-cathedral,https://www.nakshiq.com/hi/festivals/christmas-at-medak-cathedral,6,16:9,
C,0888d8e4-e32b-4b05-8f07-e9b2026489c0,kakatiya-utsavam,Kakatiya Utsavam,ramappa-temple,Ramappa Temple,telangana,10,October,October (2 days),"boulder-strewn Deccan, baoli stepwells, granite hills","boulder-strewn Deccan, baoli stepwells, granite hills establishing wide shot — no figures, no signage with text",static establishing with subtle parallax,evening golden hour,"autumn warmth, returning dust, soft sunset glow",warm gold + violet sky,"Cinematic 16:9 establishing shot, 6-8 seconds. Subject: boulder-strewn Deccan, baoli stepwells, granite hills establishing wide shot — no figures, no signage with text. Location: Ramappa Temple, telangana, India (the host destination of the Kakatiya Utsavam festival — do NOT render the festival itself, only the place at this time of year). Time of day: evening golden hour. Atmosphere: autumn warmth, returning dust, soft sunset glow. Colour palette: warm gold + violet sky. Shot type: static establishing with subtle parallax. Style: documentary register (BBC/National Geographic feel), naturalistic colour grading, soft contrast, slight film grain. Composition: rule-of-thirds horizon, depth via foreground-midground-distance layering. Reference month: October.","no people, no human figures or silhouettes in foreground, no religious figures, sadhus, priests, monks, no specific religious attire (saffron robes, ceremonial clothing), no ritual objects (deities, idols, palanquins, ceremonial fire close-ups), no temple interiors or sanctum imagery, no signage with readable text, no on-screen graphics or overlays, no synthetic / cartoony rendering, no time-of-day mismatch (respect the requested mood)",https://pub-d8970c901de34c218926ebf4be1ed09a.r2.dev/destinations/ramappa-temple.jpg,https://pub-bcda9bac2f63408880ee3f23aa3548e5.r2.dev/ramappa-temple.mp4,https://www.nakshiq.com/en/festivals/kakatiya-utsavam,https://www.nakshiq.com/hi/festivals/kakatiya-utsavam,6,16:9,
C,2566991c-7c2f-41f0-afc8-9e09df788b64,mahavir-jayanti,Mahavir Jayanti,kolanupaka,Kolanupaka,telangana,4,April,April (varies),"boulder-strewn Deccan, baoli stepwells, granite hills","boulder-strewn Deccan, baoli stepwells, granite hills establishing wide shot — no figures, no signage with text",static establishing with subtle parallax,evening golden hour,"pre-monsoon heat, light softening at dusk, dramatic cloud build-up",saturated warm orange,"Cinematic 16:9 establishing shot, 6-8 seconds. Subject: boulder-strewn Deccan, baoli stepwells, granite hills establishing wide shot — no figures, no signage with text. Location: Kolanupaka, telangana, India (the host destination of the Mahavir Jayanti festival — do NOT render the festival itself, only the place at this time of year). Time of day: evening golden hour. Atmosphere: pre-monsoon heat, light softening at dusk, dramatic cloud build-up. Colour palette: saturated warm orange. Shot type: static establishing with subtle parallax. Style: documentary register (BBC/National Geographic feel), naturalistic colour grading, soft contrast, slight film grain. Composition: rule-of-thirds horizon, depth via foreground-midground-distance layering. Reference month: April.","no people, no human figures or silhouettes in foreground, no religious figures, sadhus, priests, monks, no specific religious attire (saffron robes, ceremonial clothing), no ritual objects (deities, idols, palanquins, ceremonial fire close-ups), no temple interiors or sanctum imagery, no signage with readable text, no on-screen graphics or overlays, no synthetic / cartoony rendering, no time-of-day mismatch (respect the requested mood)",https://pub-d8970c901de34c218926ebf4be1ed09a.r2.dev/destinations/kolanupaka.jpg,https://pub-bcda9bac2f63408880ee3f23aa3548e5.r2.dev/kolanupaka.mp4,https://www.nakshiq.com/en/festivals/mahavir-jayanti,https://www.nakshiq.com/hi/festivals/mahavir-jayanti,6,16:9,
C,1f9ef973-32d3-4ebc-a391-9a94d896105a,dandari-gusadi-dance-festival,Dandari / Gusadi Dance Festival,adilabad,Adilabad,telangana,12,December,December/January,"boulder-strewn Deccan, baoli stepwells, granite hills","ancient stone amphitheater steps, distant lights, no performers in frame",static establishing with subtle parallax,blue hour + lantern light,"deep winter — frost, low mist, blue hour dominance",deep blue + amber pinpoints,"Cinematic 16:9 establishing shot, 6-8 seconds. Subject: ancient stone amphitheater steps, distant lights, no performers in frame. Location: Adilabad, telangana, India (the host destination of the Dandari / Gusadi Dance Festival festival — do NOT render the festival itself, only the place at this time of year). Time of day: blue hour + lantern light. Atmosphere: deep winter — frost, low mist, blue hour dominance. Colour palette: deep blue + amber pinpoints. Shot type: static establishing with subtle parallax. Style: documentary register (BBC/National Geographic feel), naturalistic colour grading, soft contrast, slight film grain. Composition: rule-of-thirds horizon, depth via foreground-midground-distance layering. Reference month: December.","no people, no human figures or silhouettes in foreground, no religious figures, sadhus, priests, monks, no specific religious attire (saffron robes, ceremonial clothing), no ritual objects (deities, idols, palanquins, ceremonial fire close-ups), no temple interiors or sanctum imagery, no signage with readable text, no on-screen graphics or overlays, no synthetic / cartoony rendering, no time-of-day mismatch (respect the requested mood)",https://pub-d8970c901de34c218926ebf4be1ed09a.r2.dev/destinations/adilabad.jpg,https://pub-bcda9bac2f63408880ee3f23aa3548e5.r2.dev/adilabad.mp4,https://www.nakshiq.com/en/festivals/dandari-gusadi-dance-festival,https://www.nakshiq.com/hi/festivals/dandari-gusadi-dance-festival,6,16:9,
A,a6c799fa-d064-48bc-a379-774dc9e4cf03,rath-yatra,Rath Yatra,puri,Puri,odisha,7,July,June/July (Ashadha Shukla Dwitiya),"Bay of Bengal beach, sandstone temple gopurams (exterior), shore-side dunes","long mountain road or trail receding into distance, no pilgrims visible",slow drone push-in along the horizon line,post-rain twilight,"deep monsoon — saturated greens, wet roads reflecting light, low cloud",deep emerald + slate,"Cinematic 16:9 establishing shot, 6-8 seconds. Subject: long mountain road or trail receding into distance, no pilgrims visible. Location: Puri, odisha, India (the host destination of the Rath Yatra festival — do NOT render the festival itself, only the place at this time of year). Time of day: post-rain twilight. Atmosphere: deep monsoon — saturated greens, wet roads reflecting light, low cloud. Colour palette: deep emerald + slate. Shot type: slow drone push-in along the horizon line. Style: documentary register (BBC/National Geographic feel), naturalistic colour grading, soft contrast, slight film grain. Composition: rule-of-thirds horizon, depth via foreground-midground-distance layering. Reference month: July.","no people, no human figures or silhouettes in foreground, no religious figures, sadhus, priests, monks, no specific religious attire (saffron robes, ceremonial clothing), no ritual objects (deities, idols, palanquins, ceremonial fire close-ups), no temple interiors or sanctum imagery, no signage with readable text, no on-screen graphics or overlays, no synthetic / cartoony rendering, no time-of-day mismatch (respect the requested mood)",https://pub-d8970c901de34c218926ebf4be1ed09a.r2.dev/destinations/puri.jpg,https://pub-bcda9bac2f63408880ee3f23aa3548e5.r2.dev/puri.mp4,https://www.nakshiq.com/en/festivals/rath-yatra,https://www.nakshiq.com/hi/festivals/rath-yatra,6,16:9,
C,243d2208-c7b0-4474-a5d0-ca7d0385aaa4,snana-yatra,Snana Yatra,puri,Puri,odisha,6,June,June (Jyeshtha Purnima),"Bay of Bengal beach, sandstone temple gopurams (exterior), shore-side dunes","long mountain road or trail receding into distance, no pilgrims visible",slow drone push-in along the horizon line,overcast midday,"early monsoon — cumulus clouds, intermittent rain breaks, fresh greens",cool grey-green + saturated blue,"Cinematic 16:9 establishing shot, 6-8 seconds. Subject: long mountain road or trail receding into distance, no pilgrims visible. Location: Puri, odisha, India (the host destination of the Snana Yatra festival — do NOT render the festival itself, only the place at this time of year). Time of day: overcast midday. Atmosphere: early monsoon — cumulus clouds, intermittent rain breaks, fresh greens. Colour palette: cool grey-green + saturated blue. Shot type: slow drone push-in along the horizon line. Style: documentary register (BBC/National Geographic feel), naturalistic colour grading, soft contrast, slight film grain. Composition: rule-of-thirds horizon, depth via foreground-midground-distance layering. Reference month: June.","no people, no human figures or silhouettes in foreground, no religious figures, sadhus, priests, monks, no specific religious attire (saffron robes, ceremonial clothing), no ritual objects (deities, idols, palanquins, ceremonial fire close-ups), no temple interiors or sanctum imagery, no signage with readable text, no on-screen graphics or overlays, no synthetic / cartoony rendering, no time-of-day mismatch (respect the requested mood)",https://pub-d8970c901de34c218926ebf4be1ed09a.r2.dev/destinations/puri.jpg,https://pub-bcda9bac2f63408880ee3f23aa3548e5.r2.dev/puri.mp4,https://www.nakshiq.com/en/festivals/snana-yatra,https://www.nakshiq.com/hi/festivals/snana-yatra,6,16:9,
C,8f7f0ac4-df40-4853-a502-bc89d2606bcc,bahuda-yatra,Bahuda Yatra,puri,Puri,odisha,7,July,9 days after Rath Yatra,"Bay of Bengal beach, sandstone temple gopurams (exterior), shore-side dunes","long mountain road or trail receding into distance, no pilgrims visible",slow drone push-in along the horizon line,post-rain twilight,"deep monsoon — saturated greens, wet roads reflecting light, low cloud",deep emerald + slate,"Cinematic 16:9 establishing shot, 6-8 seconds. Subject: long mountain road or trail receding into distance, no pilgrims visible. Location: Puri, odisha, India (the host destination of the Bahuda Yatra festival — do NOT render the festival itself, only the place at this time of year). Time of day: post-rain twilight. Atmosphere: deep monsoon — saturated greens, wet roads reflecting light, low cloud. Colour palette: deep emerald + slate. Shot type: slow drone push-in along the horizon line. Style: documentary register (BBC/National Geographic feel), naturalistic colour grading, soft contrast, slight film grain. Composition: rule-of-thirds horizon, depth via foreground-midground-distance layering. Reference month: July.","no people, no human figures or silhouettes in foreground, no religious figures, sadhus, priests, monks, no specific religious attire (saffron robes, ceremonial clothing), no ritual objects (deities, idols, palanquins, ceremonial fire close-ups), no temple interiors or sanctum imagery, no signage with readable text, no on-screen graphics or overlays, no synthetic / cartoony rendering, no time-of-day mismatch (respect the requested mood)",https://pub-d8970c901de34c218926ebf4be1ed09a.r2.dev/destinations/puri.jpg,https://pub-bcda9bac2f63408880ee3f23aa3548e5.r2.dev/puri.mp4,https://www.nakshiq.com/en/festivals/bahuda-yatra,https://www.nakshiq.com/hi/festivals/bahuda-yatra,6,16:9,
C,28987299-9b66-49ea-9b34-e28bb13aeb1b,konark-dance-festival,Konark Dance Festival,konark,Konark,odisha,12,December,December 1-5 (annual),"Sun Temple ruins exterior in wide shot, ochre stone, dune-grass foreground","ancient stone amphitheater steps, distant lights, no performers in frame",slow drone push-in along the horizon line,blue hour + lantern light,"deep winter — frost, low mist, blue hour dominance",deep blue + amber pinpoints,"Cinematic 16:9 establishing shot, 6-8 seconds. Subject: ancient stone amphitheater steps, distant lights, no performers in frame. Location: Konark, odisha, India (the host destination of the Konark Dance Festival festival — do NOT render the festival itself, only the place at this time of year). Time of day: blue hour + lantern light. Atmosphere: deep winter — frost, low mist, blue hour dominance. Colour palette: deep blue + amber pinpoints. Shot type: slow drone push-in along the horizon line. Style: documentary register (BBC/National Geographic feel), naturalistic colour grading, soft contrast, slight film grain. Composition: rule-of-thirds horizon, depth via foreground-midground-distance layering. Reference month: December.","no people, no human figures or silhouettes in foreground, no religious figures, sadhus, priests, monks, no specific religious attire (saffron robes, ceremonial clothing), no ritual objects (deities, idols, palanquins, ceremonial fire close-ups), no temple interiors or sanctum imagery, no signage with readable text, no on-screen graphics or overlays, no synthetic / cartoony rendering, no time-of-day mismatch (respect the requested mood)",https://pub-d8970c901de34c218926ebf4be1ed09a.r2.dev/destinations/konark.jpg,https://pub-bcda9bac2f63408880ee3f23aa3548e5.r2.dev/konark.mp4,https://www.nakshiq.com/en/festivals/konark-dance-festival,https://www.nakshiq.com/hi/festivals/konark-dance-festival,6,16:9,
C,82717d5c-d1b8-4143-92bd-6ae6ee8118f7,adivasi-mela,Adivasi Mela,bhubaneswar,Bhubaneswar,odisha,1,January,January 26 - February 10,"ancient sandstone temple precincts (exteriors only), dry winter morning haze, sal-tree edges","empty fairground wide shot — tents, flags, dusty paths, no crowds, no readable signage","static establishing, slight push-in, no figures in frame",blue hour pre-dawn,"winter clarity, low-angle sun, mist on rivers and lakes",cool blue + warm tungsten contrast,"Cinematic 16:9 establishing shot, 6-8 seconds. Subject: empty fairground wide shot — tents, flags, dusty paths, no crowds, no readable signage. Location: Bhubaneswar, odisha, India (the host destination of the Adivasi Mela festival — do NOT render the festival itself, only the place at this time of year). Time of day: blue hour pre-dawn. Atmosphere: winter clarity, low-angle sun, mist on rivers and lakes. Colour palette: cool blue + warm tungsten contrast. Shot type: static establishing, slight push-in, no figures in frame. Style: documentary register (BBC/National Geographic feel), naturalistic colour grading, soft contrast, slight film grain. Composition: rule-of-thirds horizon, depth via foreground-midground-distance layering. Reference month: January.","no people, no human figures or silhouettes in foreground, no religious figures, sadhus, priests, monks, no specific religious attire (saffron robes, ceremonial clothing), no ritual objects (deities, idols, palanquins, ceremonial fire close-ups), no temple interiors or sanctum imagery, no signage with readable text, no on-screen graphics or overlays, no synthetic / cartoony rendering, no time-of-day mismatch (respect the requested mood)",https://pub-d8970c901de34c218926ebf4be1ed09a.r2.dev/destinations/bhubaneswar.jpg,https://pub-bcda9bac2f63408880ee3f23aa3548e5.r2.dev/bhubaneswar.mp4,https://www.nakshiq.com/en/festivals/adivasi-mela,https://www.nakshiq.com/hi/festivals/adivasi-mela,6,16:9,Tribal community — do NOT render figures or attire; landscape and structures only.
C,5aa70dc5-0555-41b6-a987-7f564eeb0219,dhauli-shanti-utsav,Dhauli Shanti Utsav,bhubaneswar,Bhubaneswar,odisha,3,March,March/April,"ancient sandstone temple precincts (exteriors only), dry winter morning haze, sal-tree edges","ancient sandstone temple precincts (exteriors only), dry winter morning haze, sal-tree edges establishing wide shot — no figures, no signage with text","static establishing, slight push-in, no figures in frame",afternoon to dusk,"pre-summer warmth, dust in the air, soft hazy light","warm earth tones, ochre","Cinematic 16:9 establishing shot, 6-8 seconds. Subject: ancient sandstone temple precincts (exteriors only), dry winter morning haze, sal-tree edges establishing wide shot — no figures, no signage with text. Location: Bhubaneswar, odisha, India (the host destination of the Dhauli Shanti Utsav festival — do NOT render the festival itself, only the place at this time of year). Time of day: afternoon to dusk. Atmosphere: pre-summer warmth, dust in the air, soft hazy light. Colour palette: warm earth tones, ochre. Shot type: static establishing, slight push-in, no figures in frame. Style: documentary register (BBC/National Geographic feel), naturalistic colour grading, soft contrast, slight film grain. Composition: rule-of-thirds horizon, depth via foreground-midground-distance layering. Reference month: March.","no people, no human figures or silhouettes in foreground, no religious figures, sadhus, priests, monks, no specific religious attire (saffron robes, ceremonial clothing), no ritual objects (deities, idols, palanquins, ceremonial fire close-ups), no temple interiors or sanctum imagery, no signage with readable text, no on-screen graphics or overlays, no synthetic / cartoony rendering, no time-of-day mismatch (respect the requested mood)",https://pub-d8970c901de34c218926ebf4be1ed09a.r2.dev/destinations/bhubaneswar.jpg,https://pub-bcda9bac2f63408880ee3f23aa3548e5.r2.dev/bhubaneswar.mp4,https://www.nakshiq.com/en/festivals/dhauli-shanti-utsav,https://www.nakshiq.com/hi/festivals/dhauli-shanti-utsav,6,16:9,
C,750d245b-5d5d-4e22-94ce-f1c1422ff4fb,bali-jatra,Bali Jatra,cuttack,Cuttack,odisha,11,November,November (Kartik Purnima),"Chilika lagoon, coastal dunes, eastern beach sunrise","Chilika lagoon, coastal dunes, eastern beach sunrise establishing wide shot — no figures, no signage with text",slow drone push-in along the horizon line,early morning,"early winter — crystalline cold light, cool blue mornings",icy cyan + warm low sun,"Cinematic 16:9 establishing shot, 6-8 seconds. Subject: Chilika lagoon, coastal dunes, eastern beach sunrise establishing wide shot — no figures, no signage with text. Location: Cuttack, odisha, India (the host destination of the Bali Jatra festival — do NOT render the festival itself, only the place at this time of year). Time of day: early morning. Atmosphere: early winter — crystalline cold light, cool blue mornings. Colour palette: icy cyan + warm low sun. Shot type: slow drone push-in along the horizon line. Style: documentary register (BBC/National Geographic feel), naturalistic colour grading, soft contrast, slight film grain. Composition: rule-of-thirds horizon, depth via foreground-midground-distance layering. Reference month: November.","no people, no human figures or silhouettes in foreground, no religious figures, sadhus, priests, monks, no specific religious attire (saffron robes, ceremonial clothing), no ritual objects (deities, idols, palanquins, ceremonial fire close-ups), no temple interiors or sanctum imagery, no signage with readable text, no on-screen graphics or overlays, no synthetic / cartoony rendering, no time-of-day mismatch (respect the requested mood)",https://pub-d8970c901de34c218926ebf4be1ed09a.r2.dev/destinations/cuttack.jpg,https://pub-bcda9bac2f63408880ee3f23aa3548e5.r2.dev/cuttack.mp4,https://www.nakshiq.com/en/festivals/bali-jatra,https://www.nakshiq.com/hi/festivals/bali-jatra,6,16:9,
A,f6078827-b2ee-4e84-bf55-0711bf0e9af5,durga-puja-cuttack-silver-edition,Durga Puja (Cuttack Silver Edition),cuttack,Cuttack,odisha,10,October,October (Ashwin Shukla),"Chilika lagoon, coastal dunes, eastern beach sunrise","Chilika lagoon, coastal dunes, eastern beach sunrise establishing wide shot — no figures, no signage with text",slow drone push-in along the horizon line,evening golden hour,"autumn warmth, returning dust, soft sunset glow",warm gold + violet sky,"Cinematic 16:9 establishing shot, 6-8 seconds. Subject: Chilika lagoon, coastal dunes, eastern beach sunrise establishing wide shot — no figures, no signage with text. Location: Cuttack, odisha, India (the host destination of the Durga Puja (Cuttack Silver Edition) festival — do NOT render the festival itself, only the place at this time of year). Time of day: evening golden hour. Atmosphere: autumn warmth, returning dust, soft sunset glow. Colour palette: warm gold + violet sky. Shot type: slow drone push-in along the horizon line. Style: documentary register (BBC/National Geographic feel), naturalistic colour grading, soft contrast, slight film grain. Composition: rule-of-thirds horizon, depth via foreground-midground-distance layering. Reference month: October.","no people, no human figures or silhouettes in foreground, no religious figures, sadhus, priests, monks, no specific religious attire (saffron robes, ceremonial clothing), no ritual objects (deities, idols, palanquins, ceremonial fire close-ups), no temple interiors or sanctum imagery, no signage with readable text, no on-screen graphics or overlays, no synthetic / cartoony rendering, no time-of-day mismatch (respect the requested mood)",https://pub-d8970c901de34c218926ebf4be1ed09a.r2.dev/destinations/cuttack.jpg,https://pub-bcda9bac2f63408880ee3f23aa3548e5.r2.dev/cuttack.mp4,https://www.nakshiq.com/en/festivals/durga-puja-cuttack-silver-edition,https://www.nakshiq.com/hi/festivals/durga-puja-cuttack-silver-edition,6,16:9,
C,8f8150cb-1512-4c05-a458-59e82be4dff7,sital-sasthi,Sital Sasthi,sambalpur,Sambalpur,odisha,6,June,June (Jyeshtha Shukla),"Chilika lagoon, coastal dunes, eastern beach sunrise","Chilika lagoon, coastal dunes, eastern beach sunrise establishing wide shot — no figures, no signage with text",slow drone push-in along the horizon line,overcast midday,"early monsoon — cumulus clouds, intermittent rain breaks, fresh greens",cool grey-green + saturated blue,"Cinematic 16:9 establishing shot, 6-8 seconds. Subject: Chilika lagoon, coastal dunes, eastern beach sunrise establishing wide shot — no figures, no signage with text. Location: Sambalpur, odisha, India (the host destination of the Sital Sasthi festival — do NOT render the festival itself, only the place at this time of year). Time of day: overcast midday. Atmosphere: early monsoon — cumulus clouds, intermittent rain breaks, fresh greens. Colour palette: cool grey-green + saturated blue. Shot type: slow drone push-in along the horizon line. Style: documentary register (BBC/National Geographic feel), naturalistic colour grading, soft contrast, slight film grain. Composition: rule-of-thirds horizon, depth via foreground-midground-distance layering. Reference month: June.","no people, no human figures or silhouettes in foreground, no religious figures, sadhus, priests, monks, no specific religious attire (saffron robes, ceremonial clothing), no ritual objects (deities, idols, palanquins, ceremonial fire close-ups), no temple interiors or sanctum imagery, no signage with readable text, no on-screen graphics or overlays, no synthetic / cartoony rendering, no time-of-day mismatch (respect the requested mood)",https://pub-d8970c901de34c218926ebf4be1ed09a.r2.dev/destinations/sambalpur.jpg,https://pub-bcda9bac2f63408880ee3f23aa3548e5.r2.dev/sambalpur.mp4,https://www.nakshiq.com/en/festivals/sital-sasthi,https://www.nakshiq.com/hi/festivals/sital-sasthi,6,16:9,
C,08aab457-a0ee-4b06-8d72-ced0e4dca5db,chilika-bird-festival,Chilika Bird Festival,chilika-lake,Chilika Lake,odisha,1,January,January (2 days),"Chilika lagoon, coastal dunes, eastern beach sunrise","wetland reflections, water birds at distance in flight, reed-bed foreground",slow drone push-in along the horizon line,blue hour pre-dawn,"winter clarity, low-angle sun, mist on rivers and lakes",cool blue + warm tungsten contrast,"Cinematic 16:9 establishing shot, 6-8 seconds. Subject: wetland reflections, water birds at distance in flight, reed-bed foreground. Location: Chilika Lake, odisha, India (the host destination of the Chilika Bird Festival festival — do NOT render the festival itself, only the place at this time of year). Time of day: blue hour pre-dawn. Atmosphere: winter clarity, low-angle sun, mist on rivers and lakes. Colour palette: cool blue + warm tungsten contrast. Shot type: slow drone push-in along the horizon line. Style: documentary register (BBC/National Geographic feel), naturalistic colour grading, soft contrast, slight film grain. Composition: rule-of-thirds horizon, depth via foreground-midground-distance layering. Reference month: January.","no people, no human figures or silhouettes in foreground, no religious figures, sadhus, priests, monks, no specific religious attire (saffron robes, ceremonial clothing), no ritual objects (deities, idols, palanquins, ceremonial fire close-ups), no temple interiors or sanctum imagery, no signage with readable text, no on-screen graphics or overlays, no synthetic / cartoony rendering, no time-of-day mismatch (respect the requested mood)",https://pub-d8970c901de34c218926ebf4be1ed09a.r2.dev/destinations/chilika-lake.jpg,https://pub-bcda9bac2f63408880ee3f23aa3548e5.r2.dev/chilika-lake.mp4,https://www.nakshiq.com/en/festivals/chilika-bird-festival,https://www.nakshiq.com/hi/festivals/chilika-bird-festival,6,16:9,
C,c6ddc3a8-5c5b-4e76-9519-b78b06ad1391,olive-ridley-turtle-festival,Olive Ridley Turtle Festival,bhitarkanika,Bhitarkanika,odisha,2,February,February (during peak nesting),"Chilika lagoon, coastal dunes, eastern beach sunrise","Chilika lagoon, coastal dunes, eastern beach sunrise establishing wide shot — no figures, no signage with text",slow drone push-in along the horizon line,early golden hour,"late-winter clarity, crisp light, dry air",warm amber + cold shadow,"Cinematic 16:9 establishing shot, 6-8 seconds. Subject: Chilika lagoon, coastal dunes, eastern beach sunrise establishing wide shot — no figures, no signage with text. Location: Bhitarkanika, odisha, India (the host destination of the Olive Ridley Turtle Festival festival — do NOT render the festival itself, only the place at this time of year). Time of day: early golden hour. Atmosphere: late-winter clarity, crisp light, dry air. Colour palette: warm amber + cold shadow. Shot type: slow drone push-in along the horizon line. Style: documentary register (BBC/National Geographic feel), naturalistic colour grading, soft contrast, slight film grain. Composition: rule-of-thirds horizon, depth via foreground-midground-distance layering. Reference month: February.","no people, no human figures or silhouettes in foreground, no religious figures, sadhus, priests, monks, no specific religious attire (saffron robes, ceremonial clothing), no ritual objects (deities, idols, palanquins, ceremonial fire close-ups), no temple interiors or sanctum imagery, no signage with readable text, no on-screen graphics or overlays, no synthetic / cartoony rendering, no time-of-day mismatch (respect the requested mood)",https://pub-d8970c901de34c218926ebf4be1ed09a.r2.dev/destinations/bhitarkanika.jpg,https://pub-bcda9bac2f63408880ee3f23aa3548e5.r2.dev/bhitarkanika.mp4,https://www.nakshiq.com/en/festivals/olive-ridley-turtle-festival,https://www.nakshiq.com/hi/festivals/olive-ridley-turtle-festival,6,16:9,
C,ca1057d1-3324-4cf5-800b-8e0db5b641d2,simlipal-flower-festival,Simlipal Flower Festival,simlipal,Simlipal,odisha,4,April,April (orchid season),"Chilika lagoon, coastal dunes, eastern beach sunrise","vast flower-bed geometric rows, slow drift through colour fields, no people",slow drone push-in along the horizon line,evening golden hour,"pre-monsoon heat, light softening at dusk, dramatic cloud build-up",saturated warm orange,"Cinematic 16:9 establishing shot, 6-8 seconds. Subject: vast flower-bed geometric rows, slow drift through colour fields, no people. Location: Simlipal, odisha, India (the host destination of the Simlipal Flower Festival festival — do NOT render the festival itself, only the place at this time of year). Time of day: evening golden hour. Atmosphere: pre-monsoon heat, light softening at dusk, dramatic cloud build-up. Colour palette: saturated warm orange. Shot type: slow drone push-in along the horizon line. Style: documentary register (BBC/National Geographic feel), naturalistic colour grading, soft contrast, slight film grain. Composition: rule-of-thirds horizon, depth via foreground-midground-distance layering. Reference month: April.","no people, no human figures or silhouettes in foreground, no religious figures, sadhus, priests, monks, no specific religious attire (saffron robes, ceremonial clothing), no ritual objects (deities, idols, palanquins, ceremonial fire close-ups), no temple interiors or sanctum imagery, no signage with readable text, no on-screen graphics or overlays, no synthetic / cartoony rendering, no time-of-day mismatch (respect the requested mood)",https://pub-d8970c901de34c218926ebf4be1ed09a.r2.dev/destinations/simlipal.jpg,https://pub-bcda9bac2f63408880ee3f23aa3548e5.r2.dev/simlipal.mp4,https://www.nakshiq.com/en/festivals/simlipal-flower-festival,https://www.nakshiq.com/hi/festivals/simlipal-flower-festival,6,16:9,
C,9fadef47-3f49-45e5-acbd-2ce3062492d9,chaitra-parva-chhau-festival,Chaitra Parva Chhau Festival,baripada,Baripada,odisha,4,April,April (Chaitra month),"Chilika lagoon, coastal dunes, eastern beach sunrise","Chilika lagoon, coastal dunes, eastern beach sunrise establishing wide shot — no figures, no signage with text",slow drone push-in along the horizon line,evening golden hour,"pre-monsoon heat, light softening at dusk, dramatic cloud build-up",saturated warm orange,"Cinematic 16:9 establishing shot, 6-8 seconds. Subject: Chilika lagoon, coastal dunes, eastern beach sunrise establishing wide shot — no figures, no signage with text. Location: Baripada, odisha, India (the host destination of the Chaitra Parva Chhau Festival festival — do NOT render the festival itself, only the place at this time of year). Time of day: evening golden hour. Atmosphere: pre-monsoon heat, light softening at dusk, dramatic cloud build-up. Colour palette: saturated warm orange. Shot type: slow drone push-in along the horizon line. Style: documentary register (BBC/National Geographic feel), naturalistic colour grading, soft contrast, slight film grain. Composition: rule-of-thirds horizon, depth via foreground-midground-distance layering. Reference month: April.","no people, no human figures or silhouettes in foreground, no religious figures, sadhus, priests, monks, no specific religious attire (saffron robes, ceremonial clothing), no ritual objects (deities, idols, palanquins, ceremonial fire close-ups), no temple interiors or sanctum imagery, no signage with readable text, no on-screen graphics or overlays, no synthetic / cartoony rendering, no time-of-day mismatch (respect the requested mood)",https://pub-d8970c901de34c218926ebf4be1ed09a.r2.dev/destinations/baripada.jpg,https://pub-bcda9bac2f63408880ee3f23aa3548e5.r2.dev/baripada.mp4,https://www.nakshiq.com/en/festivals/chaitra-parva-chhau-festival,https://www.nakshiq.com/hi/festivals/chaitra-parva-chhau-festival,6,16:9,
C,c5e4f421-7000-42e8-af1d-f87387ae6931,raghurajpur-art-festival,Raghurajpur Art Festival,raghurajpur,Raghurajpur,odisha,12,December,December (around Konark Festival),"Chilika lagoon, coastal dunes, eastern beach sunrise","Chilika lagoon, coastal dunes, eastern beach sunrise establishing wide shot — no figures, no signage with text",slow drone push-in along the horizon line,blue hour + lantern light,"deep winter — frost, low mist, blue hour dominance",deep blue + amber pinpoints,"Cinematic 16:9 establishing shot, 6-8 seconds. Subject: Chilika lagoon, coastal dunes, eastern beach sunrise establishing wide shot — no figures, no signage with text. Location: Raghurajpur, odisha, India (the host destination of the Raghurajpur Art Festival festival — do NOT render the festival itself, only the place at this time of year). Time of day: blue hour + lantern light. Atmosphere: deep winter — frost, low mist, blue hour dominance. Colour palette: deep blue + amber pinpoints. Shot type: slow drone push-in along the horizon line. Style: documentary register (BBC/National Geographic feel), naturalistic colour grading, soft contrast, slight film grain. Composition: rule-of-thirds horizon, depth via foreground-midground-distance layering. Reference month: December.","no people, no human figures or silhouettes in foreground, no religious figures, sadhus, priests, monks, no specific religious attire (saffron robes, ceremonial clothing), no ritual objects (deities, idols, palanquins, ceremonial fire close-ups), no temple interiors or sanctum imagery, no signage with readable text, no on-screen graphics or overlays, no synthetic / cartoony rendering, no time-of-day mismatch (respect the requested mood)",https://pub-d8970c901de34c218926ebf4be1ed09a.r2.dev/destinations/raghurajpur.jpg,https://pub-bcda9bac2f63408880ee3f23aa3548e5.r2.dev/raghurajpur.mp4,https://www.nakshiq.com/en/festivals/raghurajpur-art-festival,https://www.nakshiq.com/hi/festivals/raghurajpur-art-festival,6,16:9,
C,5b1d1087-62f6-4ba1-adb9-05ac08570ab5,parab-tribal-festival,Parab Tribal Festival,koraput,Koraput,odisha,3,March,March (harvest season),"Chilika lagoon, coastal dunes, eastern beach sunrise","forest-village clearing, no figures, smoke from distant hearths",slow drone push-in along the horizon line,afternoon to dusk,"pre-summer warmth, dust in the air, soft hazy light","warm earth tones, ochre","Cinematic 16:9 establishing shot, 6-8 seconds. Subject: forest-village clearing, no figures, smoke from distant hearths. Location: Koraput, odisha, India (the host destination of the Parab Tribal Festival festival — do NOT render the festival itself, only the place at this time of year). Time of day: afternoon to dusk. Atmosphere: pre-summer warmth, dust in the air, soft hazy light. Colour palette: warm earth tones, ochre. Shot type: slow drone push-in along the horizon line. Style: documentary register (BBC/National Geographic feel), naturalistic colour grading, soft contrast, slight film grain. Composition: rule-of-thirds horizon, depth via foreground-midground-distance layering. Reference month: March.","no people, no human figures or silhouettes in foreground, no religious figures, sadhus, priests, monks, no specific religious attire (saffron robes, ceremonial clothing), no ritual objects (deities, idols, palanquins, ceremonial fire close-ups), no temple interiors or sanctum imagery, no signage with readable text, no on-screen graphics or overlays, no synthetic / cartoony rendering, no time-of-day mismatch (respect the requested mood)",https://pub-d8970c901de34c218926ebf4be1ed09a.r2.dev/destinations/koraput.jpg,https://pub-bcda9bac2f63408880ee3f23aa3548e5.r2.dev/koraput.mp4,https://www.nakshiq.com/en/festivals/parab-tribal-festival,https://www.nakshiq.com/hi/festivals/parab-tribal-festival,6,16:9,Tribal community — do NOT render figures or attire; landscape and structures only.
C,c75ca9b9-7326-48c1-95fe-ad4efaf6bde9,chaiti-ghoda,Chaiti Ghoda,daringbadi,Daringbadi,odisha,4,April,April (Chaitra),"Chilika lagoon, coastal dunes, eastern beach sunrise","Chilika lagoon, coastal dunes, eastern beach sunrise establishing wide shot — no figures, no signage with text",slow drone push-in along the horizon line,evening golden hour,"pre-monsoon heat, light softening at dusk, dramatic cloud build-up",saturated warm orange,"Cinematic 16:9 establishing shot, 6-8 seconds. Subject: Chilika lagoon, coastal dunes, eastern beach sunrise establishing wide shot — no figures, no signage with text. Location: Daringbadi, odisha, India (the host destination of the Chaiti Ghoda festival — do NOT render the festival itself, only the place at this time of year). Time of day: evening golden hour. Atmosphere: pre-monsoon heat, light softening at dusk, dramatic cloud build-up. Colour palette: saturated warm orange. Shot type: slow drone push-in along the horizon line. Style: documentary register (BBC/National Geographic feel), naturalistic colour grading, soft contrast, slight film grain. Composition: rule-of-thirds horizon, depth via foreground-midground-distance layering. Reference month: April.","no people, no human figures or silhouettes in foreground, no religious figures, sadhus, priests, monks, no specific religious attire (saffron robes, ceremonial clothing), no ritual objects (deities, idols, palanquins, ceremonial fire close-ups), no temple interiors or sanctum imagery, no signage with readable text, no on-screen graphics or overlays, no synthetic / cartoony rendering, no time-of-day mismatch (respect the requested mood)",https://pub-d8970c901de34c218926ebf4be1ed09a.r2.dev/destinations/daringbadi.jpg,https://pub-bcda9bac2f63408880ee3f23aa3548e5.r2.dev/daringbadi.mp4,https://www.nakshiq.com/en/festivals/chaiti-ghoda,https://www.nakshiq.com/hi/festivals/chaiti-ghoda,6,16:9,
C,9721a982-966a-4a1d-816f-4c3b83bb3609,rann-utsav,Rann Utsav,kutch,Kutch (Bhuj),gujarat,12,December,November-February (full season),"salt flats, Arabian Sea coast, white limestone","salt flats or dunes, geometric horizon line, no figures",slow drone push-in along the horizon line,blue hour + lantern light,"deep winter — frost, low mist, blue hour dominance",deep blue + amber pinpoints,"Cinematic 16:9 establishing shot, 6-8 seconds. Subject: salt flats or dunes, geometric horizon line, no figures. Location: Kutch (Bhuj), gujarat, India (the host destination of the Rann Utsav festival — do NOT render the festival itself, only the place at this time of year). Time of day: blue hour + lantern light. Atmosphere: deep winter — frost, low mist, blue hour dominance. Colour palette: deep blue + amber pinpoints. Shot type: slow drone push-in along the horizon line. Style: documentary register (BBC/National Geographic feel), naturalistic colour grading, soft contrast, slight film grain. Composition: rule-of-thirds horizon, depth via foreground-midground-distance layering. Reference month: December.","no people, no human figures or silhouettes in foreground, no religious figures, sadhus, priests, monks, no specific religious attire (saffron robes, ceremonial clothing), no ritual objects (deities, idols, palanquins, ceremonial fire close-ups), no temple interiors or sanctum imagery, no signage with readable text, no on-screen graphics or overlays, no synthetic / cartoony rendering, no time-of-day mismatch (respect the requested mood)",https://pub-d8970c901de34c218926ebf4be1ed09a.r2.dev/destinations/kutch.jpg,https://pub-bcda9bac2f63408880ee3f23aa3548e5.r2.dev/kutch.mp4,https://www.nakshiq.com/en/festivals/rann-utsav,https://www.nakshiq.com/hi/festivals/rann-utsav,6,16:9,
A,0d3d9151-9453-423c-ac17-13125ec728fc,kutch-mahotsav,Kutch Mahotsav,kutch,Kutch (Bhuj),gujarat,1,January,January (Republic Day weekend),"salt flats, Arabian Sea coast, white limestone","salt flats, Arabian Sea coast, white limestone establishing wide shot — no figures, no signage with text",slow drone push-in along the horizon line,blue hour pre-dawn,"winter clarity, low-angle sun, mist on rivers and lakes",cool blue + warm tungsten contrast,"Cinematic 16:9 establishing shot, 6-8 seconds. Subject: salt flats, Arabian Sea coast, white limestone establishing wide shot — no figures, no signage with text. Location: Kutch (Bhuj), gujarat, India (the host destination of the Kutch Mahotsav festival — do NOT render the festival itself, only the place at this time of year). Time of day: blue hour pre-dawn. Atmosphere: winter clarity, low-angle sun, mist on rivers and lakes. Colour palette: cool blue + warm tungsten contrast. Shot type: slow drone push-in along the horizon line. Style: documentary register (BBC/National Geographic feel), naturalistic colour grading, soft contrast, slight film grain. Composition: rule-of-thirds horizon, depth via foreground-midground-distance layering. Reference month: January.","no people, no human figures or silhouettes in foreground, no religious figures, sadhus, priests, monks, no specific religious attire (saffron robes, ceremonial clothing), no ritual objects (deities, idols, palanquins, ceremonial fire close-ups), no temple interiors or sanctum imagery, no signage with readable text, no on-screen graphics or overlays, no synthetic / cartoony rendering, no time-of-day mismatch (respect the requested mood)",https://pub-d8970c901de34c218926ebf4be1ed09a.r2.dev/destinations/kutch.jpg,https://pub-bcda9bac2f63408880ee3f23aa3548e5.r2.dev/kutch.mp4,https://www.nakshiq.com/en/festivals/kutch-mahotsav,https://www.nakshiq.com/hi/festivals/kutch-mahotsav,6,16:9,
C,6e08de14-779b-451c-80e0-4004ce38f41d,janmashtami-at-dwarkadhish,Janmashtami at Dwarkadhish,dwarka,Dwarka,gujarat,8,August,August/September,"salt flats, Arabian Sea coast, white limestone","salt flats, Arabian Sea coast, white limestone establishing wide shot — no figures, no signage with text",slow drone push-in along the horizon line,late morning shaft-light,"monsoon green, valley mist, sun shafts breaking through cloud",lush green + silver mist,"Cinematic 16:9 establishing shot, 6-8 seconds. Subject: salt flats, Arabian Sea coast, white limestone establishing wide shot — no figures, no signage with text. Location: Dwarka, gujarat, India (the host destination of the Janmashtami at Dwarkadhish festival — do NOT render the festival itself, only the place at this time of year). Time of day: late morning shaft-light. Atmosphere: monsoon green, valley mist, sun shafts breaking through cloud. Colour palette: lush green + silver mist. Shot type: slow drone push-in along the horizon line. Style: documentary register (BBC/National Geographic feel), naturalistic colour grading, soft contrast, slight film grain. Composition: rule-of-thirds horizon, depth via foreground-midground-distance layering. Reference month: August.","no people, no human figures or silhouettes in foreground, no religious figures, sadhus, priests, monks, no specific religious attire (saffron robes, ceremonial clothing), no ritual objects (deities, idols, palanquins, ceremonial fire close-ups), no temple interiors or sanctum imagery, no signage with readable text, no on-screen graphics or overlays, no synthetic / cartoony rendering, no time-of-day mismatch (respect the requested mood)",https://pub-d8970c901de34c218926ebf4be1ed09a.r2.dev/destinations/dwarka.jpg,https://pub-bcda9bac2f63408880ee3f23aa3548e5.r2.dev/dwarka.mp4,https://www.nakshiq.com/en/festivals/janmashtami-at-dwarkadhish,https://www.nakshiq.com/hi/festivals/janmashtami-at-dwarkadhish,6,16:9,"Religious site — exterior only, no idol or sanctum imagery."
C,fcccbd94-82e8-43d5-b9ab-2a9b4cac90dd,kartik-purnima-at-somnath,Kartik Purnima at Somnath,somnath,Somnath,gujarat,11,November,November (full moon),"salt flats, Arabian Sea coast, white limestone","salt flats, Arabian Sea coast, white limestone establishing wide shot — no figures, no signage with text",slow drone push-in along the horizon line,early morning,"early winter — crystalline cold light, cool blue mornings",icy cyan + warm low sun,"Cinematic 16:9 establishing shot, 6-8 seconds. Subject: salt flats, Arabian Sea coast, white limestone establishing wide shot — no figures, no signage with text. Location: Somnath, gujarat, India (the host destination of the Kartik Purnima at Somnath festival — do NOT render the festival itself, only the place at this time of year). Time of day: early morning. Atmosphere: early winter — crystalline cold light, cool blue mornings. Colour palette: icy cyan + warm low sun. Shot type: slow drone push-in along the horizon line. Style: documentary register (BBC/National Geographic feel), naturalistic colour grading, soft contrast, slight film grain. Composition: rule-of-thirds horizon, depth via foreground-midground-distance layering. Reference month: November.","no people, no human figures or silhouettes in foreground, no religious figures, sadhus, priests, monks, no specific religious attire (saffron robes, ceremonial clothing), no ritual objects (deities, idols, palanquins, ceremonial fire close-ups), no temple interiors or sanctum imagery, no signage with readable text, no on-screen graphics or overlays, no synthetic / cartoony rendering, no time-of-day mismatch (respect the requested mood)",https://pub-d8970c901de34c218926ebf4be1ed09a.r2.dev/destinations/somnath.jpg,https://pub-bcda9bac2f63408880ee3f23aa3548e5.r2.dev/somnath.mp4,https://www.nakshiq.com/en/festivals/kartik-purnima-at-somnath,https://www.nakshiq.com/hi/festivals/kartik-purnima-at-somnath,6,16:9,
A,5c76335b-a156-4038-92f0-d4f89821de0a,maha-shivaratri-at-somnath,Maha Shivaratri at Somnath,somnath,Somnath,gujarat,3,March,February/March,"salt flats, Arabian Sea coast, white limestone","salt flats, Arabian Sea coast, white limestone establishing wide shot — no figures, no signage with text",slow drone push-in along the horizon line,afternoon to dusk,"pre-summer warmth, dust in the air, soft hazy light","warm earth tones, ochre","Cinematic 16:9 establishing shot, 6-8 seconds. Subject: salt flats, Arabian Sea coast, white limestone establishing wide shot — no figures, no signage with text. Location: Somnath, gujarat, India (the host destination of the Maha Shivaratri at Somnath festival — do NOT render the festival itself, only the place at this time of year). Time of day: afternoon to dusk. Atmosphere: pre-summer warmth, dust in the air, soft hazy light. Colour palette: warm earth tones, ochre. Shot type: slow drone push-in along the horizon line. Style: documentary register (BBC/National Geographic feel), naturalistic colour grading, soft contrast, slight film grain. Composition: rule-of-thirds horizon, depth via foreground-midground-distance layering. Reference month: March.","no people, no human figures or silhouettes in foreground, no religious figures, sadhus, priests, monks, no specific religious attire (saffron robes, ceremonial clothing), no ritual objects (deities, idols, palanquins, ceremonial fire close-ups), no temple interiors or sanctum imagery, no signage with readable text, no on-screen graphics or overlays, no synthetic / cartoony rendering, no time-of-day mismatch (respect the requested mood)",https://pub-d8970c901de34c218926ebf4be1ed09a.r2.dev/destinations/somnath.jpg,https://pub-bcda9bac2f63408880ee3f23aa3548e5.r2.dev/somnath.mp4,https://www.nakshiq.com/en/festivals/maha-shivaratri-at-somnath,https://www.nakshiq.com/hi/festivals/maha-shivaratri-at-somnath,6,16:9,
A,4b74b085-cece-4910-a12a-1486b63f2512,international-kite-festival-uttarayan,International Kite Festival (Uttarayan),ahmedabad,Ahmedabad,gujarat,1,January,January 14,"old-city pol architecture, geometric stepwell shadows, dry winter morning","wide-angle empty sky with high cumulus and distant kite silhouettes (specks, no closeup)","static establishing, slight push-in, no figures in frame",blue hour pre-dawn,"winter clarity, low-angle sun, mist on rivers and lakes",cool blue + warm tungsten contrast,"Cinematic 16:9 establishing shot, 6-8 seconds. Subject: wide-angle empty sky with high cumulus and distant kite silhouettes (specks, no closeup). Location: Ahmedabad, gujarat, India (the host destination of the International Kite Festival (Uttarayan) festival — do NOT render the festival itself, only the place at this time of year). Time of day: blue hour pre-dawn. Atmosphere: winter clarity, low-angle sun, mist on rivers and lakes. Colour palette: cool blue + warm tungsten contrast. Shot type: static establishing, slight push-in, no figures in frame. Style: documentary register (BBC/National Geographic feel), naturalistic colour grading, soft contrast, slight film grain. Composition: rule-of-thirds horizon, depth via foreground-midground-distance layering. Reference month: January.","no people, no human figures or silhouettes in foreground, no religious figures, sadhus, priests, monks, no specific religious attire (saffron robes, ceremonial clothing), no ritual objects (deities, idols, palanquins, ceremonial fire close-ups), no temple interiors or sanctum imagery, no signage with readable text, no on-screen graphics or overlays, no synthetic / cartoony rendering, no time-of-day mismatch (respect the requested mood)",https://pub-d8970c901de34c218926ebf4be1ed09a.r2.dev/destinations/ahmedabad.jpg,https://pub-bcda9bac2f63408880ee3f23aa3548e5.r2.dev/ahmedabad.mp4,https://www.nakshiq.com/en/festivals/international-kite-festival-uttarayan,https://www.nakshiq.com/hi/festivals/international-kite-festival-uttarayan,6,16:9,
A,83e11a89-c30e-4839-a157-c237c2405bb1,navratri-garba,Navratri Garba,vadodara,Vadodara,gujarat,10,October,October (9 nights),"salt flats, Arabian Sea coast, white limestone","salt flats, Arabian Sea coast, white limestone establishing wide shot — no figures, no signage with text",slow drone push-in along the horizon line,evening golden hour,"autumn warmth, returning dust, soft sunset glow",warm gold + violet sky,"Cinematic 16:9 establishing shot, 6-8 seconds. Subject: salt flats, Arabian Sea coast, white limestone establishing wide shot — no figures, no signage with text. Location: Vadodara, gujarat, India (the host destination of the Navratri Garba festival — do NOT render the festival itself, only the place at this time of year). Time of day: evening golden hour. Atmosphere: autumn warmth, returning dust, soft sunset glow. Colour palette: warm gold + violet sky. Shot type: slow drone push-in along the horizon line. Style: documentary register (BBC/National Geographic feel), naturalistic colour grading, soft contrast, slight film grain. Composition: rule-of-thirds horizon, depth via foreground-midground-distance layering. Reference month: October.","no people, no human figures or silhouettes in foreground, no religious figures, sadhus, priests, monks, no specific religious attire (saffron robes, ceremonial clothing), no ritual objects (deities, idols, palanquins, ceremonial fire close-ups), no temple interiors or sanctum imagery, no signage with readable text, no on-screen graphics or overlays, no synthetic / cartoony rendering, no time-of-day mismatch (respect the requested mood)",https://pub-d8970c901de34c218926ebf4be1ed09a.r2.dev/destinations/vadodara.jpg,https://pub-bcda9bac2f63408880ee3f23aa3548e5.r2.dev/vadodara.mp4,https://www.nakshiq.com/en/festivals/navratri-garba,https://www.nakshiq.com/hi/festivals/navratri-garba,6,16:9,
C,9cb674be-0d20-42b5-9575-54109464d5b2,shatrunjaya-mahotsav,Shatrunjaya Mahotsav,palitana,Palitana,gujarat,11,November,November,"salt flats, Arabian Sea coast, white limestone","salt flats, Arabian Sea coast, white limestone establishing wide shot — no figures, no signage with text",slow drone push-in along the horizon line,early morning,"early winter — crystalline cold light, cool blue mornings",icy cyan + warm low sun,"Cinematic 16:9 establishing shot, 6-8 seconds. Subject: salt flats, Arabian Sea coast, white limestone establishing wide shot — no figures, no signage with text. Location: Palitana, gujarat, India (the host destination of the Shatrunjaya Mahotsav festival — do NOT render the festival itself, only the place at this time of year). Time of day: early morning. Atmosphere: early winter — crystalline cold light, cool blue mornings. Colour palette: icy cyan + warm low sun. Shot type: slow drone push-in along the horizon line. Style: documentary register (BBC/National Geographic feel), naturalistic colour grading, soft contrast, slight film grain. Composition: rule-of-thirds horizon, depth via foreground-midground-distance layering. Reference month: November.","no people, no human figures or silhouettes in foreground, no religious figures, sadhus, priests, monks, no specific religious attire (saffron robes, ceremonial clothing), no ritual objects (deities, idols, palanquins, ceremonial fire close-ups), no temple interiors or sanctum imagery, no signage with readable text, no on-screen graphics or overlays, no synthetic / cartoony rendering, no time-of-day mismatch (respect the requested mood)",https://pub-d8970c901de34c218926ebf4be1ed09a.r2.dev/destinations/palitana.jpg,https://pub-bcda9bac2f63408880ee3f23aa3548e5.r2.dev/palitana.mp4,https://www.nakshiq.com/en/festivals/shatrunjaya-mahotsav,https://www.nakshiq.com/hi/festivals/shatrunjaya-mahotsav,6,16:9,
C,e38f9c0a-fe60-4677-9d29-5d838d304107,gir-jungle-trail-festival,Gir Jungle Trail Festival,gir-national-park,Gir National Park,gujarat,12,December,December,"salt flats, Arabian Sea coast, white limestone","salt flats, Arabian Sea coast, white limestone establishing wide shot — no figures, no signage with text",slow drone push-in along the horizon line,blue hour + lantern light,"deep winter — frost, low mist, blue hour dominance",deep blue + amber pinpoints,"Cinematic 16:9 establishing shot, 6-8 seconds. Subject: salt flats, Arabian Sea coast, white limestone establishing wide shot — no figures, no signage with text. Location: Gir National Park, gujarat, India (the host destination of the Gir Jungle Trail Festival festival — do NOT render the festival itself, only the place at this time of year). Time of day: blue hour + lantern light. Atmosphere: deep winter — frost, low mist, blue hour dominance. Colour palette: deep blue + amber pinpoints. Shot type: slow drone push-in along the horizon line. Style: documentary register (BBC/National Geographic feel), naturalistic colour grading, soft contrast, slight film grain. Composition: rule-of-thirds horizon, depth via foreground-midground-distance layering. Reference month: December.","no people, no human figures or silhouettes in foreground, no religious figures, sadhus, priests, monks, no specific religious attire (saffron robes, ceremonial clothing), no ritual objects (deities, idols, palanquins, ceremonial fire close-ups), no temple interiors or sanctum imagery, no signage with readable text, no on-screen graphics or overlays, no synthetic / cartoony rendering, no time-of-day mismatch (respect the requested mood)",https://pub-d8970c901de34c218926ebf4be1ed09a.r2.dev/destinations/gir-national-park.jpg,https://pub-bcda9bac2f63408880ee3f23aa3548e5.r2.dev/gir-national-park.mp4,https://www.nakshiq.com/en/festivals/gir-jungle-trail-festival,https://www.nakshiq.com/hi/festivals/gir-jungle-trail-festival,6,16:9,
C,0dd7ee23-2d88-4c94-a87d-5235765b9aac,full-moon-rann-walk,Full Moon Rann Walk,rann-of-kutch,Rann of Kutch,gujarat,12,December,"Monthly (full moon nights, Nov-Feb)","salt flats, Arabian Sea coast, white limestone","salt flats or dunes, geometric horizon line, no figures",slow drone push-in along the horizon line,blue hour + lantern light,"deep winter — frost, low mist, blue hour dominance",deep blue + amber pinpoints,"Cinematic 16:9 establishing shot, 6-8 seconds. Subject: salt flats or dunes, geometric horizon line, no figures. Location: Rann of Kutch, gujarat, India (the host destination of the Full Moon Rann Walk festival — do NOT render the festival itself, only the place at this time of year). Time of day: blue hour + lantern light. Atmosphere: deep winter — frost, low mist, blue hour dominance. Colour palette: deep blue + amber pinpoints. Shot type: slow drone push-in along the horizon line. Style: documentary register (BBC/National Geographic feel), naturalistic colour grading, soft contrast, slight film grain. Composition: rule-of-thirds horizon, depth via foreground-midground-distance layering. Reference month: December.","no people, no human figures or silhouettes in foreground, no religious figures, sadhus, priests, monks, no specific religious attire (saffron robes, ceremonial clothing), no ritual objects (deities, idols, palanquins, ceremonial fire close-ups), no temple interiors or sanctum imagery, no signage with readable text, no on-screen graphics or overlays, no synthetic / cartoony rendering, no time-of-day mismatch (respect the requested mood)",https://pub-d8970c901de34c218926ebf4be1ed09a.r2.dev/destinations/rann-of-kutch.jpg,https://pub-bcda9bac2f63408880ee3f23aa3548e5.r2.dev/rann-of-kutch.mp4,https://www.nakshiq.com/en/festivals/full-moon-rann-walk,https://www.nakshiq.com/hi/festivals/full-moon-rann-walk,6,16:9,
B,6a6c2ff8-aeee-4e17-a27f-8ad9090c5592,champaner-heritage-festival,Champaner Heritage Festival,champaner-pavagadh,Champaner-Pavagadh,gujarat,2,February,February,"salt flats, Arabian Sea coast, white limestone","salt flats, Arabian Sea coast, white limestone establishing wide shot — no figures, no signage with text",slow drone push-in along the horizon line,early golden hour,"late-winter clarity, crisp light, dry air",warm amber + cold shadow,"Cinematic 16:9 establishing shot, 6-8 seconds. Subject: salt flats, Arabian Sea coast, white limestone establishing wide shot — no figures, no signage with text. Location: Champaner-Pavagadh, gujarat, India (the host destination of the Champaner Heritage Festival festival — do NOT render the festival itself, only the place at this time of year). Time of day: early golden hour. Atmosphere: late-winter clarity, crisp light, dry air. Colour palette: warm amber + cold shadow. Shot type: slow drone push-in along the horizon line. Style: documentary register (BBC/National Geographic feel), naturalistic colour grading, soft contrast, slight film grain. Composition: rule-of-thirds horizon, depth via foreground-midground-distance layering. Reference month: February.","no people, no human figures or silhouettes in foreground, no religious figures, sadhus, priests, monks, no specific religious attire (saffron robes, ceremonial clothing), no ritual objects (deities, idols, palanquins, ceremonial fire close-ups), no temple interiors or sanctum imagery, no signage with readable text, no on-screen graphics or overlays, no synthetic / cartoony rendering, no time-of-day mismatch (respect the requested mood)",https://pub-d8970c901de34c218926ebf4be1ed09a.r2.dev/destinations/champaner-pavagadh.jpg,https://pub-bcda9bac2f63408880ee3f23aa3548e5.r2.dev/champaner-pavagadh.mp4,https://www.nakshiq.com/en/festivals/champaner-heritage-festival,https://www.nakshiq.com/hi/festivals/champaner-heritage-festival,6,16:9,
C,2e83fb1c-f5b9-47b8-bc90-4b6849dc4542,ekta-diwas-unity-day,Ekta Diwas (Unity Day),statue-of-unity,Statue of Unity,gujarat,10,October,October 31,"salt flats, Arabian Sea coast, white limestone","salt flats, Arabian Sea coast, white limestone establishing wide shot — no figures, no signage with text",slow drone push-in along the horizon line,evening golden hour,"autumn warmth, returning dust, soft sunset glow",warm gold + violet sky,"Cinematic 16:9 establishing shot, 6-8 seconds. Subject: salt flats, Arabian Sea coast, white limestone establishing wide shot — no figures, no signage with text. Location: Statue of Unity, gujarat, India (the host destination of the Ekta Diwas (Unity Day) festival — do NOT render the festival itself, only the place at this time of year). Time of day: evening golden hour. Atmosphere: autumn warmth, returning dust, soft sunset glow. Colour palette: warm gold + violet sky. Shot type: slow drone push-in along the horizon line. Style: documentary register (BBC/National Geographic feel), naturalistic colour grading, soft contrast, slight film grain. Composition: rule-of-thirds horizon, depth via foreground-midground-distance layering. Reference month: October.","no people, no human figures or silhouettes in foreground, no religious figures, sadhus, priests, monks, no specific religious attire (saffron robes, ceremonial clothing), no ritual objects (deities, idols, palanquins, ceremonial fire close-ups), no temple interiors or sanctum imagery, no signage with readable text, no on-screen graphics or overlays, no synthetic / cartoony rendering, no time-of-day mismatch (respect the requested mood)",https://pub-d8970c901de34c218926ebf4be1ed09a.r2.dev/destinations/statue-of-unity.jpg,https://pub-bcda9bac2f63408880ee3f23aa3548e5.r2.dev/statue-of-unity.mp4,https://www.nakshiq.com/en/festivals/ekta-diwas-unity-day,https://www.nakshiq.com/hi/festivals/ekta-diwas-unity-day,6,16:9,
C,69981ec3-be83-45d5-86f3-702f824e454c,buddha-purnima,Buddha Purnima,bodh-gaya,Bodh Gaya,bihar,5,May,May (Vaishakha Purnima),"Ganges plains, ancient mound sites, river-mist mornings","Ganges plains, ancient mound sites, river-mist mornings establishing wide shot — no figures, no signage with text",static establishing with subtle water-surface parallax,post-sunset twilight,"summer haze, heat shimmer over dry ground, warm tungsten dusk",burnt orange + deep blue,"Cinematic 16:9 establishing shot, 6-8 seconds. Subject: Ganges plains, ancient mound sites, river-mist mornings establishing wide shot — no figures, no signage with text. Location: Bodh Gaya, bihar, India (the host destination of the Buddha Purnima festival — do NOT render the festival itself, only the place at this time of year). Time of day: post-sunset twilight. Atmosphere: summer haze, heat shimmer over dry ground, warm tungsten dusk. Colour palette: burnt orange + deep blue. Shot type: static establishing with subtle water-surface parallax. Style: documentary register (BBC/National Geographic feel), naturalistic colour grading, soft contrast, slight film grain. Composition: rule-of-thirds horizon, depth via foreground-midground-distance layering. Reference month: May.","no people, no human figures or silhouettes in foreground, no religious figures, sadhus, priests, monks, no specific religious attire (saffron robes, ceremonial clothing), no ritual objects (deities, idols, palanquins, ceremonial fire close-ups), no temple interiors or sanctum imagery, no signage with readable text, no on-screen graphics or overlays, no synthetic / cartoony rendering, no time-of-day mismatch (respect the requested mood)",https://pub-d8970c901de34c218926ebf4be1ed09a.r2.dev/destinations/bodh-gaya.jpg,https://pub-bcda9bac2f63408880ee3f23aa3548e5.r2.dev/bodh-gaya.mp4,https://www.nakshiq.com/en/festivals/buddha-purnima,https://www.nakshiq.com/hi/festivals/buddha-purnima,6,16:9,
C,05e99e0b-9563-49c8-b1b2-1360851f90e4,meditation-retreat-season,Meditation Retreat Season,bodh-gaya,Bodh Gaya,bihar,12,December,October-March,"Ganges plains, ancient mound sites, river-mist mornings","Ganges plains, ancient mound sites, river-mist mornings establishing wide shot — no figures, no signage with text",static establishing with subtle water-surface parallax,blue hour + lantern light,"deep winter — frost, low mist, blue hour dominance",deep blue + amber pinpoints,"Cinematic 16:9 establishing shot, 6-8 seconds. Subject: Ganges plains, ancient mound sites, river-mist mornings establishing wide shot — no figures, no signage with text. Location: Bodh Gaya, bihar, India (the host destination of the Meditation Retreat Season festival — do NOT render the festival itself, only the place at this time of year). Time of day: blue hour + lantern light. Atmosphere: deep winter — frost, low mist, blue hour dominance. Colour palette: deep blue + amber pinpoints. Shot type: static establishing with subtle water-surface parallax. Style: documentary register (BBC/National Geographic feel), naturalistic colour grading, soft contrast, slight film grain. Composition: rule-of-thirds horizon, depth via foreground-midground-distance layering. Reference month: December.","no people, no human figures or silhouettes in foreground, no religious figures, sadhus, priests, monks, no specific religious attire (saffron robes, ceremonial clothing), no ritual objects (deities, idols, palanquins, ceremonial fire close-ups), no temple interiors or sanctum imagery, no signage with readable text, no on-screen graphics or overlays, no synthetic / cartoony rendering, no time-of-day mismatch (respect the requested mood)",https://pub-d8970c901de34c218926ebf4be1ed09a.r2.dev/destinations/bodh-gaya.jpg,https://pub-bcda9bac2f63408880ee3f23aa3548e5.r2.dev/bodh-gaya.mp4,https://www.nakshiq.com/en/festivals/meditation-retreat-season,https://www.nakshiq.com/hi/festivals/meditation-retreat-season,6,16:9,
C,dc6444ce-6cf8-4fc1-9a9b-917ecade8a7a,chhath-puja,Chhath Puja,patna,Patna,bihar,11,November,November (Kartik Shukla),"Ganges plains, ancient mound sites, river-mist mornings","Ganges plains, ancient mound sites, river-mist mornings establishing wide shot — no figures, no signage with text",static establishing with subtle water-surface parallax,early morning,"early winter — crystalline cold light, cool blue mornings",icy cyan + warm low sun,"Cinematic 16:9 establishing shot, 6-8 seconds. Subject: Ganges plains, ancient mound sites, river-mist mornings establishing wide shot — no figures, no signage with text. Location: Patna, bihar, India (the host destination of the Chhath Puja festival — do NOT render the festival itself, only the place at this time of year). Time of day: early morning. Atmosphere: early winter — crystalline cold light, cool blue mornings. Colour palette: icy cyan + warm low sun. Shot type: static establishing with subtle water-surface parallax. Style: documentary register (BBC/National Geographic feel), naturalistic colour grading, soft contrast, slight film grain. Composition: rule-of-thirds horizon, depth via foreground-midground-distance layering. Reference month: November.","no people, no human figures or silhouettes in foreground, no religious figures, sadhus, priests, monks, no specific religious attire (saffron robes, ceremonial clothing), no ritual objects (deities, idols, palanquins, ceremonial fire close-ups), no temple interiors or sanctum imagery, no signage with readable text, no on-screen graphics or overlays, no synthetic / cartoony rendering, no time-of-day mismatch (respect the requested mood)",https://pub-d8970c901de34c218926ebf4be1ed09a.r2.dev/destinations/patna.jpg,https://pub-bcda9bac2f63408880ee3f23aa3548e5.r2.dev/patna.mp4,https://www.nakshiq.com/en/festivals/chhath-puja,https://www.nakshiq.com/hi/festivals/chhath-puja,6,16:9,
C,f5c864c4-1567-4b2a-8942-22e82872063e,rajgir-dance-festival,Rajgir Dance Festival,rajgir,Rajgir,bihar,10,October,October (3 days),"Ganges plains, ancient mound sites, river-mist mornings","ancient stone amphitheater steps, distant lights, no performers in frame",static establishing with subtle water-surface parallax,evening golden hour,"autumn warmth, returning dust, soft sunset glow",warm gold + violet sky,"Cinematic 16:9 establishing shot, 6-8 seconds. Subject: ancient stone amphitheater steps, distant lights, no performers in frame. Location: Rajgir, bihar, India (the host destination of the Rajgir Dance Festival festival — do NOT render the festival itself, only the place at this time of year). Time of day: evening golden hour. Atmosphere: autumn warmth, returning dust, soft sunset glow. Colour palette: warm gold + violet sky. Shot type: static establishing with subtle water-surface parallax. Style: documentary register (BBC/National Geographic feel), naturalistic colour grading, soft contrast, slight film grain. Composition: rule-of-thirds horizon, depth via foreground-midground-distance layering. Reference month: October.","no people, no human figures or silhouettes in foreground, no religious figures, sadhus, priests, monks, no specific religious attire (saffron robes, ceremonial clothing), no ritual objects (deities, idols, palanquins, ceremonial fire close-ups), no temple interiors or sanctum imagery, no signage with readable text, no on-screen graphics or overlays, no synthetic / cartoony rendering, no time-of-day mismatch (respect the requested mood)",https://pub-d8970c901de34c218926ebf4be1ed09a.r2.dev/destinations/rajgir.jpg,https://pub-bcda9bac2f63408880ee3f23aa3548e5.r2.dev/rajgir.mp4,https://www.nakshiq.com/en/festivals/rajgir-dance-festival,https://www.nakshiq.com/hi/festivals/rajgir-dance-festival,6,16:9,
C,8aaa2aa6-f36c-454b-bde0-973d2973c7e4,shravani-mela,Shravani Mela,deoghar,Deoghar,jharkhand,7,July,July/August (Shravan),"Chotanagpur plateau, sal forest, tribal-belt landscapes (empty)","empty fairground wide shot — tents, flags, dusty paths, no crowds, no readable signage",slow drone pull-back revealing the wider valley,post-rain twilight,"deep monsoon — saturated greens, wet roads reflecting light, low cloud",deep emerald + slate,"Cinematic 16:9 establishing shot, 6-8 seconds. Subject: empty fairground wide shot — tents, flags, dusty paths, no crowds, no readable signage. Location: Deoghar, jharkhand, India (the host destination of the Shravani Mela festival — do NOT render the festival itself, only the place at this time of year). Time of day: post-rain twilight. Atmosphere: deep monsoon — saturated greens, wet roads reflecting light, low cloud. Colour palette: deep emerald + slate. Shot type: slow drone pull-back revealing the wider valley. Style: documentary register (BBC/National Geographic feel), naturalistic colour grading, soft contrast, slight film grain. Composition: rule-of-thirds horizon, depth via foreground-midground-distance layering. Reference month: July.","no people, no human figures or silhouettes in foreground, no religious figures, sadhus, priests, monks, no specific religious attire (saffron robes, ceremonial clothing), no ritual objects (deities, idols, palanquins, ceremonial fire close-ups), no temple interiors or sanctum imagery, no signage with readable text, no on-screen graphics or overlays, no synthetic / cartoony rendering, no time-of-day mismatch (respect the requested mood)",https://pub-d8970c901de34c218926ebf4be1ed09a.r2.dev/destinations/deoghar.jpg,https://pub-bcda9bac2f63408880ee3f23aa3548e5.r2.dev/deoghar.mp4,https://www.nakshiq.com/en/festivals/shravani-mela,https://www.nakshiq.com/hi/festivals/shravani-mela,6,16:9,
C,894d3f49-4690-4130-946c-245c98bd19d6,chhath-puja-at-netarhat,Chhath Puja at Netarhat,netarhat,Netarhat,jharkhand,11,November,November,"Chotanagpur plateau, sal forest, tribal-belt landscapes (empty)","Chotanagpur plateau, sal forest, tribal-belt landscapes (empty) establishing wide shot — no figures, no signage with text",slow drone pull-back revealing the wider valley,early morning,"early winter — crystalline cold light, cool blue mornings",icy cyan + warm low sun,"Cinematic 16:9 establishing shot, 6-8 seconds. Subject: Chotanagpur plateau, sal forest, tribal-belt landscapes (empty) establishing wide shot — no figures, no signage with text. Location: Netarhat, jharkhand, India (the host destination of the Chhath Puja at Netarhat festival — do NOT render the festival itself, only the place at this time of year). Time of day: early morning. Atmosphere: early winter — crystalline cold light, cool blue mornings. Colour palette: icy cyan + warm low sun. Shot type: slow drone pull-back revealing the wider valley. Style: documentary register (BBC/National Geographic feel), naturalistic colour grading, soft contrast, slight film grain. Composition: rule-of-thirds horizon, depth via foreground-midground-distance layering. Reference month: November.","no people, no human figures or silhouettes in foreground, no religious figures, sadhus, priests, monks, no specific religious attire (saffron robes, ceremonial clothing), no ritual objects (deities, idols, palanquins, ceremonial fire close-ups), no temple interiors or sanctum imagery, no signage with readable text, no on-screen graphics or overlays, no synthetic / cartoony rendering, no time-of-day mismatch (respect the requested mood)",https://pub-d8970c901de34c218926ebf4be1ed09a.r2.dev/destinations/netarhat.jpg,https://pub-bcda9bac2f63408880ee3f23aa3548e5.r2.dev/netarhat.mp4,https://www.nakshiq.com/en/festivals/chhath-puja-at-netarhat,https://www.nakshiq.com/hi/festivals/chhath-puja-at-netarhat,6,16:9,
C,a01e8613-495c-4f57-90a1-2aa81325c015,bastar-dussehra,Bastar Dussehra,jagdalpur,Jagdalpur,chhattisgarh,10,October,October (75 days!),"Bastar sal forest, red-earth tribal villages (no figures), waterfalls","Bastar sal forest, red-earth tribal villages (no figures), waterfalls establishing wide shot — no figures, no signage with text",slow drone pull-back revealing the wider valley,evening golden hour,"autumn warmth, returning dust, soft sunset glow",warm gold + violet sky,"Cinematic 16:9 establishing shot, 6-8 seconds. Subject: Bastar sal forest, red-earth tribal villages (no figures), waterfalls establishing wide shot — no figures, no signage with text. Location: Jagdalpur, chhattisgarh, India (the host destination of the Bastar Dussehra festival — do NOT render the festival itself, only the place at this time of year). Time of day: evening golden hour. Atmosphere: autumn warmth, returning dust, soft sunset glow. Colour palette: warm gold + violet sky. Shot type: slow drone pull-back revealing the wider valley. Style: documentary register (BBC/National Geographic feel), naturalistic colour grading, soft contrast, slight film grain. Composition: rule-of-thirds horizon, depth via foreground-midground-distance layering. Reference month: October.","no people, no human figures or silhouettes in foreground, no religious figures, sadhus, priests, monks, no specific religious attire (saffron robes, ceremonial clothing), no ritual objects (deities, idols, palanquins, ceremonial fire close-ups), no temple interiors or sanctum imagery, no signage with readable text, no on-screen graphics or overlays, no synthetic / cartoony rendering, no time-of-day mismatch (respect the requested mood)",https://pub-d8970c901de34c218926ebf4be1ed09a.r2.dev/destinations/jagdalpur.jpg,https://pub-bcda9bac2f63408880ee3f23aa3548e5.r2.dev/jagdalpur.mp4,https://www.nakshiq.com/en/festivals/bastar-dussehra,https://www.nakshiq.com/hi/festivals/bastar-dussehra,6,16:9,Tribal community — do NOT render figures or attire; landscape and structures only.
C,049bfcaa-f54c-4527-a4e9-7553c269a106,bastar-tribal-haat,Bastar Tribal Haat,jagdalpur,Jagdalpur,chhattisgarh,1,January,"Weekly (every week, year-round)","Bastar sal forest, red-earth tribal villages (no figures), waterfalls","forest-village clearing, no figures, smoke from distant hearths",slow drone pull-back revealing the wider valley,blue hour pre-dawn,"winter clarity, low-angle sun, mist on rivers and lakes",cool blue + warm tungsten contrast,"Cinematic 16:9 establishing shot, 6-8 seconds. Subject: forest-village clearing, no figures, smoke from distant hearths. Location: Jagdalpur, chhattisgarh, India (the host destination of the Bastar Tribal Haat festival — do NOT render the festival itself, only the place at this time of year). Time of day: blue hour pre-dawn. Atmosphere: winter clarity, low-angle sun, mist on rivers and lakes. Colour palette: cool blue + warm tungsten contrast. Shot type: slow drone pull-back revealing the wider valley. Style: documentary register (BBC/National Geographic feel), naturalistic colour grading, soft contrast, slight film grain. Composition: rule-of-thirds horizon, depth via foreground-midground-distance layering. Reference month: January.","no people, no human figures or silhouettes in foreground, no religious figures, sadhus, priests, monks, no specific religious attire (saffron robes, ceremonial clothing), no ritual objects (deities, idols, palanquins, ceremonial fire close-ups), no temple interiors or sanctum imagery, no signage with readable text, no on-screen graphics or overlays, no synthetic / cartoony rendering, no time-of-day mismatch (respect the requested mood)",https://pub-d8970c901de34c218926ebf4be1ed09a.r2.dev/destinations/jagdalpur.jpg,https://pub-bcda9bac2f63408880ee3f23aa3548e5.r2.dev/jagdalpur.mp4,https://www.nakshiq.com/en/festivals/bastar-tribal-haat,https://www.nakshiq.com/hi/festivals/bastar-tribal-haat,6,16:9,Tribal community — do NOT render figures or attire; landscape and structures only.
C,e20210de-5223-4f41-addc-0b7b3293a02b,kharchi-puja,Kharchi Puja,agartala,Agartala,tripura,7,July,July (7 days),"lateritic plateaus, betel-nut groves, low light","lateritic plateaus, betel-nut groves, low light establishing wide shot — no figures, no signage with text",static establishing with subtle parallax,post-rain twilight,"deep monsoon — saturated greens, wet roads reflecting light, low cloud",deep emerald + slate,"Cinematic 16:9 establishing shot, 6-8 seconds. Subject: lateritic plateaus, betel-nut groves, low light establishing wide shot — no figures, no signage with text. Location: Agartala, tripura, India (the host destination of the Kharchi Puja festival — do NOT render the festival itself, only the place at this time of year). Time of day: post-rain twilight. Atmosphere: deep monsoon — saturated greens, wet roads reflecting light, low cloud. Colour palette: deep emerald + slate. Shot type: static establishing with subtle parallax. Style: documentary register (BBC/National Geographic feel), naturalistic colour grading, soft contrast, slight film grain. Composition: rule-of-thirds horizon, depth via foreground-midground-distance layering. Reference month: July.","no people, no human figures or silhouettes in foreground, no religious figures, sadhus, priests, monks, no specific religious attire (saffron robes, ceremonial clothing), no ritual objects (deities, idols, palanquins, ceremonial fire close-ups), no temple interiors or sanctum imagery, no signage with readable text, no on-screen graphics or overlays, no synthetic / cartoony rendering, no time-of-day mismatch (respect the requested mood)",https://pub-d8970c901de34c218926ebf4be1ed09a.r2.dev/destinations/agartala.jpg,https://pub-bcda9bac2f63408880ee3f23aa3548e5.r2.dev/agartala.mp4,https://www.nakshiq.com/en/festivals/kharchi-puja,https://www.nakshiq.com/hi/festivals/kharchi-puja,6,16:9,
C,1de184e6-27d6-4d3a-b9ee-8d72875a63e0,island-tourism-festival,Island Tourism Festival,port-blair,Port Blair (Sri Vijaya Puram),andaman nicobar,1,January,January 6-16,"tropical island coastline, reef shallows, coconut canopy","tropical shoreline aerial, reef shallows, coconut canopy edge",static establishing with subtle water-surface parallax,blue hour pre-dawn,"winter clarity, low-angle sun, mist on rivers and lakes",cool blue + warm tungsten contrast,"Cinematic 16:9 establishing shot, 6-8 seconds. Subject: tropical shoreline aerial, reef shallows, coconut canopy edge. Location: Port Blair (Sri Vijaya Puram), andaman nicobar, India (the host destination of the Island Tourism Festival festival — do NOT render the festival itself, only the place at this time of year). Time of day: blue hour pre-dawn. Atmosphere: winter clarity, low-angle sun, mist on rivers and lakes. Colour palette: cool blue + warm tungsten contrast. Shot type: static establishing with subtle water-surface parallax. Style: documentary register (BBC/National Geographic feel), naturalistic colour grading, soft contrast, slight film grain. Composition: rule-of-thirds horizon, depth via foreground-midground-distance layering. Reference month: January.","no people, no human figures or silhouettes in foreground, no religious figures, sadhus, priests, monks, no specific religious attire (saffron robes, ceremonial clothing), no ritual objects (deities, idols, palanquins, ceremonial fire close-ups), no temple interiors or sanctum imagery, no signage with readable text, no on-screen graphics or overlays, no synthetic / cartoony rendering, no time-of-day mismatch (respect the requested mood)",https://pub-d8970c901de34c218926ebf4be1ed09a.r2.dev/destinations/port-blair.jpg,https://pub-bcda9bac2f63408880ee3f23aa3548e5.r2.dev/port-blair.mp4,https://www.nakshiq.com/en/festivals/island-tourism-festival,https://www.nakshiq.com/hi/festivals/island-tourism-festival,6,16:9,
C,dd5fa87b-93fe-4c6d-8b70-b21ab097c3c1,subhash-mela,Subhash Mela,port-blair,Port Blair (Sri Vijaya Puram),andaman nicobar,1,January,January 23,"tropical island coastline, reef shallows, coconut canopy","empty fairground wide shot — tents, flags, dusty paths, no crowds, no readable signage",static establishing with subtle water-surface parallax,blue hour pre-dawn,"winter clarity, low-angle sun, mist on rivers and lakes",cool blue + warm tungsten contrast,"Cinematic 16:9 establishing shot, 6-8 seconds. Subject: empty fairground wide shot — tents, flags, dusty paths, no crowds, no readable signage. Location: Port Blair (Sri Vijaya Puram), andaman nicobar, India (the host destination of the Subhash Mela festival — do NOT render the festival itself, only the place at this time of year). Time of day: blue hour pre-dawn. Atmosphere: winter clarity, low-angle sun, mist on rivers and lakes. Colour palette: cool blue + warm tungsten contrast. Shot type: static establishing with subtle water-surface parallax. Style: documentary register (BBC/National Geographic feel), naturalistic colour grading, soft contrast, slight film grain. Composition: rule-of-thirds horizon, depth via foreground-midground-distance layering. Reference month: January.","no people, no human figures or silhouettes in foreground, no religious figures, sadhus, priests, monks, no specific religious attire (saffron robes, ceremonial clothing), no ritual objects (deities, idols, palanquins, ceremonial fire close-ups), no temple interiors or sanctum imagery, no signage with readable text, no on-screen graphics or overlays, no synthetic / cartoony rendering, no time-of-day mismatch (respect the requested mood)",https://pub-d8970c901de34c218926ebf4be1ed09a.r2.dev/destinations/port-blair.jpg,https://pub-bcda9bac2f63408880ee3f23aa3548e5.r2.dev/port-blair.mp4,https://www.nakshiq.com/en/festivals/subhash-mela,https://www.nakshiq.com/hi/festivals/subhash-mela,6,16:9,
C,dee21997-0f54-40cf-9246-a5c3eef43aa7,beach-festival,Beach Festival,havelock-island,Havelock Island (Swaraj Dweep),andaman nicobar,2,February,February (dates vary),"tropical island coastline, reef shallows, coconut canopy","empty beach at low tide, footprint-free sand, distant horizon, soft surf",static establishing with subtle water-surface parallax,early golden hour,"late-winter clarity, crisp light, dry air",warm amber + cold shadow,"Cinematic 16:9 establishing shot, 6-8 seconds. Subject: empty beach at low tide, footprint-free sand, distant horizon, soft surf. Location: Havelock Island (Swaraj Dweep), andaman nicobar, India (the host destination of the Beach Festival festival — do NOT render the festival itself, only the place at this time of year). Time of day: early golden hour. Atmosphere: late-winter clarity, crisp light, dry air. Colour palette: warm amber + cold shadow. Shot type: static establishing with subtle water-surface parallax. Style: documentary register (BBC/National Geographic feel), naturalistic colour grading, soft contrast, slight film grain. Composition: rule-of-thirds horizon, depth via foreground-midground-distance layering. Reference month: February.","no people, no human figures or silhouettes in foreground, no religious figures, sadhus, priests, monks, no specific religious attire (saffron robes, ceremonial clothing), no ritual objects (deities, idols, palanquins, ceremonial fire close-ups), no temple interiors or sanctum imagery, no signage with readable text, no on-screen graphics or overlays, no synthetic / cartoony rendering, no time-of-day mismatch (respect the requested mood)",https://pub-d8970c901de34c218926ebf4be1ed09a.r2.dev/destinations/havelock-island.jpg,https://pub-bcda9bac2f63408880ee3f23aa3548e5.r2.dev/havelock-island.mp4,https://www.nakshiq.com/en/festivals/beach-festival,https://www.nakshiq.com/hi/festivals/beach-festival,6,16:9,
C,d4e256d2-25f4-4818-8fb3-92ebeba6d302,independence-day-at-cellular-jail,Independence Day at Cellular Jail,port-blair,Port Blair (Sri Vijaya Puram),andaman nicobar,8,August,August 15,"tropical island coastline, reef shallows, coconut canopy","tropical island coastline, reef shallows, coconut canopy establishing wide shot — no figures, no signage with text",static establishing with subtle water-surface parallax,late morning shaft-light,"monsoon green, valley mist, sun shafts breaking through cloud",lush green + silver mist,"Cinematic 16:9 establishing shot, 6-8 seconds. Subject: tropical island coastline, reef shallows, coconut canopy establishing wide shot — no figures, no signage with text. Location: Port Blair (Sri Vijaya Puram), andaman nicobar, India (the host destination of the Independence Day at Cellular Jail festival — do NOT render the festival itself, only the place at this time of year). Time of day: late morning shaft-light. Atmosphere: monsoon green, valley mist, sun shafts breaking through cloud. Colour palette: lush green + silver mist. Shot type: static establishing with subtle water-surface parallax. Style: documentary register (BBC/National Geographic feel), naturalistic colour grading, soft contrast, slight film grain. Composition: rule-of-thirds horizon, depth via foreground-midground-distance layering. Reference month: August.","no people, no human figures or silhouettes in foreground, no religious figures, sadhus, priests, monks, no specific religious attire (saffron robes, ceremonial clothing), no ritual objects (deities, idols, palanquins, ceremonial fire close-ups), no temple interiors or sanctum imagery, no signage with readable text, no on-screen graphics or overlays, no synthetic / cartoony rendering, no time-of-day mismatch (respect the requested mood)",https://pub-d8970c901de34c218926ebf4be1ed09a.r2.dev/destinations/port-blair.jpg,https://pub-bcda9bac2f63408880ee3f23aa3548e5.r2.dev/port-blair.mp4,https://www.nakshiq.com/en/festivals/independence-day-at-cellular-jail,https://www.nakshiq.com/hi/festivals/independence-day-at-cellular-jail,6,16:9,
C,13126ee5-bb90-432d-a0c6-c3945b0d50bd,monsoon-festival,Monsoon Festival,port-blair,Port Blair (Sri Vijaya Puram),andaman nicobar,8,August,August (dates vary),"tropical island coastline, reef shallows, coconut canopy","tropical island coastline, reef shallows, coconut canopy establishing wide shot — no figures, no signage with text",static establishing with subtle water-surface parallax,late morning shaft-light,"monsoon green, valley mist, sun shafts breaking through cloud",lush green + silver mist,"Cinematic 16:9 establishing shot, 6-8 seconds. Subject: tropical island coastline, reef shallows, coconut canopy establishing wide shot — no figures, no signage with text. Location: Port Blair (Sri Vijaya Puram), andaman nicobar, India (the host destination of the Monsoon Festival festival — do NOT render the festival itself, only the place at this time of year). Time of day: late morning shaft-light. Atmosphere: monsoon green, valley mist, sun shafts breaking through cloud. Colour palette: lush green + silver mist. Shot type: static establishing with subtle water-surface parallax. Style: documentary register (BBC/National Geographic feel), naturalistic colour grading, soft contrast, slight film grain. Composition: rule-of-thirds horizon, depth via foreground-midground-distance layering. Reference month: August.","no people, no human figures or silhouettes in foreground, no religious figures, sadhus, priests, monks, no specific religious attire (saffron robes, ceremonial clothing), no ritual objects (deities, idols, palanquins, ceremonial fire close-ups), no temple interiors or sanctum imagery, no signage with readable text, no on-screen graphics or overlays, no synthetic / cartoony rendering, no time-of-day mismatch (respect the requested mood)",https://pub-d8970c901de34c218926ebf4be1ed09a.r2.dev/destinations/port-blair.jpg,https://pub-bcda9bac2f63408880ee3f23aa3548e5.r2.dev/port-blair.mp4,https://www.nakshiq.com/en/festivals/monsoon-festival,https://www.nakshiq.com/hi/festivals/monsoon-festival,6,16:9,"Monsoon month — saturated greens and wet textures, NOT dry-season look."
A,13d7cd92-df71-4c7e-97a4-a36e968ef9e5,diwali-beach-celebration,Diwali Beach Celebration,havelock-island,Havelock Island (Swaraj Dweep),andaman nicobar,10,October,October/November (lunar calendar),"tropical island coastline, reef shallows, coconut canopy","empty beach at low tide, footprint-free sand, distant horizon, soft surf",static establishing with subtle water-surface parallax,evening golden hour,"autumn warmth, returning dust, soft sunset glow",warm gold + violet sky,"Cinematic 16:9 establishing shot, 6-8 seconds. Subject: empty beach at low tide, footprint-free sand, distant horizon, soft surf. Location: Havelock Island (Swaraj Dweep), andaman nicobar, India (the host destination of the Diwali Beach Celebration festival — do NOT render the festival itself, only the place at this time of year). Time of day: evening golden hour. Atmosphere: autumn warmth, returning dust, soft sunset glow. Colour palette: warm gold + violet sky. Shot type: static establishing with subtle water-surface parallax. Style: documentary register (BBC/National Geographic feel), naturalistic colour grading, soft contrast, slight film grain. Composition: rule-of-thirds horizon, depth via foreground-midground-distance layering. Reference month: October.","no people, no human figures or silhouettes in foreground, no religious figures, sadhus, priests, monks, no specific religious attire (saffron robes, ceremonial clothing), no ritual objects (deities, idols, palanquins, ceremonial fire close-ups), no temple interiors or sanctum imagery, no signage with readable text, no on-screen graphics or overlays, no synthetic / cartoony rendering, no time-of-day mismatch (respect the requested mood)",https://pub-d8970c901de34c218926ebf4be1ed09a.r2.dev/destinations/havelock-island.jpg,https://pub-bcda9bac2f63408880ee3f23aa3548e5.r2.dev/havelock-island.mp4,https://www.nakshiq.com/en/festivals/diwali-beach-celebration,https://www.nakshiq.com/hi/festivals/diwali-beach-celebration,6,16:9,
B,d3b8b342-1f7b-4aed-8397-279bdd3e74cc,gandhi-jayanti-heritage-walk,Gandhi Jayanti Heritage Walk,ross-island,Ross Island (Netaji Subhas Chandra Bose Dweep),andaman nicobar,10,October,October 2,"tropical island coastline, reef shallows, coconut canopy","tropical island coastline, reef shallows, coconut canopy establishing wide shot — no figures, no signage with text",static establishing with subtle water-surface parallax,evening golden hour,"autumn warmth, returning dust, soft sunset glow",warm gold + violet sky,"Cinematic 16:9 establishing shot, 6-8 seconds. Subject: tropical island coastline, reef shallows, coconut canopy establishing wide shot — no figures, no signage with text. Location: Ross Island (Netaji Subhas Chandra Bose Dweep), andaman nicobar, India (the host destination of the Gandhi Jayanti Heritage Walk festival — do NOT render the festival itself, only the place at this time of year). Time of day: evening golden hour. Atmosphere: autumn warmth, returning dust, soft sunset glow. Colour palette: warm gold + violet sky. Shot type: static establishing with subtle water-surface parallax. Style: documentary register (BBC/National Geographic feel), naturalistic colour grading, soft contrast, slight film grain. Composition: rule-of-thirds horizon, depth via foreground-midground-distance layering. Reference month: October.","no people, no human figures or silhouettes in foreground, no religious figures, sadhus, priests, monks, no specific religious attire (saffron robes, ceremonial clothing), no ritual objects (deities, idols, palanquins, ceremonial fire close-ups), no temple interiors or sanctum imagery, no signage with readable text, no on-screen graphics or overlays, no synthetic / cartoony rendering, no time-of-day mismatch (respect the requested mood)",https://pub-d8970c901de34c218926ebf4be1ed09a.r2.dev/destinations/ross-island.jpg,https://pub-bcda9bac2f63408880ee3f23aa3548e5.r2.dev/ross-island.mp4,https://www.nakshiq.com/en/festivals/gandhi-jayanti-heritage-walk,https://www.nakshiq.com/hi/festivals/gandhi-jayanti-heritage-walk,6,16:9,
C,4434f784-b7ce-4a0d-b874-290f9c904a57,christmas-carnival,Christmas Carnival,port-blair,Port Blair (Sri Vijaya Puram),andaman nicobar,12,December,December 25-31,"tropical island coastline, reef shallows, coconut canopy","empty fairground wide shot — tents, flags, dusty paths, no crowds, no readable signage",static establishing with subtle water-surface parallax,blue hour + lantern light,"deep winter — frost, low mist, blue hour dominance",deep blue + amber pinpoints,"Cinematic 16:9 establishing shot, 6-8 seconds. Subject: empty fairground wide shot — tents, flags, dusty paths, no crowds, no readable signage. Location: Port Blair (Sri Vijaya Puram), andaman nicobar, India (the host destination of the Christmas Carnival festival — do NOT render the festival itself, only the place at this time of year). Time of day: blue hour + lantern light. Atmosphere: deep winter — frost, low mist, blue hour dominance. Colour palette: deep blue + amber pinpoints. Shot type: static establishing with subtle water-surface parallax. Style: documentary register (BBC/National Geographic feel), naturalistic colour grading, soft contrast, slight film grain. Composition: rule-of-thirds horizon, depth via foreground-midground-distance layering. Reference month: December.","no people, no human figures or silhouettes in foreground, no religious figures, sadhus, priests, monks, no specific religious attire (saffron robes, ceremonial clothing), no ritual objects (deities, idols, palanquins, ceremonial fire close-ups), no temple interiors or sanctum imagery, no signage with readable text, no on-screen graphics or overlays, no synthetic / cartoony rendering, no time-of-day mismatch (respect the requested mood)",https://pub-d8970c901de34c218926ebf4be1ed09a.r2.dev/destinations/port-blair.jpg,https://pub-bcda9bac2f63408880ee3f23aa3548e5.r2.dev/port-blair.mp4,https://www.nakshiq.com/en/festivals/christmas-carnival,https://www.nakshiq.com/hi/festivals/christmas-carnival,6,16:9,
C,7386b539-6343-4a72-8174-1f440026ebeb,eid-ul-fitr-celebration,Eid-ul-Fitr Celebration,kavaratti,Kavaratti,lakshadweep,4,April,April/May (lunar),"Arabian Sea atolls, white-sand sandbar shallows","Arabian Sea atolls, white-sand sandbar shallows establishing wide shot — no figures, no signage with text",static establishing with subtle parallax,evening golden hour,"pre-monsoon heat, light softening at dusk, dramatic cloud build-up",saturated warm orange,"Cinematic 16:9 establishing shot, 6-8 seconds. Subject: Arabian Sea atolls, white-sand sandbar shallows establishing wide shot — no figures, no signage with text. Location: Kavaratti, lakshadweep, India (the host destination of the Eid-ul-Fitr Celebration festival — do NOT render the festival itself, only the place at this time of year). Time of day: evening golden hour. Atmosphere: pre-monsoon heat, light softening at dusk, dramatic cloud build-up. Colour palette: saturated warm orange. Shot type: static establishing with subtle parallax. Style: documentary register (BBC/National Geographic feel), naturalistic colour grading, soft contrast, slight film grain. Composition: rule-of-thirds horizon, depth via foreground-midground-distance layering. Reference month: April.","no people, no human figures or silhouettes in foreground, no religious figures, sadhus, priests, monks, no specific religious attire (saffron robes, ceremonial clothing), no ritual objects (deities, idols, palanquins, ceremonial fire close-ups), no temple interiors or sanctum imagery, no signage with readable text, no on-screen graphics or overlays, no synthetic / cartoony rendering, no time-of-day mismatch (respect the requested mood)",https://pub-d8970c901de34c218926ebf4be1ed09a.r2.dev/destinations/kavaratti.jpg,https://pub-bcda9bac2f63408880ee3f23aa3548e5.r2.dev/kavaratti.mp4,https://www.nakshiq.com/en/festivals/eid-ul-fitr-celebration,https://www.nakshiq.com/hi/festivals/eid-ul-fitr-celebration,6,16:9,
C,83fe8303-133e-4558-b4a3-6431753ff37c,lava-dance-festival,Lava Dance Festival,minicoy,Minicoy Island,lakshadweep,1,January,January (during festivals),"Arabian Sea atolls, white-sand sandbar shallows","ancient stone amphitheater steps, distant lights, no performers in frame",static establishing with subtle parallax,blue hour pre-dawn,"winter clarity, low-angle sun, mist on rivers and lakes",cool blue + warm tungsten contrast,"Cinematic 16:9 establishing shot, 6-8 seconds. Subject: ancient stone amphitheater steps, distant lights, no performers in frame. Location: Minicoy Island, lakshadweep, India (the host destination of the Lava Dance Festival festival — do NOT render the festival itself, only the place at this time of year). Time of day: blue hour pre-dawn. Atmosphere: winter clarity, low-angle sun, mist on rivers and lakes. Colour palette: cool blue + warm tungsten contrast. Shot type: static establishing with subtle parallax. Style: documentary register (BBC/National Geographic feel), naturalistic colour grading, soft contrast, slight film grain. Composition: rule-of-thirds horizon, depth via foreground-midground-distance layering. Reference month: January.","no people, no human figures or silhouettes in foreground, no religious figures, sadhus, priests, monks, no specific religious attire (saffron robes, ceremonial clothing), no ritual objects (deities, idols, palanquins, ceremonial fire close-ups), no temple interiors or sanctum imagery, no signage with readable text, no on-screen graphics or overlays, no synthetic / cartoony rendering, no time-of-day mismatch (respect the requested mood)",https://pub-d8970c901de34c218926ebf4be1ed09a.r2.dev/destinations/minicoy.jpg,https://pub-bcda9bac2f63408880ee3f23aa3548e5.r2.dev/minicoy.mp4,https://www.nakshiq.com/en/festivals/lava-dance-festival,https://www.nakshiq.com/hi/festivals/lava-dance-festival,6,16:9,
B,7e685918-48ee-4b0c-86da-880dd5320836,marine-heritage-festival,Marine Heritage Festival,kavaratti,Kavaratti,lakshadweep,12,December,December (dates vary),"Arabian Sea atolls, white-sand sandbar shallows","Arabian Sea atolls, white-sand sandbar shallows establishing wide shot — no figures, no signage with text",static establishing with subtle parallax,blue hour + lantern light,"deep winter — frost, low mist, blue hour dominance",deep blue + amber pinpoints,"Cinematic 16:9 establishing shot, 6-8 seconds. Subject: Arabian Sea atolls, white-sand sandbar shallows establishing wide shot — no figures, no signage with text. Location: Kavaratti, lakshadweep, India (the host destination of the Marine Heritage Festival festival — do NOT render the festival itself, only the place at this time of year). Time of day: blue hour + lantern light. Atmosphere: deep winter — frost, low mist, blue hour dominance. Colour palette: deep blue + amber pinpoints. Shot type: static establishing with subtle parallax. Style: documentary register (BBC/National Geographic feel), naturalistic colour grading, soft contrast, slight film grain. Composition: rule-of-thirds horizon, depth via foreground-midground-distance layering. Reference month: December.","no people, no human figures or silhouettes in foreground, no religious figures, sadhus, priests, monks, no specific religious attire (saffron robes, ceremonial clothing), no ritual objects (deities, idols, palanquins, ceremonial fire close-ups), no temple interiors or sanctum imagery, no signage with readable text, no on-screen graphics or overlays, no synthetic / cartoony rendering, no time-of-day mismatch (respect the requested mood)",https://pub-d8970c901de34c218926ebf4be1ed09a.r2.dev/destinations/kavaratti.jpg,https://pub-bcda9bac2f63408880ee3f23aa3548e5.r2.dev/kavaratti.mp4,https://www.nakshiq.com/en/festivals/marine-heritage-festival,https://www.nakshiq.com/hi/festivals/marine-heritage-festival,6,16:9,
A,4a48c9f1-4536-43fb-8d38-1800bd0616a3,pongal-puducherry,Pongal,puducherry,Puducherry (Pondicherry),puducherry,1,January,January 14-17,"French-quarter colonnades, Bay-of-Bengal shoreline","ripening fields wide shot, no harvesters visible, distant grain stacks",static establishing with subtle parallax,blue hour pre-dawn,"winter clarity, low-angle sun, mist on rivers and lakes",cool blue + warm tungsten contrast,"Cinematic 16:9 establishing shot, 6-8 seconds. Subject: ripening fields wide shot, no harvesters visible, distant grain stacks. Location: Puducherry (Pondicherry), puducherry, India (the host destination of the Pongal festival — do NOT render the festival itself, only the place at this time of year). Time of day: blue hour pre-dawn. Atmosphere: winter clarity, low-angle sun, mist on rivers and lakes. Colour palette: cool blue + warm tungsten contrast. Shot type: static establishing with subtle parallax. Style: documentary register (BBC/National Geographic feel), naturalistic colour grading, soft contrast, slight film grain. Composition: rule-of-thirds horizon, depth via foreground-midground-distance layering. Reference month: January.","no people, no human figures or silhouettes in foreground, no religious figures, sadhus, priests, monks, no specific religious attire (saffron robes, ceremonial clothing), no ritual objects (deities, idols, palanquins, ceremonial fire close-ups), no temple interiors or sanctum imagery, no signage with readable text, no on-screen graphics or overlays, no synthetic / cartoony rendering, no time-of-day mismatch (respect the requested mood)",https://pub-d8970c901de34c218926ebf4be1ed09a.r2.dev/destinations/puducherry.jpg,https://pub-bcda9bac2f63408880ee3f23aa3548e5.r2.dev/puducherry.mp4,https://www.nakshiq.com/en/festivals/pongal-puducherry,https://www.nakshiq.com/hi/festivals/pongal-puducherry,6,16:9,
C,b2cd599e-dcc7-42d1-a188-0d2876ce82a7,bastille-day,Bastille Day,puducherry,Puducherry (Pondicherry),puducherry,7,July,July 14,"French-quarter colonnades, Bay-of-Bengal shoreline","French-quarter colonnades, Bay-of-Bengal shoreline establishing wide shot — no figures, no signage with text",static establishing with subtle parallax,post-rain twilight,"deep monsoon — saturated greens, wet roads reflecting light, low cloud",deep emerald + slate,"Cinematic 16:9 establishing shot, 6-8 seconds. Subject: French-quarter colonnades, Bay-of-Bengal shoreline establishing wide shot — no figures, no signage with text. Location: Puducherry (Pondicherry), puducherry, India (the host destination of the Bastille Day festival — do NOT render the festival itself, only the place at this time of year). Time of day: post-rain twilight. Atmosphere: deep monsoon — saturated greens, wet roads reflecting light, low cloud. Colour palette: deep emerald + slate. Shot type: static establishing with subtle parallax. Style: documentary register (BBC/National Geographic feel), naturalistic colour grading, soft contrast, slight film grain. Composition: rule-of-thirds horizon, depth via foreground-midground-distance layering. Reference month: July.","no people, no human figures or silhouettes in foreground, no religious figures, sadhus, priests, monks, no specific religious attire (saffron robes, ceremonial clothing), no ritual objects (deities, idols, palanquins, ceremonial fire close-ups), no temple interiors or sanctum imagery, no signage with readable text, no on-screen graphics or overlays, no synthetic / cartoony rendering, no time-of-day mismatch (respect the requested mood)",https://pub-d8970c901de34c218926ebf4be1ed09a.r2.dev/destinations/puducherry.jpg,https://pub-bcda9bac2f63408880ee3f23aa3548e5.r2.dev/puducherry.mp4,https://www.nakshiq.com/en/festivals/bastille-day,https://www.nakshiq.com/hi/festivals/bastille-day,6,16:9,
C,b1c4572c-41e5-4d70-858d-82892156432d,warli-art-festival,Warli Art Festival,silvassa,Silvassa,daman diu,1,January,January (dates vary),"dense forest canopy from above, river crossings, dust trails","dense forest canopy from above, river crossings, dust trails establishing wide shot — no figures, no signage with text",static establishing with subtle water-surface parallax,blue hour pre-dawn,"winter clarity, low-angle sun, mist on rivers and lakes",cool blue + warm tungsten contrast,"Cinematic 16:9 establishing shot, 6-8 seconds. Subject: dense forest canopy from above, river crossings, dust trails establishing wide shot — no figures, no signage with text. Location: Silvassa, daman diu, India (the host destination of the Warli Art Festival festival — do NOT render the festival itself, only the place at this time of year). Time of day: blue hour pre-dawn. Atmosphere: winter clarity, low-angle sun, mist on rivers and lakes. Colour palette: cool blue + warm tungsten contrast. Shot type: static establishing with subtle water-surface parallax. Style: documentary register (BBC/National Geographic feel), naturalistic colour grading, soft contrast, slight film grain. Composition: rule-of-thirds horizon, depth via foreground-midground-distance layering. Reference month: January.","no people, no human figures or silhouettes in foreground, no religious figures, sadhus, priests, monks, no specific religious attire (saffron robes, ceremonial clothing), no ritual objects (deities, idols, palanquins, ceremonial fire close-ups), no temple interiors or sanctum imagery, no signage with readable text, no on-screen graphics or overlays, no synthetic / cartoony rendering, no time-of-day mismatch (respect the requested mood)",https://pub-d8970c901de34c218926ebf4be1ed09a.r2.dev/destinations/silvassa.jpg,https://pub-bcda9bac2f63408880ee3f23aa3548e5.r2.dev/silvassa.mp4,https://www.nakshiq.com/en/festivals/warli-art-festival,https://www.nakshiq.com/hi/festivals/warli-art-festival,6,16:9,
C,77d1b2ad-0cf2-4181-8e2f-d001b8ec01f1,ladarcha-fair-kaza,Ladarcha Fair,kaza,Kaza,himachal pradesh,8,August,Mid-August (dates announced annually),"Himalayan ridges, deodar slopes, prayer-flag-empty (no flags) ridgelines","empty fairground wide shot — tents, flags, dusty paths, no crowds, no readable signage",slow drone pull-back revealing the wider valley,morning light on the ridge,"high-altitude summer — clear cold air, sharp shadows, no monsoon (rain-shadow region)",ochre + deep blue sky + ice-white peaks,"Cinematic 16:9 establishing shot, 6-8 seconds. Subject: empty fairground wide shot — tents, flags, dusty paths, no crowds, no readable signage. Location: Kaza, himachal pradesh, India (the host destination of the Ladarcha Fair festival — do NOT render the festival itself, only the place at this time of year). Time of day: morning light on the ridge. Atmosphere: high-altitude summer — clear cold air, sharp shadows, no monsoon (rain-shadow region). Colour palette: ochre + deep blue sky + ice-white peaks. Shot type: slow drone pull-back revealing the wider valley. Style: documentary register (BBC/National Geographic feel), naturalistic colour grading, soft contrast, slight film grain. Composition: rule-of-thirds horizon, depth via foreground-midground-distance layering. Reference month: August.","no people, no human figures or silhouettes in foreground, no religious figures, sadhus, priests, monks, no specific religious attire (saffron robes, ceremonial clothing), no ritual objects (deities, idols, palanquins, ceremonial fire close-ups), no temple interiors or sanctum imagery, no signage with readable text, no on-screen graphics or overlays, no synthetic / cartoony rendering, no time-of-day mismatch (respect the requested mood)",https://pub-d8970c901de34c218926ebf4be1ed09a.r2.dev/destinations/kaza.jpg,https://pub-bcda9bac2f63408880ee3f23aa3548e5.r2.dev/kaza.mp4,https://www.nakshiq.com/en/festivals/ladarcha-fair-kaza,https://www.nakshiq.com/hi/festivals/ladarcha-fair-kaza,6,16:9,
C,55b680d1-43e5-4981-b368-a5a940e2bc40,tsheshu-chaam-festival,Tsheshu Chaam Festival,kaza,Kaza,himachal pradesh,7,July,June-July (Buddhist calendar),"Himalayan ridges, deodar slopes, prayer-flag-empty (no flags) ridgelines","Himalayan ridges, deodar slopes, prayer-flag-empty (no flags) ridgelines establishing wide shot — no figures, no signage with text",slow drone pull-back revealing the wider valley,morning light on the ridge,"high-altitude summer — clear cold air, sharp shadows, no monsoon (rain-shadow region)",ochre + deep blue sky + ice-white peaks,"Cinematic 16:9 establishing shot, 6-8 seconds. Subject: Himalayan ridges, deodar slopes, prayer-flag-empty (no flags) ridgelines establishing wide shot — no figures, no signage with text. Location: Kaza, himachal pradesh, India (the host destination of the Tsheshu Chaam Festival festival — do NOT render the festival itself, only the place at this time of year). Time of day: morning light on the ridge. Atmosphere: high-altitude summer — clear cold air, sharp shadows, no monsoon (rain-shadow region). Colour palette: ochre + deep blue sky + ice-white peaks. Shot type: slow drone pull-back revealing the wider valley. Style: documentary register (BBC/National Geographic feel), naturalistic colour grading, soft contrast, slight film grain. Composition: rule-of-thirds horizon, depth via foreground-midground-distance layering. Reference month: July.","no people, no human figures or silhouettes in foreground, no religious figures, sadhus, priests, monks, no specific religious attire (saffron robes, ceremonial clothing), no ritual objects (deities, idols, palanquins, ceremonial fire close-ups), no temple interiors or sanctum imagery, no signage with readable text, no on-screen graphics or overlays, no synthetic / cartoony rendering, no time-of-day mismatch (respect the requested mood)",https://pub-d8970c901de34c218926ebf4be1ed09a.r2.dev/destinations/kaza.jpg,https://pub-bcda9bac2f63408880ee3f23aa3548e5.r2.dev/kaza.mp4,https://www.nakshiq.com/en/festivals/tsheshu-chaam-festival,https://www.nakshiq.com/hi/festivals/tsheshu-chaam-festival,6,16:9,
C,6b063adc-f716-4192-87a5-c3e15b941377,hemkund-sahib-prakash-utsav,Hemkund Sahib Prakash Utsav,hemkund-sahib,Hemkund Sahib,uttarakhand,6,June,End-May to Early-June (opening),"Himalayan foothills, oak + rhododendron forest, river valleys","Himalayan stone-built shrine exterior wide shot, glacial river in foreground, no figures, no signage",static establishing with subtle water-surface parallax,early morning,"alpine spring — clear cold air, snow-melt streams, distant high-altitude peaks",snow-white + emerald + cobalt sky,"Cinematic 16:9 establishing shot, 6-8 seconds. Subject: Himalayan stone-built shrine exterior wide shot, glacial river in foreground, no figures, no signage. Location: Hemkund Sahib, uttarakhand, India (the host destination of the Hemkund Sahib Prakash Utsav festival — do NOT render the festival itself, only the place at this time of year). Time of day: early morning. Atmosphere: alpine spring — clear cold air, snow-melt streams, distant high-altitude peaks. Colour palette: snow-white + emerald + cobalt sky. Shot type: static establishing with subtle water-surface parallax. Style: documentary register (BBC/National Geographic feel), naturalistic colour grading, soft contrast, slight film grain. Composition: rule-of-thirds horizon, depth via foreground-midground-distance layering. Reference month: June.","no people, no human figures or silhouettes in foreground, no religious figures, sadhus, priests, monks, no specific religious attire (saffron robes, ceremonial clothing), no ritual objects (deities, idols, palanquins, ceremonial fire close-ups), no temple interiors or sanctum imagery, no signage with readable text, no on-screen graphics or overlays, no synthetic / cartoony rendering, no time-of-day mismatch (respect the requested mood)",https://pub-d8970c901de34c218926ebf4be1ed09a.r2.dev/destinations/hemkund-sahib.jpg,https://pub-bcda9bac2f63408880ee3f23aa3548e5.r2.dev/hemkund-sahib.mp4,https://www.nakshiq.com/en/festivals/hemkund-sahib-prakash-utsav,https://www.nakshiq.com/hi/festivals/hemkund-sahib-prakash-utsav,6,16:9,High-altitude — respect actual seasonal access (some passes shut Oct-May).
C,d9f12085-0a22-431c-a00f-d0ee0043e7b8,orange-festival-of-adventure-music-ofam,Orange Festival of Adventure & Music (OFAM),dambuk,Dambuk,arunachal pradesh,12,December,"Mid-December (4 days, dates vary)","deep cloud forest, mist-shrouded valleys, river gorges","deep cloud forest, mist-shrouded valleys, river gorges establishing wide shot — no figures, no signage with text",static establishing with subtle water-surface parallax,blue hour + lantern light,"deep winter — frost, low mist, blue hour dominance",deep blue + amber pinpoints,"Cinematic 16:9 establishing shot, 6-8 seconds. Subject: deep cloud forest, mist-shrouded valleys, river gorges establishing wide shot — no figures, no signage with text. Location: Dambuk, arunachal pradesh, India (the host destination of the Orange Festival of Adventure & Music (OFAM) festival — do NOT render the festival itself, only the place at this time of year). Time of day: blue hour + lantern light. Atmosphere: deep winter — frost, low mist, blue hour dominance. Colour palette: deep blue + amber pinpoints. Shot type: static establishing with subtle water-surface parallax. Style: documentary register (BBC/National Geographic feel), naturalistic colour grading, soft contrast, slight film grain. Composition: rule-of-thirds horizon, depth via foreground-midground-distance layering. Reference month: December.","no people, no human figures or silhouettes in foreground, no religious figures, sadhus, priests, monks, no specific religious attire (saffron robes, ceremonial clothing), no ritual objects (deities, idols, palanquins, ceremonial fire close-ups), no temple interiors or sanctum imagery, no signage with readable text, no on-screen graphics or overlays, no synthetic / cartoony rendering, no time-of-day mismatch (respect the requested mood)",https://pub-d8970c901de34c218926ebf4be1ed09a.r2.dev/destinations/dambuk.jpg,https://pub-bcda9bac2f63408880ee3f23aa3548e5.r2.dev/dambuk.mp4,https://www.nakshiq.com/en/festivals/orange-festival-of-adventure-music-ofam,https://www.nakshiq.com/hi/festivals/orange-festival-of-adventure-music-ofam,6,16:9,
C,2f03fe5a-7e8c-40d3-8c21-287dc52a3143,mopin-festival,Mopin Festival,aalo,Aalo,arunachal pradesh,4,April,April 1-5 (fixed dates),"deep cloud forest, mist-shrouded valleys, river gorges","deep cloud forest, mist-shrouded valleys, river gorges establishing wide shot — no figures, no signage with text",static establishing with subtle water-surface parallax,evening golden hour,"pre-monsoon heat, light softening at dusk, dramatic cloud build-up",saturated warm orange,"Cinematic 16:9 establishing shot, 6-8 seconds. Subject: deep cloud forest, mist-shrouded valleys, river gorges establishing wide shot — no figures, no signage with text. Location: Aalo, arunachal pradesh, India (the host destination of the Mopin Festival festival — do NOT render the festival itself, only the place at this time of year). Time of day: evening golden hour. Atmosphere: pre-monsoon heat, light softening at dusk, dramatic cloud build-up. Colour palette: saturated warm orange. Shot type: static establishing with subtle water-surface parallax. Style: documentary register (BBC/National Geographic feel), naturalistic colour grading, soft contrast, slight film grain. Composition: rule-of-thirds horizon, depth via foreground-midground-distance layering. Reference month: April.","no people, no human figures or silhouettes in foreground, no religious figures, sadhus, priests, monks, no specific religious attire (saffron robes, ceremonial clothing), no ritual objects (deities, idols, palanquins, ceremonial fire close-ups), no temple interiors or sanctum imagery, no signage with readable text, no on-screen graphics or overlays, no synthetic / cartoony rendering, no time-of-day mismatch (respect the requested mood)",https://pub-d8970c901de34c218926ebf4be1ed09a.r2.dev/destinations/aalo.jpg,https://pub-bcda9bac2f63408880ee3f23aa3548e5.r2.dev/aalo.mp4,https://www.nakshiq.com/en/festivals/mopin-festival,https://www.nakshiq.com/hi/festivals/mopin-festival,6,16:9,
C,24c53acb-ed98-4a2c-a3f9-e25ebc664dbd,solung-festival,Solung Festival,aalo,Aalo,arunachal pradesh,9,September,First week of September,"deep cloud forest, mist-shrouded valleys, river gorges","deep cloud forest, mist-shrouded valleys, river gorges establishing wide shot — no figures, no signage with text",static establishing with subtle water-surface parallax,afternoon clearing,"post-monsoon — lush green, crisp clarity, distant cumulus",vibrant greens + cobalt sky,"Cinematic 16:9 establishing shot, 6-8 seconds. Subject: deep cloud forest, mist-shrouded valleys, river gorges establishing wide shot — no figures, no signage with text. Location: Aalo, arunachal pradesh, India (the host destination of the Solung Festival festival — do NOT render the festival itself, only the place at this time of year). Time of day: afternoon clearing. Atmosphere: post-monsoon — lush green, crisp clarity, distant cumulus. Colour palette: vibrant greens + cobalt sky. Shot type: static establishing with subtle water-surface parallax. Style: documentary register (BBC/National Geographic feel), naturalistic colour grading, soft contrast, slight film grain. Composition: rule-of-thirds horizon, depth via foreground-midground-distance layering. Reference month: September.","no people, no human figures or silhouettes in foreground, no religious figures, sadhus, priests, monks, no specific religious attire (saffron robes, ceremonial clothing), no ritual objects (deities, idols, palanquins, ceremonial fire close-ups), no temple interiors or sanctum imagery, no signage with readable text, no on-screen graphics or overlays, no synthetic / cartoony rendering, no time-of-day mismatch (respect the requested mood)",https://pub-d8970c901de34c218926ebf4be1ed09a.r2.dev/destinations/aalo.jpg,https://pub-bcda9bac2f63408880ee3f23aa3548e5.r2.dev/aalo.mp4,https://www.nakshiq.com/en/festivals/solung-festival,https://www.nakshiq.com/hi/festivals/solung-festival,6,16:9,
